family,t,u,Dx,mass,mean
Gaussian,0.0,0.3600013967943392,-2.468134322687585,0.9999999999999998,4.163336342344337e-17
Gaussian,0.01,0.3753631691829326,-2.2157616963147593,0.9999999999999998,-8.326672684688674e-17
Gaussian,0.02,0.39031421958751744,-2.0002142782585794,0.9999999999999998,0.0
Gaussian,0.03,0.404873304660064,-1.8145564467951367,0.9999999999999998,-4.163336342344337e-17
Gaussian,0.04,0.4190572841369606,-1.6534296426792787,0.9999999999999998,-4.163336342344337e-17
Gaussian,0.05,0.4328814406790937,-1.512637064255967,0.9999999999999998,-8.326672684688674e-17
Gaussian,0.06,0.44635973067549933,-1.3888516301510996,0.9999999999999996,-4.163336342344337e-17
Gaussian,0.07,0.45950498321511074,-1.2794066661045094,0.9999999999999998,-4.163336342344337e-17
Gaussian,0.08,0.4723290598406013,-1.18214344356252,0.9999999999999996,0.0
Gaussian,0.09,0.48484298422417743,-1.0952984964942114,0.9999999999999998,0.0
Gaussian,0.1,0.49705704848811294,-1.0174192265077744,0.9999999999999994,4.163336342344337e-17
Gaussian,0.11,0.5089809011840912,-0.9472999246678844,0.9999999999999996,-4.163336342344337e-17
Gaussian,0.12,0.5206236207188378,-0.8839327289417307,0.9999999999999996,-4.163336342344337e-17
Gaussian,0.13,0.5319937771205725,-0.8264696437847877,0.9999999999999996,-4.163336342344337e-17
Gaussian,0.14,0.543099484382292,-0.7741928470217746,0.9999999999999998,0.0
Gaussian,0.15,0.5539484451263995,-0.726491271156651,0.9999999999999998,-4.163336342344337e-17
Gaussian,0.16,0.5645479889643141,-0.6828419819472282,0.9999999999999996,-4.163336342344337e-17
Gaussian,0.17,0.5749051056421242,-0.6427952584645271,0.9999999999999998,-4.163336342344337e-17
Gaussian,0.18,0.5850264738454225,-0.6059625535732357,0.9999999999999996,-1.249000902703301e-16
Gaussian,0.19,0.5949184863678905,-0.572006713817051,0.9999999999999994,-1.6653345369377348e-16
Gaussian,0.2,0.6045872722155754,-0.5406339848632524,0.9999999999999996,-1.6653345369377348e-16
Gaussian,0.21,0.6140387161146359,-0.5115874379655287,0.9999999999999996,-1.6653345369377348e-16
Gaussian,0.22,0.623278475807229,-0.4846415348186262,0.9999999999999996,-2.0816681711721685e-16
Gaussian,0.23,0.6323119974538598,-0.45959761008384037,0.9999999999999996,-1.6653345369377348e-16
Gaussian,0.24,0.6411445294070087,-0.43628009802121503,0.9999999999999998,-2.498001805406602e-16
Gaussian,0.25,0.649781134577506,-0.4145333658558524,0.9999999999999998,-2.498001805406602e-16
Gaussian,0.26,0.6582267015797838,-0.3942190444786565,0.9999999999999994,-1.6653345369377348e-16
Gaussian,0.27,0.6664859548131762,-0.37521376884810087,0.9999999999999996,-2.498001805406602e-16
Gaussian,0.28,0.6745634636125795,-0.35740725750513513,0.9999999999999996,-2.914335439641036e-16
Gaussian,0.29,0.6824636505820274,-0.3407006740439977,0.9999999999999998,-2.914335439641036e-16
Gaussian,0.3,0.6901907992083031,-0.3250052240261035,0.9999999999999998,-2.914335439641036e-16
Gaussian,0.31,0.6977490608379716,-0.31024094930741225,0.9999999999999994,-2.498001805406602e-16
Gaussian,0.32,0.705142461089691,-0.2963356885462525,0.9999999999999994,-2.0816681711721685e-16
Gaussian,0.33,0.7123749057639339,-0.2832241781321816,0.9999999999999996,-1.6653345369377348e-16
Gaussian,0.34,0.7194501863040319,-0.27084727272922515,0.9999999999999994,-1.6653345369377348e-16
Gaussian,0.35000000000000003,0.7263719848554626,-0.25915126514416265,0.9999999999999996,-2.0816681711721685e-16
Gaussian,0.36,0.7331438789643402,-0.24808729543458063,0.9999999999999996,-1.6653345369377348e-16
Gaussian,0.37,0.7397693459509966,-0.23761083331779337,0.9999999999999996,-8.326672684688674e-17
Gaussian,0.38,0.7462517669901905,-0.22768122348248218,0.9999999999999996,-1.6653345369377348e-16
Gaussian,0.39,0.7525944309257464,-0.21826128619803767,0.9999999999999994,-1.6653345369377348e-16
Gaussian,0.4,0.7588005378441999,-0.20931696525435478,0.9999999999999994,-2.498001805406602e-16
Gaussian,0.41000000000000003,0.76487320242921,-0.2008170169629676,0.9999999999999996,-2.914335439641036e-16
Gaussian,0.42,0.7708154571160601,-0.19273273480533465,0.9999999999999996,-2.498001805406602e-16
Gaussian,0.43,0.776630255063436,-0.1850377066222153,0.9999999999999996,-2.498001805406602e-16
Gaussian,0.44,0.7823204729578225,-0.17770759380993886,0.9999999999999994,-2.914335439641036e-16
Gaussian,0.45,0.7878889136642394,-0.17071994080011915,0.9999999999999994,-2.498001805406602e-16
Gaussian,0.46,0.7933383087356105,-0.1640540014918495,0.9999999999999994,-2.498001805406602e-16
Gaussian,0.47000000000000003,0.798671320791821,-0.15769058480534004,0.9999999999999994,-2.0816681711721685e-16
Gaussian,0.48,0.8038905457784061,-0.15161191632237925,0.9999999999999996,-2.0816681711721685e-16
Gaussian,0.49,0.8089985151138488,-0.1458015141215353,0.9999999999999994,-1.6653345369377348e-16
Gaussian,0.5,0.8139976977335964,-0.14024407716344117,0.9999999999999996,-2.0816681711721685e-16
Gaussian,0.51,0.8188905020381511,-0.13492538479338728,0.9999999999999994,-1.6653345369377348e-16
Gaussian,0.52,0.8236792777518948,-0.12983220611031132,0.9999999999999994,-2.0816681711721685e-16
Gaussian,0.53,0.8283663176987216,-0.12495221810781432,0.9999999999999994,-2.498001805406602e-16
Gaussian,0.54,0.8329538594999948,-0.12027393162781973,0.9999999999999994,-2.0816681711721685e-16
Gaussian,0.55,0.8374440871998705,-0.11578662428419524,0.9999999999999996,-2.498001805406602e-16
Gaussian,0.56,0.8418391328225971,-0.1114802796147904,0.9999999999999996,-2.498001805406602e-16
Gaussian,0.5700000000000001,0.8461410778660063,-0.1073455318080829,0.9999999999999996,-2.914335439641036e-16
Gaussian,0.58,0.8503519547350701,-0.10337361542703533,0.9999999999999994,-2.914335439641036e-16
Gaussian,0.59,0.8544737481190732,-0.09955631961927966,0.9999999999999996,-2.914335439641036e-16
Gaussian,0.6,0.8585083963156761,-0.09588594636091222,0.9999999999999996,-3.3306690738754696e-16
Gaussian,0.61,0.8624577925048835,-0.09235527233201367,0.9999999999999994,-3.3306690738754696e-16
Gaussian,0.62,0.8663237859756978,-0.08895751406659541,0.9999999999999994,-3.3306690738754696e-16
Gaussian,0.63,0.870108183308035,-0.08568629605881761,0.9999999999999994,-3.3306690738754696e-16
Gaussian,0.64,0.8738127495122799,-0.08253562154173866,0.9999999999999996,-3.3306690738754696e-16
Gaussian,0.65,0.8774392091286918,-0.07949984568519483,0.9999999999999994,-3.3306690738754696e-16
Gaussian,0.66,0.8809892472887084,-0.07657365098616581,0.9999999999999994,-3.3306690738754696e-16
Gaussian,0.67,0.8844645107400554,-0.07375202464863696,0.9999999999999996,-2.498001805406602e-16
Gaussian,0.68,0.8878666088374342,-0.07103023777091028,0.9999999999999998,-2.498001805406602e-16
Gaussian,0.6900000000000001,0.8911971145004448,-0.06840382617687034,0.9999999999999998,-1.6653345369377348e-16
Gaussian,0.7000000000000001,0.8944575651402804,-0.06586857274419539,0.9999999999999994,-1.6653345369377348e-16
Gaussian,0.71,0.8976494635566463,-0.06342049109715622,0.9999999999999998,-2.498001805406602e-16
Gaussian,0.72,0.900774278806243,-0.06105581054468531,0.9999999999999996,-1.6653345369377348e-16
Gaussian,0.73,0.9038334470440871,-0.05877096215602482,0.9999999999999996,-2.498001805406602e-16
Gaussian,0.74,0.9068283723388475,-0.05656256587665727,0.9999999999999994,-1.6653345369377348e-16
Gaussian,0.75,0.9097604274633189,-0.054427418596480384,0.9999999999999994,-8.326672684688674e-17
Gaussian,0.76,0.9126309546610721,-0.0523624830905124,0.9999999999999994,-1.6653345369377348e-16
Gaussian,0.77,0.9154412663902757,-0.050364877759846785,0.9999999999999996,-1.6653345369377348e-16
Gaussian,0.78,0.918192646045606,-0.048431867107248214,0.9999999999999998,-8.326672684688674e-17
Gaussian,0.79,0.9208863486591341,-0.04656085288779188,0.9999999999999994,-8.326672684688674e-17
Gaussian,0.8,0.923523601581006,-0.04474936588033198,0.9999999999999994,-1.6653345369377348e-16
Gaussian,0.81,0.9261056051407035,-0.042995058230439545,0.9999999999999994,-1.6653345369377348e-16
Gaussian,0.8200000000000001,0.9286335332896241,-0.04129569631983898,0.9999999999999994,-1.6653345369377348e-16
Gaussian,0.8300000000000001,0.9311085342256795,-0.03964915412130618,0.9999999999999996,-1.6653345369377348e-16
Gaussian,0.84,0.9335317310005753,-0.03805340700157123,0.9999999999999994,-1.6653345369377348e-16
Gaussian,0.85,0.9359042221104038,-0.036506525937984924,0.9999999999999994,-1.6653345369377348e-16
Gaussian,0.86,0.9382270820701474,-0.035006672117633884,0.9999999999999994,-8.326672684688674e-17
Gaussian,0.87,0.940501361972658,-0.03355209189022936,0.9999999999999994,-8.326672684688674e-17
Gaussian,0.88,0.9427280900326593,-0.03214111204849775,0.9999999999999996,-2.498001805406602e-16
Gaussian,0.89,0.9449082721162781,-0.03077213541197402,0.9999999999999996,-1.6653345369377348e-16
Gaussian,0.9,0.9470428922566031,-0.029443636692083476,0.9999999999999998,-8.326672684688674e-17
Gaussian,0.91,0.949132913155732,-0.028154158618189602,0.9999999999999996,-1.6653345369377348e-16
Gaussian,0.92,0.9511792766737601,-0.026902308305931058,0.9999999999999998,-1.6653345369377348e-16
Gaussian,0.93,0.9531829043051289,-0.025686753850658613,0.9999999999999994,-2.498001805406602e-16
Gaussian,0.9400000000000001,0.9551446976427481,-0.02450622113014501,0.9999999999999998,-1.6653345369377348e-16
Gaussian,0.9500000000000001,0.9570655388302762,-0.023359490801984,0.9999999999999994,-2.498001805406602e-16
Gaussian,0.96,0.9589462910029382,-0.022245395482228827,0.9999999999999994,-3.3306690738754696e-16
Gaussian,0.97,0.9607877987172276,-0.021162817092856098,0.9999999999999994,-3.3306690738754696e-16
Gaussian,0.98,0.9625908883698465,-0.020110684366593214,0.9999999999999993,-1.6653345369377348e-16
Gaussian,0.99,0.9643563686062027,-0.019087970498513934,0.9999999999999993,-1.6653345369377348e-16
Gaussian,1.0,0.9660850307187818,-0.018093690934604445,0.9999999999999994,-3.3306690738754696e-16
Gaussian,1.01,0.967777649035699,-0.017126901288232133,0.9999999999999994,-3.3306690738754696e-16
Gaussian,1.02,0.9694349812997167,-0.01618669537611879,0.9999999999999994,-2.498001805406602e-16
Gaussian,1.03,0.9710577690380079,-0.015272203366038037,0.9999999999999994,-3.3306690738754696e-16
Gaussian,1.04,0.9726467379229362,-0.014382590029019371,0.9999999999999996,-3.3306690738754696e-16
Gaussian,1.05,0.9742025981241094,-0.013517053089364815,0.9999999999999996,-3.3306690738754696e-16
Gaussian,1.06,0.9757260446519511,-0.012674821666260307,0.9999999999999996,-1.6653345369377348e-16
Gaussian,1.07,0.9772177576930385,-0.011855154801207843,0.9999999999999996,-3.3306690738754696e-16
Gaussian,1.08,0.9786784029374281,-0.011057340065908859,0.9999999999999996,-2.498001805406602e-16
Gaussian,1.09,0.9801086318981973,-0.010280692245606158,0.9999999999999996,-3.3306690738754696e-16
Gaussian,1.1,0.9815090822234145,-0.009524552093236383,0.9999999999999996,-3.3306690738754696e-16
Gaussian,1.11,0.9828803780007452,-0.008788285150066032,0.9999999999999996,-3.3306690738754696e-16
Gaussian,1.12,0.9842231300548933,-0.008071280628778361,0.9999999999999996,-4.163336342344337e-16
Gaussian,1.1300000000000001,0.9855379362380726,-0.007372950355252378,0.9999999999999996,-3.3306690738754696e-16
Gaussian,1.1400000000000001,0.9868253817136924,-0.006692727765527677,0.9999999999999996,-4.163336342344337e-16
Gaussian,1.1500000000000001,0.9880860392334381,-0.006030066954682482,0.9999999999999996,-2.498001805406602e-16
Gaussian,1.16,0.9893204694079245,-0.00538444177456984,0.9999999999999996,-3.3306690738754696e-16
Gaussian,1.17,0.990529220971085,-0.004755344977557214,0.9999999999999994,-3.3306690738754696e-16
Gaussian,1.18,0.991712831038464,-0.0041422874036006144,0.9999999999999994,-3.3306690738754696e-16
Gaussian,1.19,0.9928718253595681,-0.0035447972081589763,0.9999999999999994,-2.498001805406602e-16
Gaussian,1.2,0.9940067185644317,-0.002962419128613067,0.9999999999999998,-2.498001805406602e-16
Gaussian,1.21,0.9951180144045422,-0.00239471378700356,0.9999999999999994,-2.498001805406602e-16
Gaussian,1.22,0.9962062059882701,-0.0018412570270412462,0.9999999999999994,-3.3306690738754696e-16
Gaussian,1.23,0.9972717760109424,-0.0013016392834712615,0.9999999999999996,-2.498001805406602e-16
Gaussian,1.24,0.9983151969796946,-0.000775464981993327,0.9999999999999994,-3.3306690738754696e-16
Gaussian,1.25,0.9993369314332328,-0.0002623519680511351,0.9999999999999993,-1.6653345369377348e-16
Gaussian,1.26,1.0003374321566318,0.00023806903709127603,0.9999999999999994,-4.163336342344337e-16
Gaussian,1.27,1.001317142391292,0.0007261549544714009,0.9999999999999994,-2.498001805406602e-16
Gaussian,1.28,1.0022764960401753,0.001202250841144017,0.9999999999999994,-3.3306690738754696e-16
Gaussian,1.29,1.0032159178684372,0.0016666903608013265,0.9999999999999994,-2.498001805406602e-16
Gaussian,1.3,1.0041358236995652,0.0021197962325293245,0.9999999999999993,-3.3306690738754696e-16
Gaussian,1.31,1.0050366206071353,0.0025618806588595684,0.9999999999999993,-3.3306690738754696e-16
Gaussian,1.32,1.0059187071022913,0.0029932457342055257,0.9999999999999994,-4.163336342344337e-16
Gaussian,1.33,1.0067824733170525,0.0034141838347101906,0.9999999999999993,-4.996003610813204e-16
Gaussian,1.34,1.0076283011835463,0.0038249779904697334,0.9999999999999994,-3.3306690738754696e-16
Gaussian,1.35,1.0084565646092667,0.004225902241043895,0.9999999999999994,-4.163336342344337e-16
Gaussian,1.36,1.0092676296484537,0.0046172219751097554,0.9999999999999994,-4.996003610813204e-16
Gaussian,1.37,1.0100618546696847,0.004999194255066549,0.9999999999999993,-4.163336342344337e-16
Gaussian,1.3800000000000001,1.0108395905197651,0.005372068127354364,0.9999999999999994,-4.163336342344337e-16
Gaussian,1.3900000000000001,1.011601180684013,0.005736084919204675,0.9999999999999996,-4.996003610813204e-16
Gaussian,1.4000000000000001,1.0123469614430145,0.006091478522501317,0.9999999999999994,-3.3306690738754696e-16
Gaussian,1.41,1.0130772620259378,0.006438475665392401,0.9999999999999994,-4.996003610813204e-16
Gaussian,1.42,1.0137924047604847,0.006777296172257879,0.9999999999999994,-4.996003610813204e-16
Gaussian,1.43,1.014492705219559,0.007108153212603594,0.9999999999999994,-4.163336342344337e-16
Gaussian,1.44,1.0151784723647264,0.00743125353942266,0.9999999999999994,-4.996003610813204e-16
Gaussian,1.45,1.015850008686543,0.00774679771753398,0.9999999999999994,-4.163336342344337e-16
Gaussian,1.46,1.0165076103418202,0.008054980342380745,0.9999999999999994,-3.3306690738754696e-16
Gaussian,1.47,1.0171515672879041,0.00835599024974587,0.9999999999999996,-3.3306690738754696e-16
Gaussian,1.48,1.0177821634140294,0.008650010716816679,0.9999999999999994,-4.163336342344337e-16
Gaussian,1.49,1.0183996766698202,0.008937219655007147,0.9999999999999994,-4.163336342344337e-16
Gaussian,1.5,1.0190043791910053,0.00921778979492677,0.9999999999999994,-3.3306690738754696e-16
Gaussian,1.51,1.0195965374224036,0.009491888863861535,0.9999999999999994,-3.3306690738754696e-16
Gaussian,1.52,1.0201764122382477,0.009759679756115984,0.9999999999999996,-4.163336342344337e-16
Gaussian,1.53,1.0207442590599065,0.010021320696545218,0.9999999999999996,-3.3306690738754696e-16
Gaussian,1.54,1.0213003279710633,0.010276965397590633,0.9999999999999996,-3.3306690738754696e-16
Gaussian,1.55,1.0218448638304065,0.010526763210114466,0.9999999999999994,-4.163336342344337e-16
Gaussian,1.56,1.0223781063818906,0.010770859268315641,0.9999999999999994,-3.3306690738754696e-16
Gaussian,1.57,1.0229002903626236,0.011009394628993854,0.9999999999999994,-1.6653345369377348e-16
Gaussian,1.58,1.023411645608431,0.01124250640541466,0.9999999999999994,-3.3306690738754696e-16
Gaussian,1.59,1.023912397157149,0.011470327896017114,0.9999999999999994,-3.3306690738754696e-16
Gaussian,1.6,1.0244027653497014,0.011692988708192086,0.9999999999999994,-4.163336342344337e-16
Gaussian,1.61,1.0248829659290042,0.01191061487734939,0.9999999999999994,-3.3306690738754696e-16
Gaussian,1.62,1.0253532101367506,0.012123328981478821,0.9999999999999994,-3.3306690738754696e-16
Gaussian,1.6300000000000001,1.0258137048081213,0.012331250251402897,0.9999999999999996,-3.3306690738754696e-16
Gaussian,1.6400000000000001,1.0262646524644685,0.012534494676907523,0.9999999999999996,-3.3306690738754696e-16
Gaussian,1.6500000000000001,1.026706251404016,0.012733175108927871,0.9999999999999996,-3.3306690738754696e-16
Gaussian,1.6600000000000001,1.0271386957906183,0.012927401357958744,0.9999999999999994,-2.498001805406602e-16
Gaussian,1.67,1.0275621757406286,0.013117280288850688,0.9999999999999994,-3.3306690738754696e-16
Gaussian,1.68,1.0279768774079083,0.013302915912144577,0.9999999999999996,-3.3306690738754696e-16
Gaussian,1.69,1.028382983067026,0.013484409472090326,0.9999999999999994,-3.3306690738754696e-16
Gaussian,1.7,1.0287806711946792,0.013661859531489424,0.9999999999999996,-4.163336342344337e-16
Gaussian,1.71,1.0291701165493887,0.013835362053492999,0.9999999999999994,-4.163336342344337e-16
Gaussian,1.72,1.0295514902494882,0.014005010480481696,0.9999999999999994,-2.498001805406602e-16
Gaussian,1.73,1.0299249598494615,0.014170895810147889,0.9999999999999994,-3.3306690738754696e-16
Gaussian,1.74,1.0302906894146524,0.014333106668894549,0.9999999999999994,-3.3306690738754696e-16
Gaussian,1.75,1.0306488395943911,0.014491729382660625,0.9999999999999996,-2.498001805406602e-16
Gaussian,1.76,1.0309995676935633,0.014646848045276516,0.9999999999999996,-2.498001805406602e-16
Gaussian,1.77,1.0313430277426667,0.014798544584450644,0.9999999999999994,-3.3306690738754696e-16
Gaussian,1.78,1.031679370566374,0.014946898825479435,0.9999999999999994,-3.3306690738754696e-16
Gaussian,1.79,1.0320087438506504,0.015091988552774981,0.9999999999999996,-3.3306690738754696e-16
Gaussian,1.8,1.0323312922084424,0.015233889569294366,0.9999999999999996,-3.3306690738754696e-16
Gaussian,1.81,1.032647157243981,0.01537267575395419,0.9999999999999994,-4.996003610813204e-16
Gaussian,1.82,1.0329564776157196,0.015508419117109476,0.9999999999999991,-4.163336342344337e-16
Gaussian,1.83,1.0332593890979451,0.01564118985417308,0.9999999999999993,-4.163336342344337e-16
Gaussian,1.84,1.0335560246410818,0.015771056397446026,0.9999999999999993,-3.3306690738754696e-16
Gaussian,1.85,1.0338465144307245,0.015898085466230193,0.9999999999999993,-3.3306690738754696e-16
Gaussian,1.86,1.0341309859454226,0.01602234211528711,0.9999999999999994,-3.3306690738754696e-16
Gaussian,1.87,1.0344095640132458,0.016143889781707693,0.9999999999999993,-3.3306690738754696e-16
Gaussian,1.8800000000000001,1.0346823708671542,0.01626279033025243,0.9999999999999994,-4.996003610813204e-16
Gaussian,1.8900000000000001,1.034949526199202,0.016379104097220095,0.9999999999999994,-3.3306690738754696e-16
Gaussian,1.9000000000000001,1.0352111472135976,0.016492889932900122,0.9999999999999994,-4.163336342344337e-16
Gaussian,1.9100000000000001,1.035467348678646,0.01660420524266202,0.9999999999999994,-4.996003610813204e-16
Gaussian,1.92,1.035718242977596,0.016713106026732316,0.9999999999999993,-4.163336342344337e-16
Gaussian,1.93,1.035963940158417,0.016819646918706976,0.9999999999999993,-4.996003610813204e-16
Gaussian,1.94,1.0362045479825284,0.016923881222847235,0.9999999999999994,-3.3306690738754696e-16
Gaussian,1.95,1.036440171972503,0.017025860950202285,0.9999999999999994,-4.163336342344337e-16
Gaussian,1.96,1.0366709154587666,0.017125636853601522,0.9999999999999994,-4.163336342344337e-16
Gaussian,1.97,1.0368968796253175,0.017223258461557846,0.9999999999999994,-4.996003610813204e-16
Gaussian,1.98,1.037118163554482,0.017318774111121732,0.9999999999999993,-3.3306690738754696e-16
Gaussian,1.99,1.0373348642707316,0.017412230979721752,0.9999999999999994,-4.163336342344337e-16
Gaussian,2.0,1.0375470767835795,0.01750367511603037,0.9999999999999993,-2.498001805406602e-16
Gaussian,2.0100000000000002,1.0377548941295758,0.017593151469886978,0.9999999999999991,-3.3306690738754696e-16
Gaussian,2.02,1.0379584074134214,0.01768070392131412,0.9999999999999993,-3.3306690738754696e-16
Gaussian,2.0300000000000002,1.038157705848219,0.017766375308655838,0.9999999999999994,-3.3306690738754696e-16
Gaussian,2.04,1.0383528767948795,0.017850207455871334,0.9999999999999993,-4.163336342344337e-16
Gaussian,2.05,1.038544005800702,0.0179322411990123,0.9999999999999994,-1.6653345369377348e-16
Gaussian,2.06,1.0387311766371454,0.018012516411911896,0.9999999999999993,-3.3306690738754696e-16
Gaussian,2.07,1.0389144713368075,0.018091072031112487,0.9999999999999994,-2.498001805406602e-16
Gaussian,2.08,1.0390939702296298,0.018167946080059182,0.9999999999999993,-3.3306690738754696e-16
Gaussian,2.09,1.0392697519783431,0.018243175692583123,0.9999999999999993,-1.6653345369377348e-16
Gaussian,2.1,1.0394418936131724,0.018316797135699236,0.9999999999999991,-3.3306690738754696e-16
Gaussian,2.11,1.0396104705658122,0.018388845831740656,0.9999999999999991,-2.498001805406602e-16
Gaussian,2.12,1.0397755567026936,0.01845935637985353,0.9999999999999994,-1.6653345369377348e-16
Gaussian,2.13,1.0399372243575535,0.01852836257687257,0.9999999999999994,-1.6653345369377348e-16
Gaussian,2.14,1.040095544363323,0.018595897437597694,0.9999999999999994,-1.6653345369377348e-16
Gaussian,2.15,1.0402505860833482,0.01866199321449228,0.9999999999999993,-2.498001805406602e-16
Gaussian,2.16,1.0404024174419586,0.018726681416821996,0.9999999999999991,-1.6653345369377348e-16
Gaussian,2.17,1.040551104954397,0.018789992829251277,0.9999999999999993,-2.498001805406602e-16
Gaussian,2.18,1.0406967137561207,0.018851957529918077,0.9999999999999993,-8.326672684688674e-17
Gaussian,2.19,1.0408393076314957,0.018912604907999217,0.9999999999999991,-1.6653345369377348e-16
Gaussian,2.2,1.040978949041886,0.01897196368078731,0.9999999999999991,-1.6653345369377348e-16
Gaussian,2.21,1.0411156991531585,0.019030061910292426,0.9999999999999994,0.0
Gaussian,2.22,1.0412496178626152,0.019086927019383942,0.9999999999999993,0.0
Gaussian,2.23,1.041380763825358,0.019142585807487816,0.9999999999999993,0.0
Gaussian,2.24,1.0415091944801094,0.019197064465852738,0.9999999999999994,-8.326672684688674e-17
Gaussian,2.25,1.0416349660744886,0.019250388592399692,0.9999999999999991,-8.326672684688674e-17
Gaussian,2.2600000000000002,1.0417581336897637,0.019302583206165624,0.9999999999999993,-8.326672684688674e-17
Gaussian,2.27,1.0418787512650856,0.019353672761357753,0.9999999999999991,8.326672684688674e-17
Gaussian,2.2800000000000002,1.0419968716212171,0.019403681161026455,0.9999999999999993,0.0
Gaussian,2.29,1.0421125464837677,0.01945263177037175,0.9999999999999993,0.0
Gaussian,2.3000000000000003,1.0422258265059412,0.019500547429692212,0.9999999999999993,-8.326672684688674e-17
Gaussian,2.31,1.0423367612908125,0.019547450466989306,0.9999999999999994,-1.6653345369377348e-16
Gaussian,2.32,1.042445399413137,0.019593362710235943,0.9999999999999991,-8.326672684688674e-17
Gaussian,2.33,1.0425517884407072,0.01963830549932043,0.9999999999999991,8.326672684688674e-17
Gaussian,2.34,1.0426559749552633,0.019682299697675883,0.9999999999999993,0.0
Gaussian,2.35,1.0427580045729694,0.019725365703602706,0.9999999999999991,0.0
Gaussian,2.36,1.04285792196446,0.019767523461295733,0.9999999999999994,0.0
Gaussian,2.37,1.0429557708744732,0.01980879247158354,0.9999999999999994,-8.326672684688674e-17
Gaussian,2.38,1.0430515941410703,0.019849191802387894,0.9999999999999994,-8.326672684688674e-17
Gaussian,2.39,1.0431454337144594,0.019888740098913206,0.9999999999999993,-8.326672684688674e-17
Gaussian,2.4,1.043237330675424,0.01992745559357202,0.9999999999999991,-1.6653345369377348e-16
Gaussian,2.41,1.0433273252533692,0.019965356115656373,0.9999999999999994,-1.6653345369377348e-16
Gaussian,2.42,1.0434154568439928,0.020002459100760157,0.9999999999999994,-1.6653345369377348e-16
Gaussian,2.43,1.0435017640265858,0.020038781599961652,0.9999999999999994,0.0
Gaussian,2.44,1.043586284580977,0.020074340288771822,0.9999999999999991,-8.326672684688674e-17
Gaussian,2.45,1.043669055504121,0.020109151475855683,0.9999999999999994,-1.6653345369377348e-16
Gaussian,2.46,1.0437501130263442,0.02014323111153324,0.9999999999999991,-8.326672684688674e-17
Gaussian,2.47,1.04382949262725,0.02017659479606603,0.9999999999999991,-8.326672684688674e-17
Gaussian,2.48,1.0439072290512947,0.020209257787735774,0.9999999999999991,-8.326672684688674e-17
Gaussian,2.49,1.043983356323042,0.02024123501071983,0.9999999999999991,0.0
Gaussian,2.5,1.0440579077620917,0.02027254106277155,0.9999999999999991,0.0
Gaussian,2.5100000000000002,1.0441309159977095,0.020303190222707664,0.9999999999999991,-1.6653345369377348e-16
Gaussian,2.52,1.0442024129831429,0.020333196457711783,0.9999999999999989,-8.326672684688674e-17
Gaussian,2.5300000000000002,1.0442724300096449,0.020362573430455326,0.9999999999999991,-8.326672684688674e-17
Gaussian,2.54,1.0443409977202047,0.020391334506044245,0.9999999999999991,-2.498001805406602e-16
Gaussian,2.5500000000000003,1.0444081461229913,0.020419492758794712,0.9999999999999991,-8.326672684688674e-17
Gaussian,2.56,1.0444739046045215,0.020447060978841768,0.9999999999999991,-1.6653345369377348e-16
Gaussian,2.57,1.044538301942549,0.020474051678587304,0.9999999999999991,-1.6653345369377348e-16
Gaussian,2.58,1.0446013663186906,0.020500477098990888,0.9999999999999991,-1.6653345369377348e-16
Gaussian,2.59,1.0446631253307879,0.020526349215706792,0.9999999999999991,0.0
Gaussian,2.6,1.0447236060050105,0.02055167974507313,0.9999999999999991,-1.6653345369377348e-16
Gaussian,2.61,1.044782834807711,0.020576480149955473,0.9999999999999991,-1.6653345369377348e-16
Gaussian,2.62,1.044840837657032,0.02060076164545046,0.9999999999999991,-1.6653345369377348e-16
Gaussian,2.63,1.0448976399342704,0.02062453520445121,0.9999999999999991,-2.498001805406602e-16
Gaussian,2.64,1.0449532664950099,0.020647811563079307,0.9999999999999991,-2.498001805406602e-16
Gaussian,2.65,1.0450077416800174,0.020670601225988176,0.9999999999999989,-2.498001805406602e-16
Gaussian,2.66,1.045061089325917,0.020692914471538332,0.9999999999999989,-1.6653345369377348e-16
Gaussian,2.67,1.0451133327756401,0.020714761356849604,0.9999999999999989,-1.6653345369377348e-16
Gaussian,2.68,1.0451644948886585,0.02073615172273463,0.9999999999999988,-2.498001805406602e-16
Gaussian,2.69,1.0452145980510072,0.020757095198513993,0.9999999999999989,-8.326672684688674e-17
Gaussian,2.7,1.045263664185097,0.02077760120671802,0.9999999999999988,-1.6653345369377348e-16
Gaussian,2.71,1.045311714759322,0.020797678967678576,0.9999999999999989,-8.326672684688674e-17
Gaussian,2.72,1.045358770797473,0.02081733750401146,0.9999999999999989,-1.6653345369377348e-16
Gaussian,2.73,1.04540485288795,0.020836585644994333,0.9999999999999988,-8.326672684688674e-17
Gaussian,2.74,1.0454499811927855,0.020855432030842645,0.9999999999999991,-8.326672684688674e-17
Gaussian,2.75,1.0454941754564817,0.02087388511688404,0.9999999999999991,-8.326672684688674e-17
Gaussian,2.7600000000000002,1.0455374550146623,0.020891953177637434,0.9999999999999989,-8.326672684688674e-17
Gaussian,2.77,1.045579838802546,0.02090964431079554,0.9999999999999991,-1.6653345369377348e-16
Gaussian,2.7800000000000002,1.0456213453632432,0.020926966441115708,0.9999999999999991,0.0
Gaussian,2.79,1.045661992855883,0.020943927324220905,0.9999999999999991,-8.326672684688674e-17
Gaussian,2.8000000000000003,1.0457017990635669,0.02096053455031181,0.9999999999999991,0.0
Gaussian,2.81,1.0457407814011628,0.020976795547794334,0.9999999999999991,0.0
Gaussian,2.82,1.0457789569229337,0.020992717586822827,0.9999999999999991,-8.326672684688674e-17
Gaussian,2.83,1.0458163423300082,0.021008307782762418,0.9999999999999989,-1.6653345369377348e-16
Gaussian,2.84,1.0458529539777002,0.021023573099571452,0.9999999999999988,-1.6653345369377348e-16
Gaussian,2.85,1.0458888078826702,0.021038520353106698,0.9999999999999991,8.326672684688674e-17
Gaussian,2.86,1.0459239197299426,0.021053156214353,0.9999999999999991,-8.326672684688674e-17
Gaussian,2.87,1.0459583048797778,0.0210674872125796,0.9999999999999991,0.0
Gaussian,2.88,1.0459919783743983,0.021081519738423853,0.9999999999999991,8.326672684688674e-17
Gaussian,2.89,1.0460249549445777,0.021095260046905356,0.9999999999999991,0.0
Gaussian,2.9,1.046057249016094,0.02110871426037158,0.9999999999999991,0.0
Gaussian,2.91,1.0460888747160464,0.021121888371377084,0.9999999999999991,-1.6653345369377348e-16
Gaussian,2.92,1.0461198458790424,0.021134788245496798,0.9999999999999993,-8.326672684688674e-17
Gaussian,2.93,1.0461501760532574,0.021147419624076617,0.9999999999999993,8.326672684688674e-17
Gaussian,2.94,1.0461798785063674,0.021159788126921764,0.9999999999999994,0.0
Gaussian,2.95,1.0462089662313596,0.02117189925492412,0.9999999999999993,0.0
Gaussian,2.96,1.046237451952221,0.021183758392631646,0.9999999999999993,0.0
Gaussian,2.97,1.0462653481295126,0.021195370810759027,0.9999999999999993,-1.6653345369377348e-16
Gaussian,2.98,1.0462926669658217,0.021206741668642552,0.9999999999999993,-8.326672684688674e-17
Gaussian,2.99,1.0463194204111093,0.02121787601664028,0.9999999999999993,-1.6653345369377348e-16
Gaussian,3.0,1.0463456201679397,0.021228778798478468,0.9999999999999993,0.0
Gaussian,3.0100000000000002,1.0463712776966052,0.021239454853545184,0.9999999999999993,-8.326672684688674e-17
Gaussian,3.02,1.0463964042201437,0.021249908919133587,0.9999999999999993,0.0
Gaussian,3.0300000000000002,1.0464210107292535,0.02126014563263529,0.9999999999999994,0.0
Gaussian,3.04,1.0464451079871027,0.021270169533684206,0.9999999999999991,-1.6653345369377348e-16
Gaussian,3.0500000000000003,1.0464687065340432,0.021279985066253247,0.9999999999999993,-1.6653345369377348e-16
Gaussian,3.06,1.0464918166922252,0.021289596580705502,0.9999999999999993,-1.6653345369377348e-16
Gaussian,3.0700000000000003,1.046514448570115,0.02129900833579849,0.9999999999999993,-1.6653345369377348e-16
Gaussian,3.08,1.0465366120669208,0.0213082245006452,0.9999999999999994,-8.326672684688674e-17
Gaussian,3.09,1.046558316876926,0.021317249156631347,0.9999999999999993,-1.6653345369377348e-16
Gaussian,3.1,1.0465795724937323,0.02132608629929117,0.9999999999999994,-2.498001805406602e-16
Gaussian,3.11,1.0466003882144173,0.021334739840140515,0.9999999999999994,-3.3306690738754696e-16
Gaussian,3.12,1.0466207731436015,0.021343213608470885,0.9999999999999991,-2.498001805406602e-16
Gaussian,3.13,1.046640736197435,0.021351511353104046,0.9999999999999991,-1.6653345369377348e-16
Gaussian,3.14,1.0466602861075005,0.021359636744106833,0.9999999999999991,-3.3306690738754696e-16
Gaussian,3.15,1.046679431424634,0.021367593374470244,0.9999999999999993,-1.6653345369377348e-16
Gaussian,3.16,1.046698180522669,0.02137538476175052,0.9999999999999991,-2.498001805406602e-16
Gaussian,3.17,1.0467165416020994,0.02138301434967454,0.9999999999999993,-1.6653345369377348e-16
Gaussian,3.18,1.0467345226936713,0.02139048550971045,0.9999999999999991,-8.326672684688674e-17
Gaussian,3.19,1.046752131661895,0.02139780154260406,0.9999999999999993,-2.498001805406602e-16
Gaussian,3.2,1.0467693762084898,0.02140496567988137,0.9999999999999994,0.0
Gaussian,3.21,1.046786263875752,0.021411981085318756,0.9999999999999993,-8.326672684688674e-17
Gaussian,3.22,1.0468028020498577,0.021418850856380813,0.9999999999999991,0.0
Gaussian,3.23,1.046818997964095,0.021425578025627612,0.9999999999999991,0.0
Gaussian,3.24,1.0468348587020277,0.021432165562090603,0.9999999999999991,-1.6653345369377348e-16
Gaussian,3.25,1.046850391200598,0.02143861637261912,0.9999999999999993,-1.6653345369377348e-16
Gaussian,3.2600000000000002,1.0468656022531597,0.02144493330319799,0.9999999999999993,-1.6653345369377348e-16
Gaussian,3.27,1.0468804985124531,0.021451119140235578,0.9999999999999994,0.0
Gaussian,3.2800000000000002,1.0468950864935143,0.021457176611825335,0.9999999999999993,0.0
Gaussian,3.29,1.0469093725765277,0.02146310838897936,0.9999999999999993,-8.326672684688674e-17
Gaussian,3.3000000000000003,1.0469233630096177,0.021468917086835026,0.9999999999999991,-1.6653345369377348e-16
Gaussian,3.31,1.0469370639115814,0.021474605265836305,0.9999999999999993,-1.6653345369377348e-16
Gaussian,3.3200000000000003,1.0469504812745676,0.021480175432888906,0.9999999999999991,-1.6653345369377348e-16
Gaussian,3.33,1.0469636209666981,0.021485630042491224,0.9999999999999993,-8.326672684688674e-17
Gaussian,3.34,1.0469764887346358,0.021490971497840582,0.9999999999999994,0.0
Gaussian,3.35,1.046989090206098,0.02149620215191555,0.9999999999999994,-8.326672684688674e-17
Gaussian,3.36,1.0470014308923203,0.02150132430853536,0.9999999999999994,-1.6653345369377348e-16
Gaussian,3.37,1.047013516190468,0.02150634022339644,0.9999999999999993,-1.6653345369377348e-16
Gaussian,3.38,1.0470253513859955,0.02151125210508627,0.9999999999999994,-1.6653345369377348e-16
Gaussian,3.39,1.0470369416549614,0.02151606211607652,0.9999999999999994,-2.498001805406602e-16
Gaussian,3.4,1.0470482920662925,0.021520772373693556,0.9999999999999994,-1.6653345369377348e-16
Gaussian,3.41,1.0470594075840003,0.021525384951069784,0.9999999999999994,-2.498001805406602e-16
Gaussian,3.42,1.0470702930693543,0.021529901878072806,0.9999999999999994,-1.6653345369377348e-16
Gaussian,3.43,1.0470809532830077,0.02153432514221644,0.9999999999999993,-8.326672684688674e-17
Gaussian,3.44,1.0470913928870824,0.021538656689551027,0.9999999999999993,-1.6653345369377348e-16
Gaussian,3.45,1.0471016164472053,0.021542898425535147,0.9999999999999993,-1.6653345369377348e-16
Gaussian,3.46,1.0471116284345094,0.021547052215889314,0.9999999999999994,-1.6653345369377348e-16
Gaussian,3.47,1.0471214332275873,0.021551119887430255,0.9999999999999994,-8.326672684688674e-17
Gaussian,3.48,1.0471310351144072,0.021555103228888595,0.9999999999999994,0.0
Gaussian,3.49,1.047140438294191,0.02155900399170808,0.9999999999999994,-1.6653345369377348e-16
Gaussian,3.5,1.0471496468792478,0.02156282389082909,0.9999999999999994,-1.6653345369377348e-16
Gaussian,3.5100000000000002,1.0471586648967757,0.021566564605453933,0.9999999999999994,-1.6653345369377348e-16
Gaussian,3.52,1.0471674962906232,0.021570227779796686,0.9999999999999994,-1.6653345369377348e-16
Gaussian,3.5300000000000002,1.0471761449230137,0.02157381502381769,0.9999999999999996,-1.6653345369377348e-16
Gaussian,3.54,1.047184614576235,0.02157732791394111,0.9999999999999994,-8.326672684688674e-17
Gaussian,3.5500000000000003,1.0471929089542953,0.02158076799375819,0.9999999999999994,-1.6653345369377348e-16
Gaussian,3.56,1.0472010316845415,0.021584136774715657,0.9999999999999998,-8.326672684688674e-17
Gaussian,3.5700000000000003,1.0472089863192484,0.021587435736788587,0.9999999999999996,-1.6653345369377348e-16
Gaussian,3.58,1.0472167763371703,0.02159066632914014,0.9999999999999998,-1.6653345369377348e-16
Gaussian,3.59,1.047224405145065,0.021593829970766313,0.9999999999999996,-1.6653345369377348e-16
Gaussian,3.6,1.0472318760791817,0.021596928051128297,0.9999999999999994,-8.326672684688674e-17
Gaussian,3.61,1.0472391924067233,0.02159996193076967,0.9999999999999994,0.0
Gaussian,3.62,1.0472463573272717,0.021602932941922382,0.9999999999999996,-1.6653345369377348e-16
Gaussian,3.63,1.047253373974192,0.02160584238909876,0.9999999999999994,-8.326672684688674e-17
Gaussian,3.64,1.0472602454159996,0.021608691549671048,0.9999999999999996,-8.326672684688674e-17
Gaussian,3.65,1.0472669746577035,0.021611481674439607,0.9999999999999994,-1.6653345369377348e-16
Gaussian,3.66,1.0472735646421216,0.02161421398818757,0.9999999999999996,-1.6653345369377348e-16
Gaussian,3.67,1.047280018251167,0.021616889690225797,0.9999999999999994,-1.6653345369377348e-16
Gaussian,3.68,1.0472863383071087,0.021619509954924346,0.9999999999999994,-2.498001805406602e-16
Gaussian,3.69,1.047292527573807,0.021622075932233795,0.9999999999999994,-2.498001805406602e-16
Gaussian,3.7,1.0472985887579211,0.021624588748195537,0.9999999999999994,-2.498001805406602e-16
Gaussian,3.71,1.0473045245100938,0.021627049505441344,0.9999999999999994,-2.498001805406602e-16
Gaussian,3.72,1.047310337426111,0.021629459283681852,0.9999999999999994,-2.498001805406602e-16
Gaussian,3.73,1.0473160300480373,0.02163181914018498,0.9999999999999994,-2.498001805406602e-16
Gaussian,3.74,1.0473216048653267,0.02163413011024503,0.9999999999999994,0.0
Gaussian,3.75,1.0473270643159127,0.02163639320764109,0.9999999999999993,-3.3306690738754696e-16
Gaussian,3.7600000000000002,1.0473324107872746,0.021638609425085338,0.9999999999999994,-1.6653345369377348e-16
Gaussian,3.77,1.047337646617481,0.02164077973466383,0.9999999999999994,-1.6653345369377348e-16
Gaussian,3.7800000000000002,1.0473427740962136,0.021642905088265427,0.9999999999999994,-1.6653345369377348e-16
Gaussian,3.79,1.047347795465767,0.02164498641800415,0.9999999999999994,-1.6653345369377348e-16
Gaussian,3.8000000000000003,1.0473527129220312,0.021647024636630777,0.9999999999999994,-1.6653345369377348e-16
Gaussian,3.81,1.0473575286154513,0.02164902063793722,0.9999999999999994,-2.498001805406602e-16
Gaussian,3.8200000000000003,1.0473622446519677,0.021650975297151064,0.9999999999999994,-1.6653345369377348e-16
Gaussian,3.83,1.047366863093938,0.021652889471323405,0.9999999999999994,-2.498001805406602e-16
Gaussian,3.84,1.047371385961038,0.021654763999706554,0.9999999999999994,-1.6653345369377348e-16
Gaussian,3.85,1.0473758152311468,0.0216565997041261,0.9999999999999994,-1.6653345369377348e-16
Gaussian,3.86,1.0473801528412094,0.02165839738934303,0.9999999999999994,-1.6653345369377348e-16
Gaussian,3.87,1.0473844006880868,0.02166015784340975,0.9999999999999993,-1.6653345369377348e-16
Gaussian,3.88,1.0473885606293827,0.021661881838017975,0.9999999999999994,-2.498001805406602e-16
Gaussian,3.89,1.0473926344842581,0.02166357012883951,0.9999999999999994,-3.3306690738754696e-16
Gaussian,3.9,1.0473966240342256,0.021665223455859743,0.9999999999999994,-2.498001805406602e-16
Gaussian,3.91,1.0474005310239303,0.021666842543704226,0.9999999999999994,-3.3306690738754696e-16
Gaussian,3.92,1.0474043571619105,0.02166842810195865,0.9999999999999994,-8.326672684688674e-17
Gaussian,3.93,1.0474081041213466,0.02166998082548173,0.9999999999999994,-1.6653345369377348e-16
Gaussian,3.94,1.0474117735407926,0.021671501394711704,0.9999999999999993,-8.326672684688674e-17
Gaussian,3.95,1.0474153670248927,0.02167299047596663,0.9999999999999991,-1.6653345369377348e-16
Gaussian,3.96,1.0474188861450826,0.021674448721737884,0.9999999999999993,-3.3306690738754696e-16
Gaussian,3.97,1.0474223324402776,0.02167587677097812,0.9999999999999991,-8.326672684688674e-17
Gaussian,3.98,1.047425707417545,0.021677275249382944,0.9999999999999994,-1.6653345369377348e-16
Gaussian,3.99,1.0474290125527634,0.021678644769666397,0.9999999999999994,-1.6653345369377348e-16
Gaussian,4.0,1.0474322492912682,0.0216799859318313,0.9999999999999991,-1.6653345369377348e-16
Gaussian,4.01,1.0474354190485067,0.02168129932344235,0.9999999999999993,-1.6653345369377348e-16
Gaussian,4.0200000000000005,1.0474385232105883,0.02168258551985802,0.9999999999999993,-1.6653345369377348e-16
Gaussian,4.03,1.0474415631349596,0.021683845084510454,0.9999999999999993,-2.498001805406602e-16
Gaussian,4.04,1.047444540150975,0.021685078569146046,0.9999999999999994,-2.498001805406602e-16
Gaussian,4.05,1.0474474555604787,0.021686286514066865,0.9999999999999991,-1.6653345369377348e-16
Gaussian,4.0600000000000005,1.0474503106383726,0.021687469448369676,0.9999999999999993,-8.326672684688674e-17
Gaussian,4.07,1.0474531066331763,0.02168862789017826,0.9999999999999994,-1.6653345369377348e-16
Gaussian,4.08,1.0474558447675704,0.02168976234687129,0.9999999999999994,-1.6653345369377348e-16
Gaussian,4.09,1.047458526238933,0.021690873315306156,0.9999999999999991,-1.6653345369377348e-16
Gaussian,4.1,1.0474611522198631,0.021691961282037184,0.9999999999999991,-1.6653345369377348e-16
Gaussian,4.11,1.0474637238586924,0.02169302672352992,0.9999999999999994,-1.6653345369377348e-16
Gaussian,4.12,1.0474662422799885,0.02169407010637052,0.9999999999999993,-8.326672684688674e-17
Gaussian,4.13,1.047468708585047,0.02169509188747136,0.9999999999999993,-8.326672684688674e-17
Gaussian,4.14,1.0474711238523722,0.021696092514271386,0.9999999999999993,-8.326672684688674e-17
Gaussian,4.15,1.0474734891381494,0.021697072424933694,0.9999999999999991,-1.6653345369377348e-16
Gaussian,4.16,1.0474758054767064,0.021698032048537312,0.9999999999999991,-1.6653345369377348e-16
Gaussian,4.17,1.0474780738809653,0.021698971805266434,0.9999999999999993,-1.6653345369377348e-16
Gaussian,4.18,1.047480295342888,0.021699892106595155,0.9999999999999991,-8.326672684688674e-17
Gaussian,4.19,1.0474824708339063,0.021700793355468,0.9999999999999991,-1.6653345369377348e-16
Gaussian,4.2,1.0474846013053503,0.021701675946477095,0.9999999999999993,-1.6653345369377348e-16
Gaussian,4.21,1.0474866876888613,0.02170254026603583,0.9999999999999991,-1.6653345369377348e-16
Gaussian,4.22,1.0474887308968022,0.02170338669254842,0.9999999999999993,-8.326672684688674e-17
Gaussian,4.23,1.0474907318226543,0.021704215596576003,0.9999999999999993,-1.6653345369377348e-16
Gaussian,4.24,1.047492691341408,0.021705027341000188,0.9999999999999993,-8.326672684688674e-17
Gaussian,4.25,1.047494610309948,0.02170582228118147,0.9999999999999991,-8.326672684688674e-17
Gaussian,4.26,1.047496489567425,0.02170660076511597,0.9999999999999989,-8.326672684688674e-17
Gaussian,4.2700000000000005,1.047498329935624,0.021707363133588085,0.9999999999999991,-1.6653345369377348e-16
Gaussian,4.28,1.0475001322193243,0.02170810972032046,0.9999999999999991,-1.6653345369377348e-16
Gaussian,4.29,1.0475018972066499,0.02170884085211956,0.9999999999999993,-8.326672684688674e-17
Gaussian,4.3,1.0475036256694161,0.021709556849020574,0.9999999999999991,-8.326672684688674e-17
Gaussian,4.3100000000000005,1.047505318363465,0.021710258024426818,0.9999999999999991,-1.6653345369377348e-16
Gaussian,4.32,1.0475069760289977,0.021710944685247608,0.9999999999999993,-1.6653345369377348e-16
Gaussian,4.33,1.0475085993908966,0.021711617132033602,0.9999999999999991,-8.326672684688674e-17
Gaussian,4.34,1.0475101891590441,0.021712275659107765,0.9999999999999994,-8.326672684688674e-17
Gaussian,4.3500000000000005,1.0475117460286314,0.021712920554695016,0.9999999999999993,-1.6653345369377348e-16
Gaussian,4.36,1.047513270680463,0.021713552101048784,0.9999999999999993,-1.6653345369377348e-16
Gaussian,4.37,1.0475147637812556,0.021714170574574976,0.9999999999999991,-1.6653345369377348e-16
Gaussian,4.38,1.0475162259839275,0.021714776245952864,0.9999999999999991,-1.6653345369377348e-16
Gaussian,4.39,1.0475176579278855,0.021715369380254083,0.9999999999999993,-8.326672684688674e-17
Gaussian,4.4,1.0475190602393054,0.02171595023705894,0.9999999999999993,0.0
Gaussian,4.41,1.047520433531404,0.021716519070570574,0.9999999999999991,-1.6653345369377348e-16
Gaussian,4.42,1.0475217784047075,0.021717076129725718,0.9999999999999991,0.0
Gaussian,4.43,1.0475230954473156,0.021717621658304476,0.9999999999999991,-8.326672684688674e-17
Gaussian,4.44,1.0475243852351572,0.021718155895037474,0.9999999999999993,-8.326672684688674e-17
Gaussian,4.45,1.0475256483322433,0.02171867907370981,0.9999999999999991,0.0
Gaussian,4.46,1.0475268852909119,0.02171919142326423,0.9999999999999993,-8.326672684688674e-17
Gaussian,4.47,1.0475280966520724,0.021719693167901177,0.9999999999999991,-8.326672684688674e-17
Gaussian,4.48,1.04752928294544,0.021720184527177385,0.9999999999999994,0.0
Gaussian,4.49,1.0475304446897666,0.021720665716102,0.9999999999999991,1.6653345369377348e-16
Gaussian,4.5,1.0475315823930706,0.021721136945230674,0.9999999999999993,0.0
Gaussian,4.51,1.0475326965528569,0.021721598420758288,0.9999999999999991,8.326672684688674e-17
Gaussian,4.5200000000000005,1.0475337876563346,0.021722050344608845,0.9999999999999991,0.0
Gaussian,4.53,1.0475348561806306,0.021722492914524695,0.9999999999999991,0.0
Gaussian,4.54,1.0475359025929984,0.02172292632415232,0.9999999999999991,0.0
Gaussian,4.55,1.0475369273510213,0.021723350763128278,0.9999999999999991,-8.326672684688674e-17
Gaussian,4.5600000000000005,1.0475379309028137,0.021723766417161346,0.9999999999999991,0.0
Gaussian,4.57,1.0475389136872173,0.021724173468114324,0.9999999999999991,0.0
Gaussian,4.58,1.0475398761339914,0.02172457209408398,0.9999999999999991,8.326672684688674e-17
Gaussian,4.59,1.0475408186640025,0.021724962469478803,0.9999999999999993,0.0
Gaussian,4.6000000000000005,1.0475417416894068,0.02172534476509539,0.9999999999999993,0.0
Gaussian,4.61,1.047542645613832,0.021725719148193448,0.9999999999999993,-8.326672684688674e-17
Gaussian,4.62,1.0475435308325531,0.021726085782569116,0.9999999999999993,-1.6653345369377348e-16
Gaussian,4.63,1.047544397732665,0.021726444828626793,0.9999999999999994,-8.326672684688674e-17
Gaussian,4.64,1.047545246693252,0.02172679644344885,0.9999999999999993,-8.326672684688674e-17
Gaussian,4.65,1.0475460780855537,0.02172714078086553,0.9999999999999991,-8.326672684688674e-17
Gaussian,4.66,1.047546892273127,0.02172747799152127,0.9999999999999991,0.0
Gaussian,4.67,1.047547689612006,0.021727808222941278,0.9999999999999991,0.0
Gaussian,4.68,1.047548470450856,0.021728131619596094,0.9999999999999991,-8.326672684688674e-17
Gaussian,4.69,1.0475492351311275,0.021728448322964916,0.9999999999999991,-8.326672684688674e-17
Gaussian,4.7,1.0475499839872058,0.021728758471597234,0.9999999999999993,-1.6653345369377348e-16
Gaussian,4.71,1.047550717346555,0.021729062201173998,0.9999999999999991,-8.326672684688674e-17
Gaussian,4.72,1.0475514355298632,0.021729359644566626,0.9999999999999991,-8.326672684688674e-17
Gaussian,4.73,1.0475521388511826,0.021729650931895668,0.9999999999999991,0.0
Gaussian,4.74,1.047552827618066,0.02172993619058731,0.9999999999999991,-8.326672684688674e-17
Gaussian,4.75,1.0475535021317015,0.021730215545429667,0.9999999999999989,-1.6653345369377348e-16
Gaussian,4.76,1.0475541626870448,0.021730489118626854,0.9999999999999991,0.0
Gaussian,4.7700000000000005,1.0475548095729477,0.021730757029852995,0.9999999999999991,-1.6653345369377348e-16
Gaussian,4.78,1.0475554430722842,0.021731019396304795,0.9999999999999991,0.0
Gaussian,4.79,1.0475560634620749,0.021731276332751952,0.9999999999999991,-1.6653345369377348e-16
Gaussian,4.8,1.0475566710136075,0.021731527951588454,0.9999999999999989,-8.326672684688674e-17
Gaussian,4.8100000000000005,1.0475572659925554,0.021731774362881033,0.9999999999999991,0.0
Gaussian,4.82,1.0475578486590953,0.021732015674417987,0.9999999999999991,-8.326672684688674e-17
Gaussian,4.83,1.047558419268018,0.021732251991755817,0.9999999999999989,8.326672684688674e-17
Gaussian,4.84,1.0475589780688432,0.02173248341826593,0.9999999999999991,-1.6653345369377348e-16
Gaussian,4.8500000000000005,1.0475595253059264,0.02173271005517958,0.9999999999999991,-1.6653345369377348e-16
Gaussian,4.86,1.0475600612185665,0.021732932001632222,0.9999999999999991,8.326672684688674e-17
Gaussian,4.87,1.0475605860411101,0.02173314935470688,0.9999999999999991,8.326672684688674e-17
Gaussian,4.88,1.0475611000030547,0.02173336220947727,0.9999999999999991,-8.326672684688674e-17
Gaussian,4.89,1.0475616033291484,0.021733570659048233,0.9999999999999989,0.0
Gaussian,4.9,1.047562096239488,0.021733774794597607,0.9999999999999991,0.0
Gaussian,4.91,1.0475625789496164,0.02173397470541535,0.9999999999999991,-8.326672684688674e-17
Gaussian,4.92,1.0475630516706154,0.021734170478943497,0.9999999999999993,0.0
Gaussian,4.93,1.047563514609199,0.02173436220081343,0.9999999999999991,0.0
Gaussian,4.94,1.047563967967803,0.021734549954884247,0.9999999999999989,0.0
Gaussian,4.95,1.0475644119446745,0.021734733823278733,0.9999999999999989,0.0
Gaussian,4.96,1.0475648467339584,0.021734913886419807,0.9999999999999989,0.0
Gaussian,4.97,1.047565272525781,0.02173509022306578,0.9999999999999988,0.0
Gaussian,4.98,1.0475656895063348,0.0217352629103442,0.9999999999999989,8.326672684688674e-17
Gaussian,4.99,1.0475660978579593,0.021735432023786708,0.9999999999999989,0.0
Gaussian,5.0,1.04756649775922,0.02173559763736037,0.9999999999999989,0.0
Symmetric bimodal,0.0,0.3600013967943392,-28.213230801017765,1.0,8.326672684688674e-17
Symmetric bimodal,0.01,0.37688507875709587,-11.862464902528881,0.9999999999999998,0.0
Symmetric bimodal,0.02,0.392546435486528,-6.570570740037861,1.0,4.163336342344337e-17
Symmetric bimodal,0.03,0.40746632864798965,-4.233569471831136,1.0,0.0
Symmetric bimodal,0.04,0.42183613425827515,-3.031699155622199,1.0,4.163336342344337e-17
Symmetric bimodal,0.05,0.4357504899462414,-2.3409738805421556,1.0,4.163336342344337e-17
Symmetric bimodal,0.06,0.4492635294887052,-1.9071674909952263,1.0,8.326672684688674e-17
Symmetric bimodal,0.07,0.4624100145792235,-1.61400139795488,1.0,8.326672684688674e-17
Symmetric bimodal,0.08,0.47521447636294284,-1.403445528600529,1.0,0.0
Symmetric bimodal,0.09,0.48769558772477994,-1.2444381048658248,1.0,0.0
Symmetric bimodal,0.1,0.4998684249473394,-1.119346836770247,1.0,4.163336342344337e-17
Symmetric bimodal,0.11,0.511745715660717,-1.0176406581119735,0.9999999999999998,4.163336342344337e-17
Symmetric bimodal,0.12,0.5233385666537764,-0.9327399499816876,0.9999999999999998,0.0
Symmetric bimodal,0.13,0.5346569096057932,-0.8603637140903139,0.9999999999999998,4.163336342344337e-17
Symmetric bimodal,0.14,0.5457097863658046,-0.7976219128485947,0.9999999999999998,8.326672684688674e-17
Symmetric bimodal,0.15,0.5565055390416196,-0.7424967460416751,0.9999999999999998,0.0
Symmetric bimodal,0.16,0.5670519414403887,-0.6935354792478275,0.9999999999999994,8.326672684688674e-17
Symmetric bimodal,0.17,0.5773562931076214,-0.6496626106157324,0.9999999999999998,0.0
Symmetric bimodal,0.18,0.5874254887435222,-0.6100615895266511,0.9999999999999998,4.163336342344337e-17
Symmetric bimodal,0.19,0.5972660709234705,-0.5740982859701595,0.9999999999999998,0.0
Symmetric bimodal,0.2,0.6068842711811526,-0.541270208402314,0.9999999999999996,-8.326672684688674e-17
Symmetric bimodal,0.21,0.6162860427687242,-0.5111720021329416,0.9999999999999998,-4.163336342344337e-17
Symmetric bimodal,0.22,0.6254770873198398,-0.4834714832915726,0.9999999999999998,-4.163336342344337e-17
Symmetric bimodal,0.23,0.6344628769454215,-0.45789264033157034,0.9999999999999998,-8.326672684688674e-17
Symmetric bimodal,0.24,0.6432486728369153,-0.4342033385557935,0.9999999999999998,-8.326672684688674e-17
Symmetric bimodal,0.25,0.6518395411477813,-0.41220626104255453,0.9999999999999996,-4.163336342344337e-17
Symmetric bimodal,0.26,0.6602403667167818,-0.3917321178349709,0.9999999999999998,-8.326672684688674e-17
Symmetric bimodal,0.27,0.668455865057193,-0.37263447268899746,0.9999999999999996,-4.163336342344337e-17
Symmetric bimodal,0.28,0.6764905929204003,-0.3547857425076292,0.9999999999999996,0.0
Symmetric bimodal,0.29,0.6843489576704274,-0.3380740603123865,0.9999999999999996,-4.163336342344337e-17
Symmetric bimodal,0.3,0.6920352256870144,-0.3224007835086486,0.9999999999999996,-4.163336342344337e-17
Symmetric bimodal,0.31,0.6995535299683828,-0.30767849110602363,0.9999999999999996,-8.326672684688674e-17
Symmetric bimodal,0.32,0.7069078769519141,-0.2938293564750867,0.9999999999999996,0.0
Symmetric bimodal,0.33,0.7141021527838315,-0.28078381182692747,0.9999999999999994,0.0
Symmetric bimodal,0.34,0.7211401290246142,-0.2684794421785447,0.9999999999999993,8.326672684688674e-17
Symmetric bimodal,0.35000000000000003,0.7280254678991567,-0.2568600616654309,0.9999999999999994,8.326672684688674e-17
Symmetric bimodal,0.36,0.7347617271371265,-0.24587493690842926,0.9999999999999994,4.163336342344337e-17
Symmetric bimodal,0.37,0.7413523644495158,-0.23547812645592398,0.9999999999999994,0.0
Symmetric bimodal,0.38,0.7478007416886565,-0.2256279209345423,0.9999999999999993,0.0
Symmetric bimodal,0.39,0.7541101287207823,-0.21628636154367054,0.9999999999999994,0.0
Symmetric bimodal,0.4,0.7602837070366714,-0.2074188246360541,0.9999999999999993,0.0
Symmetric bimodal,0.41000000000000003,0.7663245731326872,-0.19899366220708767,0.9999999999999994,4.163336342344337e-17
Symmetric bimodal,0.42,0.7722357416821541,-0.19098188899007143,0.9999999999999994,-4.163336342344337e-17
Symmetric bimodal,0.43,0.7780201485165825,-0.18335690911932953,0.9999999999999991,-4.163336342344337e-17
Symmetric bimodal,0.44,0.7836806534338636,-0.17609427624884602,0.9999999999999991,-8.326672684688674e-17
Symmetric bimodal,0.45,0.7892200428485332,-0.1691714824518572,0.9999999999999991,-1.249000902703301e-16
Symmetric bimodal,0.46,0.7946410322974685,-0.1625677717009624,0.9999999999999991,-8.326672684688674e-17
Symmetric bimodal,0.47000000000000003,0.7999462688128779,-0.15626397704782968,0.9999999999999991,-4.163336342344337e-17
Symmetric bimodal,0.48,0.805138333173181,-0.15024236892044007,0.9999999999999993,-4.163336342344337e-17
Symmetric bimodal,0.49,0.8102197420412435,-0.14448652846545684,0.9999999999999991,-4.163336342344337e-17
Symmetric bimodal,0.5,0.8151929499984691,-0.13898122980126965,0.9999999999999991,-8.326672684688674e-17
Symmetric bimodal,0.51,0.8200603514823935,-0.13371233561735424,0.9999999999999991,-8.326672684688674e-17
Symmetric bimodal,0.52,0.8248242826346828,-0.12866670352613296,0.9999999999999991,-1.249000902703301e-16
Symmetric bimodal,0.53,0.8294870230657767,-0.12383210188278575,0.9999999999999991,-1.249000902703301e-16
Symmetric bimodal,0.54,0.8340507975418366,-0.11919713396464288,0.9999999999999991,-1.6653345369377348e-16
Symmetric bimodal,0.55,0.8385177775991377,-0.11475116955045729,0.9999999999999991,-1.6653345369377348e-16
Symmetric bimodal,0.56,0.8428900830905951,-0.11048428306587836,0.9999999999999993,-1.249000902703301e-16
Symmetric bimodal,0.5700000000000001,0.8471697836686952,-0.10638719756873286,0.9999999999999991,-8.326672684688674e-17
Symmetric bimodal,0.58,0.8513589002087436,-0.10245123393931706,0.9999999999999991,-1.249000902703301e-16
Symmetric bimodal,0.59,0.8554594061760145,-0.09866826471952864,0.9999999999999991,-1.249000902703301e-16
Symmetric bimodal,0.6,0.8594732289400882,-0.09503067211219215,0.9999999999999993,-1.249000902703301e-16
Symmetric bimodal,0.61,0.8634022510394067,-0.09153130971031996,0.9999999999999991,-1.249000902703301e-16
Symmetric bimodal,0.62,0.8672483113988315,-0.08816346757649846,0.9999999999999991,-8.326672684688674e-17
Symmetric bimodal,0.63,0.871013206502781,-0.08492084033643377,0.9999999999999994,-8.326672684688674e-17
Symmetric bimodal,0.64,0.8746986915263226,-0.08179749798882638,0.9999999999999994,-8.326672684688674e-17
Symmetric bimodal,0.65,0.8783064814264244,-0.07878785916703705,0.9999999999999994,-1.249000902703301e-16
Symmetric bimodal,0.66,0.881838251995409,-0.07588666661710494,0.9999999999999994,-8.326672684688674e-17
Symmetric bimodal,0.67,0.885295640878509,-0.07308896468222784,0.9999999999999994,0.0
Symmetric bimodal,0.68,0.8886802485572829,-0.07039007860621259,0.9999999999999994,-8.326672684688674e-17
Symmetric bimodal,0.6900000000000001,0.8919936393005425,-0.0677855954881881,0.9999999999999994,0.0
Symmetric bimodal,0.7000000000000001,0.8952373420843227,-0.06527134673826618,0.9999999999999994,-1.6653345369377348e-16
Symmetric bimodal,0.71,0.898412851482323,-0.06284339189926547,0.9999999999999993,-1.6653345369377348e-16
Symmetric bimodal,0.72,0.9015216285281638,-0.06049800371324181,0.9999999999999994,0.0
Symmetric bimodal,0.73,0.9045651015507121,-0.05823165432368503,0.9999999999999991,-8.326672684688674e-17
Symmetric bimodal,0.74,0.9075446669836494,-0.056041002514989904,0.9999999999999991,0.0
Symmetric bimodal,0.75,0.91046169015039,-0.053922881900400774,0.9999999999999993,8.326672684688674e-17
Symmetric bimodal,0.76,0.913317506025384,-0.051874289978159,0.9999999999999991,0.0
Symmetric bimodal,0.77,0.9161134199727834,-0.04989237798321902,0.9999999999999991,8.326672684688674e-17
Symmetric bimodal,0.78,0.9188507084633906,-0.0479744414687111,0.9999999999999991,-8.326672684688674e-17
Symmetric bimodal,0.79,0.9215306197707573,-0.046117911557451444,0.9999999999999989,-8.326672684688674e-17
Symmetric bimodal,0.8,0.9241543746472519,-0.044320346809267205,0.9999999999999991,0.0
Symmetric bimodal,0.81,0.9267231669808679,-0.04257942565483641,0.9999999999999989,8.326672684688674e-17
Symmetric bimodal,0.8200000000000001,0.92923816443351,-0.040892939351160895,0.9999999999999991,-1.6653345369377348e-16
Symmetric bimodal,0.8300000000000001,0.931700509061447,-0.039258785417782806,0.9999999999999989,-1.6653345369377348e-16
Symmetric bimodal,0.84,0.934111317918588,-0.03767496151644148,0.9999999999999988,0.0
Symmetric bimodal,0.85,0.9364716836432097,-0.03613955974011549,0.9999999999999988,-1.6653345369377348e-16
Symmetric bimodal,0.86,0.9387826750287226,-0.03465076128031926,0.9999999999999988,-8.326672684688674e-17
Symmetric bimodal,0.87,0.9410453375790406,-0.033206831444183946,0.9999999999999991,0.0
Symmetric bimodal,0.88,0.943260694049089,-0.03180611499523994,0.9999999999999988,-8.326672684688674e-17
Symmetric bimodal,0.89,0.9454297449709588,-0.030447031794009462,0.9999999999999989,0.0
Symmetric bimodal,0.9,0.9475534691661975,-0.029128072716480026,0.9999999999999988,8.326672684688674e-17
Symmetric bimodal,0.91,0.9496328242446925,-0.027847795830334025,0.9999999999999989,0.0
Symmetric bimodal,0.92,0.9516687470905947,-0.026604822810435694,0.9999999999999988,0.0
Symmetric bimodal,0.93,0.9536621543357015,-0.025397835576566146,0.9999999999999988,0.0
Symmetric bimodal,0.9400000000000001,0.955613942820704,-0.024225573137746106,0.9999999999999988,-1.6653345369377348e-16
Symmetric bimodal,0.9500000000000001,0.9575249900446804,-0.02308682862872636,0.9999999999999988,-8.326672684688674e-17
Symmetric bimodal,0.96,0.9593961546032135,-0.02198044652534685,0.9999999999999988,8.326672684688674e-17
Symmetric bimodal,0.97,0.9612282766154736,-0.020905320026498392,0.9999999999999987,0.0
Symmetric bimodal,0.98,0.9630221781406165,-0.019860388591360356,0.9999999999999988,8.326672684688674e-17
Symmetric bimodal,0.99,0.9647786635838158,-0.01884463562145057,0.9999999999999988,0.0
Symmetric bimodal,1.0,0.9664985200922435,-0.017857086277810068,0.9999999999999988,8.326672684688674e-17
Symmetric bimodal,1.01,0.9681825179412966,-0.016896805424370893,0.9999999999999988,8.326672684688674e-17
Symmetric bimodal,1.02,0.9698314109113604,-0.015962895689218375,0.9999999999999988,-8.326672684688674e-17
Symmetric bimodal,1.03,0.9714459366553807,-0.015054495636064452,0.9999999999999987,-8.326672684688674e-17
Symmetric bimodal,1.04,0.9730268170575157,-0.014170778038816178,0.9999999999999988,0.0
Symmetric bimodal,1.05,0.974574758583119,-0.013310948252627535,0.9999999999999988,-8.326672684688674e-17
Symmetric bimodal,1.06,0.9760904526203049,-0.01247424267530644,0.9999999999999988,8.326672684688674e-17
Symmetric bimodal,1.07,0.9775745758133263,-0.011659927293376775,0.9999999999999988,-8.326672684688674e-17
Symmetric bimodal,1.08,0.9790277903880042,-0.010867296307501316,0.9999999999999988,-8.326672684688674e-17
Symmetric bimodal,1.09,0.9804507444694173,-0.010095670832340791,0.9999999999999988,0.0
Symmetric bimodal,1.1,0.9818440723920766,-0.009344397666265188,0.9999999999999988,-2.498001805406602e-16
Symmetric bimodal,1.11,0.9832083950027802,-0.008612848126649772,0.9999999999999988,-1.6653345369377348e-16
Symmetric bimodal,1.12,0.9845443199563528,-0.007900416946779986,0.9999999999999988,-1.6653345369377348e-16
Symmetric bimodal,1.1300000000000001,0.9858524420044581,-0.007206521230658043,0.9999999999999987,-1.6653345369377348e-16
Symmetric bimodal,1.1400000000000001,0.9871333432776731,-0.006530599462253907,0.9999999999999988,-8.326672684688674e-17
Symmetric bimodal,1.1500000000000001,0.988387593560996,-0.0058721105659750375,0.9999999999999988,-1.6653345369377348e-16
Symmetric bimodal,1.16,0.9896157505629711,-0.005230533015340426,0.9999999999999988,-8.326672684688674e-17
Symmetric bimodal,1.17,0.9908183601785856,-0.004605363987046037,0.9999999999999988,-1.6653345369377348e-16
Symmetric bimodal,1.18,0.9919959567461121,-0.003996118557789906,0.9999999999999988,-8.326672684688674e-17
Symmetric bimodal,1.19,0.9931490632980462,-0.003402328941396417,0.9999999999999987,-1.6653345369377348e-16
Symmetric bimodal,1.2,0.9942781918062918,-0.002823543763937867,0.9999999999999984,-1.6653345369377348e-16
Symmetric bimodal,1.21,0.9953838434217444,-0.0022593273746984153,0.9999999999999987,-1.6653345369377348e-16
Symmetric bimodal,1.22,0.9964665087084108,-0.0017092591909618267,0.9999999999999984,-1.6653345369377348e-16
Symmetric bimodal,1.23,0.9975266678722086,-0.0011729330747314234,0.9999999999999987,-1.6653345369377348e-16
Symmetric bimodal,1.24,0.9985647909845717,-0.0006499567396096341,0.9999999999999984,0.0
Symmetric bimodal,1.25,0.9995813382010004,-0.00013995118617383495,0.9999999999999988,-8.326672684688674e-17
Symmetric bimodal,1.26,1.000576759974675,0.0003574498357118056,0.9999999999999988,-1.6653345369377348e-16
Symmetric bimodal,1.27,1.0015514972652593,0.0008426003391135359,0.9999999999999988,-1.6653345369377348e-16
Symmetric bimodal,1.28,1.002505981743012,0.00131584258814998,0.9999999999999987,-8.326672684688674e-17
Symmetric bimodal,1.29,1.0034406359883188,0.0017775075633116454,0.9999999999999984,-8.326672684688674e-17
Symmetric bimodal,1.3,1.0043558736867597,0.0022279154051927587,0.9999999999999988,0.0
Symmetric bimodal,1.31,1.0052520998198218,0.0026673758377791018,0.9999999999999988,-1.6653345369377348e-16
Symmetric bimodal,1.32,1.0061297108513565,0.003096188572365527,0.9999999999999988,-1.6653345369377348e-16
Symmetric bimodal,1.33,1.0069890949098927,0.0035146436931161344,0.9999999999999988,-1.6653345369377348e-16
Symmetric bimodal,1.34,1.0078306319668964,0.003923022025219219,0.9999999999999988,-2.498001805406602e-16
Symmetric bimodal,1.35,1.0086546940110819,0.004321595486534576,0.9999999999999988,-8.326672684688674e-17
Symmetric bimodal,1.36,1.0094616452188672,0.004710627423578893,0.9999999999999987,-1.6653345369377348e-16
Symmetric bimodal,1.37,1.0102518421210553,0.005090372932645702,0.9999999999999984,-2.498001805406602e-16
Symmetric bimodal,1.3800000000000001,1.0110256337658496,0.005461079166812937,0.9999999999999984,-1.6653345369377348e-16
Symmetric bimodal,1.3900000000000001,1.0117833618782712,0.005822985629545842,0.9999999999999988,-8.326672684688674e-17
Symmetric bimodal,1.4000000000000001,1.0125253610160745,0.006176324455565504,0.9999999999999987,-1.6653345369377348e-16
Symmetric bimodal,1.41,1.0132519587222408,0.006521320679614862,0.9999999999999984,-1.6653345369377348e-16
Symmetric bimodal,1.42,1.013963475674126,0.006858192493718053,0.9999999999999988,-2.498001805406602e-16
Symmetric bimodal,1.43,1.0146602258293433,0.0071871514934987064,0.9999999999999987,-1.6653345369377348e-16
Symmetric bimodal,1.44,1.0153425165684604,0.0075084029140878375,0.9999999999999987,-8.326672684688674e-17
Symmetric bimodal,1.45,1.016010648834577,0.007822145856127493,0.9999999999999984,-8.326672684688674e-17
Symmetric bimodal,1.46,1.0166649172698614,0.008128573502345006,0.9999999999999984,0.0
Symmetric bimodal,1.47,1.0173056103491132,0.008427873325149056,0.9999999999999984,-8.326672684688674e-17
Symmetric bimodal,1.48,1.0179330105104212,0.00872022728567506,0.9999999999999988,-8.326672684688674e-17
Symmetric bimodal,1.49,1.0185473942829844,0.009005812024682845,0.9999999999999984,-8.326672684688674e-17
Symmetric bimodal,1.5,1.0191490324121557,0.00928479904568952,0.9999999999999988,8.326672684688674e-17
Symmetric bimodal,1.51,1.0197381899817812,0.009557354890700254,0.9999999999999987,8.326672684688674e-17
Symmetric bimodal,1.52,1.0203151265338866,0.00982364130888006,0.9999999999999988,-8.326672684688674e-17
Symmetric bimodal,1.53,1.0208800961857776,0.010083815418492506,0.9999999999999984,0.0
Symmetric bimodal,1.54,1.0214333477446085,0.010338029862413665,0.9999999999999984,-1.6653345369377348e-16
Symmetric bimodal,1.55,1.0219751248194822,0.010586432957514793,0.9999999999999987,-1.6653345369377348e-16
Symmetric bimodal,1.56,1.0225056659311293,0.01082916883819095,0.9999999999999987,0.0
Symmetric bimodal,1.57,1.0230252046192279,0.011066377594299858,0.9999999999999987,-1.6653345369377348e-16
Symmetric bimodal,1.58,1.0235339695474115,0.011298195403760886,0.9999999999999987,-1.6653345369377348e-16
Symmetric bimodal,1.59,1.024032184606023,0.011524754660052733,0.9999999999999987,-1.6653345369377348e-16
Symmetric bimodal,1.6,1.0245200690126581,0.011746184094835029,0.9999999999999987,-8.326672684688674e-17
Symmetric bimodal,1.61,1.0249978374105535,0.01196260889590855,0.9999999999999987,-2.498001805406602e-16
Symmetric bimodal,1.62,1.0254656999648641,0.01217415082071888,0.9999999999999984,-1.6653345369377348e-16
Symmetric bimodal,1.6300000000000001,1.0259238624568794,0.012380928305596327,0.9999999999999984,-8.326672684688674e-17
Symmetric bimodal,1.6400000000000001,1.02637252637622,0.012583056570917897,0.9999999999999987,-8.326672684688674e-17
Symmetric bimodal,1.6500000000000001,1.0268118890110651,0.012780647722365882,0.9999999999999987,-8.326672684688674e-17
Symmetric bimodal,1.6600000000000001,1.0272421435364507,0.012973810848450252,0.9999999999999987,-8.326672684688674e-17
Symmetric bimodal,1.67,1.0276634791006807,0.013162652114454904,0.9999999999999987,-1.6653345369377348e-16
Symmetric bimodal,1.68,1.0280760809098952,0.013347274852957003,0.9999999999999987,0.0
Symmetric bimodal,1.69,1.0284801303108355,0.013527779651066293,0.9999999999999987,-2.498001805406602e-16
Symmetric bimodal,1.7,1.028875804871844,0.013704264434518987,0.9999999999999988,-1.6653345369377348e-16
Symmetric bimodal,1.71,1.0292632784621403,0.01387682454875917,0.9999999999999987,-1.6653345369377348e-16
Symmetric bimodal,1.72,1.029642721329408,0.014045552837131534,0.9999999999999984,-1.6653345369377348e-16
Symmetric bimodal,1.73,1.030014300175735,0.014210539716304146,0.9999999999999987,-1.6653345369377348e-16
Symmetric bimodal,1.74,1.0303781782319348,0.014371873249035402,0.9999999999999987,-1.6653345369377348e-16
Symmetric bimodal,1.75,1.0307345153302945,0.014529639214392105,0.9999999999999988,-8.326672684688674e-17
Symmetric bimodal,1.76,1.0310834679757717,0.01468392117552343,0.9999999999999984,-2.498001805406602e-16
Symmetric bimodal,1.77,1.031425189415688,0.014834800545087673,0.9999999999999987,0.0
Symmetric bimodal,1.78,1.0317598297079384,0.01498235664842699,0.9999999999999984,0.0
Symmetric bimodal,1.79,1.0320875357877584,0.015126666784578743,0.9999999999999984,-2.498001805406602e-16
Symmetric bimodal,1.8,1.032408451533076,0.015267806285210163,0.9999999999999987,-1.6653345369377348e-16
Symmetric bimodal,1.81,1.03272271782848,0.015405848571557464,0.9999999999999984,-1.6653345369377348e-16
Symmetric bimodal,1.82,1.033030472627835,0.015540865209447974,0.9999999999999988,-8.326672684688674e-17
Symmetric bimodal,1.83,1.0333318510155713,0.015672925962479826,0.9999999999999987,-8.326672684688674e-17
Symmetric bimodal,1.84,1.0336269852666795,0.015802098843430677,0.9999999999999987,0.0
Symmetric bimodal,1.85,1.0339160049054388,0.01592845016396404,0.9999999999999987,0.0
Symmetric bimodal,1.86,1.0341990367629017,0.01605204458269769,0.9999999999999987,0.0
Symmetric bimodal,1.87,1.0344762050331688,0.01617294515169791,0.9999999999999987,0.0
Symmetric bimodal,1.8800000000000001,1.0347476313284742,0.016291213361458223,0.9999999999999988,8.326672684688674e-17
Symmetric bimodal,1.8900000000000001,1.0350134347331086,0.016406909184419963,0.9999999999999984,0.0
Symmetric bimodal,1.9000000000000001,1.0352737318562077,0.01652009111709072,0.9999999999999988,0.0
Symmetric bimodal,1.9100000000000001,1.0355286368834253,0.01663081622081044,0.9999999999999988,0.0
Symmetric bimodal,1.92,1.0357782616275208,0.016739140161218573,0.9999999999999988,0.0
Symmetric bimodal,1.93,1.0360227155778785,0.016845117246467554,0.9999999999999988,0.0
Symmetric bimodal,1.94,1.0362621059489872,0.016948800464230654,0.9999999999999988,-8.326672684688674e-17
Symmetric bimodal,1.95,1.0364965377278972,0.017050241517546694,0.9999999999999988,0.0
Symmetric bimodal,1.96,1.0367261137206834,0.01714949085954562,0.9999999999999988,8.326672684688674e-17
Symmetric bimodal,1.97,1.036950934597925,0.017246597727093672,0.9999999999999988,-8.326672684688674e-17
Symmetric bimodal,1.98,1.0371710989392353,0.01734161017339903,0.9999999999999989,8.326672684688674e-17
Symmetric bimodal,1.99,1.037386703276852,0.0174345750996127,0.9999999999999988,0.0
Symmetric bimodal,2.0,1.037597842138315,0.01752553828546311,0.9999999999999988,8.326672684688674e-17
Symmetric bimodal,2.0100000000000002,1.0378046080882428,0.017614544418956456,0.9999999999999988,8.326672684688674e-17
Symmetric bimodal,2.02,1.0380070917692419,0.01770163712517759,0.9999999999999988,0.0
Symmetric bimodal,2.0300000000000002,1.0382053819419435,0.017786858994220965,0.9999999999999988,8.326672684688674e-17
Symmetric bimodal,2.04,1.0383995655242155,0.017870251608284038,0.9999999999999988,-8.326672684688674e-17
Symmetric bimodal,2.05,1.03858972762954,0.017951855567951144,0.9999999999999988,8.326672684688674e-17
Symmetric bimodal,2.06,1.0387759516045934,0.018031710517695164,0.9999999999999988,0.0
Symmetric bimodal,2.07,1.038958319066035,0.018109855170625848,0.9999999999999988,8.326672684688674e-17
Symmetric bimodal,2.08,1.0391369099365282,0.018186327332509106,0.9999999999999988,8.326672684688674e-17
Symmetric bimodal,2.09,1.0393118024800034,0.018261163925081147,0.9999999999999989,1.6653345369377348e-16
Symmetric bimodal,2.1,1.0394830733361853,0.018334401008684366,0.9999999999999989,8.326672684688674e-17
Symmetric bimodal,2.11,1.0396507975543954,0.018406073804244687,0.9999999999999988,1.6653345369377348e-16
Symmetric bimodal,2.12,1.0398150486266484,0.018476216714614434,0.9999999999999988,1.6653345369377348e-16
Symmetric bimodal,2.13,1.039975898520055,0.018544863345300512,0.9999999999999988,1.6653345369377348e-16
Symmetric bimodal,2.14,1.0401334177085464,0.018612046524599815,0.9999999999999988,8.326672684688674e-17
Symmetric bimodal,2.15,1.0402876752039378,0.018677798323160258,0.9999999999999988,8.326672684688674e-17
Symmetric bimodal,2.16,1.0404387385863394,0.01874215007298582,0.9999999999999991,8.326672684688674e-17
Symmetric bimodal,2.17,1.0405866740339313,0.018805132385906045,0.9999999999999988,8.326672684688674e-17
Symmetric bimodal,2.18,1.04073154635212,0.01886677517152516,0.9999999999999989,0.0
Symmetric bimodal,2.19,1.0408734190020816,0.018927107654667742,0.9999999999999988,8.326672684688674e-17
Symmetric bimodal,2.2,1.041012354128709,0.018986158392339844,0.9999999999999988,8.326672684688674e-17
Symmetric bimodal,2.21,1.041148412587979,0.019043955290216755,0.9999999999999989,0.0
Symmetric bimodal,2.22,1.0412816539737422,0.019100525618676697,0.9999999999999988,8.326672684688674e-17
Symmetric bimodal,2.23,1.0414121366439586,0.0191558960283921,0.9999999999999988,8.326672684688674e-17
Symmetric bimodal,2.24,1.0415399177463829,0.01921009256549356,0.9999999999999988,0.0
Symmetric bimodal,2.25,1.0416650532437128,0.019263140686319968,0.9999999999999988,8.326672684688674e-17
Symmetric bimodal,2.2600000000000002,1.0417875979382158,0.01931506527176695,0.9999999999999988,0.0
Symmetric bimodal,2.27,1.041907605495839,0.01936589064124733,0.9999999999999988,-8.326672684688674e-17
Symmetric bimodal,2.2800000000000002,1.0420251284698165,0.01941564056627424,0.9999999999999988,0.0
Symmetric bimodal,2.29,1.0421402183237878,0.019464338283680285,0.9999999999999988,0.0
Symmetric bimodal,2.3000000000000003,1.0422529254544262,0.01951200650848159,0.9999999999999988,0.0
Symmetric bimodal,2.31,1.0423632992136065,0.019558667446400127,0.9999999999999988,0.0
Symmetric bimodal,2.32,1.0424713879301,0.01960434280605279,0.9999999999999988,0.0
Symmetric bimodal,2.33,1.0425772389308232,0.019649053810817767,0.9999999999999988,8.326672684688674e-17
Symmetric bimodal,2.34,1.0426808985616427,0.01969282121038931,0.9999999999999988,8.326672684688674e-17
Symmetric bimodal,2.35,1.0427824122077463,0.0197356652920277,0.9999999999999988,8.326672684688674e-17
Symmetric bimodal,2.36,1.042881824313588,0.019777605891515615,0.9999999999999991,0.0
Symmetric bimodal,2.37,1.0429791784024207,0.019818662403828964,0.9999999999999988,0.0
Symmetric bimodal,2.38,1.0430745170954185,0.01985885379353067,0.9999999999999988,8.326672684688674e-17
Symmetric bimodal,2.39,1.0431678821304051,0.019898198604894238,0.9999999999999988,0.0
Symmetric bimodal,2.4,1.0432593143801876,0.019936714971768833,0.9999999999999988,0.0
Symmetric bimodal,2.41,1.0433488538705111,0.019974420627187725,0.9999999999999988,0.0
Symmetric bimodal,2.42,1.0434365397976397,0.0200113329127335,0.9999999999999988,-8.326672684688674e-17
Symmetric bimodal,2.43,1.0435224105455712,0.02004746878766188,0.9999999999999988,-8.326672684688674e-17
Symmetric bimodal,2.44,1.0436065037028919,0.02008284483779546,0.9999999999999988,0.0
Symmetric bimodal,2.45,1.043688856079284,0.020117477284190517,0.9999999999999987,-8.326672684688674e-17
Symmetric bimodal,2.46,1.0437695037216854,0.020151381991585497,0.9999999999999988,0.0
Symmetric bimodal,2.47,1.0438484819301175,0.02018457447663717,0.9999999999999989,-8.326672684688674e-17
Symmetric bimodal,2.48,1.0439258252731802,0.020217069915948585,0.9999999999999988,-8.326672684688674e-17
Symmetric bimodal,2.49,1.0440015676032268,0.020248883153897744,0.9999999999999988,0.0
Symmetric bimodal,2.5,1.0440757420712228,0.020280028710269796,0.9999999999999988,-8.326672684688674e-17
Symmetric bimodal,2.5100000000000002,1.0441483811412953,0.020310520787700227,0.9999999999999988,-8.326672684688674e-17
Symmetric bimodal,2.52,1.0442195166049784,0.020340373278932768,0.9999999999999988,0.0
Symmetric bimodal,2.5300000000000002,1.0442891795951676,0.02036959977389852,0.9999999999999988,-1.6653345369377348e-16
Symmetric bimodal,2.54,1.0443574005997773,0.02039821356662038,0.9999999999999988,8.326672684688674e-17
Symmetric bimodal,2.5500000000000003,1.0444242094751193,0.020426227661947793,0.9999999999999988,8.326672684688674e-17
Symmetric bimodal,2.56,1.0444896354590008,0.020453654782126247,0.9999999999999988,0.0
Symmetric bimodal,2.57,1.0445537071835513,0.020480507373206787,0.9999999999999988,0.0
Symmetric bimodal,2.58,1.0446164526877832,0.020506797611298703,0.9999999999999988,8.326672684688674e-17
Symmetric bimodal,2.59,1.044677899429889,0.020532537408671146,0.9999999999999987,8.326672684688674e-17
Symmetric bimodal,2.6,1.0447380742992867,0.02055773841970608,0.9999999999999988,1.6653345369377348e-16
Symmetric bimodal,2.61,1.044797003628412,0.020582412046708038,0.9999999999999987,8.326672684688674e-17
Symmetric bimodal,2.62,1.044854713204266,0.02060656944557318,0.9999999999999988,1.6653345369377348e-16
Symmetric bimodal,2.63,1.0449112282797255,0.0206302215313227,0.9999999999999988,8.326672684688674e-17
Symmetric bimodal,2.64,1.0449665735846139,0.02065337898350364,0.9999999999999987,8.326672684688674e-17
Symmetric bimodal,2.65,1.0450207733365469,0.020676052251459943,0.9999999999999988,2.498001805406602e-16
Symmetric bimodal,2.66,1.0450738512515485,0.02069825155947793,0.9999999999999988,1.6653345369377348e-16
Symmetric bimodal,2.67,1.045125830554451,0.020719986911810248,0.9999999999999988,8.326672684688674e-17
Symmetric bimodal,2.68,1.0451767339890758,0.020741268097579195,0.9999999999999988,1.6653345369377348e-16
Symmetric bimodal,2.69,1.045226583828203,0.02076210469556493,0.9999999999999988,0.0
Symmetric bimodal,2.7,1.0452754018833375,0.020782506078880054,0.9999999999999988,1.6653345369377348e-16
Symmetric bimodal,2.71,1.0453232095142648,0.020802481419534814,0.9999999999999989,1.6653345369377348e-16
Symmetric bimodal,2.72,1.0453700276384195,0.020822039692893667,0.9999999999999989,0.0
Symmetric bimodal,2.73,1.045415876740048,0.020841189682028593,0.9999999999999988,0.0
Symmetric bimodal,2.74,1.0454607768791895,0.020859939981969666,0.9999999999999988,1.6653345369377348e-16
Symmetric bimodal,2.75,1.0455047477004653,0.020878299003856977,0.9999999999999988,1.6653345369377348e-16
Symmetric bimodal,2.7600000000000002,1.0455478084416878,0.020896274978994912,0.9999999999999988,0.0
Symmetric bimodal,2.77,1.045589977942293,0.020913875962813477,0.9999999999999989,1.6653345369377348e-16
Symmetric bimodal,2.7800000000000002,1.0456312746515921,0.020931109838736233,0.9999999999999988,8.326672684688674e-17
Symmetric bimodal,2.79,1.0456717166368579,0.020947984321960253,0.9999999999999991,8.326672684688674e-17
Symmetric bimodal,2.8000000000000003,1.045711321591241,0.02096450696314676,0.9999999999999989,8.326672684688674e-17
Symmetric bimodal,2.81,1.045750106841521,0.020980685152028593,0.9999999999999991,1.6653345369377348e-16
Symmetric bimodal,2.82,1.0457880893556972,0.020996526120933397,0.9999999999999991,1.6653345369377348e-16
Symmetric bimodal,2.83,1.045825285750423,0.021012036948226537,0.9999999999999991,2.498001805406602e-16
Symmetric bimodal,2.84,1.0458617122982865,0.02102722456167455,0.9999999999999991,0.0
Symmetric bimodal,2.85,1.0458973849349362,0.02104209574173197,0.9999999999999988,8.326672684688674e-17
Symmetric bimodal,2.86,1.0459323192660643,0.021056657124752833,0.9999999999999989,1.6653345369377348e-16
Symmetric bimodal,2.87,1.0459665305742405,0.02107091520612956,0.9999999999999989,8.326672684688674e-17
Symmetric bimodal,2.88,1.046000033825607,0.021084876343359364,0.9999999999999988,8.326672684688674e-17
Symmetric bimodal,2.89,1.046032843676434,0.021098546759041596,0.9999999999999989,2.498001805406602e-16
Symmetric bimodal,2.9,1.046064974479538,0.021111932543807672,0.9999999999999991,2.498001805406602e-16
Symmetric bimodal,2.91,1.0460964402905693,0.021125039659183387,0.9999999999999989,8.326672684688674e-17
Symmetric bimodal,2.92,1.0461272548741656,0.021137873940387266,0.9999999999999988,8.326672684688674e-17
Symmetric bimodal,2.93,1.0461574317099829,0.02115044109906641,0.9999999999999988,1.6653345369377348e-16
Symmetric bimodal,2.94,1.0461869839985956,0.021162746725968563,0.9999999999999988,8.326672684688674e-17
Symmetric bimodal,2.95,1.046215924667281,0.021174796293557004,0.9999999999999989,8.326672684688674e-17
Symmetric bimodal,2.96,1.0462442663756768,0.021186595158564272,0.9999999999999988,8.326672684688674e-17
Symmetric bimodal,2.97,1.0462720215213253,0.021198148564489736,0.9999999999999988,1.6653345369377348e-16
Symmetric bimodal,2.98,1.046299202245104,0.021209461644041007,0.9999999999999988,0.0
Symmetric bimodal,2.99,1.0463258204365395,0.021220539421521203,0.9999999999999988,8.326672684688674e-17
Symmetric bimodal,3.0,1.0463518877390143,0.021231386815161676,0.9999999999999988,8.326672684688674e-17
Symmetric bimodal,3.0100000000000002,1.0463774155548653,0.021242008639404508,0.9999999999999988,0.0
Symmetric bimodal,3.02,1.0464024150503741,0.02125240960713252,0.9999999999999988,1.6653345369377348e-16
Symmetric bimodal,3.0300000000000002,1.046426897160658,0.02126259433185105,0.9999999999999988,0.0
Symmetric bimodal,3.04,1.0464508725944568,0.02127256732982008,0.9999999999999988,0.0
Symmetric bimodal,3.0500000000000003,1.0464743518388204,0.021282333022140193,0.9999999999999988,0.0
Symmetric bimodal,3.06,1.0464973451637003,0.02129189573679169,0.9999999999999988,0.0
Symmetric bimodal,3.0700000000000003,1.0465198626264454,0.021301259710628666,0.9999999999999988,0.0
Symmetric bimodal,3.08,1.0465419140762058,0.02131042909132916,0.9999999999999988,0.0
Symmetric bimodal,3.09,1.0465635091582421,0.021319407939302565,0.9999999999999988,0.0
Symmetric bimodal,3.1,1.04658465731815,0.021328200229554582,0.9999999999999988,0.0
Symmetric bimodal,3.11,1.0466053678059941,0.02133680985351105,0.9999999999999988,0.0
Symmetric bimodal,3.12,1.046625649680355,0.021345240620802203,0.9999999999999988,-8.326672684688674e-17
Symmetric bimodal,3.13,1.0466455118122975,0.021353496261007656,0.9999999999999987,8.326672684688674e-17
Symmetric bimodal,3.14,1.046664962889252,0.021361580425362348,0.9999999999999988,0.0
Symmetric bimodal,3.15,1.0466840114188163,0.021369496688426772,0.9999999999999988,-1.6653345369377348e-16
Symmetric bimodal,3.16,1.046702665732481,0.021377248549718262,0.9999999999999987,-1.6653345369377348e-16
Symmetric bimodal,3.17,1.0467209339892747,0.021384839435309243,0.9999999999999988,0.0
Symmetric bimodal,3.18,1.046738824179335,0.021392272699388717,0.9999999999999988,-8.326672684688674e-17
Symmetric bimodal,3.19,1.0467563441274066,0.021399551625790394,0.9999999999999988,-8.326672684688674e-17
Symmetric bimodal,3.2,1.0467735014962647,0.0214066794294874,0.9999999999999988,-8.326672684688674e-17
Symmetric bimodal,3.21,1.0467903037900697,0.021413659258054742,0.9999999999999988,0.0
Symmetric bimodal,3.22,1.0468067583576497,0.021420494193099583,0.9999999999999988,-1.6653345369377348e-16
Symmetric bimodal,3.23,1.0468228723957185,0.02142718725166065,0.9999999999999987,8.326672684688674e-17
Symmetric bimodal,3.24,1.0468386529520237,0.021433741387576994,0.9999999999999987,8.326672684688674e-17
Symmetric bimodal,3.25,1.0468541069284323,0.02144015949282766,0.9999999999999987,0.0
Symmetric bimodal,3.2600000000000002,1.046869241083949,0.021446444398841774,0.9999999999999988,8.326672684688674e-17
Symmetric bimodal,3.27,1.0468840620376758,0.021452598877780636,0.9999999999999988,-1.6653345369377348e-16
Symmetric bimodal,3.2800000000000002,1.0468985762717082,0.02145862564379194,0.9999999999999988,-8.326672684688674e-17
Symmetric bimodal,3.29,1.046912790133971,0.021464527354236342,0.9999999999999988,-8.326672684688674e-17
Symmetric bimodal,3.3000000000000003,1.046926709840996,0.021470306610889008,0.9999999999999988,-8.326672684688674e-17
Symmetric bimodal,3.31,1.0469403414806442,0.021475965961113827,0.9999999999999987,-8.326672684688674e-17
Symmetric bimodal,3.3200000000000003,1.0469536910147665,0.02148150789901268,0.9999999999999988,-8.326672684688674e-17
Symmetric bimodal,3.33,1.046966764281815,0.021486934866550414,0.9999999999999984,-1.6653345369377348e-16
Symmetric bimodal,3.34,1.0469795669993969,0.02149224925465549,0.9999999999999988,0.0
Symmetric bimodal,3.35,1.0469921047667763,0.021497453404296138,0.9999999999999987,-8.326672684688674e-17
Symmetric bimodal,3.36,1.0470043830673232,0.02150254960753482,0.9999999999999984,-1.6653345369377348e-16
Symmetric bimodal,3.37,1.0470164072709145,0.02150754010855885,0.9999999999999988,-8.326672684688674e-17
Symmetric bimodal,3.38,1.0470281826362817,0.021512427104688946,0.9999999999999987,0.0
Symmetric bimodal,3.39,1.0470397143133139,0.02151721274736768,0.9999999999999984,-1.6653345369377348e-16
Symmetric bimodal,3.4,1.0470510073453085,0.02152189914312446,0.9999999999999987,-1.6653345369377348e-16
Symmetric bimodal,3.41,1.0470620666711803,0.021526488354521662,0.9999999999999987,-3.3306690738754696e-16
Symmetric bimodal,3.42,1.0470728971276198,0.021530982401079556,0.9999999999999987,-1.6653345369377348e-16
Symmetric bimodal,3.43,1.047083503451212,0.02153538326018241,0.9999999999999987,-1.6653345369377348e-16
Symmetric bimodal,3.44,1.047093890280506,0.021539692867963686,0.9999999999999987,-3.3306690738754696e-16
Symmetric bimodal,3.45,1.0471040621580476,0.021543913120173758,0.9999999999999984,-2.498001805406602e-16
Symmetric bimodal,3.46,1.0471140235323628,0.02154804587302867,0.9999999999999984,-8.326672684688674e-17
Symmetric bimodal,3.47,1.047123778759907,0.021552092944040833,0.9999999999999984,-1.6653345369377348e-16
Symmetric bimodal,3.48,1.0471333321069705,0.0215560561128314,0.9999999999999984,-2.498001805406602e-16
Symmetric bimodal,3.49,1.0471426877515428,0.02155993712192641,0.9999999999999984,-2.498001805406602e-16
Symmetric bimodal,3.5,1.0471518497851435,0.021563737677535093,0.9999999999999984,-1.6653345369377348e-16
Symmetric bimodal,3.5100000000000002,1.0471608222146107,0.021567459450312146,0.9999999999999984,-3.3306690738754696e-16
Symmetric bimodal,3.52,1.0471696089638522,0.021571104076103645,0.9999999999999984,-2.498001805406602e-16
Symmetric bimodal,3.5300000000000002,1.0471782138755656,0.021574673156676688,0.9999999999999984,-1.6653345369377348e-16
Symmetric bimodal,3.54,1.047186640712917,0.02157816826043472,0.9999999999999984,-1.6653345369377348e-16
Symmetric bimodal,3.5500000000000003,1.0471948931611874,0.021581590923115873,0.9999999999999984,-3.3306690738754696e-16
Symmetric bimodal,3.56,1.0472029748293856,0.021584942648478427,0.9999999999999984,-1.6653345369377348e-16
Symmetric bimodal,3.5700000000000003,1.0472108892518275,0.021588224908970062,0.9999999999999984,-4.163336342344337e-16
Symmetric bimodal,3.58,1.0472186398896797,0.021591439146384173,0.9999999999999987,-3.3306690738754696e-16
Symmetric bimodal,3.59,1.047226230132476,0.02159458677250154,0.9999999999999982,-2.498001805406602e-16
Symmetric bimodal,3.6,1.0472336632995998,0.02159766916971883,0.9999999999999984,-3.3306690738754696e-16
Symmetric bimodal,3.61,1.0472409426417348,0.021600687691663296,0.9999999999999984,-3.3306690738754696e-16
Symmetric bimodal,3.62,1.0472480713422887,0.021603643663794705,0.9999999999999984,-3.3306690738754696e-16
Symmetric bimodal,3.63,1.0472550525187847,0.021606538383995583,0.9999999999999984,-3.3306690738754696e-16
Symmetric bimodal,3.64,1.047261889224225,0.02160937312314654,0.9999999999999984,-4.163336342344337e-16
Symmetric bimodal,3.65,1.0472685844484266,0.021612149125691933,0.9999999999999987,-4.996003610813204e-16
Symmetric bimodal,3.66,1.0472751411193304,0.021614867610192587,0.9999999999999984,-4.163336342344337e-16
Symmetric bimodal,3.67,1.0472815621042786,0.021617529769865928,0.9999999999999988,-3.3306690738754696e-16
Symmetric bimodal,3.68,1.0472878502112732,0.021620136773116652,0.9999999999999984,-3.3306690738754696e-16
Symmetric bimodal,3.69,1.0472940081902014,0.021622689764054855,0.9999999999999987,-3.3306690738754696e-16
Symmetric bimodal,3.7,1.0473000387340385,0.021625189863002596,0.9999999999999987,-3.3306690738754696e-16
Symmetric bimodal,3.71,1.0473059444800272,0.021627638166992185,0.9999999999999984,-3.3306690738754696e-16
Symmetric bimodal,3.72,1.0473117280108308,0.02163003575025195,0.9999999999999984,-3.3306690738754696e-16
Symmetric bimodal,3.73,1.0473173918556615,0.02163238366468172,0.9999999999999984,-3.3306690738754696e-16
Symmetric bimodal,3.74,1.0473229384913887,0.02163468294031968,0.9999999999999984,-3.3306690738754696e-16
Symmetric bimodal,3.75,1.047328370343621,0.02163693458579831,0.9999999999999987,-4.996003610813204e-16
Symmetric bimodal,3.7600000000000002,1.0473336897877674,0.02163913958879143,0.9999999999999984,-3.3306690738754696e-16
Symmetric bimodal,3.77,1.047338899150077,0.021641298916450676,0.9999999999999984,-3.3306690738754696e-16
Symmetric bimodal,3.7800000000000002,1.0473440007086556,0.02164341351583427,0.9999999999999984,-3.3306690738754696e-16
Symmetric bimodal,3.79,1.0473489966944625,0.02164548431432588,0.9999999999999984,-4.163336342344337e-16
Symmetric bimodal,3.8000000000000003,1.0473538892922862,0.02164751222004503,0.9999999999999984,-4.163336342344337e-16
Symmetric bimodal,3.81,1.0473586806417008,0.021649498122248145,0.9999999999999984,-4.163336342344337e-16
Symmetric bimodal,3.8200000000000003,1.0473633728379999,0.021651442891722876,0.9999999999999984,-4.163336342344337e-16
Symmetric bimodal,3.83,1.047367967933115,0.02165334738117204,0.9999999999999984,-5.828670879282072e-16
Symmetric bimodal,3.84,1.047372467936512,0.02165521242559077,0.9999999999999984,-6.661338147750939e-16
Symmetric bimodal,3.85,1.0473768748160706,0.021657038842635992,0.9999999999999987,-4.996003610813204e-16
Symmetric bimodal,3.86,1.0473811904989445,0.02165882743298701,0.9999999999999988,-4.996003610813204e-16
Symmetric bimodal,3.87,1.0473854168724044,0.021660578980699417,0.9999999999999987,-4.996003610813204e-16
Symmetric bimodal,3.88,1.0473895557846635,0.02166229425355147,0.9999999999999988,-3.3306690738754696e-16
Symmetric bimodal,3.89,1.0473936090456868,0.02166397400338306,0.9999999999999988,-4.163336342344337e-16
Symmetric bimodal,3.9,1.0473975784279803,0.021665618966427092,0.9999999999999988,-4.163336342344337e-16
Symmetric bimodal,3.91,1.047401465667369,0.02166722986363534,0.9999999999999987,-3.3306690738754696e-16
Symmetric bimodal,3.92,1.0474052724637546,0.021668807400995707,0.9999999999999988,-4.996003610813204e-16
Symmetric bimodal,3.93,1.0474090004818584,0.021670352269844227,0.9999999999999987,-4.163336342344337e-16
Symmetric bimodal,3.94,1.0474126513519513,0.021671865147169622,0.9999999999999988,-3.3306690738754696e-16
Symmetric bimodal,3.95,1.0474162266705656,0.021673346695912508,0.9999999999999984,-4.996003610813204e-16
Symmetric bimodal,3.96,1.0474197280011925,0.02167479756525665,0.9999999999999988,-5.828670879282072e-16
Symmetric bimodal,3.97,1.047423156874968,0.021676218390916487,0.9999999999999984,-3.3306690738754696e-16
Symmetric bimodal,3.98,1.0474265147913404,0.02167760979541612,0.9999999999999987,-4.163336342344337e-16
Symmetric bimodal,3.99,1.0474298032187277,0.021678972388364706,0.9999999999999987,-4.163336342344337e-16
Symmetric bimodal,4.0,1.0474330235951586,0.021680306766723924,0.9999999999999987,-3.3306690738754696e-16
Symmetric bimodal,4.01,1.0474361772005185,0.02168161346187701,0.9999999999999984,-4.163336342344337e-16
Symmetric bimodal,4.0200000000000005,1.0474392655479323,0.021682893101799307,0.9999999999999984,-3.3306690738754696e-16
Symmetric bimodal,4.03,1.0474422899896911,0.02168414624777581,0.9999999999999987,-4.163336342344337e-16
Symmetric bimodal,4.04,1.0474452518452189,0.021685373447426576,0.9999999999999984,-4.163336342344337e-16
Symmetric bimodal,4.05,1.0474481524090224,0.02168657523800339,0.9999999999999987,-4.163336342344337e-16
Symmetric bimodal,4.0600000000000005,1.0474509929517755,0.02168775214684042,0.9999999999999987,-4.163336342344337e-16
Symmetric bimodal,4.07,1.047453774716133,0.021688904689621896,0.9999999999999987,-3.3306690738754696e-16
Symmetric bimodal,4.08,1.047456498914342,0.021690033369394617,0.9999999999999988,-3.3306690738754696e-16
Symmetric bimodal,4.09,1.0474591667404283,0.021691138681617404,0.9999999999999988,-3.3306690738754696e-16
Symmetric bimodal,4.1,1.0474617793625915,0.021692221111013564,0.9999999999999987,-3.3306690738754696e-16
Symmetric bimodal,4.11,1.0474643379205917,0.02169328113048869,0.9999999999999988,-3.3306690738754696e-16
Symmetric bimodal,4.12,1.0474668435326653,0.021694319203998065,0.9999999999999988,-4.163336342344337e-16
Symmetric bimodal,4.13,1.047469297296461,0.02169533578693565,0.9999999999999988,-4.163336342344337e-16
Symmetric bimodal,4.14,1.0474717002854248,0.021696331324637344,0.9999999999999987,-3.3306690738754696e-16
Symmetric bimodal,4.15,1.0474740535467348,0.021697306251527618,0.9999999999999987,-3.3306690738754696e-16
Symmetric bimodal,4.16,1.0474763581118294,0.021698260995481715,0.9999999999999988,-4.996003610813204e-16
Symmetric bimodal,4.17,1.0474786149898367,0.021699195975105473,0.9999999999999987,-4.996003610813204e-16
Symmetric bimodal,4.18,1.0474808251653194,0.021700111598801468,0.9999999999999987,-4.163336342344337e-16
Symmetric bimodal,4.19,1.0474829896042466,0.021701008267245022,0.9999999999999987,-4.163336342344337e-16
Symmetric bimodal,4.2,1.0474851092548036,0.021701886373720274,0.9999999999999988,-3.3306690738754696e-16
Symmetric bimodal,4.21,1.047487185044268,0.021702746302826696,0.9999999999999988,-4.163336342344337e-16
Symmetric bimodal,4.22,1.0474892178772273,0.021703588429742744,0.9999999999999988,-4.163336342344337e-16
Symmetric bimodal,4.23,1.0474912086446715,0.02170441312399246,0.9999999999999988,-3.3306690738754696e-16
Symmetric bimodal,4.24,1.04749315821832,0.021705220747096896,0.9999999999999988,-3.3306690738754696e-16
Symmetric bimodal,4.25,1.0474950674486696,0.021706011651766815,0.9999999999999988,-3.3306690738754696e-16
Symmetric bimodal,4.26,1.0474969371701581,0.021706786184040767,0.9999999999999988,-4.996003610813204e-16
Symmetric bimodal,4.2700000000000005,1.047498768201859,0.021707544683575837,0.9999999999999988,-4.996003610813204e-16
Symmetric bimodal,4.28,1.047500561344786,0.021708287482530664,0.9999999999999988,-4.996003610813204e-16
Symmetric bimodal,4.29,1.0475023173803524,0.021709014904927968,0.9999999999999988,-4.996003610813204e-16
Symmetric bimodal,4.3,1.0475040370782254,0.021709727269909527,0.9999999999999988,-4.996003610813204e-16
Symmetric bimodal,4.3100000000000005,1.0475057211914252,0.021710424889705968,0.9999999999999988,-4.996003610813204e-16
Symmetric bimodal,4.32,1.0475073704546407,0.021711108068940034,0.9999999999999988,-4.996003610813204e-16
Symmetric bimodal,4.33,1.0475089855886872,0.021711777106473575,0.9999999999999988,-4.996003610813204e-16
Symmetric bimodal,4.34,1.047510567301108,0.021712432295658404,0.9999999999999988,-4.163336342344337e-16
Symmetric bimodal,4.3500000000000005,1.0475121162838466,0.021713073923370792,0.9999999999999989,-4.163336342344337e-16
Symmetric bimodal,4.36,1.0475136332119144,0.021713702269461274,0.9999999999999988,-4.996003610813204e-16
Symmetric bimodal,4.37,1.0475151187501757,0.021714317609566353,0.9999999999999989,-4.996003610813204e-16
Symmetric bimodal,4.38,1.0475165735491163,0.021714920213354385,0.9999999999999991,-4.163336342344337e-16
Symmetric bimodal,4.39,1.0475179982433853,0.021715510343923855,0.9999999999999988,-4.996003610813204e-16
Symmetric bimodal,4.4,1.0475193934556473,0.02171608825939848,0.9999999999999989,-4.163336342344337e-16
Symmetric bimodal,4.41,1.0475207597971035,0.021716654213143814,0.9999999999999989,-4.163336342344337e-16
Symmetric bimodal,4.42,1.0475220978654778,0.021717208452933894,0.9999999999999988,-3.3306690738754696e-16
Symmetric bimodal,4.43,1.0475234082438691,0.02171775122047511,0.9999999999999989,-4.996003610813204e-16
Symmetric bimodal,4.44,1.0475246915066103,0.021718282753835024,0.9999999999999989,-4.996003610813204e-16
Symmetric bimodal,4.45,1.0475259482156134,0.021718803285927166,0.9999999999999988,-4.996003610813204e-16
Symmetric bimodal,4.46,1.0475271789191105,0.021719313043991554,0.9999999999999991,-4.996003610813204e-16
Symmetric bimodal,4.47,1.0475283841549805,0.021719812250972186,0.9999999999999991,-4.996003610813204e-16
Symmetric bimodal,4.48,1.0475295644512013,0.021720301125704063,0.9999999999999991,-3.3306690738754696e-16
Symmetric bimodal,4.49,1.0475307203241075,0.021720779882192984,0.9999999999999989,-2.498001805406602e-16
Symmetric bimodal,4.5,1.0475318522774,0.021721248729205098,0.9999999999999991,-3.3306690738754696e-16
Symmetric bimodal,4.51,1.047532960807208,0.021721707872363973,0.9999999999999989,-2.498001805406602e-16
Symmetric bimodal,4.5200000000000005,1.0475340463989302,0.021722157512842483,0.9999999999999991,-3.3306690738754696e-16
Symmetric bimodal,4.53,1.0475351095261496,0.02172259784691322,0.9999999999999991,-3.3306690738754696e-16
Symmetric bimodal,4.54,1.0475361506535052,0.021723029067139053,0.9999999999999989,-3.3306690738754696e-16
Symmetric bimodal,4.55,1.047537170237082,0.02172345136253391,0.9999999999999989,-3.3306690738754696e-16
Symmetric bimodal,4.5600000000000005,1.0475381687229084,0.02172386491794156,0.9999999999999991,-4.163336342344337e-16
Symmetric bimodal,4.57,1.0475391465460993,0.021724269913680382,0.9999999999999991,-3.3306690738754696e-16
Symmetric bimodal,4.58,1.0475401041352286,0.021724666527354573,0.9999999999999991,-2.498001805406602e-16
Symmetric bimodal,4.59,1.0475410419096018,0.021725054932725203,0.9999999999999991,-3.3306690738754696e-16
Symmetric bimodal,4.6000000000000005,1.0475419602783151,0.02172543529932038,0.9999999999999993,-3.3306690738754696e-16
Symmetric bimodal,4.61,1.0475428596427412,0.021725807793464773,0.9999999999999991,-4.163336342344337e-16
Symmetric bimodal,4.62,1.0475437403968624,0.021726172578418315,0.9999999999999993,-3.3306690738754696e-16
Symmetric bimodal,4.63,1.0475446029259738,0.021726529813838748,0.9999999999999993,-3.3306690738754696e-16
Symmetric bimodal,4.64,1.0475454476059434,0.021726879655475845,0.9999999999999991,-2.498001805406602e-16
Symmetric bimodal,4.65,1.0475462748069888,0.021727222256735138,0.9999999999999991,-1.6653345369377348e-16
Symmetric bimodal,4.66,1.0475470848913204,0.02172755776770294,0.9999999999999993,-2.498001805406602e-16
Symmetric bimodal,4.67,1.047547878212331,0.021727886334809925,0.9999999999999991,-1.6653345369377348e-16
Symmetric bimodal,4.68,1.0475486551167401,0.02172820810171966,0.9999999999999994,-3.3306690738754696e-16
Symmetric bimodal,4.69,1.047549415944884,0.021728523209448826,0.9999999999999993,-3.3306690738754696e-16
Symmetric bimodal,4.7,1.0475501610295948,0.02172883179590377,0.9999999999999993,-1.6653345369377348e-16
Symmetric bimodal,4.71,1.0475508906955597,0.021729133995614283,0.9999999999999991,-1.6653345369377348e-16
Symmetric bimodal,4.72,1.0475516052625875,0.021729429941086537,0.9999999999999991,-2.498001805406602e-16
Symmetric bimodal,4.73,1.0475523050435673,0.021729719761959355,0.9999999999999994,-2.498001805406602e-16
Symmetric bimodal,4.74,1.0475529903437732,0.021730003584714525,0.9999999999999994,-2.498001805406602e-16
Symmetric bimodal,4.75,1.047553661462714,0.021730281533443627,0.9999999999999993,-1.6653345369377348e-16
Symmetric bimodal,4.76,1.047554318694384,0.02173055372995273,0.9999999999999994,-8.326672684688674e-17
Symmetric bimodal,4.7700000000000005,1.0475549623262963,0.02173082029336066,0.9999999999999994,-1.6653345369377348e-16
Symmetric bimodal,4.78,1.0475555926389275,0.0217310813398705,0.9999999999999993,-1.6653345369377348e-16
Symmetric bimodal,4.79,1.047556209908539,0.021731336983937394,0.9999999999999994,-3.3306690738754696e-16
Symmetric bimodal,4.8,1.0475568144054168,0.021731587337539705,0.9999999999999993,-2.498001805406602e-16
Symmetric bimodal,4.8100000000000005,1.0475574063932669,0.02173183250992934,0.9999999999999993,-3.3306690738754696e-16
Symmetric bimodal,4.82,1.0475579861308166,0.021732072608293677,0.9999999999999993,-3.3306690738754696e-16
Symmetric bimodal,4.83,1.0475585538720287,0.021732307737845926,0.9999999999999993,-2.498001805406602e-16
Symmetric bimodal,4.84,1.0475591098652672,0.02173253800147834,0.9999999999999994,-2.498001805406602e-16
Symmetric bimodal,4.8500000000000005,1.0475596543528178,0.021732763499564812,0.9999999999999993,-3.3306690738754696e-16
Symmetric bimodal,4.86,1.0475601875733258,0.021732984330969454,0.9999999999999993,-3.3306690738754696e-16
Symmetric bimodal,4.87,1.0475607097602735,0.02173320059241738,0.9999999999999991,-2.498001805406602e-16
Symmetric bimodal,4.88,1.0475612211414604,0.02173341237827848,0.9999999999999994,-3.3306690738754696e-16
Symmetric bimodal,4.89,1.0475617219403839,0.021733619781139458,0.9999999999999994,-2.498001805406602e-16
Symmetric bimodal,4.9,1.0475622123764268,0.021733822891881794,0.9999999999999993,-3.3306690738754696e-16
Symmetric bimodal,4.91,1.0475626926641346,0.021734021799382833,0.9999999999999993,-3.3306690738754696e-16
Symmetric bimodal,4.92,1.047563163012803,0.021734216590344045,0.9999999999999991,-2.498001805406602e-16
Symmetric bimodal,4.93,1.047563623628582,0.0217344073501632,0.9999999999999991,-3.3306690738754696e-16
Symmetric bimodal,4.94,1.0475640747131627,0.02173459416239038,0.9999999999999991,-3.3306690738754696e-16
Symmetric bimodal,4.95,1.0475645164633258,0.021734777108541374,0.9999999999999991,-3.3306690738754696e-16
Symmetric bimodal,4.96,1.0475649490721382,0.021734956268591853,0.9999999999999993,-4.163336342344337e-16
Symmetric bimodal,4.97,1.047565372729109,0.021735131721044687,0.9999999999999991,-3.3306690738754696e-16
Symmetric bimodal,4.98,1.0475657876195712,0.02173530354267139,0.9999999999999991,-4.163336342344337e-16
Symmetric bimodal,4.99,1.0475661939243222,0.02173547180836411,0.9999999999999991,-3.3306690738754696e-16
Symmetric bimodal,5.0,1.0475665918214525,0.021735636591893755,0.9999999999999994,-3.3306690738754696e-16
Asymmetric bimodal,0.0,0.3600013967943393,-22.536266430416067,1.0,4.163336342344337e-17
Asymmetric bimodal,0.01,0.3768672889223184,-11.128873244138962,1.0,4.163336342344337e-17
Asymmetric bimodal,0.02,0.3926280086853273,-6.746205615743735,1.0,-2.914335439641036e-16
Asymmetric bimodal,0.03,0.4076547165570558,-4.581072611285007,1.0,1.1657341758564144e-15
Asymmetric bimodal,0.04,0.4221162249026038,-3.369800862942257,1.0,3.747002708109903e-15
Asymmetric bimodal,0.05,0.4361042104402152,-2.628234804169484,1.0,-8.867906409193438e-15
Asymmetric bimodal,0.06,0.44967470633314743,-2.1407769798984897,0.9999999999999998,-3.1058489113888754e-14
Asymmetric bimodal,0.07,0.4628652832920454,-1.8011925416303058,1.0,-3.2432390106862385e-14
Asymmetric bimodal,0.08,0.4757030990924339,-1.552956294845874,1.0,1.1657341758564144e-14
Asymmetric bimodal,0.09,0.48820901913278414,-1.3640743646136573,1.0,9.663103650581206e-14
Asymmetric bimodal,0.1,0.5003998773554212,-1.2154773512119308,1.0,1.8884893648873913e-13
Asymmetric bimodal,0.11,0.512289789778273,-1.0952836727537485,1.0,2.413486077657012e-13
Asymmetric bimodal,0.12,0.5238909556898774,-0.9957972058042002,1.0,2.1278812045721907e-13
Asymmetric bimodal,0.13,0.5352141675454781,-0.911858166766337,1.0,8.185119249048967e-14
Asymmetric bimodal,0.14,0.546269147947966,-0.8398987795897321,1.0,-1.4613310561628623e-13
Asymmetric bimodal,0.15,0.5570647800351936,-0.7773824357085595,1.0,-4.4218795292039204e-13
Asymmetric bimodal,0.16,0.5676092699111271,-0.7224596462486296,1.0,-7.603917495657697e-13
Asymmetric bimodal,0.17,0.5779102644212389,-0.6737507573597952,1.0,-1.0466211231019429e-12
Asymmetric bimodal,0.18,0.5879749387635361,-0.6302050573401559,1.0,-1.2472523014395165e-12
Asymmetric bimodal,0.19,0.5978100632033276,-0.5910071907662776,1.0,-1.3160722511784684e-12
Asymmetric bimodal,0.2,0.6074220549717088,-0.5555136031766899,1.0,-1.219233047855539e-12
Asymmetric bimodal,0.21,0.616817019430562,-0.5232084869323312,1.0,-9.390821453791887e-13
Asymmetric bimodal,0.22,0.6260007833054801,-0.4936726586024516,1.0,-4.767852779252735e-13
Asymmetric bimodal,0.23,0.6349789219477686,-0.4665611794669767,1.0,1.4646617252367378e-13
Asymmetric bimodal,0.24,0.6437567820241586,-0.4415869950976251,1.0,8.892470093613269e-13
Asymmetric bimodal,0.25,0.6523395006493526,-0.41850878925893475,1.0,1.6924794898898199e-12
Asymmetric bimodal,0.26,0.6607320217102439,-0.39712183558565733,1.0,2.4850954627453348e-12
Asymmetric bimodal,0.27,0.6689391099426708,-0.3772510136179963,1.0,3.192196507129097e-12
Asymmetric bimodal,0.28,0.6769653631869273,-0.3587454094962263,1.0,3.744962673302155e-12
Asymmetric bimodal,0.29,0.6848152231502471,-0.34147409227907416,1.0,4.09143552371205e-12
Asymmetric bimodal,0.3,0.6924929849322087,-0.32532277334235615,1.0,4.205011339131204e-12
Asymmetric bimodal,0.31,0.7000028055150342,-0.31019113693938205,1.0,4.087896687821058e-12
Asymmetric bimodal,0.32,0.7073487113799006,-0.295990686540012,1.0,3.770150858173338e-12
Asymmetric bimodal,0.33,0.714534605379127,-0.28264299170249507,1.0,3.3024832868377985e-12
Asymmetric bimodal,0.34,0.7215642729699165,-0.27007824932073454,1.0,2.7431806826072602e-12
Asymmetric bimodal,0.35000000000000003,0.7284413878964063,-0.2582340925990933,1.0,2.1454504839368838e-12
Asymmetric bimodal,0.36,0.7351695173918444,-0.2470545996945944,1.0,1.54497248328056e-12
Asymmetric bimodal,0.37,0.7417521269608147,-0.2364894626092801,1.0,9.542783230287455e-13
Asymmetric bimodal,0.38,0.7481925847918824,-0.22649328377450023,1.0,3.6416702986485916e-13
Asymmetric bimodal,0.39,0.7544941658433054,-0.2170249808626711,1.0,-2.4971691381381333e-13
Asymmetric bimodal,0.4,0.7606600556381263,-0.20804727788511207,1.0,-9.179740301235029e-13
Asymmetric bimodal,0.41000000000000003,0.7666933537997387,-0.19952626850839328,1.0,-1.6704970740022418e-12
Asymmetric bimodal,0.42,0.7725970773547041,-0.1914310404255066,1.0,-2.5317664631430148e-12
Asymmetric bimodal,0.43,0.7783741638260087,-0.183733348603089,0.9999999999999998,-3.5211000781742996e-12
Asymmetric bimodal,0.44,0.7840274741369461,-0.17640733228808064,0.9999999999999998,-4.653319396474842e-12
Asymmetric bimodal,0.45,0.7895597953432791,-0.1694292682019381,1.0,-5.9402482932569e-12
Asymmetric bimodal,0.46,0.7949738432091684,-0.162777353810159,0.9999999999999998,-7.39200367583237e-12
Asymmetric bimodal,0.47000000000000003,0.8002722646405067,-0.1564315169836364,0.9999999999999998,-9.017578350700717e-12
Asymmetric bimodal,0.48,0.8054576399877316,-0.15037324811334407,0.9999999999999998,-1.0825007557002664e-11
Asymmetric bimodal,0.49,0.8105324852288239,-0.1445854523439009,0.9999999999999998,-1.282141059988362e-11
Asymmetric bimodal,0.5,0.8154992540420397,-0.13905231699364667,0.9999999999999998,-1.5013032483857103e-11
Asymmetric bimodal,0.51,0.820360339776899,-0.13375919442693793,0.9999999999999998,-1.7405035745987618e-11
Asymmetric bimodal,0.52,0.8251180773310828,-0.1286924982641543,0.9999999999999998,-2.0001666989344358e-11
Asymmetric bimodal,0.53,0.8297747449401045,-0.12383960980178582,0.9999999999999998,-2.280629851636462e-11
Asymmetric bimodal,0.54,0.8343325658859563,-0.11918879440623019,1.0,-2.582113689530985e-11
Asymmetric bimodal,0.55,0.8387937101303298,-0.11472912644876587,0.9999999999999998,-2.9047098060175358e-11
Asymmetric bimodal,0.56,0.8431602958774806,-0.1104504217688373,1.0,-3.248434854441484e-11
Asymmetric bimodal,0.5700000000000001,0.8474343910713558,-0.10634317679008512,0.9999999999999998,-3.61316393471256e-11
Asymmetric bimodal,0.58,0.8516180148311693,-0.1023985135298875,0.9999999999999998,-3.9987138600316996e-11
Asymmetric bimodal,0.59,0.8557131388292616,-0.09860812984208021,0.9999999999999998,-4.404755726827858e-11
Asymmetric bimodal,0.6,0.8597216886147445,-0.09496425431691922,0.9999999999999998,-4.8308898548121704e-11
Asymmetric bimodal,0.61,0.8636455448861353,-0.09145960533460079,0.9999999999999998,-5.2766332969689245e-11
Asymmetric bimodal,0.62,0.8674865447159278,-0.08808735383070085,0.9999999999999996,-5.7413823695284805e-11
Asymmetric bimodal,0.63,0.8712464827298121,-0.08484108938534946,0.9999999999999998,-6.22448342868509e-11
Asymmetric bimodal,0.64,0.8749271122430347,-0.08171478929412289,0.9999999999999998,-6.725216217251528e-11
Asymmetric bimodal,0.65,0.8785301463562092,-0.07870279031865612,0.9999999999999998,-7.24277304797738e-11
Asymmetric bimodal,0.66,0.8820572590127044,-0.07579976284970937,0.9999999999999996,-7.776296273576122e-11
Asymmetric bimodal,0.67,0.8855100860195899,-0.07300068724568573,0.9999999999999996,-8.324857470043412e-11
Asymmetric bimodal,0.68,0.8888902260339664,-0.07030083213602661,0.9999999999999996,-8.887532376711249e-11
Asymmetric bimodal,0.6900000000000001,0.8921992415163864,-0.06769573450198962,0.9999999999999998,-9.463313466184786e-11
Asymmetric bimodal,0.7000000000000001,0.8954386596529504,-0.06518118136763135,0.9999999999999998,-1.0051176557723807e-10
Asymmetric bimodal,0.71,0.898609973247553,-0.06275319295157714,0.9999999999999998,-1.0650064163897355e-10
Asymmetric bimodal,0.72,0.9017146415856603,-0.060408007145895254,0.9999999999999998,-1.125891047060179e-10
Asymmetric bimodal,0.73,0.9047540912709078,-0.058142065202209374,0.9999999999999998,-1.187662468371542e-10
Asymmetric bimodal,0.74,0.9077297170357221,-0.05595199851742809,0.9999999999999998,-1.2502124335789233e-10
Asymmetric bimodal,0.75,0.9106428825271002,-0.05383461642232299,0.9999999999999998,-1.313434361271959e-10
Asymmetric bimodal,0.76,0.9134949210686067,-0.051786894885796714,0.9999999999999996,-1.377212510700332e-10
Asymmetric bimodal,0.77,0.9162871363995857,-0.04980596605623967,0.9999999999999998,-1.4414444637900203e-10
Asymmetric bimodal,0.78,0.9190208033925237,-0.04788910856899295,0.9999999999999994,-1.5060219737961233e-10
Asymmetric bimodal,0.79,0.9216971687494507,-0.04603373855571774,0.9999999999999996,-1.5708376266410085e-10
Asymmetric bimodal,0.8,0.9243174516782093,-0.04423740129754936,0.9999999999999994,-1.635789004250654e-10
Asymmetric bimodal,0.81,0.9268828445493781,-0.04249776346933044,0.9999999999999996,-1.7007745212183067e-10
Asymmetric bimodal,0.8200000000000001,0.9293945135345956,-0.04081260592708783,0.9999999999999996,-1.7656975881408243e-10
Asymmetric bimodal,0.8300000000000001,0.931853599226983,-0.039179816995275694,0.9999999999999996,-1.830459117613259e-10
Asymmetric bimodal,0.84,0.934261217244337,-0.03759738621422601,0.9999999999999998,-1.8949700142378845e-10
Asymmetric bimodal,0.85,0.936618458815717,-0.03606339851177785,0.9999999999999996,-1.9591370192806323e-10
Asymmetric bimodal,0.86,0.9389263913520323,-0.03457602876622455,0.9999999999999994,-2.0228743680128503e-10
Asymmetric bimodal,0.87,0.9411860590011912,-0.03313353673058838,0.9999999999999998,-2.0861004590422283e-10
Asymmetric bimodal,0.88,0.9433984831883587,-0.03173426229081587,0.9999999999999998,-2.148736188978262e-10
Asymmetric bimodal,0.89,0.9455646631418324,-0.030376621032827112,0.9999999999999996,-2.210704952432252e-10
Asymmetric bimodal,0.9,0.9476855764050276,-0.0290591000954613,0.9999999999999998,-2.27193514001911e-10
Asymmetric bimodal,0.91,0.9497621793350405,-0.02778025428829125,0.9999999999999998,-2.332361803691896e-10
Asymmetric bimodal,0.92,0.9517954075882292,-0.02653870245500624,0.9999999999999998,-2.3919166647345946e-10
Asymmetric bimodal,0.93,0.9537861765932443,-0.025333124064648417,0.9999999999999996,-2.4505431017729506e-10
Asymmetric bimodal,0.9400000000000001,0.9557353820119097,-0.024162256014425253,0.9999999999999998,-2.508184493432708e-10
Asymmetric bimodal,0.9500000000000001,0.9576439001883423,-0.023024889629122837,0.9999999999999996,-2.564786716341416e-10
Asymmetric bimodal,0.96,0.9595125885866849,-0.021919867843336497,0.9999999999999998,-2.6203023084647725e-10
Asymmetric bimodal,0.97,0.9613422862178034,-0.02084608255382195,0.9999999999999998,-2.6746846404357427e-10
Asymmetric bimodal,0.98,0.9631338140552927,-0.019802472130259093,0.9999999999999996,-2.727894576892709e-10
Asymmetric bimodal,0.99,0.9648879754411154,-0.018788019073624193,0.9999999999999998,-2.7798929824740526e-10
Asymmetric bimodal,1.0,0.9666055564811848,-0.017801747812193795,0.9999999999999998,-2.830645717821767e-10
Asymmetric bimodal,1.01,0.9682873264311973,-0.016842722625962318,0.9999999999999998,-2.880126137583261e-10
Asymmetric bimodal,1.02,0.9699340380729999,-0.01591004569094489,0.9999999999999998,-2.928300935067796e-10
Asymmetric bimodal,1.03,0.971546428081768,-0.015002855235474082,0.9999999999999998,-2.975146795591854e-10
Asymmetric bimodal,1.04,0.9731252173842645,-0.01412032380118299,0.9999999999999998,-3.02064540047553e-10
Asymmetric bimodal,1.05,0.9746711115084353,-0.013261656601899197,0.9999999999999998,-3.06477676570438e-10
Asymmetric bimodal,1.06,0.9761848009245865,-0.012426089974168225,0.9999999999999998,-3.107525070600303e-10
Asymmetric bimodal,1.07,0.9776669613783822,-0.011612889913576568,0.9999999999999998,-3.1488794904888096e-10
Asymmetric bimodal,1.08,0.9791182542158933,-0.01082135069145885,0.9999999999999998,-3.1888300333626773e-10
Asymmetric bimodal,1.09,0.9805393267012275,-0.010050793546791031,0.9999999999999996,-3.227366707214685e-10
Asymmetric bimodal,1.1,0.9819308123250787,-0.00930056544960553,0.9999999999999998,-3.264488679377564e-10
Asymmetric bimodal,1.11,0.983293331109409,-0.008570037928866665,0.9999999999999998,-3.300190121180435e-10
Asymmetric bimodal,1.12,0.9846274899006511,-0.007858605964976523,0.9999999999999998,-3.334473530625104e-10
Asymmetric bimodal,1.1300000000000001,0.9859338826591257,-0.007165686939082617,0.9999999999999994,-3.36733890771157e-10
Asymmetric bimodal,1.1400000000000001,0.9872130907415989,-0.006490719637443471,0.9999999999999998,-3.3987895831089077e-10
Asymmetric bimodal,1.1500000000000001,0.9884656831747218,-0.0058331633088481594,0.9999999999999998,-3.4288322181552644e-10
Asymmetric bimodal,1.16,0.9896922169249729,-0.005192496769136256,0.9999999999999998,-3.457475139523325e-10
Asymmetric bimodal,1.17,0.9908932371609378,-0.004568217552266114,0.9999999999999998,-3.4847241758839687e-10
Asymmetric bimodal,1.18,0.9920692775098238,-0.003959841104334717,0.9999999999999998,-3.5105901519116856e-10
Asymmetric bimodal,1.19,0.9932208603080765,-0.0033669000182079342,0.9999999999999996,-3.5350905536191135e-10
Asymmetric bimodal,1.2,0.994348496846255,-0.002788943306427708,0.9999999999999998,-3.558231209677132e-10
Asymmetric bimodal,1.21,0.9954526876083039,-0.0022255357102126502,0.9999999999999998,-3.580031271432915e-10
Asymmetric bimodal,1.22,0.9965339225053735,-0.0016762570425078787,0.9999999999999996,-3.6005048942300277e-10
Asymmetric bimodal,1.23,0.9975926811045546,-0.0011407015630514742,0.9999999999999998,-3.61966789874657e-10
Asymmetric bimodal,1.24,0.9986294328512502,-0.0006184773843781264,0.9999999999999998,-3.637540268996986e-10
Asymmetric bimodal,1.25,0.9996446372888733,-0.00010920590527945583,0.9999999999999998,-3.654139490993913e-10
Asymmetric bimodal,1.26,1.0006387442712095,0.00038747872743593437,1.0,-3.669483883417257e-10
Asymmetric bimodal,1.27,1.0016121941714111,0.0008719301323056718,0.9999999999999998,-3.6835959282832675e-10
Asymmetric bimodal,1.28,1.002565418084984,0.0013444901817046993,0.9999999999999998,-3.6964939442718503e-10
Asymmetric bimodal,1.29,1.0034988380305485,0.0018054894685953116,0.9999999999999998,-3.708202078733791e-10
Asymmetric bimodal,1.3,1.004412867142957,0.00225524775001424,0.9999999999999998,-3.718740315683533e-10
Asymmetric bimodal,1.31,1.0053079098652309,0.0026940743716009417,0.9999999999999998,-3.7281303044700564e-10
Asymmetric bimodal,1.32,1.0061843621341073,0.0031222686716198714,0.9999999999999998,-3.7363970251114154e-10
Asymmetric bimodal,1.33,1.0070426115615632,0.00354012036662247,0.9999999999999998,-3.743563792291127e-10
Asymmetric bimodal,1.34,1.0078830376141787,0.003947909920560027,0.9999999999999998,-3.749651422690903e-10
Asymmetric bimodal,1.35,1.0087060117858822,0.004345908896034003,0.9999999999999994,-3.7546823983269917e-10
Asymmetric bimodal,1.36,1.0095118977689144,0.004734380290844208,0.9999999999999996,-3.7586850298865215e-10
Asymmetric bimodal,1.37,1.010301051620036,0.0051135788591462755,0.9999999999999998,-3.761681799385741e-10
Asymmetric bimodal,1.3800000000000001,1.011073821923798,0.005483751418809421,0.9999999999999996,-3.7636968541754356e-10
Asymmetric bimodal,1.3900000000000001,1.0118305499509208,0.005845137144712011,0.9999999999999998,-3.7647535089391226e-10
Asymmetric bimodal,1.4000000000000001,1.0125715698144317,0.006197967849875998,0.9999999999999998,-3.764875078360319e-10
Asymmetric bimodal,1.41,1.0132972086224448,0.00654246825449914,0.9999999999999998,-3.764088207791616e-10
Asymmetric bimodal,1.42,1.0140077866261343,0.006878856242758993,0.9999999999999998,-3.762415379249262e-10
Asymmetric bimodal,1.43,1.0147036173660775,0.007207343109430865,0.9999999999999998,-3.7598799074167744e-10
Asymmetric bimodal,1.44,1.015385007814594,0.007528133795688325,0.9999999999999998,-3.7565076049794754e-10
Asymmetric bimodal,1.45,1.016052258515136,0.007841427115061016,0.9999999999999998,-3.752320953953614e-10
Asymmetric bimodal,1.46,1.0167056637186427,0.008147415969949955,0.9999999999999998,-3.747343269022707e-10
Asymmetric bimodal,1.47,1.0173455115169234,0.008446287559152877,0.9999999999999998,-3.741597864870272e-10
Asymmetric bimodal,1.48,1.0179720839731397,0.008738223576827974,0.9999999999999998,-3.735108888847094e-10
Asymmetric bimodal,1.49,1.0185856572494532,0.00902340040330192,0.9999999999999998,-3.7278996556366906e-10
Asymmetric bimodal,1.5,1.0191865017319053,0.009301989288105056,0.9999999999999994,-3.7199893165862363e-10
Asymmetric bimodal,1.51,1.0197748821525965,0.0095741565256027,0.9999999999999996,-3.711403684381054e-10
Asymmetric bimodal,1.52,1.0203510577091692,0.009840063623536887,0.9999999999999996,-3.7021644083701233e-10
Asymmetric bimodal,1.53,1.0209152821818406,0.010099867464893837,0.9999999999999998,-3.6922923052351564e-10
Asymmetric bimodal,1.54,1.0214678040478473,0.010353720463314224,0.9999999999999998,-3.6818106896596703e-10
Asymmetric bimodal,1.55,1.0220088665929572,0.010601770712156434,0.9999999999999996,-3.670737047656303e-10
Asymmetric bimodal,1.56,1.0225387080217183,0.010844162128232894,0.9999999999999998,-3.6590955265758396e-10
Asymmetric bimodal,1.57,1.023057561564148,0.011081034589402778,0.9999999999999994,-3.6469069430999923e-10
Asymmetric bimodal,1.58,1.0235656555807224,0.01131252406710348,0.9999999999999994,-3.634187117906862e-10
Asymmetric bimodal,1.59,1.0240632136649916,0.011538762753723866,0.9999999999999994,-3.6209610310145024e-10
Asymmetric bimodal,1.6,1.0245504547440938,0.01175987918514985,0.9999999999999996,-3.607245335768283e-10
Asymmetric bimodal,1.61,1.0250275931765862,0.011975998358408364,0.9999999999999996,-3.593060848849916e-10
Asymmetric bimodal,1.62,1.0254948388492353,0.012187241845337888,0.9999999999999996,-3.5784225582702334e-10
Asymmetric bimodal,1.6300000000000001,1.0259523972707278,0.012393727901536752,0.9999999999999994,-3.563354611380021e-10
Asymmetric bimodal,1.6400000000000001,1.0264004696636784,0.012595571571372071,0.9999999999999994,-3.547868665521037e-10
Asymmetric bimodal,1.6500000000000001,1.0268392530548938,0.012792884789191512,0.9999999999999994,-3.53198720270953e-10
Asymmetric bimodal,1.6600000000000001,1.0272689403635882,0.012985776476744423,0.9999999999999996,-3.5157243782890646e-10
Asymmetric bimodal,1.67,1.0276897204876554,0.013174352636998565,0.9999999999999994,-3.499097678272278e-10
Asymmetric bimodal,1.68,1.028101778387797,0.013358716444401177,0.9999999999999994,-3.4821254213390773e-10
Asymmetric bimodal,1.69,1.0285052951708167,0.013538968332291429,0.9999999999999994,-3.4648209301657573e-10
Asymmetric bimodal,1.7,1.028900448169792,0.013715206076562039,0.9999999999999994,-3.447200025430419e-10
Asymmetric bimodal,1.71,1.02928741102389,0.013887524876920524,0.9999999999999994,-3.429281025812969e-10
Asymmetric bimodal,1.72,1.0296663537554531,0.014056017434798911,0.9999999999999994,-3.4110764213224343e-10
Asymmetric bimodal,1.73,1.0300374428458448,0.014220774028675949,0.9999999999999994,-3.392601199969647e-10
Asymmetric bimodal,1.74,1.030400841310002,0.014381882586888313,0.9999999999999994,-3.373868684430903e-10
Asymmetric bimodal,1.75,1.0307567087685516,0.014539428757513476,0.9999999999999994,-3.3548955280515713e-10
Asymmetric bimodal,1.76,1.0311052015195377,0.014693495976322225,0.9999999999999993,-3.335693388173411e-10
Asymmetric bimodal,1.77,1.031446472607384,0.014844165531830246,0.9999999999999994,-3.3162730894709114e-10
Asymmetric bimodal,1.78,1.0317806718915579,0.014991516628619675,0.9999999999999994,-3.2966512852894425e-10
Asymmetric bimodal,1.79,1.0321079461130105,0.015135626448155451,0.9999999999999991,-3.2768371349689573e-10
Asymmetric bimodal,1.8,1.032428438959233,0.01527657020754114,0.9999999999999994,-3.2568456265202883e-10
Asymmetric bimodal,1.81,1.032742291128638,0.015414421216589997,0.9999999999999994,-3.2366859192833886e-10
Asymmetric bimodal,1.82,1.0330496403925273,0.015549250932517833,0.9999999999999994,-3.2163713359345536e-10
Asymmetric bimodal,1.83,1.033350621656851,0.01568112901328155,0.9999999999999994,-3.195913533815542e-10
Asymmetric bimodal,1.84,1.0336453670215842,0.0158101233686731,0.9999999999999993,-3.17532000693177e-10
Asymmetric bimodal,1.85,1.0339340058399653,0.015936300210206644,0.9999999999999993,-3.1546032452922645e-10
Asymmetric bimodal,1.86,1.0342166647751356,0.016059724098776013,0.9999999999999994,-3.1337749062387843e-10
Asymmetric bimodal,1.87,1.034493467857165,0.016180457991436116,0.9999999999999994,-3.1128424837767454e-10
Asymmetric bimodal,1.8800000000000001,1.034764536537558,0.016298563286090834,0.9999999999999994,-3.091816802580638e-10
Asymmetric bimodal,1.8900000000000001,1.0350299897433315,0.016414099865041835,0.9999999999999993,-3.070706189323147e-10
Asymmetric bimodal,1.9000000000000001,1.035289943929304,0.01652712613685477,0.9999999999999994,-3.0495189706769565e-10
Asymmetric bimodal,1.9100000000000001,1.0355445131304748,0.016637699077396702,0.9999999999999993,-3.028265971316557e-10
Asymmetric bimodal,1.92,1.0357938090116425,0.01674587426884797,0.9999999999999994,-3.0069555179146334e-10
Asymmetric bimodal,1.93,1.036037940917653,0.016851705938198944,0.9999999999999994,-2.9855917738075277e-10
Asymmetric bimodal,1.94,1.0362770159214594,0.016955246994044243,0.9999999999999994,-2.964188894338804e-10
Asymmetric bimodal,1.95,1.0365111388712225,0.017056549062242507,0.9999999999999993,-2.9427477121757306e-10
Asymmetric bimodal,1.96,1.03674041243742,0.017155662520891738,0.9999999999999994,-2.921281549994603e-10
Asymmetric bimodal,1.97,1.036964937157474,0.017252636533577254,0.9999999999999994,-2.8997920731299587e-10
Asymmetric bimodal,1.98,1.0371848114809983,0.017347519082260017,0.9999999999999994,-2.878291771590824e-10
Asymmetric bimodal,1.99,1.0374001318125576,0.017440356998491925,0.9999999999999994,-2.856783976046273e-10
Asymmetric bimodal,2.0,1.0376109925550578,0.017531195994331977,0.9999999999999994,-2.835275347834454e-10
Asymmetric bimodal,2.0100000000000002,1.0378174861520861,0.017620080692263694,0.9999999999999994,-2.813770882958977e-10
Asymmetric bimodal,2.02,1.0380197031252443,0.017707054652433916,0.9999999999999993,-2.7922797407597955e-10
Asymmetric bimodal,2.0300000000000002,1.0382177321179589,0.017792160402184298,0.9999999999999993,-2.7708035865714464e-10
Asymmetric bimodal,2.04,1.0384116599333515,0.017875439462545915,0.9999999999999993,-2.7493507470666145e-10
Asymmetric bimodal,2.05,1.0386015715725474,0.0179569323744716,0.9999999999999993,-2.7279262182489106e-10
Asymmetric bimodal,2.06,1.0387875502722055,0.01803667872429572,0.9999999999999994,-2.706535828789214e-10
Asymmetric bimodal,2.07,1.038969677541258,0.01811471716844101,0.9999999999999994,-2.6851820766893297e-10
Asymmetric bimodal,2.08,1.0391480331968819,0.018191085457398302,0.9999999999999994,-2.663871623287406e-10
Asymmetric bimodal,2.09,1.0393226953997174,0.018265820459003355,0.9999999999999991,-2.6426094645870535e-10
Asymmetric bimodal,2.1,1.0394937406883478,0.018338958181034114,0.9999999999999994,-2.6213964332555406e-10
Asymmetric bimodal,2.11,1.0396612440130566,0.01841053379315244,0.9999999999999994,-2.600240855965552e-10
Asymmetric bimodal,2.12,1.0398252787688818,0.01848058164821173,0.9999999999999994,-2.5791452307188933e-10
Asymmetric bimodal,2.13,1.039985916827974,0.018549135302951256,0.9999999999999993,-2.558112888184638e-10
Asymmetric bimodal,2.14,1.04014322857128,0.01861622753809821,0.9999999999999993,-2.5371471590318606e-10
Asymmetric bimodal,2.15,1.0402972829195634,0.018681890377896207,0.9999999999999994,-2.5162513739296344e-10
Asymmetric bimodal,2.16,1.0404481473637754,0.018746155109079995,0.9999999999999994,-2.495429696214302e-10
Asymmetric bimodal,2.17,1.0405958879947936,0.018809052299313997,0.9999999999999994,-2.4746879545567424e-10
Asymmetric bimodal,2.18,1.0407405695325345,0.018870611815111946,0.9999999999999994,-2.454026148956956e-10
Asymmetric bimodal,2.19,1.0408822553544614,0.018930862839254756,0.9999999999999994,-2.433448442751285e-10
Asymmetric bimodal,2.2,1.0410210075234971,0.01898983388772283,0.9999999999999993,-2.412954835939729e-10
Asymmetric bimodal,2.21,1.0411568868153487,0.019047552826157874,0.9999999999999994,-2.3925519898604364e-10
Asymmetric bimodal,2.22,1.041289952745267,0.019104046885869818,0.9999999999999994,-2.372241569847944e-10
Asymmetric bimodal,2.23,1.0414202635942456,0.019159342679402766,0.9999999999999994,-2.352021077900446e-10
Asymmetric bimodal,2.24,1.041547876434671,0.019213466215674786,0.9999999999999994,-2.331900506025164e-10
Asymmetric bimodal,2.25,1.0416728471554402,0.019266442914703457,0.9999999999999994,-2.3118781888875617e-10
Asymmetric bimodal,2.2600000000000002,1.0417952304865516,0.01931829762193119,0.9999999999999994,-2.2919541264876386e-10
Asymmetric bimodal,2.27,1.0419150800231858,0.019369054622163616,0.9999999999999993,-2.272135812830811e-10
Asymmetric bimodal,2.2800000000000002,1.0420324482492802,0.01941873765313,0.9999999999999994,-2.2524190845807368e-10
Asymmetric bimodal,2.29,1.042147386560615,0.01946736991868144,0.9999999999999994,-2.2328122684101004e-10
Asymmetric bimodal,2.3000000000000003,1.0422599452874168,0.019514974101634525,0.9999999999999994,-2.2133095356480226e-10
Asymmetric bimodal,2.31,1.042370173716491,0.01956157237627275,0.9999999999999994,-2.193917547632651e-10
Asymmetric bimodal,2.32,1.042478120112892,0.01960718642051665,0.9999999999999993,-2.174637969698523e-10
Asymmetric bimodal,2.33,1.0425838317411418,0.019651837427771168,0.9999999999999993,-2.155470801845638e-10
Asymmetric bimodal,2.34,1.0426873548860092,0.019695546118461554,0.9999999999999993,-2.136415211406728e-10
Asymmetric bimodal,2.35,1.0427887348728506,0.019738332751265526,0.9999999999999994,-2.1174761943854037e-10
Asymmetric bimodal,2.36,1.0428880160875322,0.01978021713405256,0.9999999999999994,-2.0986512527798595e-10
Asymmetric bimodal,2.37,1.0429852419959356,0.01982121863453726,0.9999999999999994,-2.079946215260975e-10
Asymmetric bimodal,2.38,1.0430804551630535,0.01986135619065666,0.9999999999999994,-2.061357751159676e-10
Asymmetric bimodal,2.39,1.0431736972716943,0.01990064832067888,0.9999999999999993,-2.0428891911450364e-10
Asymmetric bimodal,2.4,1.0432650091407922,0.019939113133050666,0.9999999999999994,-2.0245388698825195e-10
Asymmetric bimodal,2.41,1.0433544307433378,0.019976768335992212,0.9999999999999994,-2.0063084527066621e-10
Asymmetric bimodal,2.42,1.0434420012239345,0.020013631246847206,0.9999999999999994,-1.9882021029538066e-10
Asymmetric bimodal,2.43,1.0435277589159921,0.020049718801192187,0.9999999999999994,-1.9702148246203421e-10
Asymmetric bimodal,2.44,1.0436117413585584,0.02008504756171639,0.9999999999999994,-1.9523516137098795e-10
Asymmetric bimodal,2.45,1.0436939853128047,0.020119633726875356,0.9999999999999998,-1.9346099722206134e-10
Asymmetric bimodal,2.46,1.0437745267781646,0.02015349313932592,0.9999999999999996,-1.916994063488886e-10
Asymmetric bimodal,2.47,1.0438534010081413,0.020186641294149064,0.9999999999999996,-1.8995022221801605e-10
Asymmetric bimodal,2.48,1.043930642525781,0.020219093346866415,0.9999999999999996,-1.8821327829599e-10
Asymmetric bimodal,2.49,1.0440062851388288,0.020250864121256193,0.9999999999999998,-1.8648890764971782e-10
Asymmetric bimodal,2.5,1.0440803619545664,0.020281968116973602,0.9999999999999996,-1.8477719354592637e-10
Asymmetric bimodal,2.5100000000000002,1.0441529053943437,0.020312419516982604,0.9999999999999998,-1.8307763638425456e-10
Asymmetric bimodal,2.52,1.044223947207806,0.020342232194802932,0.9999999999999998,-1.8139090229851718e-10
Asymmetric bimodal,2.5300000000000002,1.0442935184868265,0.02037141972157774,0.9999999999999998,-1.7971640842162628e-10
Asymmetric bimodal,2.54,1.0443616496791497,0.02039999537296788,0.9999999999999998,-1.780547376206698e-10
Asymmetric bimodal,2.5500000000000003,1.0444283706017503,0.020427972135876105,0.9999999999999998,-1.7640530702855983e-10
Asymmetric bimodal,2.56,1.044493710453914,0.020455362715006954,0.9999999999999998,-1.7476861624565743e-10
Asymmetric bimodal,2.57,1.0445576978300477,0.02048217953926567,0.9999999999999998,-1.731444987385089e-10
Asymmetric bimodal,2.58,1.0446203607322229,0.020508434768002487,0.9999999999999998,-1.715328712403874e-10
Asymmetric bimodal,2.59,1.044681726582458,0.020534140297103966,0.9999999999999994,-1.699336504845661e-10
Asymmetric bimodal,2.6,1.0447418222347467,0.020559307764937647,0.9999999999999996,-1.6834708627122552e-10
Asymmetric bimodal,2.61,1.0448006739868343,0.020583948558152175,0.9999999999999998,-1.6677301206691197e-10
Asymmetric bimodal,2.62,1.0448583075917515,0.020608073817339083,0.9999999999999994,-1.6521126133817177e-10
Asymmetric bimodal,2.63,1.0449147482691084,0.020631694442556768,0.9999999999999998,-1.6366191735173174e-10
Asymmetric bimodal,2.64,1.0449700207161519,0.020654821098723415,0.9999999999999998,-1.6212522990777245e-10
Asymmetric bimodal,2.65,1.0450241491185954,0.020677464220880383,0.9999999999999998,-1.606008659393865e-10
Asymmetric bimodal,2.66,1.0450771571612234,0.020699634019330393,0.9999999999999998,-1.5908890871330073e-10
Asymmetric bimodal,2.67,1.0451290680382757,0.020721340484652302,0.9999999999999998,-1.575891084293346e-10
Asymmetric bimodal,2.68,1.0451799044636143,0.020742593392599352,0.9999999999999998,-1.5610154835421497e-10
Asymmetric bimodal,2.69,1.0452296886806824,0.020763402308878548,0.9999999999999998,-1.5462647828812237e-10
Asymmetric bimodal,2.7,1.0452784424722543,0.020783776593819567,0.9999999999999998,-1.5316356516414942e-10
Asymmetric bimodal,2.71,1.0453261871699835,0.02080372540693179,1.0,-1.5171272571556926e-10
Asymmetric bimodal,2.72,1.0453729436637516,0.020823257711355316,0.9999999999999998,-1.502739599423819e-10
Asymmetric bimodal,2.73,1.0454187324108264,0.020842382278207623,0.9999999999999996,-1.4884726784458735e-10
Asymmetric bimodal,2.74,1.0454635734448252,0.02086110769082789,0.9999999999999998,-1.4743273268891244e-10
Asymmetric bimodal,2.75,1.045507486384496,0.02087944234892236,0.9999999999999996,-1.460298548749961e-10
Asymmetric bimodal,2.7600000000000002,1.0455504904423156,0.020897394472613434,0.9999999999999994,-1.446391340031994e-10
Asymmetric bimodal,2.77,1.0455926044329056,0.020914972106394356,0.9999999999999996,-1.4326023700661494e-10
Asymmetric bimodal,2.7800000000000002,1.0456338467812807,0.02093218312299259,0.9999999999999996,-1.4189299735178906e-10
Asymmetric bimodal,2.79,1.0456742355309188,0.020949035227142573,0.9999999999999996,-1.4053783137235598e-10
Asymmetric bimodal,2.8000000000000003,1.0457137883516692,0.020965535959272617,0.9999999999999998,-1.3919407293450092e-10
Asymmetric bimodal,2.81,1.0457525225474922,0.020981692699106373,0.9999999999999996,-1.3786205510513128e-10
Asymmetric bimodal,2.82,1.0457904550640418,0.02099751266918126,0.9999999999999996,-1.3654144481733965e-10
Asymmetric bimodal,2.83,1.0458276024960886,0.021013002938285327,0.9999999999999994,-1.3523257513803344e-10
Asymmetric bimodal,2.84,1.0458639810947905,0.021028170424817333,0.9999999999999998,-1.3393511300030525e-10
Asymmetric bimodal,2.85,1.0458996067748112,0.0210430219000677,0.9999999999999998,-1.326488918707014e-10
Asymmetric bimodal,2.86,1.045934495121291,0.021057563991426147,0.9999999999999996,-1.3137407828267555e-10
Asymmetric bimodal,2.87,1.0459686613966759,0.021071803185515277,0.9999999999999996,-1.301104224360472e-10
Asymmetric bimodal,2.88,1.046002120547399,0.021085745831253,0.9999999999999994,-1.2885809086427003e-10
Asymmetric bimodal,2.89,1.046034887210431,0.021099398142846094,0.9999999999999994,-1.2761691703389033e-10
Asymmetric bimodal,2.9,1.0460669757196888,0.021112766202714586,0.9999999999999996,-1.2638656787800073e-10
Asymmetric bimodal,2.91,1.0460984001123128,0.021125855964351077,0.9999999999999994,-1.2516729319678177e-10
Asymmetric bimodal,2.92,1.0461291741348169,0.0211386732551152,0.9999999999999994,-1.239588431900529e-10
Asymmetric bimodal,2.93,1.0461593112491065,0.021151223778964202,0.9999999999999994,-1.2276138439126782e-10
Asymmetric bimodal,2.94,1.0461888246383753,0.02116351311912289,0.9999999999999993,-1.2157458373351915e-10
Asymmetric bimodal,2.95,1.046217727212877,0.021175546740693687,0.9999999999999994,-1.2039869101698741e-10
Asymmetric bimodal,2.96,1.0462460316155804,0.02118732999320697,0.9999999999999994,-1.1923328990803839e-10
Asymmetric bimodal,2.97,1.0462737502277037,0.021198868113115454,0.9999999999999994,-1.1807838040667207e-10
Asymmetric bimodal,2.98,1.0463008951741386,0.02121016622623151,0.9999999999999994,-1.16934212313069e-10
Asymmetric bimodal,2.99,1.0463274783287564,0.021221229350111538,0.9999999999999994,-1.157999529599607e-10
Asymmetric bimodal,3.0,1.0463535113196094,0.02123206239638558,0.9999999999999994,-1.1467643501461566e-10
Asymmetric bimodal,3.0100000000000002,1.0463790055340203,0.02124267017303553,0.9999999999999994,-1.1356307560994594e-10
Asymmetric bimodal,3.02,1.046403972123569,0.021253057386623458,0.9999999999999996,-1.1245995801267838e-10
Asymmetric bimodal,3.0300000000000002,1.0464284220089757,0.021263228644468887,0.9999999999999994,-1.1136699895608615e-10
Asymmetric bimodal,3.04,1.0464523658848792,0.02127318845677945,0.9999999999999994,-1.102839486399887e-10
Asymmetric bimodal,3.0500000000000003,1.0464758142245225,0.021282941238732193,0.9999999999999998,-1.0921080706438602e-10
Asymmetric bimodal,3.06,1.0464987772843357,0.021292491312511177,0.9999999999999994,-1.0814782402945866e-10
Asymmetric bimodal,3.0700000000000003,1.0465212651084255,0.021301842909298173,0.9999999999999996,-1.0709449993484554e-10
Asymmetric bimodal,3.08,1.0465432875329748,0.021311000171220302,0.9999999999999994,-1.0605091804727351e-10
Asymmetric bimodal,3.09,1.0465648541905457,0.021319967153254488,0.9999999999999994,-1.0501716163346941e-10
Asymmetric bimodal,3.1,1.0465859745142971,0.02132874782508997,0.9999999999999994,-1.0399289762652586e-10
Asymmetric bimodal,3.11,1.0466066577421156,0.021337346072949674,0.9999999999999994,-1.02978042759716e-10
Asymmetric bimodal,3.12,1.046626912920656,0.021345765701372095,0.9999999999999994,-1.0197284683322039e-10
Asymmetric bimodal,3.13,1.0466467489093034,0.021354010434953174,0.9999999999999996,-1.0097697678013162e-10
Asymmetric bimodal,3.14,1.0466661743840509,0.021362083920050824,0.9999999999999996,-9.999034933372286e-11
Asymmetric bimodal,3.15,1.0466851978412952,0.021369989726451783,0.9999999999999996,-9.901288122726726e-11
Asymmetric bimodal,3.16,1.046703827601559,0.02137773134900183,0.9999999999999994,-9.80447389942185e-11
Asymmetric bimodal,3.17,1.0467220718131287,0.021385312209201122,0.9999999999999996,-9.708567283439606e-11
Asymmetric bimodal,3.18,1.0467399384556233,0.021392735656762883,0.9999999999999994,-9.613551621434624e-11
Asymmetric bimodal,3.19,1.0467574353434856,0.021400004971141022,0.9999999999999996,-9.519451893424957e-11
Asymmetric bimodal,3.2,1.0467745701294033,0.021407123363021432,0.9999999999999994,-9.426226466047183e-11
Asymmetric bimodal,3.21,1.0467913503076574,0.02141409397578286,0.9999999999999994,-9.333883665973985e-11
Asymmetric bimodal,3.22,1.0468077832174012,0.021420919886925207,0.9999999999999998,-9.242406839859996e-11
Asymmetric bimodal,3.23,1.0468238760458743,0.021427604109467178,0.9999999999999996,-9.151804314377898e-11
Asymmetric bimodal,3.24,1.0468396358315468,0.021434149593312996,0.9999999999999996,-9.062051109509639e-11
Asymmetric bimodal,3.25,1.0468550694671983,0.021440559226590064,0.9999999999999996,-8.973147225255218e-11
Asymmetric bimodal,3.2600000000000002,1.0468701837029368,0.021446835836957633,0.9999999999999996,-8.885076008269266e-11
Asymmetric bimodal,3.27,1.04688498514915,0.02145298219288668,0.9999999999999998,-8.797862438569837e-11
Asymmetric bimodal,3.2800000000000002,1.0468994802793996,0.021459001004912517,0.9999999999999996,-8.711464882793507e-11
Asymmetric bimodal,3.29,1.0469136754332544,0.02146489492686024,0.9999999999999994,-8.625908320958331e-11
Asymmetric bimodal,3.3000000000000003,1.046927576819063,0.02147066655704386,0.9999999999999996,-8.541167773046254e-11
Asymmetric bimodal,3.31,1.0469411905166712,0.021476318439439243,0.9999999999999996,-8.457218259039223e-11
Asymmetric bimodal,3.3200000000000003,1.046954522480082,0.021481853064832045,0.9999999999999996,-8.374068105609922e-11
Asymmetric bimodal,3.33,1.046967578540062,0.02148727287194066,0.9999999999999994,-8.291725639431036e-11
Asymmetric bimodal,3.34,1.0469803644066917,0.021492580248515514,0.9999999999999994,-8.21016588048451e-11
Asymmetric bimodal,3.35,1.0469928856718633,0.021497777532414157,0.9999999999999994,-8.12939715544303e-11
Asymmetric bimodal,3.36,1.04700514781173,0.021502867012653533,0.9999999999999994,-8.049369504270487e-11
Asymmetric bimodal,3.37,1.0470171561890986,0.0215078509304399,0.9999999999999994,-7.970141213675674e-11
Asymmetric bimodal,3.38,1.0470289160557789,0.02151273148017587,0.9999999999999996,-7.891678976967853e-11
Asymmetric bimodal,3.39,1.0470404325548803,0.021517510810446873,0.9999999999999994,-7.813949487456284e-11
Asymmetric bimodal,3.4,1.0470517107230615,0.0215221910249858,0.9999999999999996,-7.736977725159022e-11
Asymmetric bimodal,3.41,1.0470627554927356,0.021526774183617044,0.9999999999999994,-7.660738710058013e-11
Asymmetric bimodal,3.42,1.0470735716942272,0.02153126230318101,0.9999999999999994,-7.585232442153256e-11
Asymmetric bimodal,3.43,1.0470841640578845,0.02153565735843749,0.9999999999999998,-7.510458921444751e-11
Asymmetric bimodal,3.44,1.0470945372161529,0.021539961282951655,0.9999999999999996,-7.43640149458713e-11
Asymmetric bimodal,3.45,1.0471046957055965,0.02154417596995902,0.9999999999999994,-7.363076814925762e-11
Asymmetric bimodal,3.46,1.0471146439688865,0.021548303273213956,0.9999999999999998,-7.290451575769907e-11
Asymmetric bimodal,3.47,1.047124386356744,0.02155234500781835,0.9999999999999994,-7.218525777119567e-11
Asymmetric bimodal,3.48,1.0471339271298423,0.021556302951034,0.9999999999999994,-7.14728276562937e-11
Asymmetric bimodal,3.49,1.0471432704606725,0.021560178843076965,0.9999999999999994,-7.076764174662742e-11
Asymmetric bimodal,3.5,1.047152420435368,0.021563974387894674,0.9999999999999994,-7.006903390838204e-11
Asymmetric bimodal,3.5100000000000002,1.0471613810554918,0.021567691253927983,0.9999999999999994,-6.93774204751918e-11
Asymmetric bimodal,3.52,1.0471701562397877,0.021571331074855,0.9999999999999998,-6.869221857996877e-11
Asymmetric bimodal,3.5300000000000002,1.0471787498258947,0.021574895450320927,0.9999999999999994,-6.801384455634718e-11
Asymmetric bimodal,3.54,1.047187165572025,0.021578385946651485,0.9999999999999994,-6.73420486041465e-11
Asymmetric bimodal,3.5500000000000003,1.0471954071586094,0.02158180409755037,0.9999999999999996,-6.667691399009357e-11
Asymmetric bimodal,3.56,1.0472034781899058,0.021585151404784488,0.9999999999999998,-6.601785784710046e-11
Asymmetric bimodal,3.5700000000000003,1.047211382195577,0.02158842933885157,0.9999999999999994,-6.536529650880141e-11
Asymmetric bimodal,3.58,1.047219122632235,0.021591639339636086,0.9999999999999994,-6.471939650865011e-11
Asymmetric bimodal,3.59,1.0472267028849513,0.02159478281704987,0.9999999999999994,-6.407957497955863e-11
Asymmetric bimodal,3.6,1.0472341262687401,0.021597861151659296,0.9999999999999996,-6.344616498843436e-11
Asymmetric bimodal,3.61,1.0472413960300064,0.02160087569530019,0.9999999999999994,-6.281875020164307e-11
Asymmetric bimodal,3.62,1.0472485153479676,0.02160382777167848,0.9999999999999996,-6.219766368609214e-11
Asymmetric bimodal,3.63,1.047255487336043,0.02160671867695879,0.9999999999999994,-6.158248910814734e-11
Asymmetric bimodal,3.64,1.047262315043216,0.021609549680340363,0.9999999999999994,-6.097322646780867e-11
Asymmetric bimodal,3.65,1.0472690014553696,0.021612322024621364,0.9999999999999994,-6.036995903180298e-11
Asymmetric bimodal,3.66,1.0472755494965889,0.021615036926750243,0.9999999999999996,-5.977260353340341e-11
Asymmetric bimodal,3.67,1.0472819620304432,0.02161769557836648,0.9999999999999994,-5.918107670588313e-11
Asymmetric bimodal,3.68,1.047288241861238,0.021620299146329597,0.9999999999999998,-5.859529528251528e-11
Asymmetric bimodal,3.69,1.0472943917352406,0.021622848773236048,0.9999999999999996,-5.801525926329987e-11
Asymmetric bimodal,3.7,1.047300414341882,0.02162534557792718,0.9999999999999994,-5.744088538151004e-11
Asymmetric bimodal,3.71,1.0473063123149338,0.021627790655984632,0.9999999999999996,-5.6872173637145806e-11
Asymmetric bimodal,3.72,1.0473120882336593,0.021630185080216295,0.9999999999999996,-5.630912403020716e-11
Asymmetric bimodal,3.73,1.0473177446239417,0.021632529901131726,0.9999999999999996,-5.5751570027240405e-11
Asymmetric bimodal,3.74,1.0473232839593907,0.02163482614740738,0.9999999999999996,-5.519934509479185e-11
Asymmetric bimodal,3.75,1.047328708662422,0.021637074826342854,0.9999999999999996,-5.4652615766315193e-11
Asymmetric bimodal,3.7600000000000002,1.0473340211053175,0.021639276924306505,0.9999999999999996,-5.4111215508356736e-11
Asymmetric bimodal,3.77,1.0473392236112649,0.021641433407171975,0.9999999999999998,-5.357489452073594e-11
Asymmetric bimodal,3.7800000000000002,1.0473443184553715,0.02164354522074613,0.9999999999999996,-5.3044069137087035e-11
Asymmetric bimodal,3.79,1.0473493078656597,0.021645613291187242,0.9999999999999994,-5.251840629050264e-11
Asymmetric bimodal,3.8000000000000003,1.0473541940240425,0.021647638525415,0.9999999999999994,-5.199790598098275e-11
Asymmetric bimodal,3.81,1.047358979067278,0.021649621811511498,0.9999999999999996,-5.148256820852737e-11
Asymmetric bimodal,3.8200000000000003,1.0473636650879015,0.021651564019113584,0.9999999999999994,-5.09722264396828e-11
Asymmetric bimodal,3.83,1.0473682541351437,0.02165346599979802,0.9999999999999994,-5.046704720790274e-11
Asymmetric bimodal,3.84,1.0473727482158264,0.02165532858745717,0.9999999999999994,-4.9966697446279795e-11
Asymmetric bimodal,3.85,1.047377149295238,0.021657152598668135,0.9999999999999998,-4.9471343688267666e-11
Asymmetric bimodal,3.86,1.0473814592979962,0.021658938833052734,0.9999999999999996,-4.8980819400412656e-11
Asymmetric bimodal,3.87,1.0473856801088879,0.021660688073631435,0.9999999999999996,-4.849529111616846e-11
Asymmetric bimodal,3.88,1.0473898135736932,0.021662401087168572,0.9999999999999994,-4.801434250190084e-11
Asymmetric bimodal,3.89,1.0473938614999945,0.021664078624511418,0.9999999999999994,-4.753805682433665e-11
Asymmetric bimodal,3.9,1.0473978256579655,0.02166572142092109,0.9999999999999994,-4.706651735020273e-11
Asymmetric bimodal,3.91,1.047401707781146,0.021667330196397307,0.9999999999999994,-4.6599640812772236e-11
Asymmetric bimodal,3.92,1.0474055095672006,0.0216689056559963,0.9999999999999994,-4.613742721204517e-11
Asymmetric bimodal,3.93,1.047409232678659,0.021670448490141304,0.9999999999999994,-4.567979328129468e-11
Asymmetric bimodal,3.94,1.0474128787436474,0.021671959374927816,0.9999999999999994,-4.5226572487067074e-11
Asymmetric bimodal,3.95,1.0474164493565954,0.02167343897242131,0.9999999999999994,-4.47778480960892e-11
Asymmetric bimodal,3.96,1.047419946078937,0.02167488793094881,0.9999999999999994,-4.433362010836106e-11
Asymmetric bimodal,3.97,1.0474233704397926,0.02167630688538599,0.9999999999999991,-4.3893555456975264e-11
Asymmetric bimodal,3.98,1.0474267239366375,0.02167769645743533,0.9999999999999994,-4.3458070475566046e-11
Asymmetric bimodal,3.99,1.047430008035956,0.021679057255901454,0.9999999999999994,-4.302674883049917e-11
Asymmetric bimodal,4.0,1.047433224173885,0.02168038987695873,0.9999999999999993,-4.259975705522834e-11
Asymmetric bimodal,4.01,1.0474363737568395,0.02168169490441435,0.9999999999999993,-4.217692861629985e-11
Asymmetric bimodal,4.0200000000000005,1.0474394581621298,0.021682972909964814,0.9999999999999994,-4.175851331389424e-11
Asymmetric bimodal,4.03,1.047442478738563,0.021684224453448635,0.9999999999999994,-4.1343845014196745e-11
Asymmetric bimodal,4.04,1.047445436807032,0.021685450083092063,0.9999999999999994,-4.0933340050841593e-11
Asymmetric bimodal,4.05,1.047448333661095,0.021686650335750943,0.9999999999999994,-4.052708169055563e-11
Asymmetric bimodal,4.0600000000000005,1.0474511705675402,0.021687825737147108,0.9999999999999994,-4.012465359970463e-11
Asymmetric bimodal,4.07,1.0474539487669396,0.02168897680209942,0.9999999999999994,-3.9726305578469123e-11
Asymmetric bimodal,4.08,1.047456669474192,0.02169010403475072,0.9999999999999994,-3.933195436012227e-11
Asymmetric bimodal,4.09,1.047459333879055,0.021691207928789327,0.9999999999999993,-3.894143341121037e-11
Asymmetric bimodal,4.1,1.0474619431466632,0.02169228896766664,0.9999999999999994,-3.855474273173343e-11
Asymmetric bimodal,4.11,1.04746449841804,0.021693347624809747,0.9999999999999994,-3.817196558841829e-11
Asymmetric bimodal,4.12,1.0474670008105957,0.021694384363829432,0.9999999999999993,-3.779293544781126e-11
Asymmetric bimodal,4.13,1.0474694514186158,0.021695399638724355,0.9999999999999994,-3.7417569043185495e-11
Asymmetric bimodal,4.14,1.0474718513137402,0.02169639389408044,0.9999999999999994,-3.704586637454099e-11
Asymmetric bimodal,4.15,1.047474201545432,0.021697367565267005,0.9999999999999994,-3.6677993975331447e-11
Asymmetric bimodal,4.16,1.047476503141435,0.021698321078627212,0.9999999999999993,-3.6313535511922623e-11
Asymmetric bimodal,4.17,1.0474787571082258,0.02169925485166659,0.9999999999999994,-3.595290731794876e-11
Asymmetric bimodal,4.18,1.0474809644314513,0.021700169293235504,0.9999999999999994,-3.559569305977561e-11
Asymmetric bimodal,4.19,1.0474831260763617,0.021701064803709716,0.9999999999999994,-3.5242059270856885e-11
Asymmetric bimodal,4.2,1.0474852429882306,0.02170194177516586,0.9999999999999996,-3.489208921791942e-11
Asymmetric bimodal,4.21,1.047487316092771,0.02170280059155385,0.9999999999999994,-3.454544983405583e-11
Asymmetric bimodal,4.22,1.0474893462965382,0.02170364162886584,0.9999999999999994,-3.420222438599296e-11
Asymmetric bimodal,4.23,1.047491334487326,0.021704465255301113,0.9999999999999998,-3.3862496140457665e-11
Asymmetric bimodal,4.24,1.0474932815345572,0.02170527183142781,0.9999999999999998,-3.352593203054255e-11
Asymmetric bimodal,4.25,1.0474951882896617,0.02170606171034161,0.9999999999999996,-3.3192781856428155e-11
Asymmetric bimodal,4.26,1.0474970555864491,0.02170683523782039,0.9999999999999996,-3.286312888484133e-11
Asymmetric bimodal,4.2700000000000005,1.0474988842414747,0.021707592752476697,0.9999999999999996,-3.253655678214784e-11
Asymmetric bimodal,4.28,1.0475006750543954,0.021708334585905993,0.9999999999999994,-3.221314881507453e-11
Asymmetric bimodal,4.29,1.0475024288083186,0.021709061062832158,0.9999999999999996,-3.189315478380195e-11
Asymmetric bimodal,4.3,1.0475041462701473,0.02170977250125061,0.9999999999999996,-3.1575991821242155e-11
Asymmetric bimodal,4.3100000000000005,1.047505828190913,0.021710469212567564,0.9999999999999996,-3.126240932793678e-11
Asymmetric bimodal,4.32,1.0475074753061056,0.021711151501736418,0.9999999999999996,-3.095157463661735e-11
Asymmetric bimodal,4.33,1.0475090883359948,0.021711819667392447,0.9999999999999996,-3.06440706143718e-11
Asymmetric bimodal,4.34,1.0475106679859432,0.02171247400198315,0.9999999999999996,-3.033948092756589e-11
Asymmetric bimodal,4.3500000000000005,1.047512214946718,0.021713114791896804,0.9999999999999996,-3.003797210965331e-11
Asymmetric bimodal,4.36,1.0475137298947907,0.021713742317588398,0.9999999999999994,-2.973946089390722e-11
Asymmetric bimodal,4.37,1.0475152134926344,0.02171435685370239,0.9999999999999994,-2.9443864013600773e-11
Asymmetric bimodal,4.38,1.047516666389012,0.021714958669193703,0.9999999999999996,-2.9151264735460813e-11
Asymmetric bimodal,4.39,1.047518089219261,0.021715548027444704,0.9999999999999996,-2.88614132593068e-11
Asymmetric bimodal,4.4,1.0475194826055712,0.021716125186382246,0.9999999999999994,-2.857447611859243e-11
Asymmetric bimodal,4.41,1.047520847157256,0.021716690398588992,0.9999999999999994,-2.8290619846771392e-11
Asymmetric bimodal,4.42,1.0475221834710207,0.021717243911416516,0.9999999999999996,-2.800934484348261e-11
Asymmetric bimodal,4.43,1.0475234921312209,0.021717785967091573,0.9999999999999996,-2.7731067442360313e-11
Asymmetric bimodal,4.44,1.0475247737101205,0.02171831680282363,0.9999999999999994,-2.7455454576497118e-11
Asymmetric bimodal,4.45,1.0475260287681403,0.02171883665090848,0.9999999999999994,-2.718233971243933e-11
Asymmetric bimodal,4.46,1.0475272578541035,0.02171934573883053,0.9999999999999994,-2.6912055917094335e-11
Asymmetric bimodal,4.47,1.0475284615054763,0.0217198442893619,0.9999999999999996,-2.664476972391583e-11
Asymmetric bimodal,4.48,1.047529640248602,0.021720332520660485,0.9999999999999994,-2.6379814999089035e-11
Asymmetric bimodal,4.49,1.0475307945989325,0.021720810646365808,0.9999999999999994,-2.6117441542794495e-11
Asymmetric bimodal,4.5,1.0475319250612511,0.02172127887569245,0.9999999999999994,-2.5857732621759055e-11
Asymmetric bimodal,4.51,1.047533032129897,0.021721737413521583,0.9999999999999994,-2.5600771502709563e-11
Asymmetric bimodal,4.5200000000000005,1.0475341162889782,0.021722186460491264,0.9999999999999993,-2.5346141852011783e-11
Asymmetric bimodal,4.53,1.047535178012585,0.021722626213083955,0.9999999999999994,-2.509426000329995e-11
Asymmetric bimodal,4.54,1.0475362177649967,0.021723056863712988,0.9999999999999994,-2.484470962293983e-11
Asymmetric bimodal,4.55,1.0475372360008846,0.02172347860080668,0.9999999999999994,-2.4597740511111965e-11
Asymmetric bimodal,4.5600000000000005,1.047538233165511,0.021723891608891037,0.9999999999999994,-2.4353102867635812e-11
Asymmetric bimodal,4.57,1.0475392096949243,0.021724296068670622,0.9999999999999994,-2.4111046492691912e-11
Asymmetric bimodal,4.58,1.0475401660161487,0.021724692157107834,0.9999999999999994,-2.3871238319372878e-11
Asymmetric bimodal,4.59,1.0475411025473715,0.021725080047500057,0.9999999999999994,-2.363392814785925e-11
Asymmetric bimodal,4.6000000000000005,1.0475420196981267,0.02172545990955642,0.9999999999999994,-2.339886617797049e-11
Asymmetric bimodal,4.61,1.0475429178694728,0.021725831909471322,0.9999999999999994,-2.3166218943160288e-11
Asymmetric bimodal,4.62,1.0475437974541684,0.021726196209997543,0.9999999999999994,-2.2935819909974953e-11
Asymmetric bimodal,4.63,1.0475446588368449,0.02172655297051784,0.9999999999999994,-2.270775234514133e-11
Asymmetric bimodal,4.64,1.0475455023941742,0.02172690234711439,0.9999999999999994,-2.248201624865942e-11
Asymmetric bimodal,4.65,1.0475463284950328,0.0217272444926375,0.9999999999999994,-2.2258528353802376e-11
Asymmetric bimodal,4.66,1.0475471375006642,0.02172757955677251,0.9999999999999994,-2.2037038860389657e-11
Asymmetric bimodal,4.67,1.0475479297648356,0.021727907686104837,0.9999999999999994,-2.1818047368782345e-11
Asymmetric bimodal,4.68,1.0475487056339938,0.021728229024185246,0.9999999999999994,-2.160097101189251e-11
Asymmetric bimodal,4.69,1.0475494654474162,0.02172854371159168,0.9999999999999996,-2.1386142856627544e-11
Asymmetric bimodal,4.7,1.0475502095373597,0.02172885188599155,0.9999999999999994,-2.1173396369533748e-11
Asymmetric bimodal,4.71,1.0475509382292034,0.0217291536822016,0.9999999999999994,-2.0963231150972206e-11
Asymmetric bimodal,4.72,1.0475516518415962,0.021729449232247157,0.9999999999999996,-2.075448146676706e-11
Asymmetric bimodal,4.73,1.0475523506865898,0.021729738665420203,0.9999999999999996,-2.0547979984186782e-11
Asymmetric bimodal,4.74,1.0475530350697801,0.021730022108335512,0.9999999999999998,-2.034364343650452e-11
Asymmetric bimodal,4.75,1.0475537052904382,0.021730299684986555,0.9999999999999996,-2.0141305290266587e-11
Asymmetric bimodal,4.76,1.0475543616416432,0.021730571516799056,0.9999999999999998,-1.9941048812199824e-11
Asymmetric bimodal,4.7700000000000005,1.0475550044104072,0.021730837722685577,0.9999999999999996,-1.9742790735577387e-11
Asymmetric bimodal,4.78,1.047555633877805,0.021731098419095974,0.9999999999999998,-1.9546447793672428e-11
Asymmetric bimodal,4.79,1.0475562503190932,0.02173135372006944,0.9999999999999998,-1.93519367197581e-11
Asymmetric bimodal,4.8,1.0475568540038334,0.02173160373728437,0.9999999999999996,-1.9159424047288098e-11
Asymmetric bimodal,4.8100000000000005,1.0475574451960084,0.021731848580106426,0.9999999999999996,-1.8968826509535575e-11
Asymmetric bimodal,4.82,1.0475580241541373,0.021732088355637752,0.9999999999999998,-1.878014410650053e-11
Asymmetric bimodal,4.83,1.0475585911313914,0.021732323168762713,0.9999999999999998,-1.8593376838182962e-11
Asymmetric bimodal,4.84,1.0475591463757017,0.021732553122194433,0.9999999999999998,-1.8408441437856027e-11
Asymmetric bimodal,4.8500000000000005,1.0475596901298674,0.021732778316519624,0.9999999999999998,-1.822542117224657e-11
Asymmetric bimodal,4.86,1.0475602226316654,0.021732998850242484,0.9999999999999998,-1.8043982974447204e-11
Asymmetric bimodal,4.87,1.0475607441139503,0.0217332148198282,0.9999999999999998,-1.7864543178092163e-11
Asymmetric bimodal,4.88,1.0475612548047595,0.021733426319744596,0.9999999999999998,-1.7686935249727753e-11
Asymmetric bimodal,4.89,1.04756175492741,0.02173363344250421,0.9999999999999996,-1.751099265590028e-11
Asymmetric bimodal,4.9,1.0475622447005983,0.021733836278703976,0.9999999999999994,-1.733688193006344e-11
Asymmetric bimodal,4.91,1.0475627243384955,0.021734034917065947,0.9999999999999998,-1.7164353272036692e-11
Asymmetric bimodal,4.92,1.0475631940508394,0.02173422944447464,0.9999999999999998,-1.6993573215273727e-11
Asymmetric bimodal,4.93,1.0475636540430282,0.021734419946016784,0.9999999999999996,-1.6824625026501394e-11
Asymmetric bimodal,4.94,1.0475641045162103,0.021734606505017247,0.9999999999999996,-1.6657092372085458e-11
Asymmetric bimodal,4.95,1.0475645456673708,0.021734789203076286,0.9999999999999996,-1.6491558119113847e-11
Asymmetric bimodal,4.96,1.0475649776894178,0.021734968120104562,0.9999999999999998,-1.6327605933952327e-11
Asymmetric bimodal,4.97,1.0475654007712691,0.021735143334358942,0.9999999999999998,-1.6165069283147204e-11
Asymmetric bimodal,4.98,1.047565815097931,0.021735314922476254,0.9999999999999998,-1.6004281233605866e-11
Asymmetric bimodal,4.99,1.047566220850583,0.021735482959506613,0.9999999999999998,-1.5845158518601465e-11
Asymmetric bimodal,5.0,1.0475666182066543,0.021735647518946986,0.9999999999999998,-1.5687617871407156e-11
Laplace,0.0,0.3600175450657819,-265.4232843521278,1.0,8.326672684688674e-17
Laplace,0.01,0.376633159416243,-8.358931134466115,1.0,0.0
Laplace,0.02,0.39228291291971507,-5.3692705452710765,1.0,-4.163336342344337e-17
Laplace,0.03,0.40730767280008323,-3.990881624573759,1.0,-8.326672684688674e-17
Laplace,0.04,0.42181654705101124,-3.1698779416683047,0.9999999999999998,0.0
Laplace,0.05,0.43587108644787775,-2.6182850163000846,0.9999999999999998,-4.163336342344337e-17
Laplace,0.06,0.44951263692340504,-2.220153803429759,1.0,0.0
Laplace,0.07,0.46277175521165714,-1.9186326476380489,1.0,0.0
Laplace,0.08,0.4756724494289939,-1.6822094180072567,1.0,0.0
Laplace,0.09,0.48823440443637756,-1.4918754383776305,1.0,4.163336342344337e-17
Laplace,0.1,0.5004742740321891,-1.3354281928176501,1.0,0.0
Laplace,0.11,0.5124064878808587,-1.204650410816468,1.0,-8.326672684688674e-17
Laplace,0.12,0.5240437839609049,-1.093794049024607,1.0,-8.326672684688674e-17
Laplace,0.13,0.5353975754760701,-0.9987117260073707,1.0,-8.326672684688674e-17
Laplace,0.14,0.5464782127409,-0.9163328246539729,1.0,-4.163336342344337e-17
Laplace,0.15,0.5572951756314677,-0.8443338192660922,1.0,0.0
Laplace,0.16,0.5678572185355399,-0.7809233230996449,1.0,0.0
Laplace,0.17,0.5781724818562317,-0.7246976335734236,1.0,-4.163336342344337e-17
Laplace,0.18,0.5882485793754919,-0.6745410896808431,1.0000000000000002,0.0
Laplace,0.19,0.5980926678166172,-0.6295557597673065,1.0,0.0
Laplace,0.2,0.6077115030312636,-0.5890108234067364,1.0,-8.326672684688674e-17
Laplace,0.21,0.6171114859677813,-0.5523054784202079,1.0000000000000002,4.163336342344337e-17
Laplace,0.22,0.626298700716144,-0.5189413244133465,1.0,-4.163336342344337e-17
Laplace,0.23,0.6352789463269815,-0.4885015063144492,1.0000000000000004,-8.326672684688674e-17
Laplace,0.24,0.6440577636794826,-0.46063475867920994,1.0000000000000004,-8.326672684688674e-17
Laplace,0.25,0.6526404583688089,-0.4350430552845933,1.0000000000000004,-4.163336342344337e-17
Laplace,0.26,0.6610321203611955,-0.411471946570521,1.0000000000000004,-8.326672684688674e-17
Laplace,0.27,0.6692376410004252,-0.38970292551191743,1.0000000000000004,-8.326672684688674e-17
Laplace,0.28,0.6772617278254403,-0.3695473414921272,1.0000000000000004,-4.163336342344337e-17
Laplace,0.29,0.6851089175649451,-0.35084150776050743,1.0000000000000004,-8.326672684688674e-17
Laplace,0.3,0.6927835876026509,-0.33344273799354646,1.0000000000000004,-8.326672684688674e-17
Laplace,0.31,0.7002899661508077,-0.3172261124820614,1.0000000000000004,0.0
Laplace,0.32,0.7076321413258126,-0.3020818220013475,1.0000000000000004,0.0
Laplace,0.33,0.7148140692850454,-0.2879129725608632,1.0000000000000004,-4.163336342344337e-17
Laplace,0.34,0.7218395815565088,-0.27463376047123983,1.0000000000000004,-4.163336342344337e-17
Laplace,0.35000000000000003,0.7287123916707315,-0.2621679469485525,1.0000000000000004,-8.326672684688674e-17
Laplace,0.36,0.7354361011865245,-0.25044757652127714,1.0000000000000004,0.0
Laplace,0.37,0.7420142051876559,-0.23941189504369054,1.0000000000000004,0.0
Laplace,0.38,0.7484500973156254,-0.2290064320372763,1.0000000000000004,-1.6653345369377348e-16
Laplace,0.39,0.7547470743939417,-0.21918221902500407,1.0000000000000002,0.0
Laplace,0.4,0.7609083406912128,-0.20989512096659216,1.0000000000000002,-4.163336342344337e-17
Laplace,0.41000000000000003,0.766937011863634,-0.20110526219809585,1.0000000000000004,0.0
Laplace,0.42,0.7728361186118292,-0.19277653168928233,1.0,-4.163336342344337e-17
Laplace,0.43,0.7786086100822823,-0.1848761551554302,1.0,0.0
Laplace,0.44,0.7842573570396094,-0.17737432374671774,1.0000000000000002,0.0
Laplace,0.45,0.7897851548325459,-0.1702438708031859,1.0,0.0
Laplace,0.46,0.7951947261736554,-0.16345998959468838,1.0000000000000004,8.326672684688674e-17
Laplace,0.47000000000000003,0.8004887237503173,-0.15699998613174904,1.0000000000000004,0.0
Laplace,0.48,0.8056697326824392,-0.1508430620881326,1.0000000000000004,8.326672684688674e-17
Laplace,0.49,0.8107402728405501,-0.14497012366088374,1.0000000000000002,4.163336342344337e-17
Laplace,0.5,0.8157028010363546,-0.1393636128415826,1.0,4.163336342344337e-17
Laplace,0.51,0.820559713096489,-0.1340073581095345,1.0000000000000002,8.326672684688674e-17
Laplace,0.52,0.8253133458290426,-0.12888644200430022,1.0000000000000002,4.163336342344337e-17
Laplace,0.53,0.8299659788913862,-0.12398708340794165,1.0000000000000002,8.326672684688674e-17
Laplace,0.54,0.8345198365669579,-0.11929653267983714,1.0000000000000002,4.163336342344337e-17
Laplace,0.55,0.8389770894578716,-0.11480297804964745,1.0,-4.163336342344337e-17
Laplace,0.56,0.8433398560995302,-0.11049546189561196,1.0000000000000004,-4.163336342344337e-17
Laplace,0.5700000000000001,0.8476102045028144,-0.10636380572290478,1.0,-4.163336342344337e-17
Laplace,0.58,0.8517901536288887,-0.10239854281593905,1.0000000000000004,0.0
Laplace,0.59,0.8558816748011848,-0.09859085767403236,1.0000000000000002,-4.163336342344337e-17
Laplace,0.6,0.859886693058715,-0.09493253145555167,1.0000000000000002,0.0
Laplace,0.61,0.8638070884544762,-0.09141589275469889,1.0000000000000004,0.0
Laplace,0.62,0.8676446973023927,-0.08803377312012423,1.0,0.0
Laplace,0.63,0.8714013133759293,-0.08477946679772556,1.0000000000000002,4.163336342344337e-17
Laplace,0.64,0.8750786890612527,-0.08164669424309474,1.0,0.0
Laplace,0.65,0.8786785364675748,-0.078629569003664,1.0000000000000002,4.163336342344337e-17
Laplace,0.66,0.8822025284970971,-0.07572256761788079,1.0,4.163336342344337e-17
Laplace,0.67,0.8856522998767866,-0.07292050221984923,1.0000000000000002,0.0
Laplace,0.68,0.8890294481540303,-0.07021849557362664,1.0000000000000004,0.0
Laplace,0.6900000000000001,0.892335534658071,-0.06761195829261663,1.0000000000000004,8.326672684688674e-17
Laplace,0.7000000000000001,0.8955720854289726,-0.06509656802677496,1.0000000000000004,0.0
Laplace,0.71,0.8987405921157439,-0.06266825042432436,1.0000000000000002,-8.326672684688674e-17
Laplace,0.72,0.9018425128451262,-0.060323161695699054,1.0000000000000004,0.0
Laplace,0.73,0.9048792730624496,-0.05805767262598183,1.0000000000000004,0.0
Laplace,0.74,0.9078522663458601,-0.055868353898447326,1.0000000000000004,0.0
Laplace,0.75,0.910762855195137,-0.05375196260628604,1.0000000000000002,-8.326672684688674e-17
Laplace,0.76,0.9136123717962374,-0.051705429842377776,1.0000000000000004,-1.6653345369377348e-16
Laplace,0.77,0.91640211876263,-0.04972584926833998,1.0000000000000004,-1.6653345369377348e-16
Laplace,0.78,0.9191333698544122,-0.047810466574149946,1.0000000000000004,-1.6653345369377348e-16
Laplace,0.79,0.9218073706761483,-0.045956669748588364,1.0000000000000004,-1.6653345369377348e-16
Laplace,0.8,0.9244253393543014,-0.04416198008873779,1.0000000000000004,-2.498001805406602e-16
Laplace,0.81,0.9269884671950854,-0.042424043883851376,1.0000000000000007,-1.6653345369377348e-16
Laplace,0.8200000000000001,0.9294979193235128,-0.04074062471525131,1.0000000000000004,-1.6653345369377348e-16
Laplace,0.8300000000000001,0.9319548353043728,-0.03910959631956694,1.0000000000000004,-1.6653345369377348e-16
Laplace,0.84,0.9343603297458217,-0.03752893596767763,1.0000000000000004,-1.6653345369377348e-16
Laplace,0.85,0.9367154928862533,-0.035996718316248594,1.0000000000000007,-1.6653345369377348e-16
Laplace,0.86,0.9390213911650488,-0.03451110969280409,1.0000000000000007,-2.498001805406602e-16
Laplace,0.87,0.941279067777807,-0.03307036277891784,1.0000000000000004,-1.6653345369377348e-16
Laplace,0.88,0.9434895432165993,-0.03167281165936357,1.0000000000000004,-1.6653345369377348e-16
Laplace,0.89,0.9456538157957795,-0.03031686720800879,1.0000000000000004,-2.498001805406602e-16
Laplace,0.9,0.9477728621638489,-0.029001012783870645,1.0000000000000004,-2.498001805406602e-16
Laplace,0.91,0.9498476378018506,-0.027723800213133056,1.0000000000000004,-2.498001805406602e-16
Laplace,0.92,0.9518790775087482,-0.02648384603506923,1.0000000000000004,-1.6653345369377348e-16
Laplace,0.93,0.9538680958742193,-0.025279827991744455,1.0000000000000004,-2.498001805406602e-16
Laplace,0.9400000000000001,0.9558155877392743,-0.02411048174312146,1.0000000000000004,-2.498001805406602e-16
Laplace,0.9500000000000001,0.9577224286450943,-0.022974597790771868,1.0000000000000004,-2.498001805406602e-16
Laplace,0.96,0.9595894752704683,-0.02187101859481613,1.0000000000000004,-1.6653345369377348e-16
Laplace,0.97,0.9614175658581774,-0.020798635870016638,1.0000000000000004,-1.6653345369377348e-16
Laplace,0.98,0.9632075206306824,-0.019756388048111195,1.0000000000000004,-1.6653345369377348e-16
Laplace,0.99,0.9649601421954346,-0.01874325789454175,1.0000000000000004,-1.6653345369377348e-16
Laplace,1.0,0.9666762159401302,-0.017758270268693165,1.0000000000000007,-2.498001805406602e-16
Laplace,1.01,0.9683565104182078,-0.016800490017634936,1.0000000000000004,-1.6653345369377348e-16
Laplace,1.02,0.9700017777248817,-0.015869019994156137,1.0000000000000004,-1.6653345369377348e-16
Laplace,1.03,0.9716127538639875,-0.01496299919060769,1.0000000000000004,-8.326672684688674e-17
Laplace,1.04,0.9731901591059084,-0.014081600980728234,1.0000000000000002,0.0
Laplace,1.05,0.974734698336842,-0.01322403146223205,1.0000000000000004,-1.6653345369377348e-16
Laplace,1.06,0.9762470613996499,-0.012389527893490635,1.0000000000000004,-1.6653345369377348e-16
Laplace,1.07,0.9777279234265372,-0.011577357218139721,1.0000000000000004,-2.498001805406602e-16
Laplace,1.08,0.9791779451637814,-0.010786814671906841,1.0000000000000004,-2.498001805406602e-16
Laplace,1.09,0.9805977732887402,-0.010017222466374482,1.0000000000000007,-3.3306690738754696e-16
Laplace,1.1,0.9819880407193478,-0.009267928544782072,1.0000000000000004,-3.3306690738754696e-16
Laplace,1.11,0.983349366916306,-0.008538305405323302,1.0000000000000007,-3.3306690738754696e-16
Laplace,1.12,0.9846823581781701,-0.007827748987722583,1.0000000000000004,-2.498001805406602e-16
Laplace,1.1300000000000001,0.9859876079295178,-0.007135677619172793,1.0000000000000004,-4.163336342344337e-16
Laplace,1.1400000000000001,0.9872656970023928,-0.00646153101599269,1.0000000000000004,-1.6653345369377348e-16
Laplace,1.1500000000000001,0.988517193911195,-0.005804769337615313,1.0000000000000004,-2.498001805406602e-16
Laplace,1.16,0.9897426551211954,-0.005164872289753645,1.0000000000000002,-2.498001805406602e-16
Laplace,1.17,0.9909426253108404,-0.004541338273804414,1.0000000000000004,-2.498001805406602e-16
Laplace,1.18,0.9921176376280081,-0.003933683579750795,1.0000000000000004,-2.498001805406602e-16
Laplace,1.19,0.9932682139403763,-0.003341441620007928,1.0000000000000004,-1.6653345369377348e-16
Laplace,1.2,0.9943948650800465,-0.0027641622018259194,1.0000000000000004,-8.326672684688674e-17
Laplace,1.21,0.9954980910825801,-0.0022014108360220745,1.0000000000000007,-1.6653345369377348e-16
Laplace,1.22,0.9965783814205825,-0.001652768079959446,1.0000000000000009,-8.326672684688674e-17
Laplace,1.23,0.9976362152319747,-0.0011178289128249573,1.0000000000000004,-1.6653345369377348e-16
Laplace,1.24,0.9986720615430883,-0.000596202141383818,1.0000000000000004,-8.326672684688674e-17
Laplace,1.25,0.9996863794867112,-8.750983450470716e-05,1.0000000000000009,-8.326672684688674e-17
Laplace,1.26,1.0006796185152105,0.0004086132151424849,1.0000000000000007,-8.326672684688674e-17
Laplace,1.27,1.0016522186088554,0.0008925200037149492,1.0000000000000004,0.0
Laplace,1.28,1.0026046104794581,0.0013645518045553072,1.0000000000000007,0.0
Laplace,1.29,1.0035372157694464,0.001825038633598593,1.0000000000000004,-8.326672684688674e-17
Laplace,1.3,1.004450447246484,0.002274299693064967,1.0000000000000004,0.0
Laplace,1.31,1.0053447089937393,0.002712643794600343,1.0000000000000004,-8.326672684688674e-17
Laplace,1.32,1.006220396595918,0.0031403697629565556,1.0000000000000004,-8.326672684688674e-17
Laplace,1.33,1.0070778973211532,0.003557766821238479,1.0000000000000004,0.0
Laplace,1.34,1.007917590298857,0.003965114958682563,1.0000000000000004,0.0
Laplace,1.35,1.0087398466936297,0.004362685281876139,1.0000000000000004,-8.326672684688674e-17
Laplace,1.36,1.0095450298753215,0.004750740350272769,1.0000000000000004,-8.326672684688674e-17
Laplace,1.37,1.0103334955853343,0.005129534496809072,1.0000000000000007,-8.326672684688674e-17
Laplace,1.3800000000000001,1.0111055920992595,0.005499314134381801,1.0000000000000004,-1.6653345369377348e-16
Laplace,1.3900000000000001,1.0118616603859305,0.005860318048901675,1.0000000000000004,-1.6653345369377348e-16
Laplace,1.4000000000000001,1.0126020342629811,0.006212777679597753,1.0000000000000007,-8.326672684688674e-17
Laplace,1.41,1.0133270405489871,0.006556917387209206,1.0000000000000009,-1.6653345369377348e-16
Laplace,1.42,1.0140369992122746,0.006892954710666193,1.0000000000000007,-1.6653345369377348e-16
Laplace,1.43,1.0147322235164675,0.007221100612825522,1.0000000000000004,-2.498001805406602e-16
Laplace,1.44,1.015413020162859,0.007541559715798753,1.0000000000000004,-1.6653345369377348e-16
Laplace,1.45,1.016079689429668,0.007854530526377652,1.0000000000000004,-3.3306690738754696e-16
Laplace,1.46,1.0167325253082662,0.008160205652036168,1.0000000000000004,-2.498001805406602e-16
Laplace,1.47,1.0173718156364333,0.008458772007962117,1.0000000000000007,-2.498001805406602e-16
Laplace,1.48,1.017997842228719,0.008750411015545613,1.0000000000000004,-1.6653345369377348e-16
Laplace,1.49,1.0186108810039705,0.009035298792730358,1.0000000000000004,-2.498001805406602e-16
Laplace,1.5,1.0192112021100934,0.009313606336610634,1.0000000000000004,-1.6653345369377348e-16
Laplace,1.51,1.019799070046111,0.009585499698637836,1.0000000000000002,-1.6653345369377348e-16
Laplace,1.52,1.0203747437815784,0.009851140152780357,1.0000000000000004,-1.6653345369377348e-16
Laplace,1.53,1.0209384768734173,0.010110684356962482,1.0000000000000002,-2.498001805406602e-16
Laplace,1.54,1.021490517580225,0.010364284508092427,1.0,-1.6653345369377348e-16
Laplace,1.55,1.022031108974118,0.010612088490971276,1.0000000000000002,-1.6653345369377348e-16
Laplace,1.56,1.0225604890501643,0.010854240021361941,1.0000000000000004,-1.6653345369377348e-16
Laplace,1.57,1.023078890833458,0.011090878783481391,1.0,-2.498001805406602e-16
Laplace,1.58,1.0235865424838921,0.011322140562166513,1.0,-3.3306690738754696e-16
Laplace,1.59,1.0240836673986773,0.011548157369951906,1.0,-2.498001805406602e-16
Laplace,1.6,1.0245704843126595,0.011769057569284364,1.0000000000000002,-1.6653345369377348e-16
Laplace,1.61,1.0250472073964845,0.011984965990089642,1.0,-2.498001805406602e-16
Laplace,1.62,1.0255140463526595,0.012196004042894885,1.0000000000000002,-1.6653345369377348e-16
Laplace,1.6300000000000001,1.0259712065095545,0.012402289827700268,1.0000000000000004,-1.6653345369377348e-16
Laplace,1.6400000000000001,1.0264188889133943,0.01260393823878404,1.0000000000000002,-2.498001805406602e-16
Laplace,1.6500000000000001,1.0268572904182782,0.012801061065617632,1.0,-1.6653345369377348e-16
Laplace,1.6600000000000001,1.0272866037742832,0.012993767090055043,1.0000000000000002,-2.498001805406602e-16
Laplace,1.67,1.027707017713678,0.013182162179957829,1.0,-2.498001805406602e-16
Laplace,1.68,1.0281187170353032,0.013366349379405031,1.0,-3.3306690738754696e-16
Laplace,1.69,1.028521882687149,0.01354642899563234,1.0,0.0
Laplace,1.7,1.0289166918471722,0.013722498682837784,1.0,-1.6653345369377348e-16
Laplace,1.71,1.0293033180023954,0.013894653522984416,1.0,-1.6653345369377348e-16
Laplace,1.72,1.0296819310263214,0.014062986103723921,1.0,-1.6653345369377348e-16
Laplace,1.73,1.030052697254699,0.014227586593560458,1.0000000000000002,-1.6653345369377348e-16
Laplace,1.74,1.0304157795596829,0.014388542814367331,1.0000000000000002,-8.326672684688674e-17
Laplace,1.75,1.0307713374224128,0.014545940311364183,1.0000000000000002,-8.326672684688674e-17
Laplace,1.76,1.0311195270040565,0.014699862420657977,1.0000000000000002,-8.326672684688674e-17
Laplace,1.77,1.0314605012153444,0.014850390334445863,1.0000000000000002,-8.326672684688674e-17
Laplace,1.78,1.031794409784625,0.014997603163973585,1.0,-1.6653345369377348e-16
Laplace,1.79,1.0321213993244878,0.015141578000338283,1.0,-2.498001805406602e-16
Laplace,1.8,1.0324416133969634,0.015282389973222208,1.0000000000000004,-1.6653345369377348e-16
Laplace,1.81,1.0327551925773537,0.015420112307638378,1.0000000000000002,-1.6653345369377348e-16
Laplace,1.82,1.0330622745167037,0.01555481637876505,1.0000000000000002,-1.6653345369377348e-16
Laplace,1.83,1.0333629940029567,0.01568657176494618,1.0000000000000002,-1.6653345369377348e-16
Laplace,1.84,1.033657483020814,0.01581544629892576,1.0000000000000004,-1.6653345369377348e-16
Laplace,1.85,1.0339458708103328,0.015941506117386844,1.0000000000000004,-1.6653345369377348e-16
Laplace,1.86,1.034228283924283,0.016064815708858465,1.0,-1.6653345369377348e-16
Laplace,1.87,1.0345048462842967,0.016185437960053964,1.0000000000000002,-1.6653345369377348e-16
Laplace,1.8800000000000001,1.0347756792358296,0.016303434200699615,1.0,-8.326672684688674e-17
Laplace,1.8900000000000001,1.0350409016019668,0.016418864246910324,1.0000000000000002,-8.326672684688674e-17
Laplace,1.9000000000000001,1.0353006297360905,0.01653178644316777,1.0000000000000002,0.0
Laplace,1.9100000000000001,1.0355549775734407,0.01664225770295249,1.0,-1.6653345369377348e-16
Laplace,1.92,1.0358040566815894,0.016750333548080268,1.0,-8.326672684688674e-17
Laplace,1.93,1.0360479763098491,0.016856068146790554,1.0,-1.6653345369377348e-16
Laplace,1.94,1.0362868434376473,0.016959514350632636,1.0,-2.498001805406602e-16
Laplace,1.95,1.0365207628218753,0.017060723730194183,1.0,-2.498001805406602e-16
Laplace,1.96,1.0367498370432486,0.017159746609713478,1.0,-3.3306690738754696e-16
Laplace,1.97,1.0369741665516874,0.01725663210061586,1.0,-3.3306690738754696e-16
Laplace,1.98,1.037193849710746,0.017351428134014232,1.0,-3.3306690738754696e-16
Laplace,1.99,1.037408982841108,0.017444181492208742,1.0,-2.498001805406602e-16
Laplace,2.0,1.0376196602631667,0.01753493783922279,1.0,-2.498001805406602e-16
Laplace,2.0100000000000002,1.0378259743387135,0.017623741750409518,1.0,-2.498001805406602e-16
Laplace,2.02,1.0380280155117507,0.017710636741160427,1.0,-3.3306690738754696e-16
Laplace,2.0300000000000002,1.0382258723484465,0.017795665294748998,1.0,-2.498001805406602e-16
Laplace,2.04,1.0384196315762535,0.01787886888933811,1.0,-1.6653345369377348e-16
Laplace,2.05,1.038609378122206,0.01796028802418154,1.0,-2.498001805406602e-16
Laplace,2.06,1.0387951951504144,0.018039962245046434,1.0,-2.498001805406602e-16
Laplace,2.07,1.0389771640987737,0.01811793016888455,1.0,-3.3306690738754696e-16
Laplace,2.08,1.039155364714905,0.0181942295077765,1.0,-3.3306690738754696e-16
Laplace,2.09,1.0393298750913402,0.018268897092175385,1.0000000000000004,-3.3306690738754696e-16
Laplace,2.1,1.039500771699972,0.0183419688934717,1.0000000000000002,-4.163336342344337e-16
Laplace,2.11,1.0396681294257832,0.018413480045904373,1.0,-1.6653345369377348e-16
Laplace,2.12,1.0398320215998698,0.018483464867838195,1.0000000000000002,-2.498001805406602e-16
Laplace,2.13,1.0399925200317708,0.018551956882429506,1.0000000000000002,-2.498001805406602e-16
Laplace,2.14,1.040149695041126,0.018618988837700277,1.0000000000000004,-1.6653345369377348e-16
Laplace,2.15,1.040303615488666,0.018684592726040568,1.0000000000000004,-1.6653345369377348e-16
Laplace,2.16,1.0404543488065596,0.018748799803156836,1.0000000000000002,-1.6653345369377348e-16
Laplace,2.17,1.0406019610281239,0.018811640606486185,1.0000000000000002,-8.326672684688674e-17
Laplace,2.18,1.0407465168169128,0.018873144973091456,1.0000000000000002,-1.6653345369377348e-16
Laplace,2.19,1.0408880794951996,0.01893334205705676,1.0000000000000002,-2.498001805406602e-16
Laplace,2.2,1.0410267110718632,0.018992260346396943,1.0000000000000002,-2.498001805406602e-16
Laplace,2.21,1.041162472269693,0.01904992767949832,1.0000000000000002,-1.6653345369377348e-16
Laplace,2.22,1.0412954225521212,0.019106371261104475,1.0,-1.6653345369377348e-16
Laplace,2.23,1.0414256201493997,0.019161617677862664,1.0000000000000002,-1.6653345369377348e-16
Laplace,2.24,1.0415531220842285,0.019215692913443917,1.0000000000000002,-2.498001805406602e-16
Laplace,2.25,1.0416779841968513,0.019268622363249804,1.0,-1.6653345369377348e-16
Laplace,2.2600000000000002,1.041800261169624,0.01932043084872062,1.0,-2.498001805406602e-16
Laplace,2.27,1.0419200065510743,0.019371142631254806,1.0,-3.3306690738754696e-16
Laplace,2.2800000000000002,1.0420372727794571,0.01942078142575428,1.0,-1.6653345369377348e-16
Laplace,2.29,1.0421521112058192,0.01946937041380492,1.0,-2.498001805406602e-16
Laplace,2.3000000000000003,1.0422645721165824,0.01951693225650501,1.0,-1.6653345369377348e-16
Laplace,2.31,1.0423747047556575,0.019563489106952103,1.0,-2.498001805406602e-16
Laplace,2.32,1.0424825573460959,0.01960906262239694,1.0,-8.326672684688674e-17
Laplace,2.33,1.0425881771112886,0.019653673976078263,1.0,0.0
Laplace,2.34,1.0426916102957273,0.019697343868743507,1.0,-8.326672684688674e-17
Laplace,2.35,1.0427929021853286,0.019740092539868564,1.0,-8.326672684688674e-17
Laplace,2.36,1.0428920971273379,0.019781939778583536,1.0,-8.326672684688674e-17
Laplace,2.37,1.0429892385498163,0.019822904934314434,1.0,-8.326672684688674e-17
Laplace,2.38,1.0430843689807232,0.019863006927147226,1.0,-8.326672684688674e-17
Laplace,2.39,1.043177530066602,0.019902264257925434,1.0,0.0
Laplace,2.4,1.0432687625908739,0.019940695018086416,1.0,-8.326672684688674e-17
Laplace,2.41,1.043358106491754,0.01997831689924523,1.0,-8.326672684688674e-17
Laplace,2.42,1.0434456008797939,0.020015147202533105,1.0,-1.6653345369377348e-16
Laplace,2.43,1.0435312840550544,0.020051202847697895,1.0000000000000002,-8.326672684688674e-17
Laplace,2.44,1.0436151935239306,0.020086500381972343,1.0000000000000004,-8.326672684688674e-17
Laplace,2.45,1.043697366015616,0.02012105598871928,1.0000000000000002,-8.326672684688674e-17
Laplace,2.46,1.0437778374982316,0.020154885495856263,1.0000000000000004,0.0
Laplace,2.47,1.0438566431946166,0.020188004384069848,1.0000000000000004,-8.326672684688674e-17
Laplace,2.48,1.04393381759779,0.020220427794823272,1.0000000000000002,0.0
Laplace,2.49,1.044009394486092,0.020252170538162785,1.0000000000000004,0.0
Laplace,2.5,1.0440834069380105,0.020283247100331178,1.0,0.0
Laplace,2.5100000000000002,1.0441558873466983,0.02031367165119021,1.0,0.0
Laplace,2.52,1.0442268674341886,0.020343458051460275,1.0,8.326672684688674e-17
Laplace,2.5300000000000002,1.0442963782653156,0.020372619859780373,1.0000000000000002,0.0
Laplace,2.54,1.0443644502613458,0.02040117033959478,1.0000000000000002,8.326672684688674e-17
Laplace,2.5500000000000003,1.0444311132133235,0.020429122465870538,1.0000000000000002,8.326672684688674e-17
Laplace,2.56,1.0444963962951432,0.02045648893164962,1.0000000000000004,0.0
Laplace,2.57,1.0445603280763476,0.02048328215444127,1.0000000000000002,0.0
Laplace,2.58,1.0446229365346584,0.020509514282460183,1.0000000000000004,0.0
Laplace,2.59,1.0446842490682502,0.020535197200710606,1.0000000000000002,8.326672684688674e-17
Laplace,2.6,1.0447442925077663,0.020560342536925118,1.0000000000000002,8.326672684688674e-17
Laplace,2.61,1.0448030931280865,0.020584961667359146,1.0000000000000004,1.6653345369377348e-16
Laplace,2.62,1.0448606766598503,0.02060906572244561,1.0000000000000004,0.0
Laplace,2.63,1.04491706830074,0.020632665592314782,1.0000000000000004,0.0
Laplace,2.64,1.0449722927265293,0.020655771932179896,1.0000000000000004,0.0
Laplace,2.65,1.0450263741019052,0.020678395167596567,1.0000000000000004,0.0
Laplace,2.66,1.0450793360910597,0.020700545499594568,1.0,0.0
Laplace,2.67,1.045131201868068,0.020722232909688568,1.0,0.0
Laplace,2.68,1.045181994127046,0.020743467164770255,1.0,0.0
Laplace,2.69,1.0452317350920985,0.02076425782188361,1.0,0.0
Laplace,2.7,1.0452804465270638,0.02078461423288845,1.0000000000000002,0.0
Laplace,2.71,1.0453281497450506,0.020804545549013544,1.0000000000000002,0.0
Laplace,2.72,1.045374865617782,0.020824060725302976,1.0000000000000004,8.326672684688674e-17
Laplace,2.73,1.045420614584741,0.020843168524957677,1.0000000000000004,0.0
Laplace,2.74,1.045465416662131,0.020861877523576475,1.0000000000000004,0.0
Laplace,2.75,1.045509291451646,0.020880196113296792,1.0000000000000004,0.0
Laplace,2.7600000000000002,1.0455522581490615,0.02089813250683974,1.0000000000000004,0.0
Laplace,2.77,1.0455943355526456,0.02091569474146124,1.0000000000000002,0.0
Laplace,2.7800000000000002,1.045635542071397,0.020932890682810477,1.0000000000000004,8.326672684688674e-17
Laplace,2.79,1.045675895733111,0.02094972802870028,1.0000000000000004,0.0
Laplace,2.8000000000000003,1.0457154141922764,0.02096621431279014,1.0,0.0
Laplace,2.81,1.0457541147378149,0.020982356908182967,1.0000000000000002,0.0
Laplace,2.82,1.0457920143006503,0.02099816303094109,1.0000000000000004,-8.326672684688674e-17
Laplace,2.83,1.0458291294611308,0.021013639743520114,1.0000000000000004,0.0
Laplace,2.84,1.045865476456289,0.02102879395812439,1.0000000000000002,-1.6653345369377348e-16
Laplace,2.85,1.045901071186956,0.02104363243998604,1.0000000000000004,-1.6653345369377348e-16
Laplace,2.86,1.0459359292247281,0.02105816181056861,1.0000000000000002,0.0
Laplace,2.87,1.0459700658187847,0.021072388550698175,1.0000000000000004,-8.326672684688674e-17
Laplace,2.88,1.04600349590257,0.0210863190036226,1.0000000000000002,0.0
Laplace,2.89,1.0460362341003329,0.02109995937800185,1.0000000000000004,-1.6653345369377348e-16
Laplace,2.9,1.046068294733533,0.0211133157508303,1.0000000000000002,-8.326672684688674e-17
Laplace,2.91,1.046099691827112,0.021126394070292903,1.0000000000000002,-2.498001805406602e-16
Laplace,2.92,1.0461304391156365,0.02113920015855622,1.0,-1.6653345369377348e-16
Laplace,2.93,1.046160550049313,0.021151739714497998,1.0000000000000002,-8.326672684688674e-17
Laplace,2.94,1.0461900377998776,0.02116401831637342,1.0,8.326672684688674e-17
Laplace,2.95,1.0462189152663655,0.021176041424422795,1.0,0.0
Laplace,2.96,1.0462471950807577,0.02118781438341956,1.0000000000000002,-8.326672684688674e-17
Laplace,2.97,1.0462748896135134,0.021199342425162405,1.0000000000000002,0.0
Laplace,2.98,1.046302010978987,0.021210630670910578,1.0000000000000002,-8.326672684688674e-17
Laplace,2.99,1.0463285710407315,0.02122168413376499,1.0,-1.6653345369377348e-16
Laplace,3.0,1.0463545814166944,0.021232507720996666,1.0,-8.326672684688674e-17
Laplace,3.0100000000000002,1.0463800534843029,0.02124310623632245,1.0000000000000002,8.326672684688674e-17
Laplace,3.02,1.046404998385447,0.021253484382130948,1.0000000000000004,-8.326672684688674e-17
Laplace,3.0300000000000002,1.0464294270313557,0.021263646761658248,1.0000000000000004,-8.326672684688674e-17
Laplace,3.04,1.0464533501073758,0.021273597881115658,1.0000000000000002,0.0
Laplace,3.0500000000000003,1.0464767780776492,0.02128334215177097,1.0000000000000004,-8.326672684688674e-17
Laplace,3.06,1.0464997211896927,0.021292883891981577,1.0000000000000004,-1.6653345369377348e-16
Laplace,3.0700000000000003,1.0465221894788868,0.02130222732918534,1.0000000000000004,-1.6653345369377348e-16
Laplace,3.08,1.0465441927728658,0.021311376601845934,1.0000000000000007,-1.6653345369377348e-16
Laplace,3.09,1.0465657406958224,0.021320335761354416,1.0000000000000004,0.0
Laplace,3.1,1.0465868426727196,0.02132910877389159,1.0000000000000004,-8.326672684688674e-17
Laplace,3.11,1.0466075079334156,0.02133769952224688,1.0000000000000004,-8.326672684688674e-17
Laplace,3.12,1.0466277455167052,0.021346111807598434,1.0000000000000004,0.0
Laplace,3.13,1.0466475642742754,0.02135434935125361,1.0000000000000004,-1.6653345369377348e-16
Laplace,3.14,1.0466669728745805,0.02136241579635221,1.0000000000000004,0.0
Laplace,3.15,1.0466859798066355,0.02137031470953132,1.0000000000000004,0.0
Laplace,3.16,1.0467045933837325,0.021378049582554196,1.0000000000000004,0.0
Laplace,3.17,1.0467228217470788,0.02138562383390378,1.0000000000000004,-8.326672684688674e-17
Laplace,3.18,1.0467406728693591,0.02139304081034124,1.0000000000000004,-1.6653345369377348e-16
Laplace,3.19,1.046758154558228,0.02140030378843013,1.0000000000000004,-1.6653345369377348e-16
Laplace,3.2,1.0467752744597223,0.02140741597602805,1.0000000000000004,-1.6653345369377348e-16
Laplace,3.21,1.0467920400616126,0.021414380513745914,1.0000000000000004,-1.6653345369377348e-16
Laplace,3.22,1.046808458696675,0.021421200476373817,1.0000000000000007,-1.6653345369377348e-16
Laplace,3.23,1.046824537545905,0.021427878874278564,1.0000000000000004,-8.326672684688674e-17
Laplace,3.24,1.0468402836416568,0.021434418654768694,1.0000000000000004,-1.6653345369377348e-16
Laplace,3.25,1.046855703870722,0.02144082270343118,1.0000000000000007,-1.6653345369377348e-16
Laplace,3.2600000000000002,1.0468708049773425,0.021447093845438147,1.0000000000000007,-2.498001805406602e-16
Laplace,3.27,1.046885593566164,0.021453234846826735,1.0000000000000009,-1.6653345369377348e-16
Laplace,3.2800000000000002,1.046900076105124,0.02145924841574979,1.0000000000000009,-1.6653345369377348e-16
Laplace,3.29,1.046914258928282,0.021465137203700094,1.0000000000000007,-2.498001805406602e-16
Laplace,3.3000000000000003,1.0469281482385933,0.021470903806708977,1.0000000000000007,-3.3306690738754696e-16
Laplace,3.31,1.0469417501106215,0.02147655076651777,1.0000000000000009,-2.498001805406602e-16
Laplace,3.3200000000000003,1.0469550704931971,0.021482080571724828,1.0000000000000009,-3.3306690738754696e-16
Laplace,3.33,1.04696811521202,0.021487495658907632,1.0000000000000009,-3.3306690738754696e-16
Laplace,3.34,1.0469808899722102,0.02149279841372049,1.0000000000000009,-2.498001805406602e-16
Laplace,3.35,1.0469934003608024,0.02149799117196962,1.0000000000000009,-3.3306690738754696e-16
Laplace,3.36,1.0470056518491906,0.021503076220663532,1.0000000000000007,-1.6653345369377348e-16
Laplace,3.37,1.0470176497955237,0.021508055799042504,1.0000000000000007,-1.6653345369377348e-16
Laplace,3.38,1.0470293994470485,0.02151293209958475,1.0000000000000009,-2.498001805406602e-16
Laplace,3.39,1.047040905942406,0.021517707268991555,1.0000000000000009,-8.326672684688674e-17
Laplace,3.4,1.0470521743138792,0.02152238340915169,1.0000000000000007,-1.6653345369377348e-16
Laplace,3.41,1.0470632094895962,0.021526962578084327,1.0000000000000007,-1.6653345369377348e-16
Laplace,3.42,1.0470740162956846,0.02153144679086203,1.0000000000000007,-1.6653345369377348e-16
Laplace,3.43,1.0470845994583842,0.021535838020514918,1.0000000000000007,-1.6653345369377348e-16
Laplace,3.44,1.0470949636061144,0.02154013819891394,1.0000000000000007,-1.6653345369377348e-16
Laplace,3.45,1.0471051132714988,0.021544349217636725,1.0000000000000009,-2.498001805406602e-16
Laplace,3.46,1.0471150528933495,0.021548472928813876,1.0000000000000007,-8.326672684688674e-17
Laplace,3.47,1.047124786818607,0.021552511145958495,1.0000000000000007,-1.6653345369377348e-16
Laplace,3.48,1.047134319304244,0.02155646564477652,1.0000000000000004,-8.326672684688674e-17
Laplace,3.49,1.0471436545191257,0.02156033816396067,1.0000000000000007,-8.326672684688674e-17
Laplace,3.5,1.0471527965458365,0.021564130405967528,1.0000000000000004,0.0
Laplace,3.5100000000000002,1.0471617493824628,0.02156784403777766,1.0000000000000007,-8.326672684688674e-17
Laplace,3.52,1.0471705169443442,0.0215714806916404,1.0000000000000007,-1.6653345369377348e-16
Laplace,3.5300000000000002,1.047179103065785,0.021575041965801546,1.0000000000000004,-8.326672684688674e-17
Laplace,3.54,1.047187511501734,0.021578529425216597,1.0000000000000004,0.0
Laplace,3.5500000000000003,1.047195745929423,0.021581944602248593,1.0000000000000007,-8.326672684688674e-17
Laplace,3.56,1.04720380994998,0.02158528899735116,1.0000000000000004,-8.326672684688674e-17
Laplace,3.5700000000000003,1.0472117070900009,0.021588564079736416,1.0000000000000004,0.0
Laplace,3.58,1.047219440803095,0.02159177128803042,1.0000000000000004,-1.6653345369377348e-16
Laplace,3.59,1.047227014471393,0.021594912030912426,1.0000000000000004,-8.326672684688674e-17
Laplace,3.6,1.0472344314070297,0.02159798768774277,1.0000000000000004,0.0
Laplace,3.61,1.0472416948535894,0.02160099960917583,1.0000000000000007,-8.326672684688674e-17
Laplace,3.62,1.0472488079875277,0.021603949117761003,1.0000000000000004,-8.326672684688674e-17
Laplace,3.63,1.0472557739195594,0.021606837508530825,1.0000000000000002,0.0
Laplace,3.64,1.0472625956960198,0.021609666049575954,1.0000000000000004,0.0
Laplace,3.65,1.0472692763001963,0.02161243598260911,1.0000000000000004,-8.326672684688674e-17
Laplace,3.66,1.0472758186536355,0.021615148523516016,1.0000000000000004,0.0
Laplace,3.67,1.047282225617419,0.021617804862895794,1.0000000000000004,8.326672684688674e-17
Laplace,3.68,1.0472884999934151,0.021620406166588974,1.0000000000000004,0.0
Laplace,3.69,1.047294644525506,0.021622953576194814,1.0000000000000002,0.0
Laplace,3.7,1.0473006619007865,0.021625448209578034,1.0000000000000004,0.0
Laplace,3.71,1.0473065547507403,0.021627891161363846,1.0000000000000004,0.0
Laplace,3.72,1.0473123256523897,0.021630283503424084,1.0000000000000004,-8.326672684688674e-17
Laplace,3.73,1.0473179771294245,0.021632626285351488,1.0000000000000004,0.0
Laplace,3.74,1.0473235116533046,0.021634920534925356,1.0000000000000004,8.326672684688674e-17
Laplace,3.75,1.0473289316443415,0.0216371672585661,1.0000000000000002,1.6653345369377348e-16
Laplace,3.7600000000000002,1.0473342394727574,0.021639367441781625,1.0,8.326672684688674e-17
Laplace,3.77,1.047339437459721,0.02164152204960324,1.0,0.0
Laplace,3.7800000000000002,1.0473445278783626,0.02164363202701257,1.0,1.6653345369377348e-16
Laplace,3.79,1.0473495129547705,0.02164569829936054,1.0,0.0
Laplace,3.8000000000000003,1.0473543948689619,0.021647721772775658,1.0,8.326672684688674e-17
Laplace,3.81,1.047359175755838,0.021649703334565555,1.0,0.0
Laplace,3.8200000000000003,1.047363857706117,0.021651643853609195,1.0,1.6653345369377348e-16
Laplace,3.83,1.04736844276725,0.021653544180740572,1.0,1.6653345369377348e-16
Laplace,3.84,1.0473729329443144,0.021655405149125364,1.0,1.6653345369377348e-16
Laplace,3.85,1.0473773302008926,0.021657227574628526,1.0,-8.326672684688674e-17
Laplace,3.86,1.0473816364599293,0.02165901225617505,1.0,8.326672684688674e-17
Laplace,3.87,1.0473858536045741,0.02166075997610299,1.0,0.0
Laplace,3.88,1.0473899834790048,0.021662471500508353,1.0,8.326672684688674e-17
Laplace,3.89,1.0473940278892333,0.02166414757958392,1.0,-8.326672684688674e-17
Laplace,3.9,1.0473979886038949,0.02166578894795034,1.0,8.326672684688674e-17
Laplace,3.91,1.047401867355024,0.021667396324980007,1.0,8.326672684688674e-17
Laplace,3.92,1.0474056658388107,0.0216689704151145,1.0,8.326672684688674e-17
Laplace,3.93,1.0474093857163402,0.021670511908176,1.0,8.326672684688674e-17
Laplace,3.94,1.0474130286143244,0.021672021479670532,1.0,1.6653345369377348e-16
Laplace,3.95,1.047416596125808,0.02167349979108706,1.0,1.6653345369377348e-16
Laplace,3.96,1.0474200898108688,0.021674947490188102,1.0,8.326672684688674e-17
Laplace,3.97,1.0474235111972985,0.021676365211295876,1.0,0.0
Laplace,3.98,1.0474268617812719,0.021677753575571744,1.0000000000000002,0.0
Laplace,3.99,1.0474301430279997,0.021679113191289984,1.0000000000000002,0.0
Laplace,4.0,1.0474333563723706,0.021680444654105784,1.0,0.0
Laplace,4.01,1.0474365032196005,0.021681748547326855,1.0,0.0
Laplace,4.0200000000000005,1.0474395849457805,0.02168302544214313,1.0,8.326672684688674e-17
Laplace,4.03,1.0474426028985455,0.021684275897904958,1.0000000000000002,0.0
Laplace,4.04,1.047445558397642,0.02168550046236146,1.0000000000000002,1.6653345369377348e-16
Laplace,4.05,1.0474484527355037,0.021686699671901066,1.0,8.326672684688674e-17
Laplace,4.0600000000000005,1.047451287177818,0.021687874051787757,1.0000000000000002,0.0
Laplace,4.07,1.0474540629640805,0.021689024116392473,1.0,0.0
Laplace,4.08,1.0474567813081341,0.02169015036941898,1.0,0.0
Laplace,4.09,1.0474594433987026,0.021691253304126013,1.0,8.326672684688674e-17
Laplace,4.1,1.0474620503999088,0.021692333403544192,1.0,-8.326672684688674e-17
Laplace,4.11,1.0474646034517854,0.021693391140688377,1.0000000000000002,0.0
Laplace,4.12,1.0474671036707714,0.021694426978765998,1.0,0.0
Laplace,4.13,1.0474695521502022,0.021695441371380506,1.0,-8.326672684688674e-17
Laplace,4.14,1.0474719499607872,0.021696434762731046,1.0,-8.326672684688674e-17
Laplace,4.15,1.0474742981510767,0.021697407587807808,1.0,-1.6653345369377348e-16
Laplace,4.16,1.0474765977479232,0.021698360272583324,1.0000000000000004,-1.6653345369377348e-16
Laplace,4.17,1.047478849756928,0.02169929323419934,1.0,-8.326672684688674e-17
Laplace,4.18,1.0474810551628826,0.021700206881150878,1.0000000000000004,-2.498001805406602e-16
Laplace,4.19,1.047483214930198,0.0217011016134651,1.0000000000000002,-8.326672684688674e-17
Laplace,4.2,1.0474853300033273,0.021701977822877687,1.0000000000000002,-1.6653345369377348e-16
Laplace,4.21,1.0474874013071795,0.02170283589300448,1.0000000000000002,-1.6653345369377348e-16
Laplace,4.22,1.047489429747522,0.02170367619951041,1.0,0.0
Laplace,4.23,1.0474914162113778,0.021704499110274285,1.0000000000000002,-1.6653345369377348e-16
Laplace,4.24,1.0474933615674142,0.021705304985550886,1.0000000000000002,-1.6653345369377348e-16
Laplace,4.25,1.0474952666663215,0.02170609417812841,1.0,-1.6653345369377348e-16
Laplace,4.26,1.0474971323411855,0.021706867033484317,1.0000000000000002,-8.326672684688674e-17
Laplace,4.2700000000000005,1.047498959407852,0.02170762388993652,1.0000000000000004,-1.6653345369377348e-16
Laplace,4.28,1.0475007486652825,0.02170836507879173,1.0000000000000002,-2.498001805406602e-16
Laplace,4.29,1.047502500895906,0.02170909092449165,1.0,-2.498001805406602e-16
Laplace,4.3,1.047504216865958,0.021709801744755106,1.0000000000000004,-3.3306690738754696e-16
Laplace,4.3100000000000005,1.0475058973258182,0.02171049785071731,1.0000000000000002,-1.6653345369377348e-16
Laplace,4.32,1.0475075430103373,0.02171117954706661,1.0000000000000002,-3.3306690738754696e-16
Laplace,4.33,1.0475091546391588,0.021711847132178344,1.0000000000000004,-2.498001805406602e-16
Laplace,4.34,1.047510732917034,0.021712500898245685,1.0000000000000002,-2.498001805406602e-16
Laplace,4.3500000000000005,1.0475122785341289,0.02171314113140824,1.0000000000000004,-2.498001805406602e-16
Laplace,4.36,1.0475137921663285,0.021713768111876683,1.0000000000000002,-3.3306690738754696e-16
Laplace,4.37,1.0475152744755292,0.02171438211405684,1.0000000000000004,-1.6653345369377348e-16
Laplace,4.38,1.0475167261099312,0.02171498340666947,1.0000000000000004,-1.6653345369377348e-16
Laplace,4.39,1.04751814770432,0.021715572252868236,1.0000000000000004,-1.6653345369377348e-16
Laplace,4.4,1.0475195398803452,0.0217161489103554,1.0000000000000004,-1.6653345369377348e-16
Laplace,4.41,1.0475209032467907,0.021716713631494557,1.0000000000000007,-1.6653345369377348e-16
Laplace,4.42,1.0475222383998428,0.021717266663421525,1.0000000000000004,-1.6653345369377348e-16
Laplace,4.43,1.047523545923351,0.021717808248152882,1.0000000000000007,-1.6653345369377348e-16
Laplace,4.44,1.047524826389081,0.02171833862269168,1.0000000000000004,-8.326672684688674e-17
Laplace,4.45,1.0475260803569673,0.021718858019131777,1.0000000000000004,-8.326672684688674e-17
Laplace,4.46,1.0475273083753562,0.021719366664759696,1.0000000000000007,-1.6653345369377348e-16
Laplace,4.47,1.0475285109812469,0.021719864782153882,1.0000000000000004,-1.6653345369377348e-16
Laplace,4.48,1.0475296887005259,0.021720352589282833,1.0000000000000009,-1.6653345369377348e-16
Laplace,4.49,1.0475308420481966,0.021720830299600147,1.0000000000000004,-1.6653345369377348e-16
Laplace,4.5,1.047531971528605,0.02172129812213837,1.0000000000000004,-1.6653345369377348e-16
Laplace,4.51,1.0475330776356602,0.021721756261600736,1.0000000000000007,-1.6653345369377348e-16
Laplace,4.5200000000000005,1.0475341608530497,0.021722204918450824,1.0000000000000004,-1.6653345369377348e-16
Laplace,4.53,1.0475352216544525,0.02172264428900031,1.0000000000000004,-1.6653345369377348e-16
Laplace,4.54,1.047536260503744,0.021723074565495236,1.0000000000000004,-1.6653345369377348e-16
Laplace,4.55,1.0475372778552008,0.021723495936200127,1.0000000000000004,-1.6653345369377348e-16
Laplace,4.5600000000000005,1.047538274153699,0.02172390858548065,1.0000000000000004,-2.498001805406602e-16
Laplace,4.57,1.047539249834907,0.021724312693884314,1.0000000000000004,-1.6653345369377348e-16
Laplace,4.58,1.0475402053254794,0.02172470843821956,1.0000000000000007,-1.6653345369377348e-16
Laplace,4.59,1.0475411410432396,0.021725095991633157,1.0000000000000007,-1.6653345369377348e-16
Laplace,4.6000000000000005,1.047542057397366,0.02172547552368676,1.0000000000000007,-1.6653345369377348e-16
Laplace,4.61,1.0475429547885682,0.02172584720043012,1.0000000000000007,-2.498001805406602e-16
Laplace,4.62,1.0475438336092644,0.021726211184474875,1.0000000000000007,-2.498001805406602e-16
Laplace,4.63,1.047544694243752,0.021726567635065183,1.0000000000000004,-2.498001805406602e-16
Laplace,4.64,1.0475455370683753,0.021726916708147408,1.0000000000000007,-3.3306690738754696e-16
Laplace,4.65,1.0475463624516905,0.02172725855643902,1.0000000000000004,-2.498001805406602e-16
Laplace,4.66,1.0475471707546269,0.02172759332949535,1.0000000000000007,-1.6653345369377348e-16
Laplace,4.67,1.047547962330645,0.02172792117377453,1.0000000000000004,-1.6653345369377348e-16
Laplace,4.68,1.0475487375258905,0.021728242232702134,1.0000000000000004,-3.3306690738754696e-16
Laplace,4.69,1.0475494966793464,0.02172855664673423,1.0000000000000007,-3.3306690738754696e-16
Laplace,4.7,1.04755024012298,0.02172886455341856,1.0000000000000004,-2.498001805406602e-16
Laplace,4.71,1.047550968181889,0.02172916608745467,1.0000000000000009,-1.6653345369377348e-16
Laplace,4.72,1.0475516811744447,0.02172946138075333,1.0000000000000007,-1.6653345369377348e-16
Laplace,4.73,1.0475523794124286,0.02172975056249401,1.0000000000000007,-1.6653345369377348e-16
Laplace,4.74,1.0475530632011703,0.021730033759181318,1.0000000000000004,-3.3306690738754696e-16
Laplace,4.75,1.0475537328396816,0.02173031109470093,1.0000000000000009,-1.6653345369377348e-16
Laplace,4.76,1.0475543886207859,0.02173058269037352,1.0000000000000009,-1.6653345369377348e-16
Laplace,4.7700000000000005,1.0475550308312476,0.02173084866500771,1.0000000000000009,-1.6653345369377348e-16
Laplace,4.78,1.047555659751896,0.021731109134952426,1.0000000000000007,-1.6653345369377348e-16
Laplace,4.79,1.0475562756577497,0.021731364214147883,1.0000000000000009,-2.498001805406602e-16
Laplace,4.8,1.0475568788181353,0.021731614014175282,1.0000000000000007,-1.6653345369377348e-16
Laplace,4.8100000000000005,1.0475574694968066,0.021731858644305192,1.0000000000000007,-2.498001805406602e-16
Laplace,4.82,1.0475580479520588,0.021732098211546973,1.0000000000000009,-1.6653345369377348e-16
Laplace,4.83,1.047558614436842,0.0217323328206935,1.0000000000000007,-2.498001805406602e-16
Laplace,4.84,1.0475591691988724,0.021732562574368793,1.0000000000000009,-1.6653345369377348e-16
Laplace,4.8500000000000005,1.047559712480739,0.021732787573072187,1.0000000000000009,-1.6653345369377348e-16
Laplace,4.86,1.0475602445200112,0.021733007915222202,1.0000000000000009,0.0
Laplace,4.87,1.0475607655493422,0.02173322369720021,1.0000000000000004,-1.6653345369377348e-16
Laplace,4.88,1.0475612757965707,0.021733435013392054,1.0000000000000007,-1.6653345369377348e-16
Laplace,4.89,1.0475617754848199,0.021733641956229763,1.0000000000000004,-1.6653345369377348e-16
Laplace,4.9,1.0475622648325964,0.021733844616231696,1.0000000000000007,-3.3306690738754696e-16
Laplace,4.91,1.0475627440538848,0.021734043082042537,1.0000000000000009,-1.6653345369377348e-16
Laplace,4.92,1.0475632133582413,0.021734237440471663,1.0000000000000004,-1.6653345369377348e-16
Laplace,4.93,1.047563672950886,0.021734427776531697,1.0000000000000007,-1.6653345369377348e-16
Laplace,4.94,1.047564123032792,0.021734614173474956,1.0000000000000007,-1.6653345369377348e-16
Laplace,4.95,1.0475645638007731,0.021734796712831052,1.0000000000000007,-1.6653345369377348e-16
Laplace,4.96,1.0475649954475705,0.021734975474441205,1.0000000000000004,-8.326672684688674e-17
Laplace,4.97,1.0475654181619372,0.02173515053649397,1.0000000000000004,-1.6653345369377348e-16
Laplace,4.98,1.0475658321287196,0.021735321975559878,1.0000000000000004,-2.498001805406602e-16
Laplace,4.99,1.0475662375289387,0.021735489866623787,1.0000000000000004,-1.6653345369377348e-16
Laplace,5.0,1.0475666345398709,0.021735654283118695,1.0000000000000004,-1.6653345369377348e-16
