pair_id,c,gamma,t,y_clean,y_base,level,T_cross_true,Gaussian process
0,0.9587666953866232,0.11269637684465651,0.0,0.9587666953866232,0.9587666953866232,1.0563481884223282,0.17130199948821925,0.9587700889683675
0,0.9587666953866232,0.11269637684465651,0.06329113924050633,1.000434040822329,0.9612955016105826,1.0563481884223282,0.17130199948821925,1.0004374337652733
0,0.9587666953866232,0.11269637684465651,0.12658227848101267,1.0353033216376004,0.9636692408513114,1.0563481884223282,0.17130199948821925,1.035303047148928
0,0.9587666953866232,0.11269637684465651,0.189873417721519,1.0642959017315992,0.9658974204923418,1.0563481884223282,0.17130199948821925,1.0642941660659702
0,0.9587666953866232,0.11269637684465651,0.25316455696202533,1.0882166608716433,0.9679889118686783,1.0563481884223282,0.17130199948821925,1.08821550077564
0,0.9587666953866232,0.11269637684465651,0.31645569620253167,1.1077682698050153,0.9699521425721103,1.0563481884223282,0.17130199948821925,1.1077680902451963
0,0.9587666953866232,0.11269637684465651,0.379746835443038,1.1235637420029594,0.9717949865696182,1.0563481884223282,0.17130199948821925,1.123564002367588
0,0.9587666953866232,0.11269637684465651,0.44303797468354433,1.1361374685425336,0.9735247893761083,1.0563481884223282,0.17130199948821925,1.1361375152384279
0,0.9587666953866232,0.11269637684465651,0.5063291139240507,1.14595491797495,0.9751485038383138,1.0563481884223282,0.17130199948821925,1.1459546155467064
0,0.9587666953866232,0.11269637684465651,0.569620253164557,1.1534211613196796,0.9766726511213658,1.0563481884223282,0.17130199948821925,1.1534206294919525
0,0.9587666953866232,0.11269637684465651,0.6329113924050633,1.15888836319807,0.9781033133428939,1.0563481884223282,0.17130199948821925,1.1588880206154355
0,0.9587666953866232,0.11269637684465651,0.6962025316455697,1.1626623632730606,0.9794462266383172,1.0563481884223282,0.17130199948821925,1.1626623044482596
0,0.9587666953866232,0.11269637684465651,0.759493670886076,1.1650084573221797,0.9807067917796181,1.0563481884223282,0.17130199948821925,1.1650087113270933
0,0.9587666953866232,0.11269637684465651,0.8227848101265823,1.1661564742007187,0.9818900447780747,1.0563481884223282,0.17130199948821925,1.166156848205118
0,0.9587666953866232,0.11269637684465651,0.8860759493670887,1.1663052334396928,0.9830007179492798,1.0563481884223282,0.17130199948821925,1.1663055077400684
0,0.9587666953866232,0.11269637684465651,0.949367088607595,1.1656264580844213,0.9840432841554972,1.0563481884223282,0.17130199948821925,1.1656264974986772
0,0.9587666953866232,0.11269637684465651,1.0126582278481013,1.1642682084495743,0.985021913222243,1.0563481884223282,0.17130199948821925,1.1642680842769777
0,0.9587666953866232,0.11269637684465651,1.0759493670886076,1.1623578946025053,0.9859405092910827,1.0563481884223282,0.17130199948821925,1.1623577511275032
0,0.9587666953866232,0.11269637684465651,1.139240506329114,1.1600049184612258,0.9868027767311008,1.0563481884223282,0.17130199948821925,1.1600048522743676
0,0.9587666953866232,0.11269637684465651,1.2025316455696204,1.1573029902951233,0.9876121681591264,1.0563481884223282,0.17130199948821925,1.1573030775499713
0,0.9587666953866232,0.11269637684465651,1.2658227848101267,1.154332159046356,0.9883719044581798,1.0563481884223282,0.17130199948821925,1.1543324121621978
0,0.9587666953866232,0.11269637684465651,1.3291139240506329,1.1511605911438616,0.9890850535340258,1.0563481884223282,0.17130199948821925,1.1511608667093438
0,0.9587666953866232,0.11269637684465651,1.3924050632911393,1.147846128344046,0.9897544717185377,1.0563481884223282,0.17130199948821925,1.1478463583995338
0,0.9587666953866232,0.11269637684465651,1.4556962025316458,1.144437651464807,0.9903828234916453,1.0563481884223282,0.17130199948821925,1.1444377282445146
0,0.9587666953866232,0.11269637684465651,1.518987341772152,1.1409762736235107,0.9909726423492724,1.0563481884223282,0.17130199948821925,1.1409762000847334
0,0.9587666953866232,0.11269637684465651,1.5822784810126582,1.1374963837323209,0.9915262930807052,1.0563481884223282,0.17130199948821925,1.1374962269417046
0,0.9587666953866232,0.11269637684465651,1.6455696202531647,1.1340265586190477,0.9920459818910068,1.0563481884223282,0.17130199948821925,1.13402637566242
0,0.9587666953866232,0.11269637684465651,1.708860759493671,1.1305903597426388,0.9925337989424342,1.0563481884223282,0.17130199948821925,1.130590218436692
0,0.9587666953866232,0.11269637684465651,1.7721518987341773,1.127207028737419,0.9929917027381172,1.0563481884223282,0.17130199948821925,1.1272069719797408
0,0.9587666953866232,0.11269637684465651,1.8354430379746836,1.1238920941410284,0.9934215200261166,1.0563481884223282,0.17130199948821925,1.1238921573335754
0,0.9587666953866232,0.11269637684465651,1.89873417721519,1.1206579003079062,0.9938249752036433,1.0563481884223282,0.17130199948821925,1.120658006351773
0,0.9587666953866232,0.11269637684465651,1.9620253164556964,1.1175140680338902,0.9942036902868858,1.0563481884223282,0.17130199948821925,1.1175141843390866
0,0.9587666953866232,0.11269637684465651,2.0253164556962027,1.114467895417303,0.9945591778291659,1.0563481884223282,0.17130199948821925,1.1144679324193025
0,0.9587666953866232,0.11269637684465651,2.088607594936709,1.111524706317076,0.9948928604613703,1.0563481884223282,0.17130199948821925,1.1115247194818434
0,0.9587666953866232,0.11269637684465651,2.151898734177215,1.108688152945073,0.9952060815208593,1.0563481884223282,0.17130199948821925,1.1086881395787256
0,0.9587666953866232,0.11269637684465651,2.2151898734177218,1.105960478322555,0.9955000934047341,1.0563481884223282,0.17130199948821925,1.1059604431039447
0,0.9587666953866232,0.11269637684465651,2.278481012658228,1.1033427436263146,0.9957760697795295,1.0563481884223282,0.17130199948821925,1.1033427302173928
0,0.9587666953866232,0.11269637684465651,2.3417721518987342,1.100835024833777,0.9960351231811999,1.0563481884223282,0.17130199948821925,1.1008350239924811
0,0.9587666953866232,0.11269637684465651,2.405063291139241,1.0984365825450806,0.9962782905953315,1.0563481884223282,0.17130199948821925,1.098436622408395
0,0.9587666953866232,0.11269637684465651,2.468354430379747,1.0961460083829702,0.996506540288041,1.0563481884223282,0.17130199948821925,1.0961460551488134
0,0.9587666953866232,0.11269637684465651,2.5316455696202533,1.0939613509531763,0.9967207936462945,1.0563481884223282,0.17130199948821925,1.0939613801197903
0,0.9587666953866232,0.11269637684465651,2.5949367088607596,1.0918802239817673,0.9969219088064496,1.0563481884223282,0.17130199948821925,1.091880226160113
0,0.9587666953866232,0.11269637684465651,2.6582278481012658,1.0898998989226254,0.9971106860372732,1.0563481884223282,0.17130199948821925,1.0898998853349473
0,0.9587666953866232,0.11269637684465651,2.7215189873417724,1.0880173840436382,0.9972878869560498,1.0563481884223282,0.17130199948821925,1.0880173502460344
0,0.9587666953866232,0.11269637684465651,2.7848101265822787,1.0862294917568205,0.9974542217801218,1.0563481884223282,0.17130199948821925,1.0862294740728
0,0.9587666953866232,0.11269637684465651,2.848101265822785,1.0845328957345244,0.9976103531370292,1.0563481884223282,0.17130199948821925,1.0845328988975018
0,0.9587666953866232,0.11269637684465651,2.9113924050632916,1.0829241791605777,0.9977569093702027,1.0563481884223282,0.17130199948821925,1.082924211818949
0,0.9587666953866232,0.11269637684465651,2.9746835443037978,1.081399875286585,0.997894478677498,1.0563481884223282,0.17130199948821925,1.0813999498617388
0,0.9587666953866232,0.11269637684465651,3.037974683544304,1.0799565013540606,0.9980236097177216,1.0563481884223282,0.17130199948821925,1.0799566029217986
0,0.9587666953866232,0.11269637684465651,3.1012658227848102,1.0785905867577747,0.9981448208790306,1.0563481884223282,0.17130199948821925,1.0785906569676666
0,0.9587666953866232,0.11269637684465651,3.1645569620253164,1.0772986962476472,0.9982585993022982,1.0563481884223282,0.17130199948821925,1.0772987688093096
0,0.9587666953866232,0.11269637684465651,3.227848101265823,1.0760774488716025,0.9983653992788741,1.0563481884223282,0.17130199948821925,1.0760774941264237
0,0.9587666953866232,0.11269637684465651,3.2911392405063293,1.074923533232111,0.9984656484807216,1.0563481884223282,0.17130199948821925,1.0749235407850348
0,0.9587666953866232,0.11269637684465651,3.3544303797468356,1.0738337196096814,0.9985597503530849,1.0563481884223282,0.17130199948821925,1.0738336893078695
0,0.9587666953866232,0.11269637684465651,3.417721518987342,1.0728048693875227,0.9986480810502074,1.0563481884223282,0.17130199948821925,1.0728048350937867
0,0.9587666953866232,0.11269637684465651,3.4810126582278484,1.0718339421808722,0.9987309934009311,1.0563481884223282,0.17130199948821925,1.0718339226340101
0,0.9587666953866232,0.11269637684465651,3.5443037974683547,1.0709180010240138,0.9988088215337927,1.0563481884223282,0.17130199948821925,1.070918006386661
0,0.9587666953866232,0.11269637684465651,3.607594936708861,1.070054215898958,0.9988818769049274,1.0563481884223282,0.17130199948821925,1.0700542473402912
0,0.9587666953866232,0.11269637684465651,3.670886075949367,1.0692398658768894,0.9989504505958325,1.0563481884223282,0.17130199948821925,1.0692399081046475
0,0.9587666953866232,0.11269637684465651,3.7341772151898738,1.0684723400949274,0.9990148193275343,1.0563481884223282,0.17130199948821925,1.0684724010211892
0,0.9587666953866232,0.11269637684465651,3.79746835443038,1.0677491377596167,0.999075240912394,1.0563481884223282,0.17130199948821925,1.0677491664140233
0,0.9587666953866232,0.11269637684465651,3.8607594936708862,1.0670678673477352,0.9991319557087284,1.0563481884223282,0.17130199948821925,1.0670678846689194
0,0.9587666953866232,0.11269637684465651,3.924050632911393,1.0664262451484467,0.9991851926732082,1.0563481884223282,0.17130199948821925,1.0664262494265866
0,0.9587666953866232,0.11269637684465651,3.987341772151899,1.0658220932719096,0.9992351651054182,1.0563481884223282,0.17130199948821925,1.065822096695591
0,0.9587666953866232,0.11269637684465651,4.050632911392405,1.065253337229964,0.9992820720236918,1.0563481884223282,0.17130199948821925,1.0652533508507545
0,0.9587666953866232,0.11269637684465651,4.113924050632912,1.0647180031813948,0.9993261023203062,1.0563481884223282,0.17130199948821925,1.0647180251240798
0,0.9587666953866232,0.11269637684465651,4.177215189873418,1.0642142149197544,0.9993674326487699,1.0563481884223282,0.17130199948821925,1.0642142490964737
0,0.9587666953866232,0.11269637684465651,4.2405063291139244,1.0637401906701385,0.9994062277972965,1.0563481884223282,0.17130199948821925,1.0637402161689167
0,0.9587666953866232,0.11269637684465651,4.30379746835443,1.063294239751318,0.999442643603672,1.0563481884223282,0.17130199948821925,1.0632942549918545
0,0.9587666953866232,0.11269637684465651,4.367088607594937,1.0628747591508592,0.9994768263710421,1.0563481884223282,0.17130199948821925,1.062874760981348
0,0.9587666953866232,0.11269637684465651,4.4303797468354436,1.0624802300532186,0.9995089125447022,1.0563481884223282,0.17130199948821925,1.062480232156501
0,0.9587666953866232,0.11269637684465651,4.493670886075949,1.062109214354142,0.999539030691462,1.0563481884223282,0.17130199948821925,1.062109216119705
0,0.9587666953866232,0.11269637684465651,4.556962025316456,1.0617603511888478,0.9995673019781941,1.0563481884223282,0.17130199948821925,1.061760366758321
0,0.9587666953866232,0.11269637684465651,4.620253164556963,1.0614323534987444,0.9995938393818714,1.0563481884223282,0.17130199948821925,1.0614323767426788
0,0.9587666953866232,0.11269637684465651,4.6835443037974684,1.0611240046530017,0.999618748970007,1.0563481884223282,0.17130199948821925,1.0611240208500872
0,0.9587666953866232,0.11269637684465651,4.746835443037975,1.060834155141151,0.999642131091939,1.0563481884223282,0.17130199948821925,1.0608341538784096
0,0.9587666953866232,0.11269637684465651,4.810126582278482,1.060561719348694,0.9996640792929685,1.0563481884223282,0.17130199948821925,1.0605617116279114
0,0.9587666953866232,0.11269637684465651,4.8734177215189876,1.0603056724212438,0.9996846810781645,1.0563481884223282,0.17130199948821925,1.0603056761684113
0,0.9587666953866232,0.11269637684465651,4.936708860759494,1.0600650472251458,0.9997040195549723,1.0563481884223282,0.17130199948821925,1.0600650492066745
0,0.9587666953866232,0.11269637684465651,5.0,1.05983893143141,0.9997221721786977,1.0563481884223282,0.17130199948821925,1.0598389241908217
2,0.7834383285257762,0.12454794748172036,0.0,0.7834383285257762,0.7834383285257762,1.0622739737408602,0.5226475472967368,0.7834392692644498
2,0.7834383285257762,0.12454794748172036,0.06329113924050633,0.8399744881460357,0.796719885942288,1.0622739737408602,0.5226475472967368,0.8399761689722836
2,0.7834383285257762,0.12454794748172036,0.12658227848101267,0.8883545120631043,0.8091870151825046,1.0622739737408602,0.5226475472967368,0.888354365396993
2,0.7834383285257762,0.12454794748172036,0.189873417721519,0.9296361032179832,0.8208896500290412,1.0622739737408602,0.5226475472967368,0.929635239389786
2,0.7834383285257762,0.12454794748172036,0.25316455696202533,0.9647458113725891,0.8318743836704586,1.0622739737408602,0.5226475472967368,0.9647452581290233
2,0.7834383285257762,0.12454794748172036,0.31645569620253167,0.9944949577887513,0.8421854787090752,1.0622739737408602,0.5226475472967368,0.9944950347398712
2,0.7834383285257762,0.12454794748172036,0.379746835443038,1.0195936462337165,0.8518642900512307,1.0622739737408602,0.5226475472967368,1.0195939460368013
2,0.7834383285257762,0.12454794748172036,0.44303797468354433,1.0406630890641941,0.8609493971171539,1.0622739737408602,0.5226475472967368,1.0406632932047066
2,0.7834383285257762,0.12454794748172036,0.5063291139240507,1.0582464498727933,0.8694773169923413,1.0622739737408602,0.5226475472967368,1.0582464108986316
2,0.7834383285257762,0.12454794748172036,0.569620253164557,1.0728183801883464,0.8774822995249215,1.0622739737408602,0.5226475472967368,1.0728182657829086
2,0.7834383285257762,0.12454794748172036,0.6329113924050633,1.0847934065232518,0.8849962886391635,1.0622739737408602,0.5226475472967368,1.0847933427286167
2,0.7834383285257762,0.12454794748172036,0.6962025316455697,1.0945333054283735,0.8920494111242211,1.0622739737408602,0.5226475472967368,1.0945334328263099
2,0.7834383285257762,0.12454794748172036,0.759493670886076,1.1023535877885657,0.898670032405051,1.0622739737408602,0.5226475472967368,1.102353848479382
2,0.7834383285257762,0.12454794748172036,0.8227848101265823,1.1085291991192148,0.904884602144862,1.0622739737408602,0.5226475472967368,1.108529471583393
2,0.7834383285257762,0.12454794748172036,0.8860759493670887,1.1132995298787964,0.910717974965038,1.0622739737408602,0.5226475472967368,1.1132996627625333
2,0.7834383285257762,0.12454794748172036,0.949367088607595,1.1168728185854833,0.9161936428106792,1.0622739737408602,0.5226475472967368,1.1168727896493404
2,0.7834383285257762,0.12454794748172036,1.0126582278481013,1.1194300206365884,0.9213335060458697,1.0622739737408602,0.5226475472967368,1.11942989702988
2,0.7834383285257762,0.12454794748172036,1.0759493670886076,1.1211282070151818,0.9261580696345239,1.0622739737408602,0.5226475472967368,1.1211281079627684
2,0.7834383285257762,0.12454794748172036,1.139240506329114,1.1221035494057108,0.9306867893143805,1.0622739737408602,0.5226475472967368,1.1221034848821865
2,0.7834383285257762,0.12454794748172036,1.2025316455696204,1.1224739414713998,0.9349377985937409,1.0622739737408602,0.5226475472967368,1.1224739869219245
2,0.7834383285257762,0.12454794748172036,1.2658227848101267,1.1223413001026883,0.9389280138904618,1.0622739737408602,0.5226475472967368,1.1223414728838614
2,0.7834383285257762,0.12454794748172036,1.3291139240506329,1.1217935852067789,0.942673548169696,1.0622739737408602,0.5226475472967368,1.1217937434803331
2,0.7834383285257762,0.12454794748172036,1.3924050632911393,1.120906571965095,0.9461894031881679,1.0622739737408602,0.5226475472967368,1.120906701398179
2,0.7834383285257762,0.12454794748172036,1.4556962025316458,1.119745405448317,0.9494895730759293,1.0622739737408602,0.5226475472967368,1.1197454097301218
2,0.7834383285257762,0.12454794748172036,1.518987341772152,1.1183659639244516,0.9525873640211961,1.0622739737408602,0.5226475472967368,1.1183658926827047
2,0.7834383285257762,0.12454794748172036,1.5822784810126582,1.1168160539573988,0.955495196147101,1.0622739737408602,0.5226475472967368,1.1168159622917115
2,0.7834383285257762,0.12454794748172036,1.6455696202531647,1.1151364576713103,0.958224656675687,1.0622739737408602,0.5226475472967368,1.1151363720927363
2,0.7834383285257762,0.12454794748172036,1.708860759493671,1.1133618501785396,0.9607867233599195,1.0622739737408602,0.5226475472967368,1.1133618019140177
2,0.7834383285257762,0.12454794748172036,1.7721518987341773,1.111521602814967,0.9631916824651214,1.0622739737408602,0.5226475472967368,1.1115216109533135
2,0.7834383285257762,0.12454794748172036,1.8354430379746836,1.1096404862130704,0.9654491282650743,1.0622739737408602,0.5226475472967368,1.1096405152525324
2,0.7834383285257762,0.12454794748172036,1.89873417721519,1.107739285275302,0.9675681174760867,1.0622739737408602,0.5226475472967368,1.1077393348835238
2,0.7834383285257762,0.12454794748172036,1.9620253164556964,1.105835336899797,0.9695571690985194,1.0622739737408602,0.5226475472967368,1.105835341031097
2,0.7834383285257762,0.12454794748172036,2.0253164556962027,1.1039429998471495,0.9714242272221962,1.0622739737408602,0.5226475472967368,1.1039429683232311
2,0.7834383285257762,0.12454794748172036,2.088607594936709,1.1020740650547947,0.9731767636548121,1.0622739737408602,0.5226475472967368,1.1020739999092903
2,0.7834383285257762,0.12454794748172036,2.151898734177215,1.1002381137289754,0.9748218337460867,1.0622739737408602,0.5226475472967368,1.1002380929937876
2,0.7834383285257762,0.12454794748172036,2.2151898734177218,1.0984428296253208,0.97636601521789,1.0622739737408602,0.5226475472967368,1.0984428394654548
2,0.7834383285257762,0.12454794748172036,2.278481012658228,1.0966942711540741,0.9778154722908435,1.0622739737408602,0.5226475472967368,1.0966943216228107
2,0.7834383285257762,0.12454794748172036,2.3417721518987342,1.094997108282655,0.9791760481213004,1.0622739737408602,0.5226475472967368,1.0949971656848387
2,0.7834383285257762,0.12454794748172036,2.405063291139241,1.0933548285943777,0.9804531890671009,1.0622739737408602,0.5226475472967368,1.0933548950105496
2,0.7834383285257762,0.12454794748172036,2.468354430379747,1.091769916334017,0.9816519805641714,1.0622739737408602,0.5226475472967368,1.091769962254482
2,0.7834383285257762,0.12454794748172036,2.5316455696202533,1.0902440078060798,0.982777261834189,1.0622739737408602,0.5226475472967368,1.0902440228111716
2,0.7834383285257762,0.12454794748172036,2.5949367088607596,1.0887780260822104,0.983833539899951,1.0622739737408602,0.5226475472967368,1.0887780177812492
2,0.7834383285257762,0.12454794748172036,2.6582278481012658,1.087372297614277,0.9848250178575569,1.0622739737408602,0.5226475472967368,1.0873722736289393
2,0.7834383285257762,0.12454794748172036,2.7215189873417724,1.0860266530330183,0.9857556958014388,1.0622739737408602,0.5226475472967368,1.0860266332586754
2,0.7834383285257762,0.12454794748172036,2.7848101265822787,1.0847405141254738,0.9866293038681004,1.0622739737408602,0.5226475472967368,1.0847405075620815
2,0.7834383285257762,0.12454794748172036,2.848101265822785,1.0835129687535192,0.9874493222473802,1.0622739737408602,0.5226475472967368,1.0835129873485643
2,0.7834383285257762,0.12454794748172036,2.9113924050632916,1.0823428352573983,0.9882190510653502,1.0622739737408602,0.5226475472967368,1.0823428806555098
2,0.7834383285257762,0.12454794748172036,2.9746835443037978,1.0812287176842825,0.9889415795992799,1.0622739737408602,0.5226475472967368,1.081228773622816
2,0.7834383285257762,0.12454794748172036,3.037974683544304,1.0801690530153367,0.9896197894631829,1.0622739737408602,0.5226475472967368,1.0801691237683857
2,0.7834383285257762,0.12454794748172036,3.1012658227848102,1.0791621514707865,0.9902564032864128,1.0622739737408602,0.5226475472967368,1.0791622020591356
2,0.7834383285257762,0.12454794748172036,3.1645569620253164,1.0782062307385083,0.9908539795843022,1.0622739737408602,0.5226475472967368,1.078206260806884
2,0.7834383285257762,0.12454794748172036,3.227848101265823,1.0772994449852489,0.9914149043430014,1.0622739737408602,0.5226475472967368,1.0772994443202473
2,0.7834383285257762,0.12454794748172036,3.2911392405063293,1.0764399092903476,0.991941423740844,1.0622739737408602,0.5226475472967368,1.0764398821801318
2,0.7834383285257762,0.12454794748172036,3.3544303797468356,1.075625720162347,0.9924356567148648,1.0622739737408602,0.5226475472967368,1.0756257039674442
2,0.7834383285257762,0.12454794748172036,3.417721518987342,1.074854972617492,0.9928995788668905,1.0622739737408602,0.5226475472967368,1.0748549567879186
2,0.7834383285257762,0.12454794748172036,3.4810126582278484,1.0741257743407664,0.9933350432912679,1.0622739737408602,0.5226475472967368,1.0741257731680038
2,0.7834383285257762,0.12454794748172036,3.5443037974683547,1.0734362572882483,0.993743804866363,1.0622739737408602,0.5226475472967368,1.0734362718882862
2,0.7834383285257762,0.12454794748172036,3.607594936708861,1.0727845871093975,0.9941274993927024,1.0622739737408602,0.5226475472967368,1.0727846149306328
2,0.7834383285257762,0.12454794748172036,3.670886075949367,1.0721689707014619,0.9944876556610613,1.0622739737408602,0.5226475472967368,1.0721690015871086
2,0.7834383285257762,0.12454794748172036,3.7341772151898738,1.07158766214948,0.9948257270394977,1.0622739737408602,0.5226475472967368,1.0715877018427828
2,0.7834383285257762,0.12454794748172036,3.79746835443038,1.0710389672963037,0.9951430675857603,1.0622739737408602,0.5226475472967368,1.071038995501198
2,0.7834383285257762,0.12454794748172036,3.8607594936708862,1.0705212471456513,0.9954409396871251,1.0622739737408602,0.5226475472967368,1.0705212517140006
2,0.7834383285257762,0.12454794748172036,3.924050632911393,1.0700329202753076,0.9957205458482125,1.0622739737408602,0.5226475472967368,1.0700329201443146
2,0.7834383285257762,0.12454794748172036,3.987341772151899,1.0695724644119904,0.9959830063409745,1.0622739737408602,0.5226475472967368,1.0695724642011264
2,0.7834383285257762,0.12454794748172036,4.050632911392405,1.0691384173026324,0.9962293664307195,1.0622739737408602,0.5226475472967368,1.0691384258412058
2,0.7834383285257762,0.12454794748172036,4.113924050632912,1.06872937699748,0.9964606181996417,1.0622739737408602,0.5226475472967368,1.0687293970955345
2,0.7834383285257762,0.12454794748172036,4.177215189873418,1.0683440016445303,0.9966776894506272,1.0622739737408602,0.5226475472967368,1.068344023505772
2,0.7834383285257762,0.12454794748172036,4.2405063291139244,1.0679810088812745,0.9968814456687797,1.0622739737408602,0.5226475472967368,1.067981028179513
2,0.7834383285257762,0.12454794748172036,4.30379746835443,1.0676391748978216,0.9970727053306144,1.0622739737408602,0.5226475472967368,1.067639182089409
2,0.7834383285257762,0.12454794748172036,4.367088607594937,1.0673173332350847,0.9972522368357069,1.0622739737408602,0.5226475472967368,1.0673173352468175
2,0.7834383285257762,0.12454794748172036,4.4303797468354436,1.0670143733726223,0.9974207568091633,1.0622739737408602,0.5226475472967368,1.0670143744823704
2,0.7834383285257762,0.12454794748172036,4.493670886075949,1.0667292391528291,0.997578940497451,1.0622739737408602,0.5226475472967368,1.0667292531468529
2,0.7834383285257762,0.12454794748172036,4.556962025316456,1.0664609270812258,0.9977274242817875,1.0622739737408602,0.5226475472967368,1.0664609491372332
2,0.7834383285257762,0.12454794748172036,4.620253164556963,1.0662084845364521,0.9978668015291705,1.0622739737408602,0.5226475472967368,1.0662085076070187
2,0.7834383285257762,0.12454794748172036,4.6835443037974684,1.0659710079181095,0.9979976293173722,1.0622739737408602,0.5226475472967368,1.0659710198565395
2,0.7834383285257762,0.12454794748172036,4.746835443037975,1.0657476407591926,0.9981204346916858,1.0622739737408602,0.5226475472967368,1.0657476389197746
2,0.7834383285257762,0.12454794748172036,4.810126582278482,1.0655375718208526,0.998235708961954,1.0622739737408602,0.5226475472967368,1.0655375664321438
2,0.7834383285257762,0.12454794748172036,4.8734177215189876,1.0653400331871805,0.9983439117140572,1.0622739737408602,0.5226475472967368,1.065340046984886
2,0.7834383285257762,0.12454794748172036,4.936708860759494,1.0651542983724387,0.9984454794370985,1.0622739737408602,0.5226475472967368,1.0651543185417707
2,0.7834383285257762,0.12454794748172036,5.0,1.0649796804473135,0.9985408189344199,1.0622739737408602,0.5226475472967368,1.064979693564231
3,1.0254101662830692,0.11784891463993936,0.0,1.0254101662830692,1.0254101662830692,1.0589244573199696,0.05309092484005948,1.0254139754703722
3,1.0254101662830692,0.11784891463993936,0.06329113924050633,1.0647797111196227,1.0238517807194825,1.0589244573199696,0.05309092484005948,1.0647832281300422
3,1.0254101662830692,0.11784891463993936,0.12658227848101267,1.097298140616178,1.0223889557195187,1.0589244573199696,0.05309092484005948,1.0972977688965266
3,1.0254101662830692,0.11784891463993936,0.189873417721519,1.1239131355104734,1.021015832325262,1.0589244573199696,0.05309092484005948,1.12391128175515
3,1.0254101662830692,0.11784891463993936,0.25316455696202533,1.1454515362184339,1.019726943545897,1.0589244573199696,0.05309092484005948,1.1454503368132862
3,1.0254101662830692,0.11784891463993936,0.31645569620253167,1.1626342111522423,1.018517095848896,1.0589244573199696,0.05309092484005948,1.1626341489952834
3,1.0254101662830692,0.11784891463993936,0.379746835443038,1.1760891265223106,1.0173814368749305,1.0589244573199696,0.05309092484005948,1.1760894707022056
3,1.0254101662830692,0.11784891463993936,0.44303797468354433,1.1863628333483818,1.0163154399250869,1.0589244573199696,0.05309092484005948,1.1863630102163962
3,1.0254101662830692,0.11784891463993936,0.5063291139240507,1.193930561632875,1.0153148202835685,1.0589244573199696,0.05309092484005948,1.193930260472337
3,1.0254101662830692,0.11784891463993936,0.569620253164557,1.1992050889602888,1.0143755592598551,1.0589244573199696,0.05309092484005948,1.1992045418702173
3,1.0254101662830692,0.11784891463993936,0.6329113924050633,1.202544530798605,1.0134939087279662,1.0589244573199696,0.05309092484005948,1.2025440656853603
3,1.0254101662830692,0.11784891463993936,0.6962025316455697,1.2042591821725737,1.012666333774651,1.0589244573199696,0.05309092484005948,1.2042590367515418
3,1.0254101662830692,0.11784891463993936,0.759493670886076,1.2046175248715982,1.0118895061555349,1.0589244573199696,0.05309092484005948,1.20461769967662
3,1.0254101662830692,0.11784891463993936,0.8227848101265823,1.2038515006969381,1.0111603224112862,1.0589244573199696,0.05309092484005948,1.2038518568243233
3,1.0254101662830692,0.11784891463993936,0.8860759493670887,1.2021611392239901,1.010475866236088,1.0589244573199696,0.05309092484005948,1.2021614397952474
3,1.0254101662830692,0.11784891463993936,0.949367088607595,1.1997186179615145,1.0098333812131313,1.0589244573199696,0.05309092484005948,1.199718621403317
3,1.0254101662830692,0.11784891463993936,1.0126582278481013,1.1966718234599956,1.0092302976730512,1.0589244573199696,0.05309092484005948,1.1966716939725954
3,1.0254101662830692,0.11784891463993936,1.0759493670886076,1.1931474737053427,1.0086642096751317,1.0589244573199696,0.05309092484005948,1.1931472784936925
3,1.0254101662830692,0.11784891463993936,1.139240506329114,1.189253854899376,1.0081328343891396,1.0589244573199696,0.05309092484005948,1.1892537748351535
3,1.0254101662830692,0.11784891463993936,1.2025316455696204,1.1850832193583027,1.007634044128037,1.0589244573199696,0.05309092484005948,1.1850832861641531
3,1.0254101662830692,0.11784891463993936,1.2658227848101267,1.1807138856508164,1.0071658540115462,1.0589244573199696,0.05309092484005948,1.1807141933500978
3,1.0254101662830692,0.11784891463993936,1.3291139240506329,1.176212077140395,1.006726373432151,1.0589244573199696,0.05309092484005948,1.1762124195839394
3,1.0254101662830692,0.11784891463993936,1.3924050632911393,1.171633530777722,1.006313842165476,1.0589244573199696,0.05309092484005948,1.1716337868116788
3,1.0254101662830692,0.11784891463993936,1.4556962025316458,1.1670249041543348,1.0059266182165676,1.0589244573199696,0.05309092484005948,1.1670250270370774
3,1.0254101662830692,0.11784891463993936,1.518987341772152,1.162425005430523,1.005563140309819,1.0589244573199696,0.05309092484005948,1.1624249723205764
3,1.0254101662830692,0.11784891463993936,1.5822784810126582,1.1578658677727223,1.0052219511356708,1.0589244573199696,0.05309092484005948,1.1578656976495463
3,1.0254101662830692,0.11784891463993936,1.6455696202531647,1.153373687437137,1.0049016911126374,1.0589244573199696,0.05309092484005948,1.1533734870760226
3,1.0254101662830692,0.11784891463993936,1.708860759493671,1.1489696421352307,1.0046010721710144,1.0589244573199696,0.05309092484005948,1.1489695210098116
3,1.0254101662830692,0.11784891463993936,1.7721518987341773,1.1446706045123012,1.0043188873764883,1.0589244573199696,0.05309092484005948,1.1446705497657335
3,1.0254101662830692,0.11784891463993936,1.8354430379746836,1.1404897635952571,1.0040540109892617,1.0589244573199696,0.05309092484005948,1.1404898351551755
3,1.0254101662830692,0.11784891463993936,1.89873417721519,1.1364371656699568,1.0038053803436018,1.0589244573199696,0.05309092484005948,1.1364372889265617
3,1.0254101662830692,0.11784891463993936,1.9620253164556964,1.1325201844956865,1.003571995866434,1.0589244573199696,0.05309092484005948,1.132520312244787
3,1.0254101662830692,0.11784891463993936,2.0253164556962027,1.128743929726046,1.0033529254415532,1.0589244573199696,0.05309092484005948,1.1287440445895074
3,1.0254101662830692,0.11784891463993936,2.088607594936709,1.125111601193382,1.0031472923677651,1.0589244573199696,0.05309092484005948,1.1251116200172822
3,1.0254101662830692,0.11784891463993936,2.151898734177215,1.1216247958489216,1.0029542688087854,1.0589244573199696,0.05309092484005948,1.1216247871981402
3,1.0254101662830692,0.11784891463993936,2.2151898734177218,1.118283773314199,1.0027730829705774,1.0589244573199696,0.05309092484005948,1.1182837410287692
3,1.0254101662830692,0.11784891463993936,2.278481012658228,1.115087685262642,1.0026030115770885,1.0589244573199696,0.05309092484005948,1.115087651357283
3,1.0254101662830692,0.11784891463993936,2.3417721518987342,1.1120347732096543,1.002443369024197,1.0589244573199696,0.05309092484005948,1.112034761658874
3,1.0254101662830692,0.11784891463993936,2.405063291139241,1.1091225387342143,1.0022935162659556,1.0589244573199696,0.05309092484005948,1.1091225426949156
3,1.0254101662830692,0.11784891463993936,2.468354430379747,1.1063478896591223,1.0021528566050288,1.0589244573199696,0.05309092484005948,1.1063479178469147
3,1.0254101662830692,0.11784891463993936,2.5316455696202533,1.1037072652812214,1.0020208222335183,1.0589244573199696,0.05309092484005948,1.103707305335946
3,1.0254101662830692,0.11784891463993936,2.5949367088607596,1.1011967433616852,1.001896884321932,1.0589244573199696,0.05309092484005948,1.1011967767909905
3,1.0254101662830692,0.11784891463993936,2.6582278481012658,1.0988121312497583,1.0017805497018804,1.0589244573199696,0.05309092484005948,1.0988121397241062
3,1.0254101662830692,0.11784891463993936,2.7215189873417724,1.0965490432181806,1.0016713490240823,1.0589244573199696,0.05309092484005948,1.096549021969297
3,1.0254101662830692,0.11784891463993936,2.7848101265822787,1.0944029658338623,1.0015688446146502,1.0589244573199696,0.05309092484005948,1.0944029443392123
3,1.0254101662830692,0.11784891463993936,2.848101265822785,1.0923693129567447,1.001472628127075,1.0589244573199696,0.05309092484005948,1.0923693157159093
3,1.0254101662830692,0.11784891463993936,2.9113924050632916,1.090443471757459,1.001382312342549,1.0589244573199696,0.05309092484005948,1.0904435047257066
3,1.0254101662830692,0.11784891463993936,2.9746835443037978,1.0886208409624114,1.0012975347821134,1.0589244573199696,0.05309092484005948,1.0886209025774105
3,1.0254101662830692,0.11784891463993936,3.037974683544304,1.0868968624154005,1.001217957332885,1.0589244573199696,0.05309092484005948,1.0868969574269705
3,1.0254101662830692,0.11784891463993936,3.1012658227848102,1.0852670468566936,1.001143260536373,1.0589244573199696,0.05309092484005948,1.0852671567042274
3,1.0254101662830692,0.11784891463993936,3.1645569620253164,1.0837269947413553,1.0010731441903327,1.0589244573199696,0.05309092484005948,1.0837270978059188
3,1.0254101662830692,0.11784891463993936,3.227848101265823,1.0822724128114312,1.001007328336152,1.0589244573199696,0.05309092484005948,1.0822724772953596
3,1.0254101662830692,0.11784891463993936,3.2911392405063293,1.0808991270158859,1.0009455494195074,1.0589244573199696,0.05309092484005948,1.080899142940347
3,1.0254101662830692,0.11784891463993936,3.3544303797468356,1.0796030923364723,1.000887558815875,1.0589244573199696,0.05309092484005948,1.0796030819309945
3,1.0254101662830692,0.11784891463993936,3.417721518987342,1.0783803999689792,1.000833124718903,1.0589244573199696,0.05309092484005948,1.0783803737510604
3,1.0254101662830692,0.11784891463993936,3.4810126582278484,1.0772272822676918,1.0007820296966015,1.0589244573199696,0.05309092484005948,1.0772272667620384
3,1.0254101662830692,0.11784891463993936,3.5443037974683547,1.0761401158109687,1.0007340678411047,1.0589244573199696,0.05309092484005948,1.0761401104556925
3,1.0254101662830692,0.11784891463993936,3.607594936708861,1.075115422879737,1.0006890472164953,1.0589244573199696,0.05309092484005948,1.075115453147864
3,1.0254101662830692,0.11784891463993936,3.670886075949367,1.0741498716201563,1.0006467884427956,1.0589244573199696,0.05309092484005948,1.0741499256295663
3,1.0254101662830692,0.11784891463993936,3.7341772151898738,1.0732402751145504,1.0006071209897183,1.0589244573199696,0.05309092484005948,1.0732403265877009
3,1.0254101662830692,0.11784891463993936,3.79746835443038,1.072383589555387,1.000569885979506,1.0589244573199696,0.05309092484005948,1.072383631441681
3,1.0254101662830692,0.11784891463993936,3.8607594936708862,1.0715769116920373,1.0005349352905157,1.0589244573199696,0.05309092484005948,1.0715769383418323
3,1.0254101662830692,0.11784891463993936,3.924050632911393,1.0708174756937627,1.00050212782741,1.0589244573199696,0.05309092484005948,1.0708174794606355
3,1.0254101662830692,0.11784891463993936,3.987341772151899,1.0701026495538684,1.0004713321435827,1.0589244573199696,0.05309092484005948,1.07010264701168
3,1.0254101662830692,0.11784891463993936,4.050632911392405,1.069429931138922,1.0004424255932993,1.0589244573199696,0.05309092484005948,1.0694299372843683
3,1.0254101662830692,0.11784891463993936,4.113924050632912,1.0687969439745075,1.0004152917710418,1.0589244573199696,0.05309092484005948,1.0687969663534733
3,1.0254101662830692,0.11784891463993936,4.177215189873418,1.0682014328436016,1.0003898218134761,1.0589244573199696,0.05309092484005948,1.0682014587878932
3,1.0254101662830692,0.11784891463993936,4.2405063291139244,1.0676412592619078,1.0003659141692969,1.0589244573199696,0.05309092484005948,1.0676412942883982
3,1.0254101662830692,0.11784891463993936,4.30379746835443,1.067114396884447,1.0003434728029303,1.0589244573199696,0.05309092484005948,1.0671144212850696
3,1.0254101662830692,0.11784891463993936,4.367088607594937,1.0666189268887936,1.000322407554558,1.0589244573199696,0.05309092484005948,1.06661893916701
3,1.0254101662830692,0.11784891463993936,4.4303797468354436,1.0661530333726177,1.000302634339296,1.0589244573199696,0.05309092484005948,1.066153032744036
3,1.0254101662830692,0.11784891463993936,4.493670886075949,1.0657149987964605,1.0002840739274035,1.0589244573199696,0.05309092484005948,1.0657150012111745
3,1.0254101662830692,0.11784891463993936,4.556962025316456,1.0653031994968265,1.0002666516493777,1.0589244573199696,0.05309092484005948,1.0653032120018389
3,1.0254101662830692,0.11784891463993936,4.620253164556963,1.0649161012926,1.0002502978827688,1.0589244573199696,0.05309092484005948,1.064916116497386
3,1.0254101662830692,0.11784891463993936,4.6835443037974684,1.0645522551973805,1.0002349472631058,1.0589244573199696,0.05309092484005948,1.064552267086713
3,1.0254101662830692,0.11784891463993936,4.746835443037975,1.0642102932530149,1.0002205379497628,1.0589244573199696,0.05309092484005948,1.0642102959338098
3,1.0254101662830692,0.11784891463993936,4.810126582278482,1.0638889244929437,1.000207012295125,1.0589244573199696,0.05309092484005948,1.0638889201324573
3,1.0254101662830692,0.11784891463993936,4.8734177215189876,1.0635869310382984,1.0001943163738916,1.0589244573199696,0.05309092484005948,1.063586927714903
3,1.0254101662830692,0.11784891463993936,4.936708860759494,1.063303164333558,1.000182398970813,1.0589244573199696,0.05309092484005948,1.063303159855879
3,1.0254101662830692,0.11784891463993936,5.0,1.063036541550351,1.0001712123537891,1.0589244573199696,0.05309092484005948,1.063036538364327
4,0.8558565071474986,0.2699148750828412,0.0,0.8558565071474986,0.8558565071474986,1.1349574375414206,0.20826265354349108,0.8558551846495616
4,0.8558565071474986,0.2699148750828412,0.06329113924050633,0.9584359939982667,0.864696714481994,1.1349574375414206,0.20826265354349108,0.9584343325406368
4,0.8558565071474986,0.2699148750828412,0.12658227848101267,1.0445629736182263,0.8729948382556753,1.1349574375414206,0.20826265354349108,1.044564529892526
4,0.8558565071474986,0.2699148750828412,0.189873417721519,1.1164546403799607,0.8807841144044695,1.1349574375414206,0.20826265354349108,1.1164562487900298
4,0.8558565071474986,0.2699148750828412,0.25316455696202533,1.1760485595614616,0.8880955553642181,1.1349574375414206,0.20826265354349108,1.1760486572739268
4,0.8558565071474986,0.2699148750828412,0.31645569620253167,1.2250368967285397,0.8949586223320827,1.1349574375414206,0.20826265354349108,1.2250358935745334
4,0.8558565071474986,0.2699148750828412,0.379746835443038,1.2648965169286426,0.9014008411421861,1.1349574375414206,0.20826265354349108,1.264895567174929
4,0.8558565071474986,0.2699148750828412,0.44303797468354433,1.296915448551809,0.9074478902645281,1.1349574375414206,0.20826265354349108,1.2969151273018587
4,0.8558565071474986,0.2699148750828412,0.5063291139240507,1.322216147706683,0.9131240754786882,1.1349574375414206,0.20826265354349108,1.322216426781311
4,0.8558565071474986,0.2699148750828412,0.569620253164557,1.3417759467018835,0.9184521934905899,1.1349574375414206,0.20826265354349108,1.341776348686452
4,0.8558565071474986,0.2699148750828412,0.6329113924050633,1.3564450244839796,0.9234535061827643,1.1349574375414206,0.20826265354349108,1.3564452022285072
4,0.8558565071474986,0.2699148750828412,0.6962025316455697,1.3669621965262677,0.9281480659522373,1.1349574375414206,0.20826265354349108,1.3669620258286717
4,0.8558565071474986,0.2699148750828412,0.759493670886076,1.3739687861456538,0.9325547528316651,1.1349574375414206,0.20826265354349108,1.3739683820725785
4,0.8558565071474986,0.2699148750828412,0.8227848101265823,1.3780208078829386,0.9366911717222927,1.1349574375414206,0.20826265354349108,1.3780204972702308
4,0.8558565071474986,0.2699148750828412,0.8860759493670887,1.3795996660089644,0.9405738658651991,1.1349574375414206,0.20826265354349108,1.3795996670736117
4,0.8558565071474986,0.2699148750828412,0.949367088607595,1.3791215469312335,0.944218471503851,1.1349574375414206,0.20826265354349108,1.3791218157419323
4,0.8558565071474986,0.2699148750828412,1.0126582278481013,1.3769456628836394,0.9476395655250647,1.1349574375414206,0.20826265354349108,1.3769461344341136
4,0.8558565071474986,0.2699148750828412,1.0759493670886076,1.3733814854420345,0.9508507960370178,1.1349574375414206,0.20826265354349108,1.3733818736283632
4,0.8558565071474986,0.2699148750828412,1.139240506329114,1.3686950908149407,0.9538651127827312,1.1349574375414206,0.20826265354349108,1.3686952474723366
4,0.8558565071474986,0.2699148750828412,1.2025316455696204,1.3631147242309285,0.9566945854290408,1.1349574375414206,0.20826265354349108,1.3631146689929072
4,0.8558565071474986,0.2699148750828412,1.2658227848101267,1.3568356779166546,0.9593504735471341,1.1349574375414206,0.20826265354349108,1.356835425652974
4,0.8558565071474986,0.2699148750828412,1.3291139240506329,1.3500245657864975,0.9618435019299144,1.1349574375414206,0.20826265354349108,1.350024307779601
4,0.8558565071474986,0.2699148750828412,1.3924050632911393,1.3428230680281956,0.9641836557497278,1.1349574375414206,0.20826265354349108,1.3428229939734855
4,0.8558565071474986,0.2699148750828412,1.4556962025316458,1.3353512099008895,0.9663802495024002,1.1349574375414206,0.20826265354349108,1.3353513442247773
4,0.8558565071474986,0.2699148750828412,1.518987341772152,1.3277102314014781,0.9684421397895314,1.1349574375414206,0.20826265354349108,1.3277105064779147
4,0.8558565071474986,0.2699148750828412,1.5822784810126582,1.3199850977243333,0.9703775934476204,1.1349574375414206,0.20826265354349108,1.3199854772893653
4,0.8558565071474986,0.2699148750828412,1.6455696202531647,1.3122466941550748,0.9721943229340303,1.1349574375414206,0.20826265354349108,1.3122469663556344
4,0.8558565071474986,0.2699148750828412,1.708860759493671,1.3045537441122566,0.9738996350433814,1.1349574375414206,0.20826265354349108,1.304553826585317
4,0.8558565071474986,0.2699148750828412,1.7721518987341773,1.2969544841689922,0.9755003763159775,1.1349574375414206,0.20826265354349108,1.2969543589741481
4,0.8558565071474986,0.2699148750828412,1.8354430379746836,1.2894881258591069,0.9770029327024116,1.1349574375414206,0.20826265354349108,1.2894878737422015
4,0.8558565071474986,0.2699148750828412,1.89873417721519,1.2821861304910411,0.9784133323549119,1.1349574375414206,0.20826265354349108,1.2821858656050968
4,0.8558565071474986,0.2699148750828412,1.9620253164556964,1.2750733200572268,0.9797372455218616,1.1349574375414206,0.20826265354349108,1.275073192481677
4,0.8558565071474986,0.2699148750828412,2.0253164556962027,1.26816884437456,0.9809799597910736,1.1349574375414206,0.20826265354349108,1.2681688747177031
4,0.8558565071474986,0.2699148750828412,2.088607594936709,1.2614870223826466,0.9821464483992786,1.1349574375414206,0.20826265354349108,1.2614872409016469
4,0.8558565071474986,0.2699148750828412,2.151898734177215,1.2550380731710162,0.9832414073886938,1.1349574375414206,0.20826265354349108,1.2550383218309165
4,0.8558565071474986,0.2699148750828412,2.2151898734177218,1.2488287504646565,0.9842692148923423,1.1349574375414206,0.20826265354349108,1.248828987736483
4,0.8558565071474986,0.2699148750828412,2.278481012658228,1.24286289266291,0.985233973816731,1.1349574375414206,0.20826265354349108,1.242863012102956
4,0.8558565071474986,0.2699148750828412,2.3417721518987342,1.2371418990164507,0.9861395733679243,1.1349574375414206,0.20826265354349108,1.2371418733468966
4,0.8558565071474986,0.2699148750828412,2.405063291139241,1.2316651412413333,0.9869896386428155,1.1349574375414206,0.20826265354349108,1.2316650113244245
4,0.8558565071474986,0.2699148750828412,2.468354430379747,1.226430318734514,0.9877875545085979,1.1349574375414206,0.20826265354349108,1.226430182023551
4,0.8558565071474986,0.2699148750828412,2.5316455696202533,1.221433764554398,0.98853654195221,1.1349574375414206,0.20826265354349108,1.2214336892801416
4,0.8558565071474986,0.2699148750828412,2.5949367088607596,1.2166707084492843,0.9892396008489479,1.1349574375414206,0.20826265354349108,1.2166707637709702
4,0.8558565071474986,0.2699148750828412,2.6582278481012658,1.212135502443314,0.989899528780436,1.1349574375414206,0.20826265354349108,1.2121356474525862
4,0.8558565071474986,0.2699148750828412,2.7215189873417724,1.2078218138116545,0.9905189882103466,1.1349574375414206,0.20826265354349108,1.207821989736698
4,0.8558565071474986,0.2699148750828412,2.7848101265822787,1.2037227896820832,0.9911004619183003,1.1349574375414206,0.20826265354349108,1.203722919655949
4,0.8558565071474986,0.2699148750828412,2.848101265822785,1.1998311969563868,0.9916462663193653,1.1349574375414206,0.20826265354349108,1.1998312147416508
4,0.8558565071474986,0.2699148750828412,2.9113924050632916,1.1961395407985205,0.9921585979781304,1.1349574375414206,0.20826265354349108,1.1961394355368642
4,0.8558565071474986,0.2699148750828412,2.9746835443037978,1.1926401645651188,0.9926395131181796,1.1349574375414206,0.20826265354349108,1.1926399795979987
4,0.8558565071474986,0.2699148750828412,3.037974683544304,1.1893253336191896,0.9930909297423883,1.1349574375414206,0.20826265354349108,1.189325154151513
4,0.8558565071474986,0.2699148750828412,3.1012658227848102,1.1861873052027698,0.9935146600334135,1.1349574375414206,0.20826265354349108,1.186187182966846
4,0.8558565071474986,0.2699148750828412,3.1645569620253164,1.1832183863288657,0.993912406939582,1.1349574375414206,0.20826265354349108,1.1832183634519835
4,0.8558565071474986,0.2699148750828412,3.227848101265823,1.1804109812410974,0.9942857585737659,1.1349574375414206,0.20826265354349108,1.1804110617442216
4,0.8558565071474986,0.2699148750828412,3.2911392405063293,1.1777576300167594,0.9946362099927211,1.1349574375414206,0.20826265354349108,1.177757768675463
4,0.8558565071474986,0.2699148750828412,3.3544303797468356,1.1752510394488687,0.9949651715613747,1.1349574375414206,0.20826265354349108,1.1752511655559852
4,0.8558565071474986,0.2699148750828412,3.417721518987342,1.1728841074149792,0.9952739582407042,1.1349574375414206,0.20826265354349108,1.1728841614846373
4,0.8558565071474986,0.2699148750828412,3.4810126582278484,1.1706499416139728,0.9955638034506867,1.1349574375414206,0.20826265354349108,1.1706499169131757
4,0.8558565071474986,0.2699148750828412,3.5443037974683547,1.1685418735347144,0.995835875238724,1.1349574375414206,0.20826265354349108,1.1685417916083576
4,0.8558565071474986,0.2699148750828412,3.607594936708861,1.1665534683900356,0.9960912623939786,1.1349574375414206,0.20826265354349108,1.1665533971807704
4,0.8558565071474986,0.2699148750828412,3.670886075949367,1.164678531615691,0.9963309824799034,1.1349574375414206,0.20826265354349108,1.1646784964454848
4,0.8558565071474986,0.2699148750828412,3.7341772151898738,1.1629111124968916,0.9965560028585759,1.1349574375414206,0.20826265354349108,1.1629111452989886
4,0.8558565071474986,0.2699148750828412,3.79746835443038,1.1612455053926802,0.9967672247911129,1.1349574375414206,0.20826265354349108,1.1612456014073882
4,0.8558565071474986,0.2699148750828412,3.8607594936708862,1.159676248959064,0.9969654885227417,1.1349574375414206,0.20826265354349108,1.1596763482616672
4,0.8558565071474986,0.2699148750828412,3.924050632911393,1.1581981237250332,0.9971515944407833,1.1349574375414206,0.20826265354349108,1.1581981972898057
4,0.8558565071474986,0.2699148750828412,3.987341772151899,1.156806148324569,0.997326288198478,1.1349574375414206,0.20826265354349108,1.156806173962493
4,0.8558565071474986,0.2699148750828412,4.050632911392405,1.1554955746439743,0.9974902655246297,1.1349574375414206,0.20826265354349108,1.1554955526487078
4,0.8558565071474986,0.2699148750828412,4.113924050632912,1.154261882107426,0.99764418674935,1.1349574375414206,0.20826265354349108,1.1542618448335495
4,0.8558565071474986,0.2699148750828412,4.177215189873418,1.1531007712915367,0.9977886694184294,1.1349574375414206,0.20826265354349108,1.1531007544441874
4,0.8558565071474986,0.2699148750828412,4.2405063291139244,1.1520081570315706,0.9979242895989306,1.1349574375414206,0.20826265354349108,1.1520081911047986
4,0.8558565071474986,0.2699148750828412,4.30379746835443,1.1509801611574648,0.9980515920689897,1.1349574375414206,0.20826265354349108,1.1509802345446032
4,0.8558565071474986,0.2699148750828412,4.367088607594937,1.150013104976588,0.998171088275521,1.1349574375414206,0.20826265354349108,1.1500131861448488
4,0.8558565071474986,0.2699148750828412,4.4303797468354436,1.149103501601862,0.998283255204342,1.1349574375414206,0.20826265354349108,1.1491035539656371
4,0.8558565071474986,0.2699148750828412,4.493670886075949,1.1482480482080741,0.9983885422996385,1.1349574375414206,0.20826265354349108,1.1482480527459258
4,0.8558565071474986,0.2699148750828412,4.556962025316456,1.1474436182854941,0.9984873731368775,1.1349574375414206,0.20826265354349108,1.1474435845120432
4,0.8558565071474986,0.2699148750828412,4.620253164556963,1.146687253947841,0.9985801426612537,1.1349574375414206,0.20826265354349108,1.146687218940743
4,0.8558565071474986,0.2699148750828412,4.6835443037974684,1.1459761583407475,0.9986672216638506,1.1349574375414206,0.20826265354349108,1.1459761529807346
4,0.8558565071474986,0.2699148750828412,4.746835443037975,1.1453076881866713,0.9987489609461349,1.1349574375414206,0.20826265354349108,1.145307722757581
4,0.8558565071474986,0.2699148750828412,4.810126582278482,1.1446793464939187,0.9988256875240233,1.1349574375414206,0.20826265354349108,1.144679382586713
4,0.8558565071474986,0.2699148750828412,4.8734177215189876,1.1440887754752609,0.9988977072979662,1.1349574375414206,0.20826265354349108,1.1440887698980813
4,0.8558565071474986,0.2699148750828412,4.936708860759494,1.143533749671359,0.9989653107951916,1.1349574375414206,0.20826265354349108,1.1435337071998521
4,0.8558565071474986,0.2699148750828412,5.0,1.1430121693016244,0.9990287687841282,1.1349574375414206,0.20826265354349108,1.1430122630143034
6,0.9829805716781288,0.19470320702526567,0.0,0.9829805716781288,0.9829805716781288,1.097351603512633,0.112947309666592,0.9829810882664416
6,0.9829805716781288,0.19470320702526567,0.06329113924050633,1.0516431728355622,0.9840243598651814,1.097351603512633,0.112947309666592,1.0516445207560248
6,0.9829805716781288,0.19470320702526567,0.12658227848101267,1.1087648326578097,0.9850041427189014,1.097351603512633,0.112947309666592,1.1087660005599904
6,0.9829805716781288,0.19470320702526567,0.189873417721519,1.1559248652821932,0.985923844499885,1.097351603512633,0.112947309666592,1.155925174659504
6,0.9829805716781288,0.19470320702526567,0.25316455696202533,1.1945021046991409,0.9867871269338091,1.097351603512633,0.112947309666592,1.1945018566198653
6,0.9829805716781288,0.19470320702526567,0.31645569620253167,1.2256995204738104,0.9875974685872289,1.097351603512633,0.112947309666592,1.2256991549853435
6,0.9829805716781288,0.19470320702526567,0.379746835443038,1.25056585900087,0.9883581195129322,1.097351603512633,0.112947309666592,1.2505655884076075
6,0.9829805716781288,0.19470320702526567,0.44303797468354433,1.270014666808299,0.9890721116402206,1.097351603512633,0.112947309666592,1.270014530149517
6,0.9829805716781288,0.19470320702526567,0.5063291139240507,1.2848410099167056,0.9897423148209699,1.097351603512633,0.112947309666592,1.2848409132349683
6,0.9829805716781288,0.19470320702526567,0.569620253164557,1.2957361657611455,0.9903714207264777,1.097351603512633,0.112947309666592,1.2957359935047916
6,0.9829805716781288,0.19470320702526567,0.6329113924050633,1.3033005311838244,0.9909619398071192,1.097351603512633,0.112947309666592,1.30330036105708
6,0.9829805716781288,0.19470320702526567,0.6962025316455697,1.3080549608725565,0.9915162397059085,1.097351603512633,0.112947309666592,1.3080548603527822
6,0.9829805716781288,0.19470320702526567,0.759493670886076,1.3104507249958919,0.9920365496414955,1.097351603512633,0.112947309666592,1.3104507562625765
6,0.9829805716781288,0.19470320702526567,0.8227848101265823,1.3108782522141917,0.9925249482741713,1.097351603512633,0.112947309666592,1.3108784135969391
6,0.9829805716781288,0.19470320702526567,0.8860759493670887,1.3096748043648991,0.9929833889110202,1.097351603512633,0.112947309666592,1.3096750969010436
6,0.9829805716781288,0.19470320702526567,0.949367088607595,1.3071312116103124,0.9934137177673634,1.097351603512633,0.112947309666592,1.3071314801023113
6,0.9829805716781288,0.19470320702526567,1.0126582278481013,1.30349778141525,0.993817655977297,1.097351603512633,0.112947309666592,1.3034979165872258
6,0.9829805716781288,0.19470320702526567,1.0759493670886076,1.2989894811415523,0.9941968150114071,1.097351603512633,0.112947309666592,1.2989894819690313
6,0.9829805716781288,0.19470320702526567,1.139240506329114,1.2937904820874913,0.9945527238823374,1.097351603512633,0.112947309666592,1.2937903747272983
6,0.9829805716781288,0.19470320702526567,1.2025316455696204,1.2880581422610522,0.9948868076896574,1.097351603512633,0.112947309666592,1.2880579574913833
6,0.9829805716781288,0.19470320702526567,1.2658227848101267,1.281926495901829,0.9952003958826606,1.097351603512633,0.112947309666592,1.2819262838359053
6,0.9829805716781288,0.19470320702526567,1.3291139240506329,1.2755093096262722,0.9954947547678621,1.097351603512633,0.112947309666592,1.275509200918191
6,0.9829805716781288,0.19470320702526567,1.3924050632911393,1.2689027578529368,0.9957710633226938,1.097351603512633,0.112947309666592,1.2689027275124203
6,0.9829805716781288,0.19470320702526567,1.4556962025316458,1.2621877638324042,0.9960304213359212,1.097351603512633,0.112947309666592,1.2621878326374636
6,0.9829805716781288,0.19470320702526567,1.518987341772152,1.2554320469998523,0.9962738745314484,1.097351603512633,0.112947309666592,1.2554321577170364
6,0.9829805716781288,0.19470320702526567,1.5822784810126582,1.248691912612164,0.9965023989979525,1.097351603512633,0.112947309666592,1.2486920411488154
6,0.9829805716781288,0.19470320702526567,1.6455696202531647,1.2420138150870639,0.9967169053670039,1.097351603512633,0.112947309666592,1.2420138889632604
6,0.9829805716781288,0.19470320702526567,1.708860759493671,1.2354357228043913,0.9969182563724303,1.097351603512633,0.112947309666592,1.2354357497066732
6,0.9829805716781288,0.19470320702526567,1.7721518987341773,1.2289883088142184,0.9971072604045351,1.097351603512633,0.112947309666592,1.228988257996445
6,0.9829805716781288,0.19470320702526567,1.8354430379746836,1.222695988765562,0.9972846714704974,1.097351603512633,0.112947309666592,1.2226959276139422
6,0.9829805716781288,0.19470320702526567,1.89873417721519,1.2165778250130794,0.9974512013312347,1.097351603512633,0.112947309666592,1.2165777573042857
6,0.9829805716781288,0.19470320702526567,1.9620253164556964,1.210648313398428,0.9976075194889495,1.097351603512633,0.112947309666592,1.2106483083537558
6,0.9829805716781288,0.19470320702526567,2.0253164556962027,1.2049180672408084,0.9977542502640325,1.097351603512633,0.112947309666592,1.2049181110745706
6,0.9829805716781288,0.19470320702526567,2.088607594936709,1.1993944113896422,0.9978919808605565,1.097351603512633,0.112947309666592,1.1993944964295438
6,0.9829805716781288,0.19470320702526567,2.151898734177215,1.1940818975058574,0.9980212657534571,1.097351603512633,0.112947309666592,1.1940819740432926
6,0.9829805716781288,0.19470320702526567,2.2151898734177218,1.1889827504507013,0.9981426218812355,1.097351603512633,0.112947309666592,1.18898278449134
6,0.9829805716781288,0.19470320702526567,2.278481012658228,1.1840972544509223,0.9982565336856227,1.097351603512633,0.112947309666592,1.184097259147147
6,0.9829805716781288,0.19470320702526567,2.3417721518987342,1.1794240866329462,0.9983634603761368,1.097351603512633,0.112947309666592,1.179424031279282
6,0.9829805716781288,0.19470320702526567,2.405063291139241,1.174960604594995,0.9984638299781814,1.097351603512633,0.112947309666592,1.1749605073381202
6,0.9829805716781288,0.19470320702526567,2.468354430379747,1.1707030938701848,0.9985580421525628,1.097351603512633,0.112947309666592,1.1707030166875565
6,0.9829805716781288,0.19470320702526567,2.5316455696202533,1.166646980410845,0.9986464772102839,1.097351603512633,0.112947309666592,1.1666469421906949
6,0.9829805716781288,0.19470320702526567,2.5949367088607596,1.162787012595257,0.9987294893550731,1.097351603512633,0.112947309666592,1.1627870344009832
6,0.9829805716781288,0.19470320702526567,2.6582278481012658,1.159117416698953,0.9988074089052748,1.097351603512633,0.112947309666592,1.1591174793096755
6,0.9829805716781288,0.19470320702526567,2.7215189873417724,1.1556320292866404,0.9988805502254762,1.097351603512633,0.112947309666592,1.155632097169909
6,0.9829805716781288,0.19470320702526567,2.7848101265822787,1.1523244095540448,0.9989492064644623,1.097351603512633,0.112947309666592,1.1523244519726776
6,0.9829805716781288,0.19470320702526567,2.848101265822785,1.1491879342633007,0.9990136511278866,1.097351603512633,0.112947309666592,1.1491879250853787
6,0.9829805716781288,0.19470320702526567,2.9113924050632916,1.146215877579412,0.999074143570319,1.097351603512633,0.112947309666592,1.146215821291321
6,0.9829805716781288,0.19470320702526567,2.9746835443037978,1.1434014778655537,0.9991309265758712,1.097351603512633,0.112947309666592,1.143401407081768
6,0.9829805716781288,0.19470320702526567,3.037974683544304,1.1407379931849273,0.9991842266085469,1.097351603512633,0.112947309666592,1.1407379361839693
6,0.9829805716781288,0.19470320702526567,3.1012658227848102,1.138218747040685,0.999234257637858,1.097351603512633,0.112947309666592,1.1382187369455683
6,0.9829805716781288,0.19470320702526567,3.1645569620253164,1.135837165764295,0.9992812207357115,1.097351603512633,0.112947309666592,1.1358372123346032
6,0.9829805716781288,0.19470320702526567,3.227848101265823,1.1335868086478078,0.9993253034150688,1.097351603512633,0.112947309666592,1.1335868880500228
6,0.9829805716781288,0.19470320702526567,3.2911392405063293,1.1314613919347563,0.9993666822014929,1.097351603512633,0.112947309666592,1.1314614783054575
6,0.9829805716781288,0.19470320702526567,3.3544303797468356,1.1294548074821618,0.9994055236207453,1.097351603512633,0.112947309666592,1.1294548681559653
6,0.9829805716781288,0.19470320702526567,3.417721518987342,1.1275611369443062,0.9994419829339727,1.097351603512633,0.112947309666592,1.1275611468808424
6,0.9829805716781288,0.19470320702526567,3.4810126582278484,1.1257746620995936,0.999476205774547,1.097351603512633,0.112947309666592,1.125774624675025
6,0.9829805716781288,0.19470320702526567,3.5443037974683547,1.1240898719395473,0.9995083300571163,1.097351603512633,0.112947309666592,1.1240898179213819
6,0.9829805716781288,0.19470320702526567,3.607594936708861,1.122501467023844,0.9995384843380842,1.097351603512633,0.112947309666592,1.1225014177715986
6,0.9829805716781288,0.19470320702526567,3.670886075949367,1.1210043615336076,0.9995667887640348,1.097351603512633,0.112947309666592,1.1210043583845668
6,0.9829805716781288,0.19470320702526567,3.7341772151898738,1.1195936834146223,0.999593357554134,1.097351603512633,0.112947309666592,1.119593710395952
6,0.9829805716781288,0.19470320702526567,3.79746835443038,1.1182647729376578,0.9996182971228214,1.097351603512633,0.112947309666592,1.1182648286862098
6,0.9829805716781288,0.19470320702526567,3.8607594936708862,1.1170131799579606,0.9996417066802181,1.097351603512633,0.112947309666592,1.1170132321042954
6,0.9829805716781288,0.19470320702526567,3.924050632911393,1.115834660121137,0.9996636807303102,1.097351603512633,0.112947309666592,1.1158346741606657
6,0.9829805716781288,0.19470320702526567,3.987341772151899,1.1147251702246195,0.9996843073144768,1.097351603512633,0.112947309666592,1.1147251602096089
6,0.9829805716781288,0.19470320702526567,4.050632911392405,1.1136808629143538,0.9997036685793775,1.097351603512633,0.112947309666592,1.1136808301184926
6,0.9829805716781288,0.19470320702526567,4.113924050632912,1.1126980808703322,0.9997218424920495,1.097351603512633,0.112947309666592,1.1126980490886373
6,0.9829805716781288,0.19470320702526567,4.177215189873418,1.1117733506123024,0.9997389019678642,1.097351603512633,0.112947309666592,1.1117733389260078
6,0.9829805716781288,0.19470320702526567,4.2405063291139244,1.1109033760357916,0.9997549150246825,1.097351603512633,0.112947309666592,1.1109033957144625
6,0.9829805716781288,0.19470320702526567,4.30379746835443,1.1100850317725273,0.999769945985994,1.097351603512633,0.112947309666592,1.1100850721425035
6,0.9829805716781288,0.19470320702526567,4.367088607594937,1.109315356454139,0.9997840552397768,1.097351603512633,0.112947309666592,1.1093153937037568
6,0.9829805716781288,0.19470320702526567,4.4303797468354436,1.1085915459452917,0.9997972991050903,1.097351603512633,0.112947309666592,1.1085915645880546
6,0.9829805716781288,0.19470320702526567,4.493670886075949,1.1079109465998118,0.9998097306490757,1.097351603512633,0.112947309666592,1.107910940926099
6,0.9829805716781288,0.19470320702526567,4.556962025316456,1.1072710485863373,0.9998213998844818,1.097351603512633,0.112947309666592,1.1072710217073727
6,0.9829805716781288,0.19470320702526567,4.620253164556963,1.106669479319892,0.9998323534436003,1.097351603512633,0.112947309666592,1.1066694468164449
6,0.9829805716781288,0.19470320702526567,4.6835443037974684,1.1061039970286906,0.9998426351067796,1.097351603512633,0.112947309666592,1.106103979605182
6,0.9829805716781288,0.19470320702526567,4.746835443037975,1.1055724844782873,0.9998522862941381,1.097351603512633,0.112947309666592,1.1055724863966847
6,0.9829805716781288,0.19470320702526567,4.810126582278482,1.1050729428681763,0.9998613456173654,1.097351603512633,0.112947309666592,1.1050729497402283
6,0.9829805716781288,0.19470320702526567,4.8734177215189876,1.104603485927493,0.9998698491949887,1.097351603512633,0.112947309666592,1.1046034809298133
6,0.9829805716781288,0.19470320702526567,4.936708860759494,1.1041623342180191,0.9998778313303758,1.097351603512633,0.112947309666592,1.1041623295158127
6,0.9829805716781288,0.19470320702526567,5.0,1.1037478096407287,0.9998853239939216,1.097351603512633,0.112947309666592,1.1037479124535625
8,0.6673915210378225,0.26251178297718697,0.0,0.6673915210378225,0.6673915210378225,1.1312558914885935,0.3875424383243978,0.6673895260499612
8,0.6673915210378225,0.26251178297718697,0.06329113924050633,0.7789585049460552,0.6877901381175794,1.1312558914885935,0.3875424383243978,0.778955785349667
8,0.6673915210378225,0.26251178297718697,0.12658227848101267,0.8738004795377105,0.706937907274445,1.1312558914885935,0.3875424383243978,0.8738015976240934
8,0.6673915210378225,0.26251178297718697,0.189873417721519,0.9541182147456164,0.7249115198239754,1.1312558914885935,0.3875424383243978,0.9541197656341553
8,0.6673915210378225,0.26251178297718697,0.25316455696202533,1.0218377986279283,0.741782536395859,1.1312558914885935,0.3875424383243978,1.0218379030416858
8,0.6673915210378225,0.26251178297718697,0.31645569620253167,1.0786440950000378,0.7576189381648437,1.1312558914885935,0.3875424383243978,1.078643090558659
8,0.6673915210378225,0.26251178297718697,0.379746835443038,1.1260101735918573,0.7724842404907879,1.1312558914885935,0.3875424383243978,1.1260092105758295
8,0.6673915210378225,0.26251178297718697,0.44303797468354433,1.165223195295711,0.7864376959745526,1.1312558914885935,0.3875424383243978,1.1652229072051623
8,0.6673915210378225,0.26251178297718697,0.5063291139240507,1.1974071765850427,0.7995353897589073,1.1312558914885935,0.3875424383243978,1.1974075256805317
8,0.6673915210378225,0.26251178297718697,0.569620253164557,1.22354300670447,0.811829924826703,1.1312558914885935,0.3875424383243978,1.223543540672501
8,0.6673915210378225,0.26251178297718697,0.6329113924050633,1.244486046880264,0.8233703625838241,1.1312558914885935,0.3875424383243978,1.2444862609587124
8,0.6673915210378225,0.26251178297718697,0.6962025316455697,1.260981601350106,0.8342029735704279,1.1312558914885935,0.3875424383243978,1.2609813111920034
8,0.6673915210378225,0.26251178297718697,0.759493670886076,1.273678515428338,0.8443713231172848,1.1312558914885935,0.3875424383243978,1.2736779045121147
8,0.6673915210378225,0.26251178297718697,0.8227848101265823,1.2831411253526197,0.8539160342127059,1.1312558914885935,0.3875424383243978,1.283140499036754
8,0.6673915210378225,0.26251178297718697,0.8860759493670887,1.2898597578109645,0.8628752800835476,1.1312558914885935,0.3875424383243978,1.2898593802117204
8,0.6673915210378225,0.26251178297718697,0.949367088607595,1.2942599533994972,0.8712851410762287,1.1312558914885935,0.3875424383243978,1.2942600001423565
8,0.6673915210378225,0.26251178297718697,1.0126582278481013,1.2967105674317072,0.8791792530910311,1.1312558914885935,0.3875424383243978,1.2967108696820902
8,0.6673915210378225,0.26251178297718697,1.0759493670886076,1.2975308831743064,0.8865891088884799,1.1312558914885935,0.3875424383243978,1.2975312482604335
8,0.6673915210378225,0.26251178297718697,1.139240506329114,1.2969968564276275,0.893544589764247,1.1312558914885935,0.3875424383243978,1.2969971135145253
8,0.6673915210378225,0.26251178297718697,1.2025316455696204,1.2953465961397221,0.9000735462542712,1.1312558914885935,0.3875424383243978,1.2953465830498834
8,0.6673915210378225,0.26251178297718697,1.2658227848101267,1.2927851732113909,0.9062019596135665,1.1312558914885935,0.3875424383243978,1.2927849886272147
8,0.6673915210378225,0.26251178297718697,1.3291139240506329,1.289488838575465,0.9119545771060168,1.1312558914885935,0.3875424383243978,1.2894886170006024
8,0.6673915210378225,0.26251178297718697,1.3924050632911393,1.2856087219787768,0.917354439334567,1.1312558914885935,0.3875424383243978,1.2856085882143136
8,0.6673915210378225,0.26251178297718697,1.4556962025316458,1.2812740743192639,0.9224230393283375,1.1312558914885935,0.3875424383243978,1.2812741330090636
8,0.6673915210378225,0.26251178297718697,1.518987341772152,1.2765951088080318,0.9271808135338747,1.1312558914885935,0.3875424383243978,1.2765953950141897
8,0.6673915210378225,0.26251178297718697,1.5822784810126582,1.2716654895429444,0.9316468375255187,1.1312558914885935,0.3875424383243978,1.2716658834021906
8,0.6673915210378225,0.26251178297718697,1.6455696202531647,1.266564510509787,0.935838907657876,1.1312558914885935,0.3875424383243978,1.266564818521908
8,0.6673915210378225,0.26251178297718697,1.708860759493671,1.261359002436322,0.9397738842261719,1.1312558914885935,0.3875424383243978,1.2613591535221047
8,0.6673915210378225,0.26251178297718697,1.7721518987341773,1.2561050008398524,0.9434675654972031,1.1312558914885935,0.3875424383243978,1.2561049126093233
8,0.6673915210378225,0.26251178297718697,1.8354430379746836,1.2508492042691024,0.9469346869354085,1.1312558914885935,0.3875424383243978,1.2508489446271536
8,0.6673915210378225,0.26251178297718697,1.89873417721519,1.2456302485160506,0.9501891583920341,1.1312558914885935,0.3875424383243978,1.2456299765783763
8,0.6673915210378225,0.26251178297718697,1.9620253164556964,1.2404798191777295,0.9532440638617375,1.1312558914885935,0.3875424383243978,1.2404795900720968
8,0.6673915210378225,0.26251178297718697,2.0253164556962027,1.2354236225824131,0.9561116043568896,1.1312558914885935,0.3875424383243978,1.2354235644908425
8,0.6673915210378225,0.26251178297718697,2.088607594936709,1.2304822323598148,0.9588032555304787,1.1312558914885935,0.3875424383243978,1.230482361286739
8,0.6673915210378225,0.26251178297718697,2.151898734177215,1.2256718270404392,0.961329853414214,1.1312558914885935,0.3875424383243978,1.2256720604183673
8,0.6673915210378225,0.26251178297718697,2.2151898734177218,1.221004832153992,0.9637015004701392,1.1312558914885935,0.3875424383243978,1.2210050535349513
8,0.6673915210378225,0.26251178297718697,2.278481012658228,1.2164904786580042,0.9659276640801365,1.1312558914885935,0.3875424383243978,1.2164906232662616
8,0.6673915210378225,0.26251178297718697,2.3417721518987342,1.2121352880803486,0.9680173185162162,1.1312558914885935,0.3875424383243978,1.2121352910420187
8,0.6673915210378225,0.26251178297718697,2.405063291139241,1.2079434935215874,0.969978828623297,1.1312558914885935,0.3875424383243978,1.2079433966272581
8,0.6673915210378225,0.26251178297718697,2.468354430379747,1.2039174045389343,0.9718200049206493,1.1312558914885935,0.3875424383243978,1.2039172797640796
8,0.6673915210378225,0.26251178297718697,2.5316455696202533,1.2000577229552287,0.9735482797768474,1.1312558914885935,0.3875424383243978,1.2000576365822133
8,0.6673915210378225,0.26251178297718697,2.5949367088607596,1.1963638157774912,0.9751705753493864,1.1312558914885935,0.3875424383243978,1.196363831826461
8,0.6673915210378225,0.26251178297718697,2.6582278481012658,1.192833950652679,0.9766933470068052,1.1312558914885935,0.3875424383243978,1.1928340741164367
8,0.6673915210378225,0.26251178297718697,2.7215189873417724,1.1894654986146134,0.9781227383354318,1.1312558914885935,0.3875424383243978,1.1894656653357785
8,0.6673915210378225,0.26251178297718697,2.7848101265822787,1.1862551083105635,0.9794644783039267,1.1312558914885935,0.3875424383243978,1.1862552456030497
8,0.6673915210378225,0.26251178297718697,2.848101265822785,1.1831988553685517,0.9807239119977874,1.1312558914885935,0.3875424383243978,1.1831989160026495
8,0.6673915210378225,0.26251178297718697,2.9113924050632916,1.180292370120309,0.9819061079497116,1.1312558914885935,0.3875424383243978,1.180292315168902
8,0.6673915210378225,0.26251178297718697,2.9746835443037978,1.1775309464509383,0.9830158108580819,1.1312558914885935,0.3875424383243978,1.1775308107462785
8,0.6673915210378225,0.26251178297718697,3.037974683544304,1.174909634313898,0.9840574464795426,1.1312558914885935,0.3875424383243978,1.174909473861368
8,0.6673915210378225,0.26251178297718697,3.1012658227848102,1.1724233180169565,0.9850351963924829,1.1312558914885935,0.3875424383243978,1.1724232067630243
8,0.6673915210378225,0.26251178297718697,3.1645569620253164,1.170066782150389,0.9859529901191039,1.1312558914885935,0.3875424383243978,1.1700667634411606
8,0.6673915210378225,0.26251178297718697,3.227848101265823,1.167834766891478,0.9868144922008537,1.1312558914885935,0.3875424383243978,1.167834830138227
8,0.6673915210378225,0.26251178297718697,3.2911392405063293,1.165722014010748,0.9876231524539334,1.1312558914885935,0.3875424383243978,1.165722135316107
8,0.6673915210378225,0.26251178297718697,3.3544303797468356,1.1637233049633446,0.9883822252696433,1.1312558914885935,0.3875424383243978,1.1637234202006985
8,0.6673915210378225,0.26251178297718697,3.417721518987342,1.161833492066876,0.9890947448964635,1.1312558914885935,0.3875424383243978,1.1618335556217427
8,0.6673915210378225,0.26251178297718697,3.4810126582278484,1.1600475237826704,0.9897635574284755,1.1312558914885935,0.3875424383243978,1.1600475164847937
8,0.6673915210378225,0.26251178297718697,3.5443037974683547,1.1583604649361625,0.9903913581137198,1.1312558914885935,0.3875424383243978,1.1583603984626225
8,0.6673915210378225,0.26251178297718697,3.607594936708861,1.156767512570151,0.9909806593133403,1.1312558914885935,0.3875424383243978,1.1567674351775445
8,0.6673915210378225,0.26251178297718697,3.670886075949367,1.1552640081043977,0.9915338090364334,1.1312558914885935,0.3875424383243978,1.1552639564729108
8,0.6673915210378225,0.26251178297718697,3.7341772151898738,1.1538454463427796,0.9920530394533311,1.1312558914885935,0.3875424383243978,1.153845463524424
8,0.6673915210378225,0.26251178297718697,3.79746835443038,1.1525074817968024,0.9925404302075942,1.1312558914885935,0.3875424383243978,1.1525075419466546
8,0.6673915210378225,0.26251178297718697,3.8607594936708862,1.1512459327532598,0.992997920149764,1.1312558914885935,0.3875424383243978,1.1512460115247525
8,0.6673915210378225,0.26251178297718697,3.924050632911393,1.1500567834448159,0.99342735615898,1.1312558914885935,0.3875424383243978,1.1500568457029683
8,0.6673915210378225,0.26251178297718697,3.987341772151899,1.148936184635736,0.9938304588164856,1.1312558914885935,0.3875424383243978,1.148936203494692
8,0.6673915210378225,0.26251178297718697,4.050632911392405,1.1478804528910846,0.9942088335037949,1.1312558914885935,0.3875424383243978,1.1478804358644583
8,0.6673915210378225,0.26251178297718697,4.113924050632912,1.1468860687632687,0.9945640039205869,1.1312558914885935,0.3875424383243978,1.1468860302535768
8,0.6673915210378225,0.26251178297718697,4.177215189873418,1.1459496740965618,0.994897395042502,1.1312558914885935,0.3875424383243978,1.1459496459266325
8,0.6673915210378225,0.26251178297718697,4.2405063291139244,1.1450680686216645,0.9952103361337722,1.1312558914885935,0.3875424383243978,1.1450680673337406
8,0.6673915210378225,0.26251178297718697,4.30379746835443,1.1442382059878935,0.9955040842600028,1.1312558914885935,0.3875424383243978,1.1442382360205832
8,0.6673915210378225,0.26251178297718697,4.367088607594937,1.1434571893591936,0.9957798195756149,1.1312558914885935,0.3875424383243978,1.143457238109856
8,0.6673915210378225,0.26251178297718697,4.4303797468354436,1.1427222666815027,0.996038642716679,1.1312558914885935,0.3875424383243978,1.142722299146571
8,0.6673915210378225,0.26251178297718697,4.493670886075949,1.1420308257126681,0.9962815907674584,1.1312558914885935,0.3875424383243978,1.1420308341722671
8,0.6673915210378225,0.26251178297718697,4.556962025316456,1.1413803888917347,0.9965096411206237,1.1312558914885935,0.3875424383243978,1.1413803640225295
8,0.6673915210378225,0.26251178297718697,4.620253164556963,1.140768608113433,0.9967237051050086,1.1312558914885935,0.3875424383243978,1.1407685830744518
8,0.6673915210378225,0.26251178297718697,4.6835443037974684,1.1401932594655115,0.9969246383142358,1.1312558914885935,0.3875424383243978,1.1401932651120281
8,0.6673915210378225,0.26251178297718697,4.746835443037975,1.1396522379668959,0.997113250216191,1.1312558914885935,0.3875424383243978,1.139652269217236
8,0.6673915210378225,0.26251178297718697,4.810126582278482,1.1391435523523954,0.9972902953942566,1.1312558914885935,0.3875424383243978,1.139143584566819
8,0.6673915210378225,0.26251178297718697,4.8734177215189876,1.1386653199256733,0.9974564797081852,1.1312558914885935,0.3875424383243978,1.13866532270024
8,0.6673915210378225,0.26251178297718697,4.936708860759494,1.1382157615021606,0.9976124735443203,1.1312558914885935,0.3875424383243978,1.1382157321246589
8,0.6673915210378225,0.26251178297718697,5.0,1.1377931964981394,0.9977589016955408,1.1312558914885935,0.3875424383243978,1.137793274224002
15,1.2011394166241294,0.22875375268151038,0.0,1.2011394166241294,1.2011394166241294,1.114376876340755,,1.2011378365004879
15,1.2011394166241294,0.22875375268151038,0.06329113924050633,1.2682478394941576,1.1888036939986462,1.114376876340755,,1.2682471971671956
15,1.2011394166241294,0.22875375268151038,0.12658227848101267,1.322628758178035,1.177224400741052,1.114376876340755,,1.3226288595915474
15,1.2011394166241294,0.22875375268151038,0.189873417721519,1.3660866719869258,1.1663551590605006,1.114376876340755,,1.366086587217827
15,1.2011394166241294,0.22875375268151038,0.25316455696202533,1.4001936678157954,1.1561526938626405,1.114376876340755,,1.4001934957790059
15,1.2011394166241294,0.22875375268151038,0.31645569620253167,1.426318148892475,1.1465758946686513,1.114376876340755,,1.4263182450551344
15,1.2011394166241294,0.22875375268151038,0.379746835443038,1.4456500806436678,1.1375863516265998,1.114376876340755,,1.445650606176853
15,1.2011394166241294,0.22875375268151038,0.44303797468354433,1.4592231718060993,1.1291482327167859,1.114376876340755,,1.4592238830901765
15,1.2011394166241294,0.22875375268151038,0.5063291139240507,1.4679343590559468,1.1212276213868315,1.114376876340755,,1.4679349697329982
15,1.2011394166241294,0.22875375268151038,0.569620253164557,1.4725609193577125,1.113792706862351,1.114376876340755,,1.4725611651518302
15,1.2011394166241294,0.22875375268151038,0.6329113924050633,1.473775495537798,1.1068138200784143,1.114376876340755,,1.4737753960622357
15,1.2011394166241294,0.22875375268151038,0.6962025316455697,1.4721592863893747,1.1002629796994792,1.114376876340755,,1.4721590495929495
15,1.2011394166241294,0.22875375268151038,0.759493670886076,1.4682136225427238,1.0941138403201505,1.114376876340755,,1.4682134608992072
15,1.2011394166241294,0.22875375268151038,0.8227848101265823,1.462370122848626,1.0883418358674402,1.114376876340755,,1.462370096882869
15,1.2011394166241294,0.22875375268151038,0.8860759493670887,1.454999602694892,1.0829238817206426,1.114376876340755,,1.4549997502104715
15,1.2011394166241294,0.22875375268151038,0.949367088607595,1.4464198851324066,1.077838158893504,1.114376876340755,,1.446420081864134
15,1.2011394166241294,0.22875375268151038,1.0126582278481013,1.4369026475959827,1.073064326637702,1.114376876340755,,1.436902780772019
15,1.2011394166241294,0.22875375268151038,1.0759493670886076,1.426679421074908,1.0685833402328506,1.114376876340755,,1.4266794470373125
15,1.2011394166241294,0.22875375268151038,1.139240506329114,1.415946844561229,1.0643771294649909,1.114376876340755,,1.4159466602339514
15,1.2011394166241294,0.22875375268151038,1.2025316455696204,1.404871265242002,1.0604288521881595,1.114376876340755,,1.404871012355847
15,1.2011394166241294,0.22875375268151038,1.2658227848101267,1.3935927640334465,1.056722796672779,1.114376876340755,,1.3935925089359087
15,1.2011394166241294,0.22875375268151038,1.3291139240506329,1.3822286764984417,1.0532439974247758,1.114376876340755,,1.3822285749829994
15,1.2011394166241294,0.22875375268151038,1.3924050632911393,1.3708766707385285,1.049978521024744,1.114376876340755,,1.3708767334613519
15,1.2011394166241294,0.22875375268151038,1.4556962025316458,1.3596174364186757,1.0469133699226763,1.114376876340755,,1.3596176293802302
15,1.2011394166241294,0.22875375268151038,1.518987341772152,1.3485170325271647,1.044036185519209,1.114376876340755,,1.348517319461818
15,1.2011394166241294,0.22875375268151038,1.5822784810126582,1.3376289358826101,1.0413354321796922,1.114376876340755,,1.3376291396147706
15,1.2011394166241294,0.22875375268151038,1.6455696202531647,1.326995827081476,1.038800347856224,1.114376876340755,,1.3269959445278885
15,1.2011394166241294,0.22875375268151038,1.708860759493671,1.3166511463104984,1.0364207365671598,1.114376876340755,,1.3166511120999
15,1.2011394166241294,0.22875375268151038,1.7721518987341773,1.3066204475333938,1.0341870445747947,1.114376876340755,,1.3066203048735043
15,1.2011394166241294,0.22875375268151038,1.8354430379746836,1.2969225759341383,1.0320903608533762,1.114376876340755,,1.296922361552714
15,1.2011394166241294,0.22875375268151038,1.89873417721519,1.2875706907021776,1.030122273652929,1.114376876340755,,1.2875705282393597
15,1.2011394166241294,0.22875375268151038,1.9620253164556964,1.278573152398849,1.0282748706464417,1.114376876340755,,1.2785731408169598
15,1.2011394166241294,0.22875375268151038,2.0253164556962027,1.269934291824164,1.0265407734756764,1.114376876340755,,1.2699343711546627
15,1.2011394166241294,0.22875375268151038,2.088607594936709,1.2616550753460432,1.024913042431354,1.114376876340755,,1.2616552310461038
15,1.2011394166241294,0.22875375268151038,2.151898734177215,1.25373367968513,1.023385124604472,1.114376876340755,,1.2537338201258472
15,1.2011394166241294,0.22875375268151038,2.2151898734177218,1.246165987635259,1.021950910700017,1.114376876340755,,1.2461660774734888
15,1.2011394166241294,0.22875375268151038,2.278481012658228,1.238946014790202,1.0206046754770852,1.114376876340755,,1.2389460270754795
15,1.2011394166241294,0.22875375268151038,2.3417721518987342,1.2320662760895484,1.0193409918947227,1.114376876340755,,1.2320662039468497
15,1.2011394166241294,0.22875375268151038,2.405063291139241,1.2255180999171775,1.0181548014528206,1.114376876340755,,1.2255180296877999
15,1.2011394166241294,0.22875375268151038,2.468354430379747,1.2192918965337396,1.017041380870437,1.114376876340755,,1.2192918679580724
15,1.2011394166241294,0.22875375268151038,2.5316455696202533,1.2133773867814417,1.0159962355469427,1.114376876340755,,1.2133774471622103
15,1.2011394166241294,0.22875375268151038,2.5949367088607596,1.2077637962653314,1.015015179423327,1.114376876340755,,1.2077639281970218
15,1.2011394166241294,0.22875375268151038,2.6582278481012658,1.2024400195640177,1.0140943087233971,1.114376876340755,,1.2024401754414324
15,1.2011394166241294,0.22875375268151038,2.7215189873417724,1.1973947584565419,1.0132299082160354,1.114376876340755,,1.1973948696689238
15,1.2011394166241294,0.22875375268151038,2.7848101265822787,1.1926166376543441,1.0124185134032309,1.114376876340755,,1.1926166391241477
15,1.2011394166241294,0.22875375268151038,2.848101265822785,1.188094301079019,1.011656891933898,1.114376876340755,,1.1880941670352039
15,1.2011394166241294,0.22875375268151038,2.9113924050632916,1.1838164913394784,1.0109419786976301,1.114376876340755,,1.1838162573974096
15,1.2011394166241294,0.22875375268151038,2.9746835443037978,1.1797721147627513,1.0102709044174047,1.114376876340755,,1.1797718349732988
15,1.2011394166241294,0.22875375268151038,3.037974683544304,1.1759502939794957,1.0096409926908954,1.114376876340755,,1.17595004053181
15,1.2011394166241294,0.22875375268151038,3.1012658227848102,1.172340409821435,1.0090497147784754,1.114376876340755,,1.172340257358163
15,1.2011394166241294,0.22875375268151038,3.1645569620253164,1.1689321341224617,1.008494694367303,1.114376876340755,,1.1689321092901648
15,1.2011394166241294,0.22875375268151038,3.227848101265823,1.1657154546889468,1.0079737153871962,1.114376876340755,,1.1657155176653515
15,1.2011394166241294,0.22875375268151038,3.2911392405063293,1.162680693681768,1.0074846916194986,1.114376876340755,,1.1626808103060395
15,1.2011394166241294,0.22875375268151038,3.3544303797468356,1.1598185203522107,1.0070256550254681,1.114376876340755,,1.1598186164616635
15,1.2011394166241294,0.22875375268151038,3.417721518987342,1.1571199590665844,1.0065947706940803,1.114376876340755,,1.157120006231093
15,1.2011394166241294,0.22875375268151038,3.4810126582278484,1.1545763933400854,1.0061903174975222,1.114376876340755,,1.1545763658680255
15,1.2011394166241294,0.22875375268151038,3.5443037974683547,1.1521795665592274,1.0058106655295933,1.114376876340755,,1.1521795136389679
15,1.2011394166241294,0.22875375268151038,3.607594936708861,1.1499215799549143,1.005454295481909,1.114376876340755,,1.1499215260362652
15,1.2011394166241294,0.22875375268151038,3.670886075949367,1.1477948883155336,1.0051197874352267,1.114376876340755,,1.147794884073347
15,1.2011394166241294,0.22875375268151038,3.7341772151898738,1.145792293865115,1.0048057915218551,1.114376876340755,,1.1457923206074732
15,1.2011394166241294,0.22875375268151038,3.79746835443038,1.143906938664925,1.0045110501121122,1.114376876340755,,1.1439070063997974
15,1.2011394166241294,0.22875375268151038,3.8607594936708862,1.1421322958503943,1.0042343907185574,1.114376876340755,,1.1421323532549825
15,1.2011394166241294,0.22875375268151038,3.924050632911393,1.1404621599711882,1.0039746964719125,1.114376876340755,,1.1404621701349222
15,1.2011394166241294,0.22875375268151038,3.987341772151899,1.1388906366576255,1.003730926879437,1.114376876340755,,1.138890600811437
15,1.2011394166241294,0.22875375268151038,4.050632911392405,1.1374121318053814,1.0035021111135007,1.114376876340755,,1.137412055627887
15,1.2011394166241294,0.22875375268151038,4.113924050632912,1.1360213404407882,1.0032873277421976,1.114376876340755,,1.136021283174026
15,1.2011394166241294,0.22875375268151038,4.177215189873418,1.1347132354038871,1.003085715035333,1.114376876340755,,1.1347132068084242
15,1.2011394166241294,0.22875375268151038,4.2405063291139244,1.1334830559624653,1.0028964691425866,1.114376876340755,,1.1334830812631147
15,1.2011394166241294,0.22875375268151038,4.30379746835443,1.132326296452112,1.002718829874551,1.114376876340755,,1.1323263620579014
15,1.2011394166241294,0.22875375268151038,4.367088607594937,1.1312386950211133,1.0025520835525719,1.114376876340755,,1.1312387604838081
15,1.2011394166241294,0.22875375268151038,4.4303797468354436,1.130216222544311,1.0023955645853884,1.114376876340755,,1.1302162612763296
15,1.2011394166241294,0.22875375268151038,4.493670886075949,1.129255071756151,1.0022486458136362,1.114376876340755,,1.1292550649319038
15,1.2011394166241294,0.22875375268151038,4.556962025316456,1.1283516466461798,1.002110736175444,1.114376876340755,,1.128351613481402
15,1.2011394166241294,0.22875375268151038,4.620253164556963,1.1275025521484614,1.0019812845599394,1.114376876340755,,1.1275025379613002
15,1.2011394166241294,0.22875375268151038,4.6835443037974684,1.1267045841488936,1.0018597735611665,1.114376876340755,,1.1267046104258913
15,1.2011394166241294,0.22875375268151038,4.746835443037975,1.125954719826329,1.0017457136669086,1.114376876340755,,1.1259547907077634
15,1.2011394166241294,0.22875375268151038,4.810126582278482,1.125250108335494,1.0016386485555417,1.114376876340755,,1.1252501767117797
15,1.2011394166241294,0.22875375268151038,4.8734177215189876,1.124588061856582,1.0015381513702044,1.114376876340755,,1.1245880816128226
15,1.2011394166241294,0.22875375268151038,4.936708860759494,1.1239660470154804,1.0014438167059971,1.114376876340755,,1.1239660234850322
15,1.2011394166241294,0.22875375268151038,5.0,1.123381676656454,1.0013552667297119,1.114376876340755,,1.1233817764192289
16,0.4617231861909728,0.17255795057271048,0.0,0.4617231861909728,0.4617231861909728,1.0862789752863553,1.0731560059404976,0.4617222249215216
16,0.4617231861909728,0.17255795057271048,0.06329113924050633,0.5546635613917384,0.4947352808978263,1.0862789752863553,1.0731560059404976,0.5546625897186037
16,0.4617231861909728,0.17255795057271048,0.12658227848101267,0.6354077321239482,0.5257230663128852,1.0862789752863553,1.0731560059404976,0.6354082697496292
16,0.4617231861909728,0.17255795057271048,0.189873417721519,0.7054760755291317,0.5548106557994417,1.0862789752863553,1.0731560059404976,0.7054767060786631
16,0.4617231861909728,0.17255795057271048,0.25316455696202533,0.7662038887503807,0.5821138594771366,1.0862789752863553,1.0731560059404976,0.7662040004295172
16,0.4617231861909728,0.17255795057271048,0.31645569620253167,0.8187636591273894,0.6077426946559824,1.0862789752863553,1.0731560059404976,0.8187633032218542
16,0.4617231861909728,0.17255795057271048,0.379746835443038,0.8641846700204314,0.6317999513960504,1.0862789752863553,1.0731560059404976,0.8641842462928135
16,0.4617231861909728,0.17255795057271048,0.44303797468354433,0.9033702604028002,0.6543815211229023,1.0862789752863553,1.0731560059404976,0.9033700584590229
16,0.4617231861909728,0.17255795057271048,0.5063291139240507,0.9371130180503024,0.6755781692074216,1.0862789752863553,1.0731560059404976,0.937113059066884
16,0.4617231861909728,0.17255795057271048,0.569620253164557,0.9661081528788514,0.6954750256682238,1.0862789752863553,1.0731560059404976,0.9661083999272864
16,0.4617231861909728,0.17255795057271048,0.6329113924050633,0.9909652676076341,0.7141514890140993,1.0862789752863553,1.0731560059404976,0.9909654370709555
16,0.4617231861909728,0.17255795057271048,0.6962025316455697,1.0122187171053307,0.7316824411572794,1.0862789752863553,1.0731560059404976,1.0122186979827168
16,0.4617231861909728,0.17255795057271048,0.759493670886076,1.0303367249410402,0.7481383860353444,1.0862789752863553,1.0731560059404976,1.03033661415132
16,0.4617231861909728,0.17255795057271048,0.8227848101265823,1.0457294055843445,0.7635850658470017,1.0862789752863553,1.0731560059404976,1.0457292207159117
16,0.4617231861909728,0.17255795057271048,0.8860759493670887,1.058755823009084,0.7780842582203789,1.0862789752863553,1.0731560059404976,1.0587557245449706
16,0.4617231861909728,0.17255795057271048,0.949367088607595,1.0697302008701084,0.7916943537712878,1.0862789752863553,1.0731560059404976,1.0697302480429716
16,0.4617231861909728,0.17255795057271048,1.0126582278481013,1.0789273856922421,0.804469787147005,1.0862789752863553,1.0731560059404976,1.0789276141946367
16,0.4617231861909728,0.17255795057271048,1.0759493670886076,1.0865876524156797,0.8164615246453379,1.0862789752863553,1.0731560059404976,1.086587931791794
16,0.4617231861909728,0.17255795057271048,1.139240506329114,1.0929209309876347,0.8277179246505298,1.0862789752863553,1.0731560059404976,1.0929211826239305
16,0.4617231861909728,0.17255795057271048,1.2025316455696204,1.0981105232931936,0.8382840590675276,1.0862789752863553,1.0731560059404976,1.098110626524605
16,0.4617231861909728,0.17255795057271048,1.2658227848101267,1.1023163714662383,0.8482019746511603,1.0862789752863553,1.0731560059404976,1.1023163419127864
16,0.4617231861909728,0.17255795057271048,1.3291139240506329,1.105677931334574,0.8575117211271398,1.0862789752863553,1.0731560059404976,1.105677743249314
16,0.4617231861909728,0.17255795057271048,1.3924050632911393,1.108316698339642,0.8662505862470526,1.0862789752863553,1.0731560059404976,1.1083164833774946
16,0.4617231861909728,0.17255795057271048,1.4556962025316458,1.11033842759144,0.8744533532469587,1.0862789752863553,1.0731560059404976,1.110338258158428
16,0.4617231861909728,0.17255795057271048,1.518987341772152,1.1118350847465588,0.8821530954428614,1.0862789752863553,1.0731560059404976,1.1118350509739197
16,0.4617231861909728,0.17255795057271048,1.5822784810126582,1.1128865601215392,0.8893806837837124,1.0862789752863553,1.0731560059404976,1.1128866663719508
16,0.4617231861909728,0.17255795057271048,1.6455696202531647,1.1135621743784256,0.8961649189936879,1.0862789752863553,1.0731560059404976,1.1135624080437032
16,0.4617231861909728,0.17255795057271048,1.708860759493671,1.113922000906499,0.9025330869255526,1.0862789752863553,1.0731560059404976,1.113922255076617
16,0.4617231861909728,0.17255795057271048,1.7721518987341773,1.1140180269735547,0.9085107546987914,1.0862789752863553,1.0731560059404976,1.1140182080670278
16,0.4617231861909728,0.17255795057271048,1.8354430379746836,1.1138951729985151,0.9141217694470294,1.0862789752863553,1.0731560059404976,1.1138952523123626
16,0.4617231861909728,0.17255795057271048,1.89873417721519,1.113592187109347,0.9193886421730939,1.0862789752863553,1.0731560059404976,1.113592153107447
16,0.4617231861909728,0.17255795057271048,1.9620253164556964,1.1131424300173198,0.9243325473551042,1.0862789752863553,1.0731560059404976,1.1131423266430538
16,0.4617231861909728,0.17255795057271048,2.0253164556962027,1.1125745634062782,0.9289732304970837,1.0862789752863553,1.0731560059404976,1.112574438441828
16,0.4617231861909728,0.17255795057271048,2.088607594936709,1.1119131535767912,0.9333292632179683,1.0862789752863553,1.0731560059404976,1.1119130869694647
16,0.4617231861909728,0.17255795057271048,2.151898734177215,1.1111792005503944,0.9374181820058368,1.0862789752863553,1.0731560059404976,1.1111791976009358
16,0.4617231861909728,0.17255795057271048,2.2151898734177218,1.1103906016698073,0.9412563361765497,1.0862789752863553,1.0731560059404976,1.1103906475662921
16,0.4617231861909728,0.17255795057271048,2.278481012658228,1.109562557657224,0.9448590472642108,1.0862789752863553,1.0731560059404976,1.1095626262886196
16,0.4617231861909728,0.17255795057271048,2.3417721518987342,1.108707928114657,0.9482408387787409,1.0862789752863553,1.0731560059404976,1.1087079635664965
16,0.4617231861909728,0.17255795057271048,2.405063291139241,1.107837542615927,0.9514152479639418,1.0862789752863553,1.0731560059404976,1.10783753286777
16,0.4617231861909728,0.17255795057271048,2.468354430379747,1.1069604728026832,0.9543949149709027,1.0862789752863553,1.0731560059404976,1.1069604133343598
16,0.4617231861909728,0.17255795057271048,2.5316455696202533,1.1060842702437936,0.9571918679706667,1.0862789752863553,1.0731560059404976,1.1060842025006192
16,0.4617231861909728,0.17255795057271048,2.5949367088607596,1.1052151742446974,0.959817309434362,1.0862789752863553,1.0731560059404976,1.1052151223328446
16,0.4617231861909728,0.17255795057271048,2.6582278481012658,1.1043582932871963,0.9622816864053727,1.0862789752863553,1.0731560059404976,1.1043582759823416
16,0.4617231861909728,0.17255795057271048,2.7215189873417724,1.1035177633380158,0.9645949413544342,1.0862789752863553,1.0731560059404976,1.1035178009536035
16,0.4617231861909728,0.17255795057271048,2.7848101265822787,1.1026968858763289,0.9667663457559421,1.0862789752863553,1.0731560059404976,1.102696942251934
16,0.4617231861909728,0.17255795057271048,2.848101265822785,1.1018982481330863,0.9688045498271433,1.0862789752863553,1.0731560059404976,1.1018982948997282
16,0.4617231861909728,0.17255795057271048,2.9113924050632916,1.101123827733161,0.9707177562261196,1.0862789752863553,1.0731560059404976,1.1011238441922133
16,0.4617231861909728,0.17255795057271048,2.9746835443037978,1.1003750837079618,0.9725136435337689,1.0862789752863553,1.0731560059404976,1.1003750687914122
16,0.4617231861909728,0.17255795057271048,3.037974683544304,1.0996530355438008,0.974199374171867,1.0862789752863553,1.0731560059404976,1.0996529878548156
16,0.4617231861909728,0.17255795057271048,3.1012658227848102,1.0989583317408822,0.9757817153962224,1.0862789752863553,1.0731560059404976,1.0989582749296662
16,0.4617231861909728,0.17255795057271048,3.1645569620253164,1.0982913092705113,0.9772670265477859,1.0862789752863553,1.0731560059404976,1.0982912550074182
16,0.4617231861909728,0.17255795057271048,3.227848101265823,1.09765204496053,0.9786612381358131,1.0862789752863553,1.0731560059404976,1.0976520193998696
16,0.4617231861909728,0.17255795057271048,3.2911392405063293,1.097040399955124,0.9799699331692413,1.0862789752863553,1.0731560059404976,1.0970404031566754
16,0.4617231861909728,0.17255795057271048,3.3544303797468356,1.0964560579970102,0.9811983783909392,1.0862789752863553,1.0731560059404976,1.096456086195618
16,0.4617231861909728,0.17255795057271048,3.417721518987342,1.0958985584368508,0.9823514842759739,1.0862789752863553,1.0731560059404976,1.095898595266302
16,0.4617231861909728,0.17255795057271048,3.4810126582278484,1.0953673245511055,0.9834338567996727,1.0862789752863553,1.0731560059404976,1.095367345187741
16,0.4617231861909728,0.17255795057271048,3.5443037974683547,1.0948616878169102,0.9844498578156446,1.0862789752863553,1.0731560059404976,1.0948617036502781
16,0.4617231861909728,0.17255795057271048,3.607594936708861,1.0943809086751433,0.9854035532027653,1.0862789752863553,1.0731560059404976,1.0943808989219408
16,0.4617231861909728,0.17255795057271048,3.670886075949367,1.0939241942004914,0.9862987428607208,1.0862789752863553,1.0731560059404976,1.0939241906898702
16,0.4617231861909728,0.17255795057271048,3.7341772151898738,1.0934907131097709,0.9871390392215474,1.0862789752863553,1.0731560059404976,1.0934907070736704
16,0.4617231861909728,0.17255795057271048,3.79746835443038,1.0930796084612322,0.9879278078755885,1.0862789752863553,1.0731560059404976,1.093079607612058
16,0.4617231861909728,0.17255795057271048,3.8607594936708862,1.092690008341433,0.988668186560995,1.0862789752863553,1.0731560059404976,1.0926900096243168
16,0.4617231861909728,0.17255795057271048,3.924050632911393,1.0923210348107861,0.9893631641739864,1.0862789752863553,1.0731560059404976,1.0923210441755924
16,0.4617231861909728,0.17255795057271048,3.987341772151899,1.0919718113474368,0.990015525216604,1.0862789752863553,1.0731560059404976,1.0919718266214735
16,0.4617231861909728,0.17255795057271048,4.050632911392405,1.0916414689938627,0.9906278677574432,1.0862789752863553,1.0731560059404976,1.0916414752630914
16,0.4617231861909728,0.17255795057271048,4.113924050632912,1.091329151385331,0.9912026576753309,1.0862789752863553,1.0731560059404976,1.0913291599485595
16,0.4617231861909728,0.17255795057271048,4.177215189873418,1.0910340188168084,0.9917422010790842,1.0862789752863553,1.0731560059404976,1.0910340249979618
16,0.4617231861909728,0.17255795057271048,4.2405063291139244,1.0907552514850407,0.9922486491829978,1.0862789752863553,1.0731560059404976,1.090755261369129
16,0.4617231861909728,0.17255795057271048,4.30379746835443,1.0904920520248824,0.9927240363587463,1.0862789752863553,1.0731560059404976,1.090492053392422
16,0.4617231861909728,0.17255795057271048,4.367088607594937,1.0902436474432853,0.9931702725088182,1.0862789752863553,1.0731560059404976,1.0902436465181966
16,0.4617231861909728,0.17255795057271048,4.4303797468354436,1.090009290541143,0.9935891388472174,1.0862789752863553,1.0731560059404976,1.0900092935606625
16,0.4617231861909728,0.17255795057271048,4.493670886075949,1.0897882609011331,0.9939823137389207,1.0862789752863553,1.0731560059404976,1.0897882743348302
16,0.4617231861909728,0.17255795057271048,4.556962025316456,1.0895798655094286,0.9943513789470491,1.0862789752863553,1.0731560059404976,1.0895798794560305
16,0.4617231861909728,0.17255795057271048,4.620253164556963,1.0893834390701662,0.9946978093203186,1.0862789752863553,1.0731560059404976,1.0893834466682641
16,0.4617231861909728,0.17255795057271048,4.6835443037974684,1.0891983440635526,0.9950229895082447,1.0862789752863553,1.0731560059404976,1.0891983393662927
16,0.4617231861909728,0.17255795057271048,4.746835443037975,1.089023970591319,0.9953282295125278,1.0862789752863553,1.0731560059404976,1.0890239581323435
16,0.4617231861909728,0.17255795057271048,4.810126582278482,1.0888597360467211,0.9956147505133688,1.0862789752863553,1.0731560059404976,1.0888597263765938
16,0.4617231861909728,0.17255795057271048,4.8734177215189876,1.0887050846432271,0.9958836948387947,1.0862789752863553,1.0731560059404976,1.088705089109861
16,0.4617231861909728,0.17255795057271048,4.936708860759494,1.0885594868294997,0.9961361474085632,1.0862789752863553,1.0731560059404976,1.088559502756938
16,0.4617231861909728,0.17255795057271048,5.0,1.0884224386159225,0.9963731193548869,1.0862789752863553,1.0731560059404976,1.088422470134901
18,1.0633586509426196,0.02112646061611873,0.0,1.0633586509426196,1.0633586509426196,1.0105632303080594,,1.0633531125642235
18,1.0633586509426196,0.02112646061611873,0.06329113924050633,1.0668099182104283,1.0594729145858641,1.0105632303080594,,1.066815227868686
18,1.0633586509426196,0.02112646061611873,0.12658227848101267,1.0692541846425971,1.055825452482297,1.0105632303080594,,1.069256386938691
18,1.0633586509426196,0.02112646061611873,0.189873417721519,1.0708477734839288,1.0524016556889715,1.0105632303080594,,1.0708486251295428
18,1.0633586509426196,0.02112646061611873,0.25316455696202533,1.0717261771891107,1.0491878926082452,1.0105632303080594,,1.0717280343308406
18,1.0633586509426196,0.02112646061611873,0.31645569620253167,1.0720066718085561,1.0461712134935124,1.0105632303080594,,1.0720093257255296
18,1.0633586509426196,0.02112646061611873,0.379746835443038,1.0717906120844392,1.0433395192920754,1.0105632303080594,,1.0717926045362227
18,1.0633586509426196,0.02112646061611873,0.44303797468354433,1.0711654457401187,1.0406815229649888,1.0105632303080594,,1.0711658442803802
18,1.0633586509426196,0.02112646061611873,0.5063291139240507,1.070206480836411,1.0381865408429887,1.0105632303080594,,1.0702054424958762
18,1.0633586509426196,0.02112646061611873,0.569620253164557,1.0689784360107193,1.0358445525741,1.0105632303080594,,1.0689769257073565
18,1.0633586509426196,0.02112646061611873,0.6329113924050633,1.067536799842026,1.0336462124420025,1.0105632303080594,,1.0675358311251066
18,1.0633586509426196,0.02112646061611873,0.6962025316455697,1.0659290224382472,1.0315827063629064,1.0105632303080594,,1.0659290360662874
18,1.0633586509426196,0.02112646061611873,0.759493670886076,1.0641955595716897,1.0296457355688604,1.0105632303080594,,1.0641963622934119
18,1.0633586509426196,0.02112646061611873,0.8227848101265823,1.0623707872485222,1.027827561779275,1.0105632303080594,,1.0623719093629684
18,1.0633586509426196,0.02112646061611873,0.8860759493670887,1.0604838024498515,1.0261209133690752,1.0105632303080594,,1.0604844591465064
18,1.0633586509426196,0.02112646061611873,0.949367088607595,1.0585591238904417,1.0245189173863696,1.0105632303080594,,1.058559125334088
18,1.0633586509426196,0.02112646061611873,1.0126582278481013,1.0566173049757408,1.0230151665222653,1.0105632303080594,,1.056616709342465
18,1.0633586509426196,0.02112646061611873,1.0759493670886076,1.0546754696717144,1.0216036617149598,1.0105632303080594,,1.054674623251532
18,1.0633586509426196,0.02112646061611873,1.139240506329114,1.0527477807108903,1.0202787108708897,1.0105632303080594,,1.0527470704642317
18,1.0633586509426196,0.02112646061611873,1.2025316455696204,1.0508458484210346,1.0190350087362905,1.0105632303080594,,1.0508454659371924
18,1.0633586509426196,0.02112646061611873,1.2658227848101267,1.0489790874658136,1.0178676061370688,1.0105632303080594,,1.048979019398024
18,1.0633586509426196,0.02112646061611873,1.3291139240506329,1.0471550279026787,1.0167717889623298,1.0105632303080594,,1.0471551280842322
18,1.0633586509426196,0.02112646061611873,1.3924050632911393,1.0453795861918123,1.0157431682033387,1.0105632303080594,,1.0453796202413486
18,1.0633586509426196,0.02112646061611873,1.4556962025316458,1.0436573011003527,1.0147776496489858,1.0105632303080594,,1.0436570810962322
18,1.0633586509426196,0.02112646061611873,1.518987341772152,1.041991538858113,1.0138713403567725,1.0105632303080594,,1.0419911886488427
18,1.0633586509426196,0.02112646061611873,1.5822784810126582,1.0403846713888387,1.0130206066169987,1.0105632303080594,,1.040384287550516
18,1.0633586509426196,0.02112646061611873,1.6455696202531647,1.0388382309607391,1.0122220583987702,1.0105632303080594,,1.0388379477750738
18,1.0633586509426196,0.02112646061611873,1.708860759493671,1.0373530442240444,1.0114724839813165,1.0105632303080594,,1.037353064767247
18,1.0633586509426196,0.02112646061611873,1.7721518987341773,1.0359293482068739,1.0107688739498626,1.0105632303080594,,1.0359296512910512
18,1.0633586509426196,0.02112646061611873,1.8354430379746836,1.0345668905567673,1.0101084213430487,1.0105632303080594,,1.0345673911916573
18,1.0633586509426196,0.02112646061611873,1.89873417721519,1.0332650160089303,1.009488476470728,1.0105632303080594,,1.0332655520109848
18,1.0633586509426196,0.02112646061611873,1.9620253164556964,1.032022740846135,1.008906546960327,1.0105632303080594,,1.0320231234281694
18,1.0633586509426196,0.02112646061611873,2.0253164556962027,1.0308388168712277,1.0083603086387334,1.0105632303080594,,1.0308389380267795
18,1.0633586509426196,0.02112646061611873,2.088607594936709,1.0297117862469605,1.0078475755066771,1.0105632303080594,,1.0297116501850998
18,1.0633586509426196,0.02112646061611873,2.151898734177215,1.0286400283820967,1.0073662834064652,1.0105632303080594,,1.0286397449127573
18,1.0633586509426196,0.02112646061611873,2.2151898734177218,1.0276217998943555,1.0069145079182265,1.0105632303080594,,1.0276214980859053
18,1.0633586509426196,0.02112646061611873,2.278481012658228,1.026655268558061,1.0064904455986277,1.0105632303080594,,1.026655078559342
18,1.0633586509426196,0.02112646061611873,2.3417721518987342,1.0257385420290603,1.0060923869369258,1.0105632303080594,,1.0257385309841833
18,1.0633586509426196,0.02112646061611873,2.405063291139241,1.0248696920404317,1.0057187385122595,1.0105632303080594,,1.0248698357005477
18,1.0633586509426196,0.02112646061611873,2.468354430379747,1.0240467746757924,1.0053680124973612,1.0105632303080594,,1.0240469980856588
18,1.0633586509426196,0.02112646061611873,2.5316455696202533,1.0232678472507206,1.0050387930989606,1.0105632303080594,,1.0232680475719995
18,1.0633586509426196,0.02112646061611873,2.5949367088607596,1.0225309822657636,1.0047297617139914,1.0105632303080594,,1.0225310891942945
18,1.0633586509426196,0.02112646061611873,2.6582278481012658,1.0218342788357477,1.0044396886581013,1.0105632303080594,,1.0218342800251743
18,1.0633586509426196,0.02112646061611873,2.7215189873417724,1.0211758719485933,1.0041674036383883,1.0105632303080594,,1.0211757805737356
18,1.0633586509426196,0.02112646061611873,2.7848101265822787,1.0205539398614365,1.0039118153425486,1.0105632303080594,,1.0205538107508358
18,1.0633586509426196,0.02112646061611873,2.848101265822785,1.0199667099015048,1.0036719055842538,1.0105632303080594,,1.0199666120679733
18,1.0633586509426196,0.02112646061611873,2.9113924050632916,1.0194124629066337,1.0034467088577685,1.0105632303080594,,1.019412446655439
18,1.0633586509426196,0.02112646061611873,2.9746835443037978,1.018889536508034,1.0032353213446144,1.0105632303080594,,1.0188896149355688
18,1.0633586509426196,0.02112646061611873,3.037974683544304,1.0183963274299483,1.00303689998159,1.0105632303080594,,1.0183964477679646
18,1.0633586509426196,0.02112646061611873,3.1012658227848102,1.0179312929618825,1.0028506482190467,1.0105632303080594,,1.0179314223074742
18,1.0633586509426196,0.02112646061611873,3.1645569620253164,1.0174929517340605,1.002675817521575,1.0105632303080594,,1.0174930373095872
18,1.0633586509426196,0.02112646061611873,3.227848101265823,1.0170798839115442,1.0025117098299894,1.0105632303080594,,1.0170799103333148
18,1.0633586509426196,0.02112646061611873,3.2911392405063293,1.0166907309060453,1.0023576679881658,1.0105632303080594,,1.0166907198122002
18,1.0633586509426196,0.02112646061611873,3.3544303797468356,1.0163241946911488,1.0022130720664948,1.0105632303080594,,1.016324184435526
18,1.0633586509426196,0.02112646061611873,3.417721518987342,1.0159790367941655,1.0020773440704251,1.0105632303080594,,1.0159790415476735
18,1.0633586509426196,0.02112646061611873,3.4810126582278484,1.0156540770278057,1.0019499418469653,1.0105632303080594,,1.015654139441768
18,1.0633586509426196,0.02112646061611873,3.5443037974683547,1.0153481920170917,1.0018303519778116,1.0105632303080594,,1.0153482832096534
18,1.0633586509426196,0.02112646061611873,3.607594936708861,1.0150603135656893,1.0017180958828271,1.0105632303080594,,1.0150604232565739
18,1.0633586509426196,0.02112646061611873,3.670886075949367,1.0147894269026414,1.0016127262893237,1.0105632303080594,,1.014789494278216
18,1.0633586509426196,0.02112646061611873,3.7341772151898738,1.0145345688432161,1.0015138179907588,1.0105632303080594,,1.0145345836475212
18,1.0633586509426196,0.02112646061611873,3.79746835443038,1.014294825891645,1.0014209748354401,1.0105632303080594,,1.0142947924832926
18,1.0633586509426196,0.02112646061611873,3.8607594936708862,1.0140693323088936,1.0013338274913715,1.0105632303080594,,1.0140692700148506
18,1.0633586509426196,0.02112646061611873,3.924050632911393,1.013857268166732,1.0012520241462033,1.0105632303080594,,1.0138572170184987
18,1.0633586509426196,0.02112646061611873,3.987341772151899,1.0136578574044575,1.0011752370460947,1.0105632303080594,,1.013657861271341
18,1.0633586509426196,0.02112646061611873,4.050632911392405,1.013470365901697,1.0011031603816227,1.0105632303080594,,1.0134704398780305
18,1.0633586509426196,0.02112646061611873,4.113924050632912,1.0132940995786188,1.001035503902952,1.0105632303080594,,1.0132942252897235
18,1.0633586509426196,0.02112646061611873,4.177215189873418,1.0131284025327008,1.0009719961662078,1.0105632303080594,,1.0131285370862453
18,1.0633586509426196,0.02112646061611873,4.2405063291139244,1.0129726552193359,1.0009123839595997,1.0105632303080594,,1.0129727567038016
18,1.0633586509426196,0.02112646061611873,4.30379746835443,1.0128262726819548,1.0008564278244665,1.0105632303080594,,1.012826329398672
18,1.0633586509426196,0.02112646061611873,4.367088607594937,1.0126887028360125,1.0008039029529734,1.0105632303080594,,1.0126887181003867
18,1.0633586509426196,0.02112646061611873,4.4303797468354436,1.0125594248100436,1.0007545996847518,1.0105632303080594,,1.0125594286942958
18,1.0633586509426196,0.02112646061611873,4.493670886075949,1.0124379473460328,1.0007083204654292,1.0105632303080594,,1.0124379798297638
18,1.0633586509426196,0.02112646061611873,4.556962025316456,1.0123238072605178,1.0006648791112966,1.0105632303080594,,1.0123238663463585
18,1.0633586509426196,0.02112646061611873,4.620253164556963,1.012216567967092,1.0006241020231568,1.0105632303080594,,1.0122166395398668
18,1.0633586509426196,0.02112646061611873,4.6835443037974684,1.0121158180602527,1.0005858262188132,1.0105632303080594,,1.0121158538970794
18,1.0633586509426196,0.02112646061611873,4.746835443037975,1.0120211699598507,1.0005498975025566,1.0105632303080594,,1.012021160125822
18,1.0633586509426196,0.02112646061611873,4.810126582278482,1.0119322586177373,1.0005161721336862,1.0105632303080594,,1.0119322264844404
18,1.0633586509426196,0.02112646061611873,4.8734177215189876,1.0118487402841112,1.0004845156528566,1.0105632303080594,,1.0118487492139283
18,1.0633586509426196,0.02112646061611873,4.936708860759494,1.0117702913310291,1.0004548003580642,1.0105632303080594,,1.0117703500576158
18,1.0633586509426196,0.02112646061611873,5.0,1.0116966071311368,1.000426907232323,1.0105632303080594,,1.0116966567726484
20,0.640114217277912,0.1366493293558172,0.0,0.640114217277912,0.640114217277912,1.0683246646779085,0.8433975302831612,0.6401130934633855
20,0.640114217277912,0.1366493293558172,0.06329113924050633,0.7096431322565784,0.6621857299979206,1.0683246646779085,0.8433975302831612,0.7096433400171909
20,0.640114217277912,0.1366493293558172,0.12658227848101267,0.7697634943520597,0.6829038124469976,1.0683246646779085,0.8433975302831612,0.7697634560746154
20,0.640114217277912,0.1366493293558172,0.189873417721519,0.8216639840069165,0.7023514454144869,1.0683246646779085,0.8433975302831612,0.8216637940198969
20,0.640114217277912,0.1366493293558172,0.25316455696202533,0.8663876552895979,0.7206060582350461,1.0683246646779085,0.8433975302831612,0.8663875587471538
20,0.640114217277912,0.1366493293558172,0.31645569620253167,0.9048495139530177,0.7377412072364058,1.0683246646779085,0.8433975302831612,0.9048497494583636
20,0.640114217277912,0.1366493293558172,0.379746835443038,0.9378519893865364,0.7538256166888215,1.0683246646779085,0.8433975302831612,0.9378523233129569
20,0.640114217277912,0.1366493293558172,0.44303797468354433,0.9660985518325522,0.7689233985136301,1.0683246646779085,0.8433975302831612,0.9660988838633219
20,0.640114217277912,0.1366493293558172,0.5063291139240507,0.9902056962835152,0.7830952374100546,1.0683246646779085,0.8433975302831612,0.9902058917871968
20,0.640114217277912,0.1366493293558172,0.569620253164557,1.0107134881520112,0.7963980503446006,1.0683246646779085,0.8433975302831612,1.0107136183760714
20,0.640114217277912,0.1366493293558172,0.6329113924050633,1.028094842543294,0.8088849222612043,1.0683246646779085,0.8433975302831612,1.028094997870382
20,0.640114217277912,0.1366493293558172,0.6962025316455697,1.0427636884679208,0.8206059183584841,1.0683246646779085,0.8433975302831612,1.0427638533761314
20,0.640114217277912,0.1366493293558172,0.759493670886076,1.0550821512942374,0.8316081767707793,1.0683246646779085,0.8433975302831612,1.0550823117756483
20,0.640114217277912,0.1366493293558172,0.8227848101265823,1.0653668708478703,0.8419356519877367,1.0683246646779085,0.8433975302831612,1.0653669775833643
20,0.640114217277912,0.1366493293558172,0.8860759493670887,1.0738945585644601,0.8516296478320046,1.0683246646779085,0.8433975302831612,1.073894562858193
20,0.640114217277912,0.1366493293558172,0.949367088607595,1.0809068847680532,0.8607292036081491,1.0683246646779085,0.8433975302831612,1.080906804294775
20,0.640114217277912,0.1366493293558172,1.0126582278481013,1.0866147762826672,0.8692707137049679,1.0683246646779085,0.8433975302831612,1.0866146714209737
20,0.640114217277912,0.1366493293558172,1.0759493670886076,1.091202195013975,0.8772882536120785,1.0683246646779085,0.8433975302831612,1.0912021251093154
20,0.640114217277912,0.1366493293558172,1.139240506329114,1.0948294597079744,0.8848141551976139,1.0683246646779085,0.8433975302831612,1.0948294617488679
20,0.640114217277912,0.1366493293558172,1.2025316455696204,1.0976361656612945,0.8918785530268646,1.0683246646779085,0.8433975302831612,1.097636245041259
20,0.640114217277912,0.1366493293558172,1.2658227848101267,1.099743750617778,0.8985095590840055,1.0683246646779085,0.8433975302831612,1.0997438411303861
20,0.640114217277912,0.1366493293558172,1.3291139240506329,1.101257749341384,0.9047339501621616,1.0683246646779085,0.8433975302831612,1.1012578162735067
20,0.640114217277912,0.1366493293558172,1.3924050632911393,1.1022697742619878,0.9105766564298334,1.0683246646779085,0.8433975302831612,1.1022697925326215
20,0.640114217277912,0.1366493293558172,1.4556962025316458,1.1028592551160947,0.9160609335647852,1.0683246646779085,0.8433975302831612,1.1028591974263517
20,0.640114217277912,0.1366493293558172,1.518987341772152,1.1030949665485605,0.9212088940116068,1.0683246646779085,0.8433975302831612,1.1030948996875283
20,0.640114217277912,0.1366493293558172,1.5822784810126582,1.1030363692817826,0.9260411777372153,1.0683246646779085,0.8433975302831612,1.1030363383875799
20,0.640114217277912,0.1366493293558172,1.6455696202531647,1.1027347872341022,0.9305770405796686,1.0683246646779085,0.8433975302831612,1.1027348003198605
20,0.640114217277912,0.1366493293558172,1.708860759493671,1.1022344404013207,0.934834725551179,1.0683246646779085,0.8433975302831612,1.1022345078864502
20,0.640114217277912,0.1366493293558172,1.7721518987341773,1.1015733509498757,0.9388313265383179,1.0683246646779085,0.8433975302831612,1.101573383957197
20,0.640114217277912,0.1366493293558172,1.8354430379746836,1.1007841377679692,0.942582787464613,1.0683246646779085,0.8433975302831612,1.1007841544842265
20,0.640114217277912,0.1366493293558172,1.89873417721519,1.0998947130387964,0.9461041589316571,1.0683246646779085,0.8433975302831612,1.099894659747534
20,0.640114217277912,0.1366493293558172,1.9620253164556964,1.0989288926712109,0.9494095979557515,1.0683246646779085,0.8433975302831612,1.0989288528936818
20,0.640114217277912,0.1366493293558172,2.0253164556962027,1.0979069310107887,0.9525123061573139,1.0683246646779085,0.8433975302831612,1.097906856882941
20,0.640114217277912,0.1366493293558172,2.088607594936709,1.0968459890798732,0.9554247003104767,1.0683246646779085,0.8433975302831612,1.096845926208717
20,0.640114217277912,0.1366493293558172,2.151898734177215,1.095760544386897,0.9581585051125948,1.0683246646779085,0.8433975302831612,1.0957605301091056
20,0.640114217277912,0.1366493293558172,2.2151898734177218,1.094662749428518,0.9607246515311268,1.0683246646779085,0.8433975302831612,1.094662767642838
20,0.640114217277912,0.1366493293558172,2.278481012658228,1.0935627451526988,0.9631333833702883,1.0683246646779085,0.8433975302831612,1.093562813938874
20,0.640114217277912,0.1366493293558172,2.3417721518987342,1.092468934881062,0.9653944108843608,1.0683246646779085,0.8433975302831612,1.0924690090535831
20,0.640114217277912,0.1366493293558172,2.405063291139241,1.0913882235300916,0.9675167849212662,1.0683246646779085,0.8433975302831612,1.0913882769740757
20,0.640114217277912,0.1366493293558172,2.468354430379747,1.0903262263891456,0.9695089565428964,1.0683246646779085,0.8433975302831612,1.0903262628313637
20,0.640114217277912,0.1366493293558172,2.5316455696202533,1.0892874511965536,0.9713789676482131,1.0683246646779085,0.8433975302831612,1.089287445812798
20,0.640114217277912,0.1366493293558172,2.5949367088607596,1.0882754568048365,0.9731343080825627,1.0683246646779085,0.8433975302831612,1.0882754317525623
20,0.640114217277912,0.1366493293558172,2.6582278481012658,1.0872929913254794,0.9747819626208573,1.0683246646779085,0.8433975302831612,1.0872929737504666
20,0.640114217277912,0.1366493293558172,2.7215189873417724,1.086342112295562,0.9763285786864611,1.0683246646779085,0.8433975302831612,1.0863421066850256
20,0.640114217277912,0.1366493293558172,2.7848101265822787,1.0854242911023342,0.9777803550821733,1.0683246646779085,0.8433975302831612,1.0854243219822777
20,0.640114217277912,0.1366493293558172,2.848101265822785,1.0845405036214915,0.9791430752452791,1.0683246646779085,0.8433975302831612,1.0845405415968312
20,0.640114217277912,0.1366493293558172,2.9113924050632916,1.0836913087841316,0.9804222233800978,1.0683246646779085,0.8433975302831612,1.0836913507096724
20,0.640114217277912,0.1366493293558172,2.9746835443037978,1.0828769166133874,0.9816229332988995,1.0683246646779085,0.8433975302831612,1.0828769378354817
20,0.640114217277912,0.1366493293558172,3.037974683544304,1.0820972470357506,0.9827499937157317,1.0683246646779085,0.8433975302831612,1.0820972725369933
20,0.640114217277912,0.1366493293558172,3.1012658227848102,1.0813519806173204,0.9838079291412581,1.0683246646779085,0.8433975302831612,1.0813519876033193
20,0.640114217277912,0.1366493293558172,3.1645569620253164,1.0806406023091775,0.9848009913587742,1.0683246646779085,0.8433975302831612,1.0806405832741874
20,0.640114217277912,0.1366493293558172,3.227848101265823,1.0799624390084626,0.985733145439675,1.0683246646779085,0.8433975302831612,1.0799624252762468
20,0.640114217277912,0.1366493293558172,3.2911392405063293,1.0793166918231425,0.9866081241204487,1.0683246646779085,0.8433975302831612,1.0793166623478938
20,0.640114217277912,0.1366493293558172,3.3544303797468356,1.0787024636292017,0.9874294486858254,1.0683246646779085,0.8433975302831612,1.0787024559915404
20,0.640114217277912,0.1366493293558172,3.417721518987342,1.0781187826182634,0.9882004022237607,1.0683246646779085,0.8433975302831612,1.0781187870496964
20,0.640114217277912,0.1366493293558172,3.4810126582278484,1.0775646222903308,0.9889240642372161,1.0683246646779085,0.8433975302831612,1.077564637346719
20,0.640114217277912,0.1366493293558172,3.5443037974683547,1.0770389183952525,0.9896033510121859,1.0683246646779085,0.8433975302831612,1.0770389366690583
20,0.640114217277912,0.1366493293558172,3.607594936708861,1.07654058323015,0.9902409809491801,1.0683246646779085,0.8433975302831612,1.0765406128394706
20,0.640114217277912,0.1366493293558172,3.670886075949367,1.0760685176214206,0.9908394946181026,1.0683246646779085,0.8433975302831612,1.0760685499885074
20,0.640114217277912,0.1366493293558172,3.7341772151898738,1.0756216209219414,0.9914013072501261,1.0683246646779085,0.8433975302831612,1.075621627828407
20,0.640114217277912,0.1366493293558172,3.79746835443038,1.0751987992948677,0.9919286690408902,1.0683246646779085,0.8433975302831612,1.0751988095284282
20,0.640114217277912,0.1366493293558172,3.8607594936708862,1.0747989725123828,0.9924236778465534,1.0683246646779085,0.8433975302831612,1.0747989718552673
20,0.640114217277912,0.1366493293558172,3.924050632911393,1.0744210794782107,0.9928883320092724,1.0683246646779085,0.8433975302831612,1.0744210823964961
20,0.640114217277912,0.1366493293558172,3.987341772151899,1.074064082656511,0.9933244932155842,1.0683246646779085,0.8433975302831612,1.0740640783024196
20,0.640114217277912,0.1366493293558172,4.050632911392405,1.0737269715632756,0.9937338985047384,1.0683246646779085,0.8433975302831612,1.0737269757620502
20,0.640114217277912,0.1366493293558172,4.113924050632912,1.0734087654566462,0.9941181965354013,1.0683246646779085,0.8433975302831612,1.0734087791822327
20,0.640114217277912,0.1366493293558172,4.177215189873418,1.073108515345022,0.9944789291458187,1.0683246646779085,0.8433975302831612,1.0731085278253907
20,0.640114217277912,0.1366493293558172,4.2405063291139244,1.072825305416375,0.9948175346135112,1.0683246646779085,0.8433975302831612,1.072825307100771
20,0.640114217277912,0.1366493293558172,4.30379746835443,1.0725582539784204,0.9951353730963459,1.0683246646779085,0.8433975302831612,1.0725582485644425
20,0.640114217277912,0.1366493293558172,4.367088607594937,1.0723065139873709,0.9954337215335001,1.0683246646779085,0.8433975302831612,1.0723065100368898
20,0.640114217277912,0.1366493293558172,4.4303797468354436,1.0720692732326025,0.9957137708244818,1.0683246646779085,0.8433975302831612,1.0720692748666267
20,0.640114217277912,0.1366493293558172,4.493670886075949,1.071845754235349,0.9959766431050937,1.0683246646779085,0.8433975302831612,1.0718457710762195
20,0.640114217277912,0.1366493293558172,4.556962025316456,1.0716352139116923,0.9962233959242238,1.0683246646779085,0.8433975302831612,1.0716352406795573
20,0.640114217277912,0.1366493293558172,4.620253164556963,1.0714369430431339,0.9964550153490108,1.0683246646779085,0.8433975302831612,1.071436968891811
20,0.640114217277912,0.1366493293558172,4.6835443037974684,1.0712502655918799,0.996672427140514,1.0683246646779085,0.8433975302831612,1.0712502746791521
20,0.640114217277912,0.1366493293558172,4.746835443037975,1.0710745378923792,0.9968765071512576,1.0683246646779085,0.8433975302831612,1.071074533586702
20,0.640114217277912,0.1366493293558172,4.810126582278482,1.0709091477455495,0.9970680718482237,1.0683246646779085,0.8433975302831612,1.070909144969379
20,0.640114217277912,0.1366493293558172,4.8734177215189876,1.0707535134417256,0.9972478849789085,1.0683246646779085,0.8433975302831612,1.0707535317464372
20,0.640114217277912,0.1366493293558172,4.936708860759494,1.0706070827307772,0.997416671908222,1.0683246646779085,0.8433975302831612,1.0706071113142386
20,0.640114217277912,0.1366493293558172,5.0,1.0704693317565386,0.9975751086683856,1.0683246646779085,0.8433975302831612,1.0704693566662484
24,1.289645178920228,0.1744039224615491,0.0,1.289645178920228,1.289645178920228,1.0872019612307746,,1.289643554467145
24,1.289645178920228,0.1744039224615491,0.06329113924050633,1.3324503133021575,1.2718814673268646,1.0872019612307746,,1.3324494022564355
24,1.289645178920228,0.1744039224615491,0.12658227848101267,1.3660645358552053,1.255207030641821,1.0872019612307746,,1.3660623198801312
24,1.289645178920228,0.1744039224615491,0.189873417721519,1.391832172231894,1.2395550838273697,1.0872019612307746,,1.3918300851900527
24,1.289645178920228,0.1744039224615491,0.25316455696202533,1.4109222830202148,1.2248633097969035,1.0872019612307746,,1.410921740556789
24,1.289645178920228,0.1744039224615491,0.31645569620253167,1.424350448573369,1.211072508557733,1.0872019612307746,,1.4243515656532046
24,1.289645178920228,0.1744039224615491,0.379746835443038,1.4329979056568107,1.19812736907922,1.0872019612307746,,1.4329998690527177
24,1.289645178920228,0.1744039224615491,0.44303797468354433,1.437628354323399,1.1859762924657762,1.0872019612307746,,1.4376301509199834
24,1.289645178920228,0.1744039224615491,0.5063291139240507,1.4389027153533123,1.1745704381368394,1.0872019612307746,,1.4389037875190094
24,1.289645178920228,0.1744039224615491,0.569620253164557,1.4373920850611641,1.1638639978784187,1.0872019612307746,,1.4373922473571756
24,1.289645178920228,0.1744039224615491,0.6329113924050633,1.4335891047522962,1.1538142475851945,1.0872019612307746,,1.4335887025113232
24,1.289645178920228,0.1744039224615491,0.6962025316455697,1.427917936084507,1.1443808935192419,1.0872019612307746,,1.4279173385037867
24,1.289645178920228,0.1744039224615491,0.759493670886076,1.420743010681519,1.1355259977179906,1.0872019612307746,,1.420742534574584
24,1.289645178920228,0.1744039224615491,0.8227848101265823,1.4123767021748528,1.1272141844966281,1.0872019612307746,,1.4123763316119295
24,1.289645178920228,0.1744039224615491,0.8860759493670887,1.4030860510802963,1.1194122114941738,1.0872019612307746,,1.4030857351323975
24,1.289645178920228,0.1744039224615491,0.949367088607595,1.3930986572702078,1.112088658891066,1.0872019612307746,,1.3930983294837451
24,1.289645178920228,0.1744039224615491,1.0126582278481013,1.3826078410236127,1.1052142355628385,1.0872019612307746,,1.3826075032362068
24,1.289645178920228,0.1744039224615491,1.0759493670886076,1.3717771615142902,1.0987615166937286,1.0872019612307746,,1.3717768085844744
24,1.289645178920228,0.1744039224615491,1.139240506329114,1.3607443709052383,1.0927044807786368,1.0872019612307746,,1.3607440968884963
24,1.289645178920228,0.1744039224615491,1.2025316455696204,1.3496248728219873,1.0870188747573588,1.0872019612307746,,1.3496247666243228
24,1.289645178920228,0.1744039224615491,1.2658227848101267,1.3385147457010582,1.08168207339412,1.0872019612307746,,1.3385149033317494
24,1.289645178920228,0.1744039224615491,1.3291139240506329,1.3274933842171197,1.0766725260486667,1.0872019612307746,,1.327493661575849
24,1.289645178920228,0.1744039224615491,1.3924050632911393,1.3166258055447322,1.0719701682909406,1.0872019612307746,,1.3166261712149612
24,1.289645178920228,0.1744039224615491,1.4556962025316458,1.3059646616415779,1.0675562833633783,1.0872019612307746,,1.3059649434060143
24,1.289645178920228,0.1744039224615491,1.518987341772152,1.295551993726681,1.0634130746113803,1.0872019612307746,,1.2955521916915271
24,1.289645178920228,0.1744039224615491,1.5822784810126582,1.2854207606718533,1.0595239304676165,1.0872019612307746,,1.285420802064734
24,1.289645178920228,0.1744039224615491,1.6455696202531647,1.2755961693341513,1.055873353346669,1.0872019612307746,,1.2755960845851557
24,1.289645178920228,0.1744039224615491,1.708860759493671,1.2660968313702021,1.052446660810966,1.0872019612307746,,1.2660966403497598
24,1.289645178920228,0.1744039224615491,1.7721518987341773,1.2569357680384012,1.049230095268319,1.0872019612307746,,1.2569355505100321
24,1.289645178920228,0.1744039224615491,1.8354430379746836,1.2481212820578036,1.0462108246458721,1.0872019612307746,,1.248121138185476
24,1.289645178920228,0.1744039224615491,1.89873417721519,1.2396577130557591,1.0433767358388564,1.0872019612307746,,1.2396576056825057
24,1.289645178920228,0.1744039224615491,1.9620253164556964,1.2315460912809275,1.0407164349225437,1.0872019612307746,,1.2315460664159517
24,1.289645178920228,0.1744039224615491,2.0253164556962027,1.2237847024192843,1.0382192968989707,1.0872019612307746,,1.2237846985681617
24,1.289645178920228,0.1744039224615491,2.088607594936709,1.2163695747161472,1.0358753284343125,1.0872019612307746,,1.2163695637041811
24,1.289645178920228,0.1744039224615491,2.151898734177215,1.2092948983306633,1.0336750931956393,1.0872019612307746,,1.2092948348057877
24,1.289645178920228,0.1744039224615491,2.2151898734177218,1.2025533855784525,1.031609793663912,1.0872019612307746,,1.2025532783585113
24,1.289645178920228,0.1744039224615491,2.278481012658228,1.1961365796453056,1.029671185366447,1.0872019612307746,,1.1961364364843077
24,1.289645178920228,0.1744039224615491,2.3417721518987342,1.1900351184379743,1.02785145324504,1.0872019612307746,,1.1900349914523651
24,1.289645178920228,0.1744039224615491,2.405063291139241,1.1842389594082467,1.0261433129484008,1.0872019612307746,,1.1842388827643955
24,1.289645178920228,0.1744039224615491,2.468354430379747,1.1787375704587553,1.0245399628482037,1.0872019612307746,,1.1787375648895473
24,1.289645178920228,0.1744039224615491,2.5316455696202533,1.1735200914039265,1.0230349306207966,1.0872019612307746,,1.173520171723828
24,1.289645178920228,0.1744039224615491,2.5949367088607596,1.1685754699010202,1.0216221882492382,1.0872019612307746,,1.1685755946469638
24,1.289645178920228,0.1744039224615491,2.6582278481012658,1.1638925752758398,1.0202961142100448,1.0872019612307746,,1.163892705401735
24,1.289645178920228,0.1744039224615491,2.7215189873417724,1.1594602932345461,1.0190513584887866,1.0872019612307746,,1.1594603610032121
24,1.289645178920228,0.1744039224615491,2.7848101265822787,1.1552676040732528,1.0178829321322123,1.0872019612307746,,1.1552675726164912
24,1.289645178920228,0.1744039224615491,2.848101265822785,1.1513036466767783,1.0167861804837441,1.0872019612307746,,1.1513035566127525
24,1.289645178920228,0.1744039224615491,2.9113924050632916,1.147557770297217,1.0157566897170571,1.0872019612307746,,1.1475576147838904
24,1.289645178920228,0.1744039224615491,2.9746835443037978,1.14401957583459,1.0147903280102033,1.0872019612307746,,1.1440194171145346
24,1.289645178920228,0.1744039224615491,3.037974683544304,1.1406789481461743,1.0138832412850296,1.0872019612307746,,1.1406788437046353
24,1.289645178920228,0.1744039224615491,3.1012658227848102,1.1375260807083518,1.0130317881009216,1.0872019612307746,,1.137526061353552
24,1.289645178920228,0.1744039224615491,3.1645569620253164,1.1345514937436236,1.0122325465151762,1.0872019612307746,,1.1345515471243897
24,1.289645178920228,0.1744039224615491,3.227848101265823,1.1317460468512732,1.0114823253380487,1.0872019612307746,,1.1317461511822238
24,1.289645178920228,0.1744039224615491,3.2911392405063293,1.1291009469605227,1.0107781203688353,1.0872019612307746,,1.1291010516291258
24,1.289645178920228,0.1744039224615491,3.3544303797468356,1.126607752389863,1.0101170975885168,1.0872019612307746,,1.1266078212697797
24,1.289645178920228,0.1744039224615491,3.417721518987342,1.1242583736326222,1.0094966146848994,1.0872019612307746,,1.1242584040471453
24,1.289645178920228,0.1744039224615491,3.4810126582278484,1.1220450714431671,1.008914193196121,1.0872019612307746,,1.1220450531860806
24,1.289645178920228,0.1744039224615491,3.5443037974683547,1.1199604526982336,1.008367486021449,1.0872019612307746,,1.1199604382146953
24,1.289645178920228,0.1744039224615491,3.607594936708861,1.1179974644521067,1.0078543053234257,1.0872019612307746,,1.1179974741229226
24,1.289645178920228,0.1744039224615491,3.670886075949367,1.1161493865367553,1.0073726063871453,1.0872019612307746,,1.1161494215109427
24,1.289645178920228,0.1744039224615491,3.7341772151898738,1.1144098230149726,1.006920445373478,1.0872019612307746,,1.114409885116412
24,1.289645178920228,0.1744039224615491,3.79746835443038,1.1127726927498212,1.006496011268057,1.0872019612307746,,1.1127727583400915
24,1.289645178920228,0.1744039224615491,3.8607594936708862,1.1112322193080277,1.0060976156632047,1.0872019612307746,,1.111232253683112
24,1.289645178920228,0.1744039224615491,3.924050632911393,1.1097829203884773,1.005723650242621,1.0872019612307746,,1.109782913547295
24,1.289645178920228,0.1744039224615491,3.987341772151899,1.1084195969313162,1.0053726166739014,1.0872019612307746,,1.1084195419967653
24,1.289645178920228,0.1744039224615491,4.050632911392405,1.1071373220473344,1.0050431169439293,1.0872019612307746,,1.1071372415772252
24,1.289645178920228,0.1744039224615491,4.113924050632912,1.1059314298770409,1.0047338241705168,1.0872019612307746,,1.1059313612780473
24,1.289645178920228,0.1744039224615491,4.177215189873418,1.1047975044727834,1.0044434974432523,1.0872019612307746,,1.1047974621676198
24,1.289645178920228,0.1744039224615491,4.2405063291139244,1.1037313687811152,1.0041709792000146,1.0872019612307746,,1.103731365503863
24,1.289645178920228,0.1744039224615491,4.30379746835443,1.102729073788503,1.003915174751356,1.0872019612307746,,1.1027290879323093
24,1.289645178920228,0.1744039224615491,4.367088607594937,1.1017868878813242,1.0036750563843344,1.0872019612307746,,1.1017868959786263
24,1.289645178920228,0.1744039224615491,4.4303797468354436,1.1009012864607064,1.0034496656329113,1.0872019612307746,,1.100901273647658
24,1.289645178920228,0.1744039224615491,4.493670886075949,1.100068941843788,1.0032380993738197,1.0872019612307746,,1.1000689148141063
24,1.289645178920228,0.1744039224615491,4.556962025316456,1.0992867134751008,1.0030395064649766,1.0872019612307746,,1.0992866839486408
24,1.289645178920228,0.1744039224615491,4.620253164556963,1.0985516384647072,1.002853093294615,1.0872019612307746,,1.0985516360003063
24,1.289645178920228,0.1744039224615491,4.6835443037974684,1.0978609224673672,1.002678114786804,1.0872019612307746,,1.0978609589584551
24,1.289645178920228,0.1744039224615491,4.746835443037975,1.0972119309179522,1.0025138660332331,1.0872019612307746,,1.097211999012585
24,1.289645178920228,0.1744039224615491,4.810126582278482,1.0966021806088533,1.002359689920694,1.0872019612307746,,1.096602240792662
24,1.289645178920228,0.1744039224615491,4.8734177215189876,1.096029331625916,1.0022149717659097,1.0872019612307746,,1.0960293538841361
24,1.289645178920228,0.1744039224615491,4.936708860759494,1.095491179622231,1.0020791277768912,1.0872019612307746,,1.095491162942964
24,1.289645178920228,0.1744039224615491,5.0,1.0949856484360645,1.0019516138656448,1.0872019612307746,,1.0949856939037972
25,0.5509041195819977,0.027944085327270204,0.0,0.5509041195819977,0.5509041195819977,1.0139720426636352,,0.5508983168007798
25,0.5509041195819977,0.027944085327270204,0.06329113924050633,0.5881518505728516,0.5784468176073984,1.0139720426636352,,0.5881534637237695
25,0.5509041195819977,0.027944085327270204,0.12658227848101267,0.6220631896751363,0.6043005910120186,1.0139720426636352,,0.6220633037510599
25,0.5509041195819977,0.027944085327270204,0.189873417721519,0.6529678376688342,0.6285689902344612,1.0139720426636352,,0.652967567828224
25,0.5509041195819977,0.027944085327270204,0.25316455696202533,0.6811604029842523,0.6513486381392231,1.0139720426636352,,0.6811611478986543
25,0.5509041195819977,0.027944085327270204,0.31645569620253167,0.70690432215157,0.6727313245255915,1.0139720426636352,,0.7069056552098976
25,0.5509041195819977,0.027944085327270204,0.379746835443038,0.7304353295653765,0.6928028093433571,1.0139720426636352,,0.7304363443007644
25,0.5509041195819977,0.027944085327270204,0.44303797468354433,0.7519645292064261,0.7116430968637097,1.0139720426636352,,0.7519646068934551
25,0.5509041195819977,0.027944085327270204,0.5063291139240507,0.7716811147572477,0.7293279145805756,1.0139720426636352,,0.7716805561156339
25,0.5509041195819977,0.027944085327270204,0.569620253164557,0.789754779081735,0.7459282882927246,1.0139720426636352,,0.7897541595522057
25,0.5509041195819977,0.027944085327270204,0.6329113924050633,0.8063378492188816,0.7615104618774601,1.0139720426636352,,0.8063376918998545
25,0.5509041195819977,0.027944085327270204,0.6962025316455697,0.8215671787907544,0.7761369109187902,1.0139720426636352,,0.8215676122590668
25,0.5509041195819977,0.027944085327270204,0.759493670886076,0.8355658259770758,0.7898664583626573,1.0139720426636352,,0.8355665239013295
25,0.5509041195819977,0.027944085327270204,0.8227848101265823,0.8484445419038873,0.802753954334223,1.0139720426636352,,0.8484451517095777
25,0.5509041195819977,0.027944085327270204,0.8860759493670887,0.8603030913791933,0.8148509412324578,1.0139720426636352,,0.8603032651146505
25,0.5509041195819977,0.027944085327270204,0.949367088607595,0.8712314253380434,0.8262061355993782,1.0139720426636352,,0.8712310644636685
25,0.5509041195819977,0.027944085327270204,1.0126582278481013,0.881310722092402,0.8368649534276793,1.0139720426636352,,0.8813101550125485
25,0.5509041195819977,0.027944085327270204,1.0759493670886076,0.890614312481547,0.8468699169917736,1.0139720426636352,,0.8906137904241328
25,0.5509041195819977,0.027944085327270204,1.139240506329114,0.8992085022549192,0.8562613727278978,1.0139720426636352,,0.8992082807372066
25,0.5509041195819977,0.027944085327270204,1.2025316455696204,0.9071533034607117,0.8650769250921884,1.0139720426636352,,0.9071534616895051
25,0.5509041195819977,0.027944085327270204,1.2658227848101267,0.9145030852449134,0.8733516545932112,1.0139720426636352,,0.9145035037598817
25,0.5509041195819977,0.027944085327270204,1.3291139240506329,0.9213071532524337,0.8811189755753501,1.0139720426636352,,0.9213076289168332
25,0.5509041195819977,0.027944085327270204,1.3924050632911393,0.9276102657546638,0.8884099980087914,1.0139720426636352,,0.9276105426313082
25,0.5509041195819977,0.027944085327270204,1.4556962025316458,0.9334530936759606,0.895253742292737,1.0139720426636352,,0.9334531427704524
25,0.5509041195819977,0.027944085327270204,1.518987341772152,0.9388726308658164,0.9016778022034557,1.0139720426636352,,0.938872488178496
25,0.5509041195819977,0.027944085327270204,1.5822784810126582,0.9439025602462009,0.9077079340351906,1.0139720426636352,,0.9439023229832075
25,0.5509041195819977,0.027944085327270204,1.6455696202531647,0.9485735807684081,0.9133681668492792,1.0139720426636352,,0.9485734388975451
25,0.5509041195819977,0.027944085327270204,1.708860759493671,0.9529136995940306,0.9186812658174003,1.0139720426636352,,0.9529137066387703
25,0.5509041195819977,0.027944085327270204,1.7721518987341773,0.9569484933749682,0.9236685621352021,1.0139720426636352,,0.9569486503091137
25,0.5509041195819977,0.027944085327270204,1.8354430379746836,0.960701342070572,0.9283499519772931,1.0139720426636352,,0.9607015180887811
25,0.5509041195819977,0.027944085327270204,1.89873417721519,0.9641936383456322,0.9327442167557154,1.0139720426636352,,0.964193728976471
25,0.5509041195819977,0.027944085327270204,1.9620253164556964,0.9674449752556349,0.9368690227913034,1.0139720426636352,,0.9674448418611851
25,0.5509041195819977,0.027944085327270204,2.0253164556962027,0.9704733145855787,0.9407408441811939,1.0139720426636352,,0.9704730150267616
25,0.5509041195819977,0.027944085327270204,2.088607594936709,0.9732951379798046,0.9443751756250351,1.0139720426636352,,0.9732947241162403
25,0.5509041195819977,0.027944085327270204,2.151898734177215,0.9759255827293506,0.9477866481906131,1.0139720426636352,,0.9759251688621035
25,0.5509041195819977,0.027944085327270204,2.2151898734177218,0.9783785638762403,0.9509889024624973,1.0139720426636352,,0.9783782858502909
25,0.5509041195819977,0.027944085327270204,2.278481012658228,0.9806668841157572,0.9539947215249149,1.0139720426636352,,0.9806667686480693
25,0.5509041195819977,0.027944085327270204,2.3417721518987342,0.982802332804193,0.9568162226534157,1.0139720426636352,,0.9828024058049633
25,0.5509041195819977,0.027944085327270204,2.405063291139241,0.9847957752337144,0.9594647002605913,1.0139720426636352,,0.9847959294028095
25,0.5509041195819977,0.027944085327270204,2.468354430379747,0.9866572332065885,0.9619507002953591,1.0139720426636352,,0.986657397976202
25,0.5509041195819977,0.027944085327270204,2.5316455696202533,0.9883959578259541,0.96428425811857,1.0139720426636352,,0.9883960379441541
25,0.5509041195819977,0.027944085327270204,2.5949367088607596,0.990020495318283,0.9664747201919404,1.0139720426636352,,0.9900204689440514
25,0.5509041195819977,0.027944085327270204,2.6582278481012658,0.9915387466125152,0.9685308027076327,1.0139720426636352,,0.9915386326477242
25,0.5509041195819977,0.027944085327270204,2.7215189873417724,0.9929580213215832,0.9704608008820459,1.0139720426636352,,0.9929578713092301
25,0.5509041195819977,0.027944085327270204,2.7848101265822787,0.9942850867023695,0.9722724501049456,1.0139720426636352,,0.9942849783299897
25,0.5509041195819977,0.027944085327270204,2.848101265822785,0.9955262121003606,0.9739729674379309,1.0139720426636352,,0.9955262061135658
25,0.5509041195819977,0.027944085327270204,2.9113924050632916,0.9966872093375648,0.9755691965344175,1.0139720426636352,,0.9966872866844549
25,0.5509041195819977,0.027944085327270204,2.9746835443037978,0.9977734694600688,0.9770675437990133,1.0139720426636352,,0.9977735878018086
25,0.5509041195819977,0.027944085327270204,3.037974683544304,0.9987899961921946,0.9784739849936489,1.0139720426636352,,0.998790118850516
25,0.5509041195819977,0.027944085327270204,3.1012658227848102,0.9997414364262028,0.9797941661849039,1.0139720426636352,,0.9997415004039385
25,0.5509041195819977,0.027944085327270204,3.1645569620253164,1.0006321080568599,0.9810333931071636,1.0139720426636352,,1.0006320948095992
25,0.5509041195819977,0.027944085327270204,3.227848101265823,1.0014660253771437,0.9821966137114289,1.0139720426636352,,1.001465952187582
25,0.5509041195819977,0.027944085327270204,3.2911392405063293,1.0022469223242312,0.9832884860216401,1.0139720426636352,,1.0022468467588814
25,0.5509041195819977,0.027944085327270204,3.3544303797468356,1.002978273721898,0.9843134041942972,1.0139720426636352,,1.0029782218619543
25,0.5509041195819977,0.027944085327270204,3.417721518987342,1.0036633147612128,0.9852754651439197,1.0139720426636352,,1.0036633401753559
25,0.5509041195819977,0.027944085327270204,3.4810126582278484,1.004305058849478,0.986178511734433,1.0139720426636352,,1.0043051521502013
25,0.5509041195819977,0.027944085327270204,3.5443037974683547,1.004906313983491,0.9870261831538188,1.0139720426636352,,1.0049064334687885
25,0.5509041195819977,0.027944085327270204,3.607594936708861,1.0054696978060145,0.987821871651899,1.0139720426636352,,1.0054698095907793
25,0.5509041195819977,0.027944085327270204,3.670886075949367,1.005997651433643,0.9885687475664099,1.0139720426636352,,1.005997701751598
25,0.5509041195819977,0.027944085327270204,3.7341772151898738,1.0064924521814562,0.9892698248268229,1.0139720426636352,,1.0064924271108564
25,0.5509041195819977,0.027944085327270204,3.79746835443038,1.006956225284479,0.9899279114173156,1.0139720426636352,,1.0069561427870577
25,0.5509041195819977,0.027944085327270204,3.8607594936708862,1.007390954703488,0.9905456252200354,1.0139720426636352,,1.0073908448757483
25,0.5509041195819977,0.027944085327270204,3.924050632911393,1.007798493088018,0.9911254599351381,1.0139720426636352,,1.0077984165600367
25,0.5509041195819977,0.027944085327270204,3.987341772151899,1.0081805709747638,0.9916697387323468,1.0139720426636352,,1.0081805613449761
25,0.5509041195819977,0.027944085327270204,4.050632911392405,1.0085388052862168,0.9921806292359676,1.0139720426636352,,1.0085388546045484
25,0.5509041195819977,0.027944085327270204,4.113924050632912,1.0088747071881703,0.9926601887815506,1.0139720426636352,,1.0088747936558755
25,0.5509041195819977,0.027944085327270204,4.177215189873418,1.0091896893595114,0.9931103414051009,1.0139720426636352,,1.009189757012557
25,0.5509041195819977,0.027944085327270204,4.2405063291139244,1.0094850727229154,0.9935328819108039,1.0139720426636352,,1.0094850819506058
25,0.5509041195819977,0.027944085327270204,4.30379746835443,1.0097620926806328,0.9939295076185426,1.0139720426636352,,1.0097620443805795
25,0.5509041195819977,0.027944085327270204,4.367088607594937,1.0100219048955072,0.9943018120008901,1.0139720426636352,,1.0100218205555351
25,0.5509041195819977,0.027944085327270204,4.4303797468354436,1.0102655906537001,0.9946512811628548,1.0139720426636352,,1.0102655270813068
25,0.5509041195819977,0.027944085327270204,4.493670886075949,1.010494161842283,0.9949793154002906,1.0139720426636352,,1.010494157832817
25,0.5509041195819977,0.027944085327270204,4.556962025316456,1.0107085655719468,0.9952872344120477,1.0139720426636352,,1.0107086197915025
25,0.5509041195819977,0.027944085327270204,4.620253164556963,1.0109096884725541,0.9955762686960048,1.0139720426636352,,1.010909761764348
25,0.5509041195819977,0.027944085327270204,4.6835443037974684,1.0110983606871538,0.9958475734949739,1.0139720426636352,,1.0110983930389854
25,0.5509041195819977,0.027944085327270204,4.746835443037975,1.0112753595884503,0.9961022417716043,1.0139720426636352,,1.0112753451173406
25,0.5509041195819977,0.027944085327270204,4.810126582278482,1.0114414132385352,0.9963412923825118,1.0139720426636352,,1.0114413854358042
25,0.5509041195819977,0.027944085327270204,4.8734177215189876,1.0115972036015635,0.9965656783963883,1.0139720426636352,,1.0115972373703692
25,0.5509041195819977,0.027944085327270204,4.936708860759494,1.0117433695430862,0.9967763049849245,1.0139720426636352,,1.0117434623535912
25,0.5509041195819977,0.027944085327270204,5.0,1.011880509623928,0.9969740157578629,1.0139720426636352,,1.0118805543773892
40,0.4367850866854545,0.13945583950687823,0.0,0.4367850866854545,0.4367850866854545,1.069727919753439,1.7441768812155096,0.4367856129821376
40,0.4367850866854545,0.13945583950687823,0.06329113924050633,0.5197588243093048,0.4713266154707694,1.069727919753439,1.7441768812155096,0.5197589317160367
40,0.4367850866854545,0.13945583950687823,0.12658227848101267,0.5923937850824492,0.5037500497124391,1.069727919753439,1.7441768812155096,0.5923939600704611
40,0.4367850866854545,0.13945583950687823,0.189873417721519,0.6559482621959768,0.5341852528847095,1.069727919753439,1.7441768812155096,0.6559484130087322
40,0.4367850866854545,0.13945583950687823,0.25316455696202533,0.7115291594182586,0.5627534005329898,1.069727919753439,1.7441768812155096,0.7115291584034518
40,0.4367850866854545,0.13945583950687823,0.31645569620253167,0.7601101002937684,0.5895696070150461,1.069727919753439,1.7441768812155096,0.7601100552381228
40,0.4367850866854545,0.13945583950687823,0.379746835443038,0.8025473774619326,0.614741424603775,1.069727919753439,1.7441768812155096,0.8025473018440348
40,0.4367850866854545,0.13945583950687823,0.44303797468354433,0.8395939992807812,0.6383691873272264,1.069727919753439,1.7441768812155096,0.8395940457879847
40,0.4367850866854545,0.13945583950687823,0.5063291139240507,0.8719120604696298,0.6605478656711851,1.069727919753439,1.7441768812155096,0.8719122112047694
40,0.4367850866854545,0.13945583950687823,0.569620253164557,0.9000836363648762,0.6813665336860747,1.069727919753439,1.7441768812155096,0.900083848951894
40,0.4367850866854545,0.13945583950687823,0.6329113924050633,0.9246203766604405,0.7009082683744676,1.069727919753439,1.7441768812155096,0.9246206133996444
40,0.4367850866854545,0.13945583950687823,0.6962025316455697,0.9459719535939612,0.7192514208906852,1.069727919753439,1.7441768812155096,0.9459720845687432
40,0.4367850866854545,0.13945583950687823,0.759493670886076,0.9645335010722554,0.7364697615849894,1.069727919753439,1.7441768812155096,0.9645335129417978
40,0.4367850866854545,0.13945583950687823,0.8227848101265823,0.9806521649979966,0.7526320784597542,1.069727919753439,1.7441768812155096,0.9806521032859763
40,0.4367850866854545,0.13945583950687823,0.8860759493670887,0.9946328707378217,0.7678030112701723,1.069727919753439,1.7441768812155096,0.9946327722055336
40,0.4367850866854545,0.13945583950687823,0.949367088607595,1.006743401059904,0.7820436558405097,1.069727919753439,1.7441768812155096,1.006743342113992
40,0.4367850866854545,0.13945583950687823,1.0126582278481013,1.0172188667561142,0.7954109687484242,1.069727919753439,1.7441768812155096,1.0172189379463201
40,0.4367850866854545,0.13945583950687823,1.0759493670886076,1.0262656423752647,0.8079582775351819,1.069727919753439,1.7441768812155096,1.0262658183270696
40,0.4367850866854545,0.13945583950687823,1.139240506329114,1.0340648308735092,0.8197361810051368,1.069727919753439,1.7441768812155096,1.0340650378607787
40,0.4367850866854545,0.13945583950687823,1.2025316455696204,1.0407753133788802,0.8307918392223796,1.069727919753439,1.7441768812155096,1.0407755124592217
40,0.4367850866854545,0.13945583950687823,1.2658227848101267,1.0465364335868064,0.8411692469471697,1.069727919753439,1.7441768812155096,1.0465364916328923
40,0.4367850866854545,0.13945583950687823,1.3291139240506329,1.0514703604009863,0.8509103093892718,1.069727919753439,1.7441768812155096,1.0514702801717002
40,0.4367850866854545,0.13945583950687823,1.3924050632911393,1.0556841672076045,0.8600540418234255,1.069727919753439,1.7441768812155096,1.0556839387044827
40,0.4367850866854545,0.13945583950687823,1.4556962025316458,1.0592716616485431,0.868636838975879,1.069727919753439,1.7441768812155096,1.059271457508912
40,0.4367850866854545,0.13945583950687823,1.518987341772152,1.0623149957224216,0.8766933064330644,1.069727919753439,1.7441768812155096,1.0623148699263243
40,0.4367850866854545,0.13945583950687823,1.5822784810126582,1.0648860824020574,0.884255745379783,1.069727919753439,1.7441768812155096,1.0648860432511842
40,0.4367850866854545,0.13945583950687823,1.6455696202531647,1.0670478419297154,0.8913542908635724,1.069727919753439,1.7441768812155096,1.0670479384411606
40,0.4367850866854545,0.13945583950687823,1.708860759493671,1.0688552982009623,0.8980174928773028,1.069727919753439,1.7441768812155096,1.0688555016344685
40,0.4367850866854545,0.13945583950687823,1.7721518987341773,1.0703565430546602,0.9042721030525108,1.069727919753439,1.7441768812155096,1.070356750072976
40,0.4367850866854545,0.13945583950687823,1.8354430379746836,1.0715935844267237,0.9101430733487652,1.069727919753439,1.7441768812155096,1.0715937578768864
40,0.4367850866854545,0.13945583950687823,1.89873417721519,1.0726030921285374,0.9156539576925615,1.069727919753439,1.7441768812155096,1.072603156786857
40,0.4367850866854545,0.13945583950687823,1.9620253164556964,1.0734170536121992,0.9208269115651575,1.069727919753439,1.7441768812155096,1.073417016390098
40,0.4367850866854545,0.13945583950687823,2.0253164556962027,1.0740633504766757,0.9256825952700434,1.069727919753439,1.7441768812155096,1.074063275151334
40,0.4367850866854545,0.13945583950687823,2.088607594936709,1.074566265193144,0.9302404408401075,1.069727919753439,1.7441768812155096,1.0745661667799908
40,0.4367850866854545,0.13945583950687823,2.151898734177215,1.074946926456663,0.934518797220281,1.069727919753439,1.7441768812155096,1.074946900895832
40,0.4367850866854545,0.13945583950687823,2.2151898734177218,1.0752237005239322,0.9385347711821707,1.069727919753439,1.7441768812155096,1.0752237332310393
40,0.4367850866854545,0.13945583950687823,2.278481012658228,1.0754125350091488,0.9423043940990041,1.069727919753439,1.7441768812155096,1.075412605794649
40,0.4367850866854545,0.13945583950687823,2.3417721518987342,1.0755272608636421,0.9458428623477586,1.069727919753439,1.7441768812155096,1.0755273317053033
40,0.4367850866854545,0.13945583950687823,2.405063291139241,1.0755798575680888,0.9491643403460698,1.069727919753439,1.7441768812155096,1.075579899318451
40,0.4367850866854545,0.13945583950687823,2.468354430379747,1.0755806859642965,0.9522820538569974,1.069727919753439,1.7441768812155096,1.0755806793961253
40,0.4367850866854545,0.13945583950687823,2.5316455696202533,1.0755386926248485,0.9552085883108216,1.069727919753439,1.7441768812155096,1.0755386524045925
40,0.4367850866854545,0.13945583950687823,2.5949367088607596,1.0754615891926664,0.9579556651836377,1.069727919753439,1.7441768812155096,1.0754615430274306
40,0.4367850866854545,0.13945583950687823,2.6582278481012658,1.0753560097123345,0.9605342155252022,1.069727919753439,1.7441768812155096,1.07535595615138
40,0.4367850866854545,0.13945583950687823,2.7215189873417724,1.0752276486127421,0.9629546424360149,1.069727919753439,1.7441768812155096,1.0752276562018988
40,0.4367850866854545,0.13945583950687823,2.7848101265822787,1.0750813816717335,0.9652266469333113,1.069727919753439,1.7441768812155096,1.0750814306663876
40,0.4367850866854545,0.13945583950687823,2.848101265822785,1.0749213720351758,0.9673592799946468,1.069727919753439,1.7441768812155096,1.0749214396318276
40,0.4367850866854545,0.13945583950687823,2.9113924050632916,1.0747511631060658,0.9693611243032078,1.069727919753439,1.7441768812155096,1.0747512187303212
40,0.4367850866854545,0.13945583950687823,2.9746835443037978,1.0745737598817247,0.9712402141847507,1.069727919753439,1.7441768812155096,1.0745737979426144
40,0.4367850866854545,0.13945583950687823,3.037974683544304,1.0743917001370515,0.9730040438925407,1.069727919753439,1.7441768812155096,1.0743916986525561
40,0.4367850866854545,0.13945583950687823,3.1012658227848102,1.074207116742483,0.9746596942059925,1.069727919753439,1.7441768812155096,1.0742070848515803
40,0.4367850866854545,0.13945583950687823,3.1645569620253164,1.0740217921079094,0.9762138190912092,1.069727919753439,1.7441768812155096,1.0740217415380657
40,0.4367850866854545,0.13945583950687823,3.227848101265823,1.0738372058166819,0.9776726238149961,1.069727919753439,1.7441768812155096,1.0738371611198978
40,0.4367850866854545,0.13945583950687823,3.2911392405063293,1.0736545761830372,0.9790419500443687,1.069727919753439,1.7441768812155096,1.0736545394870796
40,0.4367850866854545,0.13945583950687823,3.3544303797468356,1.0734748965751704,0.9803273085277666,1.069727919753439,1.7441768812155096,1.073474887942323
40,0.4367850866854545,0.13945583950687823,3.417721518987342,1.0732989670480688,0.9815338372401732,1.069727919753439,1.7441768812155096,1.0732990017819353
40,0.4367850866854545,0.13945583950687823,3.4810126582278484,1.0731274219604865,0.9826663555494777,1.069727919753439,1.7441768812155096,1.0731274583321249
40,0.4367850866854545,0.13945583950687823,3.5443037974683547,1.0729607539967558,0.9837294273917963,1.069727919753439,1.7441768812155096,1.0729608054636814
40,0.4367850866854545,0.13945583950687823,3.607594936708861,1.0727993350675558,0.9847273070161924,1.069727919753439,1.7441768812155096,1.072799356385891
40,0.4367850866854545,0.13945583950687823,3.670886075949367,1.0726434344950158,0.985663970369832,1.069727919753439,1.7441768812155096,1.072643441981292
40,0.4367850866854545,0.13945583950687823,3.7341772151898738,1.0724932347869571,0.9865431972469404,1.069727919753439,1.7441768812155096,1.0724932296548475
40,0.4367850866854545,0.13945583950687823,3.79746835443038,1.0723488453172298,0.9873685091639883,1.069727919753439,1.7441768812155096,1.072348820045905
40,0.4367850866854545,0.13945583950687823,3.8607594936708862,1.0722103141749895,0.9881431892290028,1.069727919753439,1.7441768812155096,1.0722102990661027
40,0.4367850866854545,0.13945583950687823,3.924050632911393,1.0720776384144377,0.9888703648122958,1.069727919753439,1.7441768812155096,1.0720776382418693
40,0.4367850866854545,0.13945583950687823,3.987341772151899,1.071950772902399,0.9895529494205153,1.069727919753439,1.7441768812155096,1.0719507894626872
40,0.4367850866854545,0.13945583950687823,4.050632911392405,1.071829637942476,0.9901936614894927,1.069727919753439,1.7441768812155096,1.0718296668169183
40,0.4367850866854545,0.13945583950687823,4.113924050632912,1.0717141258332867,0.9907950811410041,1.069727919753439,1.7441768812155096,1.0717141603376659
40,0.4367850866854545,0.13945583950687823,4.177215189873418,1.0716041064969162,0.9913596213247508,1.069727919753439,1.7441768812155096,1.0716041301116905
40,0.4367850866854545,0.13945583950687823,4.2405063291139244,1.0714994322971967,0.9918895329197251,1.069727919753439,1.7441768812155096,1.0714994430986842
40,0.4367850866854545,0.13945583950687823,4.30379746835443,1.0713999421527447,0.9923869445490383,1.069727919753439,1.7441768812155096,1.0713999387666144
40,0.4367850866854545,0.13945583950687823,4.367088607594937,1.0713054650367213,0.99285385460002,1.069727919753439,1.7441768812155096,1.0713054610017614
40,0.4367850866854545,0.13945583950687823,4.4303797468354436,1.0712158229438695,0.9932921268094433,1.069727919753439,1.7441768812155096,1.0712158239895253
40,0.4367850866854545,0.13945583950687823,4.493670886075949,1.0711308333953422,0.9937035173001115,1.069727919753439,1.7441768812155096,1.0711308505064694
40,0.4367850866854545,0.13945583950687823,4.556962025316456,1.0710503115430519,0.9940896811174592,1.069727919753439,1.7441768812155096,1.0710503422194404
40,0.4367850866854545,0.13945583950687823,4.620253164556963,1.0709740719275345,0.9944521614392202,1.069727919753439,1.7441768812155096,1.0709741017771328
40,0.4367850866854545,0.13945583950687823,4.6835443037974684,1.0709019299363862,0.9947924070650198,1.069727919753439,1.7441768812155096,1.070901936982939
40,0.4367850866854545,0.13945583950687823,4.746835443037975,1.0708337030029542,0.9951117886882236,1.069727919753439,1.7441768812155096,1.070833685832055
40,0.4367850866854545,0.13945583950687823,4.810126582278482,1.0707692115837115,0.9954115840657913,1.069727919753439,1.7441768812155096,1.0707691957699583
40,0.4367850866854545,0.13945583950687823,4.8734177215189876,1.0707082799450303,0.9956929884492679,1.069727919753439,1.7441768812155096,1.0707082889595576
40,0.4367850866854545,0.13945583950687823,4.936708860759494,1.0706507367866014,0.9959571370222553,1.069727919753439,1.7441768812155096,1.0706507579856124
40,0.4367850866854545,0.13945583950687823,5.0,1.0705964157245638,0.9962050877620339,1.069727919753439,1.7441768812155096,1.0705964142107114
61,0.8063401669835066,0.14922485941706562,0.0,0.8063401669835066,0.8063401669835066,1.0746124297085329,0.3958134990199457,0.8063406374417337
61,0.8063401669835066,0.14922485941706562,0.06329113924050633,0.8700418462815745,0.8182171726141488,1.0746124297085329,0.3958134990199457,0.8700432275721955
61,0.8063401669835066,0.14922485941706562,0.12658227848101267,0.9242189327908389,0.8293658775092473,1.0746124297085329,0.3958134990199457,0.9242193343746574
61,0.8063401669835066,0.14922485941706562,0.189873417721519,0.9701235129119525,0.8398309348520608,1.0746124297085329,0.3958134990199457,0.9701232206373582
61,0.8063401669835066,0.14922485941706562,0.25316455696202533,1.0088514653064309,0.8496540105064281,1.0746124297085329,0.3958134990199457,1.0088511738464696
61,0.8063401669835066,0.14922485941706562,0.31645569620253167,1.0413614836485996,0.8588746862141945,1.0746124297085329,0.3958134990199457,1.0413614416135344
61,0.8063401669835066,0.14922485941706562,0.379746835443038,1.0684918100721543,0.8675299435160067,1.0746124297085329,0.3958134990199457,1.0684918695802401
61,0.8063401669835066,0.14922485941706562,0.44303797468354433,1.0909749531200503,0.8756542819797181,1.0746124297085329,0.3958134990199457,1.0909750454310665
61,0.8063401669835066,0.14922485941706562,0.5063291139240507,1.1094506314552695,0.8832803569345534,1.0746124297085329,0.3958134990199457,1.1094506819513463
61,0.8063401669835066,0.14922485941706562,0.569620253164557,1.124477155744853,0.8904387962373455,1.0746124297085329,0.3958134990199457,1.1244770143106442
61,0.8063401669835066,0.14922485941706562,0.6329113924050633,1.1365414358341779,0.8971581656772192,1.0746124297085329,0.3958134990199457,1.1365414157956875
61,0.8063401669835066,0.14922485941706562,0.6962025316455697,1.1460677779767467,0.9034654060739288,1.0746124297085329,0.3958134990199457,1.1460678598497958
61,0.8063401669835066,0.14922485941706562,0.759493670886076,1.1534256172115875,0.9093858831508873,1.0746124297085329,0.3958134990199457,1.1534258057908815
61,0.8063401669835066,0.14922485941706562,0.8227848101265823,1.1589363126547052,0.9149432494654727,1.0746124297085329,0.3958134990199457,1.1589365356538812
61,0.8063401669835066,0.14922485941706562,0.8860759493670887,1.1628791182091878,0.9201597312121639,1.0746124297085329,0.3958134990199457,1.162879241643971
61,0.8063401669835066,0.14922485941706562,0.949367088607595,1.1654964277554696,0.9250563360149527,1.0746124297085329,0.3958134990199457,1.1654964262966794
61,0.8063401669835066,0.14922485941706562,1.0126582278481013,1.166998382042664,0.9296526482297534,1.0746124297085329,0.3958134990199457,1.1669983443550407
61,0.8063401669835066,0.14922485941706562,1.0759493670886076,1.1675669140732043,0.9339670043787242,1.0746124297085329,0.3958134990199457,1.1675668594657633
61,0.8063401669835066,0.14922485941706562,1.139240506329114,1.167359300584567,0.9380168027156564,1.0746124297085329,0.3958134990199457,1.1673592400008634
61,0.8063401669835066,0.14922485941706562,1.2025316455696204,1.1665112791395376,0.9418182590933629,1.0746124297085329,0.3958134990199457,1.1665112636588062
61,0.8063401669835066,0.14922485941706562,1.2658227848101267,1.1651397832296961,0.9453865009840097,1.0746124297085329,0.3958134990199457,1.1651397918681086
61,0.8063401669835066,0.14922485941706562,1.3291139240506329,1.1633453414984758,0.9487359373738207,1.0746124297085329,0.3958134990199457,1.1633453716826658
61,0.8063401669835066,0.14922485941706562,1.3924050632911393,1.161214181688843,0.9518799835531488,1.0746124297085329,0.3958134990199457,1.1612142230406723
61,0.8063401669835066,0.14922485941706562,1.4556962025316458,1.1588200749959454,0.9548311537442509,1.0746124297085329,0.3958134990199457,1.1588200591095033
61,0.8063401669835066,0.14922485941706562,1.518987341772152,1.1562259523094678,0.9576013469787993,1.0746124297085329,0.3958134990199457,1.156225953759266
61,0.8063401669835066,0.14922485941706562,1.5822784810126582,1.1534853200309354,0.9602016699265733,1.0746124297085329,0.3958134990199457,1.153485301809453
61,0.8063401669835066,0.14922485941706562,1.6455696202531647,1.150643499701879,0.9626424844372518,1.0746124297085329,0.3958134990199457,1.1506434763871718
61,0.8063401669835066,0.14922485941706562,1.708860759493671,1.1477387130066863,0.9649336073440339,1.0746124297085329,0.3958134990199457,1.1477386949164585
61,0.8063401669835066,0.14922485941706562,1.7721518987341773,1.1448030308601889,0.9670842371187043,1.0746124297085329,0.3958134990199457,1.1448030392576143
61,0.8063401669835066,0.14922485941706562,1.8354430379746836,1.141863203257366,0.9691029534210243,1.0746124297085329,0.3958134990199457,1.1418631999474542
61,0.8063401669835066,0.14922485941706562,1.89873417721519,1.1389413843646865,0.9709978552010803,1.0746124297085329,0.3958134990199457,1.138941380480664
61,0.8063401669835066,0.14922485941706562,1.9620253164556964,1.1360557657858172,0.9727765605575694,1.0746124297085329,0.3958134990199457,1.1360557342318456
61,0.8063401669835066,0.14922485941706562,2.0253164556962027,1.1332211291600272,0.9744461734766146,1.0746124297085329,0.3958134990199457,1.13322111753239
61,0.8063401669835066,0.14922485941706562,2.088607594936709,1.130449328079999,0.9760133756070069,1.0746124297085329,0.3958134990199457,1.1304492992948765
61,0.8063401669835066,0.14922485941706562,2.151898734177215,1.1277497080303387,0.9774844761808431,1.0746124297085329,0.3958134990199457,1.1277497096716311
61,0.8063401669835066,0.14922485941706562,2.2151898734177218,1.1251294719780462,0.9788653573124897,1.0746124297085329,0.3958134990199457,1.125129503874802
61,0.8063401669835066,0.14922485941706562,2.278481012658228,1.122593998366121,0.9801615313436647,1.0746124297085329,0.3958134990199457,1.1225940162807324
61,0.8063401669835066,0.14922485941706562,2.3417721518987342,1.1201471174206612,0.9813782235050195,1.0746124297085329,0.3958134990199457,1.1201471512051837
61,0.8063401669835066,0.14922485941706562,2.405063291139241,1.117791350963852,0.9825203041909438,1.0746124297085329,0.3958134990199457,1.1177913500114498
61,0.8063401669835066,0.14922485941706562,2.468354430379747,1.1155281202952336,0.9835923210421432,1.0746124297085329,0.3958134990199457,1.1155281173805076
61,0.8063401669835066,0.14922485941706562,2.5316455696202533,1.113357926147673,0.984598601522732,1.0746124297085329,0.3958134990199457,1.113357919689821
61,0.8063401669835066,0.14922485941706562,2.5949367088607596,1.1112805042349712,0.9855431760286543,1.0746124297085329,0.3958134990199457,1.111280491840621
61,0.8063401669835066,0.14922485941706562,2.6582278481012658,1.1092949594780546,0.9864298031700242,1.0746124297085329,0.3958134990199457,1.109294951152191
61,0.8063401669835066,0.14922485941706562,2.7215189873417724,1.1073998816195665,0.9872620600231292,1.0746124297085329,0.3958134990199457,1.1073999024195278
61,0.8063401669835066,0.14922485941706562,2.7848101265822787,1.1055934446038356,0.9880432822549299,1.0746124297085329,0.3958134990199457,1.105593472277996
61,0.8063401669835066,0.14922485941706562,2.848101265822785,1.103873491793149,0.9887765820180908,1.0746124297085329,0.3958134990199457,1.1038735193186497
61,0.8063401669835066,0.14922485941706562,2.9113924050632916,1.1022376088626076,0.989464910443621,1.0746124297085329,0.3958134990199457,1.1022376380156205
61,0.8063401669835066,0.14922485941706562,2.9746835443037978,1.1006831859789477,0.9901110301114181,1.0746124297085329,0.3958134990199457,1.1006832196006506
61,0.8063401669835066,0.14922485941706562,3.037974683544304,1.0992074706319126,0.9907175178989358,1.0746124297085329,0.3958134990199457,1.0992074982099158
61,0.8063401669835066,0.14922485941706562,3.1012658227848102,1.0978076123811038,0.9912868085119214,1.0746124297085329,0.3958134990199457,1.097807650050601
61,0.8063401669835066,0.14922485941706562,3.1645569620253164,1.0964807005849595,0.9918211898974919,1.0746124297085329,0.3958134990199457,1.0964807384174526
61,0.8063401669835066,0.14922485941706562,3.227848101265823,1.0952237960231608,0.9923227957188965,1.0746124297085329,0.3958134990199457,1.095223830532606
61,0.8063401669835066,0.14922485941706562,3.2911392405063293,1.0940339572852427,0.9927936346165275,1.0746124297085329,0.3958134990199457,1.094033969072015
61,0.8063401669835066,0.14922485941706562,3.3544303797468356,1.0929082625880602,0.993235601445508,1.0746124297085329,0.3958134990199457,1.0929082703501791
61,0.8063401669835066,0.14922485941706562,3.417721518987342,1.091843827691006,0.993650462883741,1.0746124297085329,0.3958134990199457,1.0918438212261803
61,0.8063401669835066,0.14922485941706562,3.4810126582278484,1.0908378204389957,0.9940398760570667,1.0746124297085329,0.3958134990199457,1.0908378155804546
61,0.8063401669835066,0.14922485941706562,3.5443037974683547,1.0898874723991632,0.9944054102618854,1.0746124297085329,0.3958134990199457,1.0898874787125519
61,0.8063401669835066,0.14922485941706562,3.607594936708861,1.0889900880347494,0.9947485283094809,1.0746124297085329,0.3958134990199457,1.0889901002330198
61,0.8063401669835066,0.14922485941706562,3.670886075949367,1.0881430517537978,0.9950705973178856,1.0746124297085329,0.3958134990199457,1.0881430777556078
61,0.8063401669835066,0.14922485941706562,3.7341772151898738,1.0873438331548093,0.9953729169585213,1.0746124297085329,0.3958134990199457,1.0873438648593614
61,0.8063401669835066,0.14922485941706562,3.79746835443038,1.0865899907462035,0.9956566980947691,1.0746124297085329,0.3958134990199457,1.0865900270539173
61,0.8063401669835066,0.14922485941706562,3.8607594936708862,1.085879174375271,0.995923069613875,1.0746124297085329,0.3958134990199457,1.0858791975963757
61,0.8063401669835066,0.14922485941706562,3.924050632911393,1.0852091265692052,0.9961731068531428,1.0746124297085329,0.3958134990199457,1.0852091349293664
61,0.8063401669835066,0.14922485941706562,3.987341772151899,1.0845776829687368,0.9964078116134806,1.0746124297085329,0.3958134990199457,1.0845776784979209
61,0.8063401669835066,0.14922485941706562,4.050632911392405,1.083982772008013,0.9966281186212588,1.0746124297085329,0.3958134990199457,1.0839827659318002
61,0.8063401669835066,0.14922485941706562,4.113924050632912,1.0834224139731947,0.9968349150439562,1.0746124297085329,0.3958134990199457,1.0834224163540904
61,0.8063401669835066,0.14922485941706562,4.177215189873418,1.0828947195540404,0.9970290305674112,1.0746124297085329,0.3958134990199457,1.082894729399356
61,0.8063401669835066,0.14922485941706562,4.2405063291139244,1.0823978879867364,0.9972112391499129,1.0746124297085329,0.3958134990199457,1.0823979014141194
61,0.8063401669835066,0.14922485941706562,4.30379746835443,1.0819302048722041,0.9973822727124156,1.0746124297085329,0.3958134990199457,1.0819302254568615
61,0.8063401669835066,0.14922485941706562,4.367088607594937,1.0814900397419196,0.9975428183946723,1.0746124297085329,0.3958134990199457,1.081490052269592
61,0.8063401669835066,0.14922485941706562,4.4303797468354436,1.081075843432675,0.9976935170372225,1.0746124297085329,0.3958134990199457,1.081075856307079
61,0.8063401669835066,0.14922485941706562,4.493670886075949,1.0806861453225265,0.9978349724778423,1.0746124297085329,0.3958134990199457,1.0806861522798303
61,0.8063401669835066,0.14922485941706562,4.556962025316456,1.0803195504721463,0.9979677537991363,1.0746124297085329,0.3958134990199457,1.080319558728704
61,0.8063401669835066,0.14922485941706562,4.620253164556963,1.0799747367087313,0.998092391618332,1.0746124297085329,0.3958134990199457,1.0799747408323057
61,0.8063401669835066,0.14922485941706562,4.6835443037974684,1.0796504516832341,0.998209384101093,1.0746124297085329,0.3958134990199457,1.0796504501718018
61,0.8063401669835066,0.14922485941706562,4.746835443037975,1.079345509925739,0.9983192025566033,1.0746124297085329,0.3958134990199457,1.0793455017802407
61,0.8063401669835066,0.14922485941706562,4.810126582278482,1.0790587899240425,0.9984222863376806,1.0746124297085329,0.3958134990199457,1.0790587860474503
61,0.8063401669835066,0.14922485941706562,4.8734177215189876,1.0787892312447023,0.9985190464280582,1.0746124297085329,0.3958134990199457,1.0787892385282338
61,0.8063401669835066,0.14922485941706562,4.936708860759494,1.078535831703209,0.9986098731572222,1.0746124297085329,0.3958134990199457,1.078535848226707
61,0.8063401669835066,0.14922485941706562,5.0,1.0782976445973698,0.9986951303082514,1.0746124297085329,0.3958134990199457,1.0782976904268158
73,0.9679368695271151,0.05301217993347665,0.0,0.9679368695271151,0.9679368695271151,1.0265060899667384,0.22424118463079448,0.9679369844711392
73,0.9679368695271151,0.05301217993347665,0.06329113924050633,0.9883139850676351,0.9699032761651402,1.0265060899667384,0.22424118463079448,0.9883183512407837
73,0.9679368695271151,0.05301217993347665,0.12658227848101267,1.0054456575797173,0.9717491022927751,1.0265060899667384,0.22424118463079448,1.0054457032760395
73,0.9679368695271151,0.05301217993347665,0.189873417721519,1.0197682171237554,0.9734817408774643,1.0265060899667384,0.22424118463079448,1.0197667079591024
73,0.9679368695271151,0.05301217993347665,0.25316455696202533,1.031663020605588,0.9751080902935776,1.0265060899667384,0.22424118463079448,1.0316624634256972
73,0.9679368695271151,0.05301217993347665,0.31645569620253167,1.041463177767136,0.9766347038595466,1.0265060899667384,0.22424118463079448,1.0414638168670893
73,0.9679368695271151,0.05301217993347665,0.379746835443038,1.0494594658227683,0.9780677043936367,1.0265060899667384,0.22424118463079448,1.0494601343901058
73,0.9679368695271151,0.05301217993347665,0.44303797468354433,1.0559055299316433,0.9794128037883347,1.0265060899667384,0.22424118463079448,1.055905388470353
73,0.9679368695271151,0.05301217993347665,0.5063291139240507,1.0610224550883358,0.980675408596282,1.0265060899667384,0.22424118463079448,1.0610215080151804
73,0.9679368695271151,0.05301217993347665,0.569620253164557,1.0650027847976404,0.981860589693325,1.0265060899667384,0.22424118463079448,1.065001510456545
73,0.9679368695271151,0.05301217993347665,0.6329113924050633,1.0680140529002016,0.9829730765507718,1.0265060899667384,0.22424118463079448,1.068013266153534
73,0.9679368695271151,0.05301217993347665,0.6962025316455697,1.0702018869886094,0.9840173296032173,1.0265060899667384,0.22424118463079448,1.070201807697197
73,0.9679368695271151,0.05301217993347665,0.759493670886076,1.071692734871294,0.9849975485057303,1.0265060899667384,0.22424118463079448,1.0716932258806064
73,0.9679368695271151,0.05301217993347665,0.8227848101265823,1.0725962593914633,0.9859176492744581,1.0265060899667384,0.22424118463079448,1.0725969063469893
73,0.9679368695271151,0.05301217993347665,0.8860759493670887,1.0730074414914368,0.986781311770952,1.0265060899667384,0.22424118463079448,1.073007829076089
73,0.9679368695271151,0.05301217993347665,0.949367088607595,1.0730084266417208,0.9875920141051453,1.0265060899667384,0.22424118463079448,1.0730083690921
73,0.9679368695271151,0.05301217993347665,1.0126582278481013,1.0726701455522205,0.9883529987447669,1.0265060899667384,0.22424118463079448,1.0726697613798304
73,0.9679368695271151,0.05301217993347665,1.0759493670886076,1.0720537363823168,0.9890673015609796,1.0265060899667384,0.22424118463079448,1.0720532005536683
73,0.9679368695271151,0.05301217993347665,1.139240506329114,1.0712117924075757,0.9897378030813175,1.0265060899667384,0.22424118463079448,1.0712114982158136
73,0.9679368695271151,0.05301217993347665,1.2025316455696204,1.0701894562273109,0.9903671880700726,1.0265060899667384,0.22424118463079448,1.0701894364213043
73,0.9679368695271151,0.05301217993347665,1.2658227848101267,1.0690253790738626,0.9909579610946928,1.0265060899667384,0.22424118463079448,1.069025668534374
73,0.9679368695271151,0.05301217993347665,1.3291139240506329,1.06775256155957,0.9915125077670943,1.0265060899667384,0.22424118463079448,1.0677529116705227
73,0.9679368695271151,0.05301217993347665,1.3924050632911393,1.0663990902357459,0.992033049178756,1.0265060899667384,0.22424118463079448,1.0663993232464213
73,0.9679368695271151,0.05301217993347665,1.4556962025316458,1.0649887826037576,0.9925216572365608,1.0265060899667384,0.22424118463079448,1.064988793570405
73,0.9679368695271151,0.05301217993347665,1.518987341772152,1.06354175170304,0.9929803019938702,1.0265060899667384,0.22424118463079448,1.0635414956769575
73,0.9679368695271151,0.05301217993347665,1.5822784810126582,1.06207490009234,0.9934108223173026,1.0265060899667384,0.22424118463079448,1.0620745608376485
73,0.9679368695271151,0.05301217993347665,1.6455696202531647,1.0606023517978318,0.9938149337579508,1.0265060899667384,0.22424118463079448,1.0606020589241876
73,0.9679368695271151,0.05301217993347665,1.708860759493671,1.0591358298296976,0.9941942616317041,1.0265060899667384,0.22424118463079448,1.0591356965018504
73,0.9679368695271151,0.05301217993347665,1.7721518987341773,1.0576849859234208,0.9945503288759543,1.0265060899667384,0.22424118463079448,1.0576850672005376
73,0.9679368695271151,0.05301217993347665,1.8354430379746836,1.0562576883548203,0.9948845559749909,1.0265060899667384,0.22424118463079448,1.0562579246683224
73,0.9679368695271151,0.05301217993347665,1.89873417721519,1.0548602729879357,0.9951982838248031,1.0265060899667384,0.22424118463079448,1.0548605782559104
73,0.9679368695271151,0.05301217993347665,1.9620253164556964,1.0534977620889197,0.9954927737096161,1.0265060899667384,0.22424118463079448,1.0534979862921314
73,0.9679368695271151,0.05301217993347665,2.0253164556962027,1.0521740548654592,0.995769201795031,1.0265060899667384,0.22424118463079448,1.0521741198583625
73,0.9679368695271151,0.05301217993347665,2.088607594936709,1.0508920932539962,0.9960286743227177,1.0265060899667384,0.22424118463079448,1.0508920096717353
73,0.9679368695271151,0.05301217993347665,2.151898734177215,1.0496540060153996,0.9962722358754824,1.0265060899667384,0.22424118463079448,1.0496538378878593
73,0.9679368695271151,0.05301217993347665,2.2151898734177218,1.0484612338377217,0.9965008603207374,1.0265060899667384,0.22424118463079448,1.0484610532224146
73,0.9679368695271151,0.05301217993347665,2.278481012658228,1.047314637823405,0.9967154603047907,1.0265060899667384,0.22424118463079448,1.0473145462108966
73,0.9679368695271151,0.05301217993347665,2.3417721518987342,1.04621459344169,0.9969169009386444,1.0265060899667384,0.22424118463079448,1.0462146106711077
73,0.9679368695271151,0.05301217993347665,2.405063291139241,1.045161071774311,0.9971059885851272,1.0265060899667384,0.22424118463079448,1.0451611729645005
73,0.9679368695271151,0.05301217993347665,2.468354430379747,1.044153709659596,0.9972834761706205,1.0265060899667384,0.22424118463079448,1.0441538545889442
73,0.9679368695271151,0.05301217993347665,2.5316455696202533,1.0431918701434295,0.99745008016815,1.0265060899667384,0.22424118463079448,1.0431919721787222
73,0.9679368695271151,0.05301217993347665,2.5949367088607596,1.042274694472475,0.9976064678668947,1.0265060899667384,0.22424118463079448,1.0422746960728722
73,0.9679368695271151,0.05301217993347665,2.6582278481012658,1.0414011467131248,0.9977532615580371,1.0265060899667384,0.22424118463079448,1.041401074861367
73,0.9679368695271151,0.05301217993347665,2.7215189873417724,1.0405700519464285,0.9978910534772617,1.0265060899667384,0.22424118463079448,1.040569920508982
73,0.9679368695271151,0.05301217993347665,2.7848101265822787,1.0397801288723452,0.9980203958915167,1.0265060899667384,0.22424118463079448,1.0397799998155173
73,0.9679368695271151,0.05301217993347665,2.848101265822785,1.0390300175493974,0.9981418040617899,1.0265060899667384,0.22424118463079448,1.039029933285526
73,0.9679368695271151,0.05301217993347665,2.9113924050632916,1.0383183029095207,0.9982557665896522,1.0265060899667384,0.22424118463079448,1.0383183011678223
73,0.9679368695271151,0.05301217993347665,2.9746835443037978,1.0376435346131299,0.9983627408593654,1.0265060899667384,0.22424118463079448,1.0376435865083382
73,0.9679368695271151,0.05301217993347665,3.037974683544304,1.0370042437239315,0.9984631535095183,1.0265060899667384,0.22424118463079448,1.0370043469734005
73,0.9679368695271151,0.05301217993347665,3.1012658227848102,1.0363989566338638,0.99855740764016,1.0265060899667384,0.22424118463079448,1.036399041062759
73,0.9679368695271151,0.05301217993347665,3.1645569620253164,1.0358262066215842,0.9986458820533665,1.0265060899667384,0.22424118463079448,1.0358262392067548
73,0.9679368695271151,0.05301217993347665,3.227848101265823,1.0352845433509974,0.9987289300073339,1.0265060899667384,0.22424118463079448,1.035284517726813
73,0.9679368695271151,0.05301217993347665,3.2911392405063293,1.0347725406192199,0.9988068840609508,1.0265060899667384,0.22424118463079448,1.0347724794542357
73,0.9679368695271151,0.05301217993347665,3.3544303797468356,1.0342888025781745,0.9988800579343431,1.0265060899667384,0.22424118463079448,1.0342887291840193
73,0.9679368695271151,0.05301217993347665,3.417721518987342,1.0338319686668545,0.9989487441260795,1.0265060899667384,0.22424118463079448,1.0338319139305938
73,0.9679368695271151,0.05301217993347665,3.4810126582278484,1.0334007174293036,0.9990132169968328,1.0265060899667384,0.22424118463079448,1.0334006973997936
73,0.9679368695271151,0.05301217993347665,3.5443037974683547,1.0329937693867615,0.9990737363658673,1.0265060899667384,0.22424118463079448,1.0329937904261226
73,0.9679368695271151,0.05301217993347665,3.607594936708861,1.0326098891100919,0.9991305444223253,1.0265060899667384,0.22424118463079448,1.0326099460635187
73,0.9679368695271151,0.05301217993347665,3.670886075949367,1.0322478866099891,0.9991838675119762,1.0265060899667384,0.22424118463079448,1.0322479222751564
73,0.9679368695271151,0.05301217993347665,3.7341772151898738,1.0319066181559151,0.9992339208138467,1.0265060899667384,0.22424118463079448,1.0319066193920672
73,0.9679368695271151,0.05301217993347665,3.79746835443038,1.03158498661677,0.999280904803534,1.0265060899667384,0.22424118463079448,1.031584944618214
73,0.9679368695271151,0.05301217993347665,3.8607594936708862,1.031281941402457,0.9993250063843233,1.0265060899667384,0.22424118463079448,1.0312818871418084
73,0.9679368695271151,0.05301217993347665,3.924050632911393,1.030996478076074,0.9993664035935477,1.0265060899667384,0.22424118463079448,1.0309964219142767
73,0.9679368695271151,0.05301217993347665,3.987341772151899,1.0307276376967436,0.9994052622935482,1.0265060899667384,0.22424118463079448,1.0307276043985227
73,0.9679368695271151,0.05301217993347665,4.050632911392405,1.0304745059443376,0.9994417372415251,1.0265060899667384,0.22424118463079448,1.0304745254039531
73,0.9679368695271151,0.05301217993347665,4.113924050632912,1.0302362120701756,0.99947597532063,1.0265060899667384,0.22424118463079448,1.0302362561030287
73,0.9679368695271151,0.05301217993347665,4.177215189873418,1.030011927711455,0.9995081138971144,1.0265060899667384,0.22424118463079448,1.030011985980809
73,0.9679368695271151,0.05301217993347665,4.2405063291139244,1.0298008656016342,0.9995382811107438,1.0265060899667384,0.22424118463079448,1.02980089863127
73,0.9679368695271151,0.05301217993347665,4.30379746835443,1.0296022782041627,0.9995665981414072,1.0265060899667384,0.22424118463079448,1.029602274851269
73,0.9679368695271151,0.05301217993347665,4.367088607594937,1.0294154562927653,0.9995931787548309,1.0265060899667384,0.22424118463079448,1.029415432256938
73,0.9679368695271151,0.05301217993347665,4.4303797468354436,1.029239727497884,0.99961812905125,1.0265060899667384,0.22424118463079448,1.0292397017193462
73,0.9679368695271151,0.05301217993347665,4.493670886075949,1.029074454835753,0.9996415490045673,1.0265060899667384,0.22424118463079448,1.0290744472469098
73,0.9679368695271151,0.05301217993347665,4.556962025316456,1.0289190352338846,0.9996635328344744,1.0265060899667384,0.22424118463079448,1.028919060094307
73,0.9679368695271151,0.05301217993347665,4.620253164556963,1.0287728980643362,0.9996841683921744,1.0265060899667384,0.22424118463079448,1.0287729383891473
73,0.9679368695271151,0.05301217993347665,4.6835443037974684,1.0286355036939885,0.9997035381560561,1.0265060899667384,0.22424118463079448,1.0286355192874697
73,0.9679368695271151,0.05301217993347665,4.746835443037975,1.0285063420589977,0.9997217201580388,1.0265060899667384,0.22424118463079448,1.0285063242614498
73,0.9679368695271151,0.05301217993347665,4.810126582278482,1.0283849312693383,0.999738787139205,1.0265060899667384,0.22424118463079448,1.0283849017840638
73,0.9679368695271151,0.05301217993347665,4.8734177215189876,1.028270816252722,0.9997548071437355,1.0265060899667384,0.22424118463079448,1.028270811128608
73,0.9679368695271151,0.05301217993347665,4.936708860759494,1.0281635674354264,0.9997698447962072,1.0265060899667384,0.22424118463079448,1.0281635794128798
73,0.9679368695271151,0.05301217993347665,5.0,1.0280627794661026,0.9997839603260779,1.0265060899667384,0.22424118463079448,1.028062746027768
81,1.2465723470139933,0.15719179647990542,0.0,1.2465723470139933,1.2465723470139933,1.0785958982399526,,1.246572792496014
81,1.2465723470139933,0.15719179647990542,0.06329113924050633,1.2860415037087887,1.231450258410331,1.0785958982399526,,1.286042079685292
81,1.2465723470139933,0.15719179647990542,0.12658227848101267,1.3171723181201713,1.2172554597815588,1.0785958982399526,,1.3171704837899094
81,1.2465723470139933,0.15719179647990542,0.189873417721519,1.341179784840193,1.2039310976231252,1.0785958982399526,,1.341177600533881
81,1.2465723470139933,0.15719179647990542,0.25316455696202533,1.3591207255405464,1.1914241219572568,1.0785958982399526,,1.3591198622580576
81,1.2465723470139933,0.15719179647990542,0.31645569620253167,1.3719134364096195,1.1796841363603197,1.0785958982399526,,1.3719142279316139
81,1.2465723470139933,0.15719179647990542,0.379746835443038,1.3803549479800068,1.1686640550472467,1.0785958982399526,,1.3803565083499254
81,1.2465723470139933,0.15719179647990542,0.44303797468354433,1.3851361843880183,1.1583199523402967,1.0785958982399526,,1.3851376176709649
81,1.2465723470139933,0.15719179647990542,0.5063291139240507,1.3868552747794873,1.1486102506906097,1.0785958982399526,,1.3868559545096668
81,1.2465723470139933,0.15719179647990542,0.569620253164557,1.3860292393543794,1.139495953975832,1.0785958982399526,,1.3860292587258398
81,1.2465723470139933,0.15719179647990542,0.6329113924050633,1.3831042459160796,1.130940691547703,1.0785958982399526,,1.3831037877689667
81,1.2465723470139933,0.15719179647990542,0.6962025316455697,1.3784646093515067,1.1229101617079624,1.0785958982399526,,1.3784641331874412
81,1.2465723470139933,0.15719179647990542,0.759493670886076,1.372440685807575,1.1153720682088122,1.0785958982399526,,1.3724403861501129
81,1.2465723470139933,0.15719179647990542,0.8227848101265823,1.3653157951464687,1.1082962960465632,1.0785958982399526,,1.3653156053767983
81,1.2465723470139933,0.15719179647990542,0.8860759493670887,1.3573322892477928,1.1016545462970022,1.0785958982399526,,1.3573321755813508
81,1.2465723470139933,0.15719179647990542,0.949367088607595,1.3486968696198072,1.0954200715491031,1.0785958982399526,,1.3486966911800962
81,1.2465723470139933,0.15719179647990542,1.0126582278481013,1.339585245368044,1.089567936530914,1.0785958982399526,,1.339584973531501
81,1.2465723470139933,0.15719179647990542,1.0759493670886076,1.3301462116288223,1.0840747947423668,1.0785958982399526,,1.3301459394145065
81,1.2465723470139933,0.15719179647990542,1.139240506329114,1.3205052189503037,1.078918494309196,1.0785958982399526,,1.3205050316029712
81,1.2465723470139933,0.15719179647990542,1.2025316455696204,1.3107674956287396,1.0740783888184378,1.0785958982399526,,1.3107675100177967
81,1.2465723470139933,0.15719179647990542,1.2658227848101267,1.30102077754551,1.069535217609489,1.0785958982399526,,1.301020979001861
81,1.2465723470139933,0.15719179647990542,1.3291139240506329,1.2913376934693594,1.0652706348152892,1.0785958982399526,,1.291338032416625
81,1.2465723470139933,0.15719179647990542,1.3924050632911393,1.2817778479972488,1.0612675597662091,1.0785958982399526,,1.2817782075182467
81,1.2465723470139933,0.15719179647990542,1.4556962025316458,1.2723896392734864,1.0575100590541446,1.0785958982399526,,1.2723899152693585
81,1.2465723470139933,0.15719179647990542,1.518987341772152,1.263211844090281,1.0539829825464069,1.0785958982399526,,1.2632119995125695
81,1.2465723470139933,0.15719179647990542,1.5822784810126582,1.254274998974352,1.0506721889644854,1.0785958982399526,,1.2542749956986938
81,1.2465723470139933,0.15719179647990542,1.6455696202531647,1.2456026025759668,1.0475644853526964,1.0785958982399526,,1.2456024701264607
81,1.2465723470139933,0.15719179647990542,1.708860759493671,1.2372121614161522,1.0446473726834178,1.0785958982399526,,1.2372119644796078
81,1.2465723470139933,0.15719179647990542,1.7721518987341773,1.2291160984775538,1.0419091392416202,1.0785958982399526,,1.2291159059993237
81,1.2465723470139933,0.15719179647990542,1.8354430379746836,1.2213225417499027,1.0393388611985939,1.0785958982399526,,1.221322459727698
81,1.2465723470139933,0.15719179647990542,1.89873417721519,1.2138360077245816,1.0369262267767227,1.0785958982399526,,1.2138360037218099
81,1.2465723470139933,0.15719179647990542,1.9620253164556964,1.2066579930012726,1.0346615364299199,1.0785958982399526,,1.2066580402080185
81,1.2465723470139933,0.15719179647990542,2.0253164556962027,1.199787485644765,1.0325357451925663,1.0785958982399526,,1.1997875274463454
81,1.2465723470139933,0.15719179647990542,2.088607594936709,1.193221406369791,1.0305403458290685,1.0785958982399526,,1.1932214138554038
81,1.2465723470139933,0.15719179647990542,2.151898734177215,1.1869549885132296,1.028667305273707,1.0785958982399526,,1.1869549360030514
81,1.2465723470139933,0.15719179647990542,2.2151898734177218,1.1809821046036404,1.0269091342773062,1.0785958982399526,,1.1809819902355907
81,1.2465723470139933,0.15719179647990542,2.278481012658228,1.1752955463778714,1.0252588143941004,1.0785958982399526,,1.1752954169225607
81,1.2465723470139933,0.15719179647990542,2.3417721518987342,1.169887264250271,1.023709692735025,1.0785958982399526,,1.1698871418427466
81,1.2465723470139933,0.15719179647990542,2.405063291139241,1.1647485715052877,1.0222555681970587,1.0785958982399526,,1.1647484967573214
81,1.2465723470139933,0.15719179647990542,2.468354430379747,1.1598703178239989,1.0208906506149176,1.0785958982399526,,1.1598703190673463
81,1.2465723470139933,0.15719179647990542,2.5316455696202533,1.1552430361822026,1.019609430157436,1.0785958982399526,,1.1552430995817875
81,1.2465723470139933,0.15719179647990542,2.5949367088607596,1.1508570666541624,1.018406775227774,1.0785958982399526,,1.150857166613885
81,1.2465723470139933,0.15719179647990542,2.6582278481012658,1.146702660213649,1.0172779002733312,1.0785958982399526,,1.1467027478375305
81,1.2465723470139933,0.15719179647990542,2.7215189873417724,1.1427700652313124,1.0162182508747326,1.0785958982399526,,1.1427701293465298
81,1.2465723470139933,0.15719179647990542,2.7848101265822787,1.1390495990327167,1.0152235799807525,1.0785958982399526,,1.1390495928163762
81,1.2465723470139933,0.15719179647990542,2.848101265822785,1.135531706580783,1.0142899251239295,1.0785958982399526,,1.1355316516385239
81,1.2465723470139933,0.15719179647990542,2.9113924050632916,1.1322070080826205,1.0134135288534394,1.0785958982399526,,1.1322069281894767
81,1.2465723470139933,0.15719179647990542,2.9746835443037978,1.129066337073691,1.0125908737862572,1.0785958982399526,,1.1290662598702956
81,1.2465723470139933,0.15719179647990542,3.037974683544304,1.1261007703707855,1.011818678980167,1.0785958982399526,,1.1261007324894068
81,1.2465723470139933,0.15719179647990542,3.1012658227848102,1.1233016510716332,1.011093844509382,1.0785958982399526,,1.1233016841899905
81,1.2465723470139933,0.15719179647990542,3.1645569620253164,1.1206606056236368,1.0104134573047237,1.0785958982399526,,1.1206606887585777
81,1.2465723470139933,0.15719179647990542,3.227848101265823,1.1181695558912152,1.009774800734938,1.0785958982399526,,1.118169647918695
81,1.2465723470139933,0.15719179647990542,3.2911392405063293,1.1158207269660616,1.009175317350872,1.0785958982399526,,1.115820813913353
81,1.2465723470139933,0.15719179647990542,3.3544303797468356,1.1136066514280507,1.0086125945775093,1.0785958982399526,,1.1136066972113996
81,1.2465723470139933,0.15719179647990542,3.417721518987342,1.1115201706194247,1.0080843830381447,1.0785958982399526,,1.1115201745107237
81,1.2465723470139933,0.15719179647990542,3.4810126582278484,1.109554433450387,1.0075885728403897,1.0785958982399526,,1.1095544209907913
81,1.2465723470139933,0.15719179647990542,3.5443037974683547,1.1077028931673012,1.0071231659184066,1.0785958982399526,,1.107702873002448
81,1.2465723470139933,0.15719179647990542,3.607594936708861,1.1059593024616892,1.0066862997857624,1.0785958982399526,,1.105959321834336
81,1.2465723470139933,0.15719179647990542,3.670886075949367,1.104317707241359,1.0062762337949684,1.0785958982399526,,1.1043177551445562
81,1.2465723470139933,0.15719179647990542,3.7341772151898738,1.1027724393379197,1.0058913131731804,1.0785958982399526,,1.1027725066923801
81,1.2465723470139933,0.15719179647990542,3.79746835443038,1.1013181083938643,1.0055299962200832,1.0785958982399526,,1.1013181738630777
81,1.2465723470139933,0.15719179647990542,3.8607594936708862,1.0999495931254917,1.0051908456093428,1.0785958982399526,,1.0999496348502447
81,1.2465723470139933,0.15719179647990542,3.924050632911393,1.0986620321358358,1.004872492195696,1.0785958982399526,,1.098662030982551
81,1.2465723470139933,0.15719179647990542,3.987341772151899,1.0974508144193016,1.0045736604621847,1.0785958982399526,,1.0974507711420545
81,1.2465723470139933,0.15719179647990542,4.050632911392405,1.0963115696830532,1.0042931602927618,1.0785958982399526,,1.0963115165455668
81,1.2465723470139933,0.15719179647990542,4.113924050632912,1.0952401585876317,1.004029862124503,1.0785958982399526,,1.09524011692458
81,1.2465723470139933,0.15719179647990542,4.177215189873418,1.0942326629910126,1.0037827095814864,1.0785958982399526,,1.0942326463626932
81,1.2465723470139933,0.15719179647990542,4.2405063291139244,1.0932853762667687,1.0035507172414453,1.0785958982399526,,1.093285381204047
81,1.2465723470139933,0.15719179647990542,4.30379746835443,1.0923947937541887,1.003332953205055,1.0785958982399526,,1.0923948032443285
81,1.2465723470139933,0.15719179647990542,4.367088607594937,1.0915576033872245,1.0031285425894918,1.0785958982399526,,1.0915576102856295
81,1.2465723470139933,0.15719179647990542,4.4303797468354436,1.090770676539657,1.0029366694612003,1.0785958982399526,,1.0907706616439208
81,1.2465723470139933,0.15719179647990542,4.493670886075949,1.0900310591156936,1.0027565649994326,1.0785958982399526,,1.090031033377964
81,1.2465723470139933,0.15719179647990542,4.556962025316456,1.0893359629080042,1.0025875046345563,1.0785958982399526,,1.089335940723374
81,1.2465723470139933,0.15719179647990542,4.620253164556963,1.0886827572392381,1.0024288127719827,1.0785958982399526,,1.0886827567477182
81,1.2465723470139933,0.15719179647990542,4.6835443037974684,1.0880689609059613,1.0022798551352385,1.0785958982399526,,1.0880689895225666
81,1.2465723470139933,0.15719179647990542,4.746835443037975,1.0874922344217492,1.002140031642175,1.0785958982399526,,1.0874922813871069
81,1.2465723470139933,0.15719179647990542,4.810126582278482,1.0869503725709326,1.0020087828982223,1.0785958982399526,,1.0869504099299911
81,1.2465723470139933,0.15719179647990542,4.8734177215189876,1.0864412972684732,1.0018855856290203,1.0785958982399526,,1.086441307503551
81,1.2465723470139933,0.15719179647990542,4.936708860759494,1.0859630507158842,1.001769942857688,1.0785958982399526,,1.0859630341002662
81,1.2465723470139933,0.15719179647990542,5.0,1.085513788884528,1.0016613914069328,1.0785958982399526,,1.0855138209222384
85,0.4025504038213729,0.1835558486138935,0.0,0.4025504038213729,0.4025504038213729,1.0917779243069468,1.1479165682953023,0.402551284206652
85,0.4025504038213729,0.1835558486138935,0.06329113924050633,0.5029393152645489,0.4391915188492584,1.0917779243069468,1.1479165682953023,0.502938677949721
85,0.4025504038213729,0.1835558486138935,0.12658227848101267,0.5902611734050752,0.4735857922189194,1.0917779243069468,1.1479165682953023,0.5902620004226035
85,0.4025504038213729,0.1835558486138935,0.189873417721519,0.6661389920041775,0.505870981078492,1.0917779243069468,1.1479165682953023,0.6661397640497138
85,0.4025504038213729,0.1835558486138935,0.25316455696202533,0.7319985571251332,0.5361756265566989,1.0917779243069468,1.1479165682953023,0.7319984476344972
85,0.4025504038213729,0.1835558486138935,0.31645569620253167,0.7890921381717069,0.5646218401689425,1.0917779243069468,1.1479165682953023,0.7890912771344507
85,0.4025504038213729,0.1835558486138935,0.379746835443038,0.8385193635138463,0.5913237116889334,1.0917779243069468,1.1479165682953023,0.8385184124414702
85,0.4025504038213729,0.1835558486138935,0.44303797468354433,0.8812455992138228,0.6163876738888234,1.0917779243069468,1.1479165682953023,0.8812450526459336
85,0.4025504038213729,0.1835558486138935,0.5063291139240507,0.9181181283619448,0.6399144699787795,1.0917779243069468,1.1479165682953023,0.9181180096190084
85,0.4025504038213729,0.1835558486138935,0.569620253164557,0.9498803934745129,0.6619985883222973,1.0917779243069468,1.1479165682953023,0.9498804651774668
85,0.4025504038213729,0.1835558486138935,0.6329113924050633,0.9771845330922142,0.6827281557080421,1.0917779243069468,1.1479165682953023,0.9771846801150474
85,0.4025504038213729,0.1835558486138935,0.6962025316455697,1.0006024161374312,0.7021862858185578,1.0917779243069468,1.1479165682953023,1.0006023271633675
85,0.4025504038213729,0.1835558486138935,0.759493670886076,1.0206353533578065,0.7204512330908843,1.0917779243069468,1.1479165682953023,1.0206351342165798
85,0.4025504038213729,0.1835558486138935,0.8227848101265823,1.0377226438205978,0.7375959667651266,1.0917779243069468,1.1479165682953023,1.0377224288459725
85,0.4025504038213729,0.1835558486138935,0.8860759493670887,1.0522490955991368,0.7536890556854758,1.0917779243069468,1.1479165682953023,1.0522490028967875
85,0.4025504038213729,0.1835558486138935,0.949367088607595,1.0645516432098177,0.7687953093494664,1.0917779243069468,1.1479165682953023,1.0645517890498122
85,0.4025504038213729,0.1835558486138935,1.0126582278481013,1.074925169749422,0.782975146406386,1.0917779243069468,1.1479165682953023,1.074925504479621
85,0.4025504038213729,0.1835558486138935,1.0759493670886076,1.0836276288135174,0.7962851358803148,1.0917779243069468,1.1479165682953023,1.0836280549420767
85,0.4025504038213729,0.1835558486138935,1.139240506329114,1.0908845499403723,0.8087789521937774,1.0917779243069468,1.1479165682953023,1.090884953087148
85,0.4025504038213729,0.1835558486138935,1.2025316455696204,1.0968930013393476,0.8205066220072564,1.0917779243069468,1.1479165682953023,1.0968932262111373
85,0.4025504038213729,0.1835558486138935,1.2658227848101267,1.101825074866834,0.831514814276297,1.0917779243069468,1.1479165682953023,1.1018250530190536
85,0.4025504038213729,0.1835558486138935,1.3291139240506329,1.1058309504369541,0.8418479813938645,1.0917779243069468,1.1479165682953023,1.1058307150575757
85,0.4025504038213729,0.1835558486138935,1.3924050632911393,1.1090415902651496,0.8515475101549189,1.0917779243069468,1.1479165682953023,1.1090412987588023
85,0.4025504038213729,0.1835558486138935,1.4556962025316458,1.111571107335845,0.8606520075174612,1.0917779243069468,1.1479165682953023,1.111570879068633
85,0.4025504038213729,0.1835558486138935,1.518987341772152,1.1135188471467035,0.8691981825478694,1.0917779243069468,1.1479165682953023,1.1135188091146542
85,0.4025504038213729,0.1835558486138935,1.5822784810126582,1.114971217069953,0.8772202998392097,1.0917779243069468,1.1479165682953023,1.11497133436309
85,0.4025504038213729,0.1835558486138935,1.6455696202531647,1.1160032937813988,0.8847503261799342,1.0917779243069468,1.1479165682953023,1.1160035877325014
85,0.4025504038213729,0.1835558486138935,1.708860759493671,1.1166802352588496,0.8918185469572042,1.0917779243069468,1.1479165682953023,1.1166805684955379
85,0.4025504038213729,0.1835558486138935,1.7721518987341773,1.1170585209673762,0.8984533398845479,1.0917779243069468,1.1479165682953023,1.1170587662543592
85,0.4025504038213729,0.1835558486138935,1.8354430379746836,1.1171870408227167,0.9046811736115193,1.0917779243069468,1.1479165682953023,1.1171871604611805
85,0.4025504038213729,0.1835558486138935,1.89873417721519,1.1171080512182845,0.9105270337760007,1.0917779243069468,1.1479165682953023,1.1171080687343338
85,0.4025504038213729,0.1835558486138935,1.9620253164556964,1.116858014032329,0.9160144225669801,1.0917779243069468,1.1479165682953023,1.1168579431364218
85,0.4025504038213729,0.1835558486138935,2.0253164556962027,1.1164683328578089,0.9211652561121764,1.0917779243069468,1.1479165682953023,1.116468232236242
85,0.4025504038213729,0.1835558486138935,2.088607594936709,1.11596599875814,0.9260001476090163,1.0917779243069468,1.1479165682953023,1.1159659218611826
85,0.4025504038213729,0.1835558486138935,2.151898734177215,1.1153741565292927,0.930538561332118,1.0917779243069468,1.1479165682953023,1.1153741752616584
85,0.4025504038213729,0.1835558486138935,2.2151898734177218,1.114712601087092,0.9347986438780055,1.0917779243069468,1.1479165682953023,1.1147126617844918
85,0.4025504038213729,0.1835558486138935,2.278481012658228,1.113998212442528,0.9387974010773736,1.0917779243069468,1.1479165682953023,1.1139982608574215
85,0.4025504038213729,0.1835558486138935,2.3417721518987342,1.1132453367030493,0.9425509530099173,1.0917779243069468,1.1479165682953023,1.1132453474612038
85,0.4025504038213729,0.1835558486138935,2.405063291139241,1.1124661196633863,0.9460743250689573,1.0917779243069468,1.1479165682953023,1.1124660901202656
85,0.4025504038213729,0.1835558486138935,2.468354430379747,1.1116707987518168,0.9493815469376788,1.0917779243069468,1.1479165682953023,1.1116707083921569
85,0.4025504038213729,0.1835558486138935,2.5316455696202533,1.1108679584042913,0.9524859690442421,1.0917779243069468,1.1479165682953023,1.1108678440058275
85,0.4025504038213729,0.1835558486138935,2.5949367088607596,1.1100647533293873,0.9554000253476834,1.0917779243069468,1.1479165682953023,1.1100646742649898
85,0.4025504038213729,0.1835558486138935,2.6582278481012658,1.1092671035894426,0.9581353113351053,1.0917779243069468,1.1479165682953023,1.1092670765075405
85,0.4025504038213729,0.1835558486138935,2.7215189873417724,1.1084798649426213,0.9607028624532646,1.0917779243069468,1.1479165682953023,1.1084798941861762
85,0.4025504038213729,0.1835558486138935,2.7848101265822787,1.1077069774905133,0.9631129693899478,1.0917779243069468,1.1479165682953023,1.1077070321075815
85,0.4025504038213729,0.1835558486138935,2.848101265822785,1.1069515952987095,0.9653752332809992,1.0917779243069468,1.1479165682953023,1.1069516302193996
85,0.4025504038213729,0.1835558486138935,2.9113924050632916,1.1062161993412833,0.9674987585028845,1.0917779243069468,1.1479165682953023,1.106216193214075
85,0.4025504038213729,0.1835558486138935,2.9746835443037978,1.105502695792071,0.9694920677430451,1.0917779243069468,1.1479165682953023,1.1055026631855538
85,0.4025504038213729,0.1835558486138935,3.037974683544304,1.1048125015401198,0.9713631107884972,1.0917779243069468,1.1479165682953023,1.104812424538519
85,0.4025504038213729,0.1835558486138935,3.1012658227848102,1.1041466184794646,0.9731193988195768,1.0917779243069468,1.1479165682953023,1.1041465229403378
85,0.4025504038213729,0.1835558486138935,3.1645569620253164,1.1035056979491111,0.9747679902597864,1.0917779243069468,1.1479165682953023,1.1035056270290167
85,0.4025504038213729,0.1835558486138935,3.227848101265823,1.1028900966361619,0.9763154675593398,1.0917779243069468,1.1479165682953023,1.1028900647415516
85,0.4025504038213729,0.1835558486138935,3.2911392405063293,1.1022999249008312,0.9777680274675438,1.0917779243069468,1.1479165682953023,1.102299945062992
85,0.4025504038213729,0.1835558486138935,3.3544303797468356,1.101735088596043,0.979131515700346,1.0917779243069468,1.1479165682953023,1.1017351315165642
85,0.4025504038213729,0.1835558486138935,3.417721518987342,1.1011953251059552,0.9804113825415218,1.0917779243069468,1.1479165682953023,1.1011953756949033
85,0.4025504038213729,0.1835558486138935,3.4810126582278484,1.1006802343944972,0.9816127403013573,1.0917779243069468,1.1479165682953023,1.1006802671858404
85,0.4025504038213729,0.1835558486138935,3.5443037974683547,1.1001893057005834,0.9827404303320699,1.0917779243069468,1.1479165682953023,1.1001893160475764
85,0.4025504038213729,0.1835558486138935,3.607594936708861,1.0997219403979848,0.9837989654747574,1.0917779243069468,1.1479165682953023,1.099721925807881
85,0.4025504038213729,0.1835558486138935,3.670886075949367,1.099277471556749,0.9847925633521641,1.0917779243069468,1.1479165682953023,1.0992774386290673
85,0.4025504038213729,0.1835558486138935,3.7341772151898738,1.0988551806260833,0.9857252335110438,1.0917779243069468,1.1479165682953023,1.0988551623087943
85,0.4025504038213729,0.1835558486138935,3.79746835443038,1.0984543115969736,0.986600711521122,1.0917779243069468,1.1479165682953023,1.0984542986052124
85,0.4025504038213729,0.1835558486138935,3.8607594936708862,1.0980740829920417,0.9874224800522143,1.0917779243069468,1.1479165682953023,1.0980740821683566
85,0.4025504038213729,0.1835558486138935,3.924050632911393,1.0977136979684845,0.9881938565699798,1.0917779243069468,1.1479165682953023,1.0977137167200721
85,0.4025504038213729,0.1835558486138935,3.987341772151899,1.0973723527866242,0.9889179316768308,1.0917779243069468,1.1479165682953023,1.0973723671992366
85,0.4025504038213729,0.1835558486138935,4.050632911392405,1.0970492438641375,0.9895975890470975,1.0917779243069468,1.1479165682953023,1.0970492643284955
85,0.4025504038213729,0.1835558486138935,4.113924050632912,1.0967435736081201,0.9902355656337184,1.0917779243069468,1.1479165682953023,1.0967435848288938
85,0.4025504038213729,0.1835558486138935,4.177215189873418,1.096454555195235,0.9908344210561026,1.0917779243069468,1.1479165682953023,1.0964545672778556
85,0.4025504038213729,0.1835558486138935,4.2405063291139244,1.096181416446781,0.9913965430115803,1.0917779243069468,1.1479165682953023,1.0961814178518445
85,0.4025504038213729,0.1835558486138935,4.30379746835443,1.0959234029268565,0.9919241895103489,1.0917779243069468,1.1479165682953023,1.0959234119475583
85,0.4025504038213729,0.1835558486138935,4.367088607594937,1.0956797803753637,0.9924194804105213,1.0917779243069468,1.1479165682953023,1.0956797861787264
85,0.4025504038213729,0.1835558486138935,4.4303797468354436,1.0954498365731515,0.9928843927350032,1.0917779243069468,1.1479165682953023,1.0954498426973855
85,0.4025504038213729,0.1835558486138935,4.493670886075949,1.0952328827239108,0.9933207893514834,1.0917779243069468,1.1479165682953023,1.095232892001274
85,0.4025504038213729,0.1835558486138935,4.556962025316456,1.0950282544262822,0.9937304259063584,1.0917779243069468,1.1479165682953023,1.0950282652069232
85,0.4025504038213729,0.1835558486138935,4.620253164556963,1.0948353122998076,0.9941149393785079,1.0917779243069468,1.1479165682953023,1.0948353160133528
85,0.4025504038213729,0.1835558486138935,4.6835443037974684,1.0946534423200205,0.994475866631947,1.0917779243069468,1.1479165682953023,1.0946534351843173
85,0.4025504038213729,0.1835558486138935,4.746835443037975,1.094482055910976,0.9948146616767106,1.0917779243069468,1.1479165682953023,1.0944820392570627
85,0.4025504038213729,0.1835558486138935,4.810126582278482,1.094320589836717,0.9951326799375859,1.0917779243069468,1.1479165682953023,1.0943205774152578
85,0.4025504038213729,0.1835558486138935,4.8734177215189876,1.0941685059264876,0.995431189318806,1.0917779243069468,1.1479165682953023,1.0941685043654619
85,0.4025504038213729,0.1835558486138935,4.936708860759494,1.094025290663043,0.9957113940055085,1.0917779243069468,1.1479165682953023,1.0940252925488514
85,0.4025504038213729,0.1835558486138935,5.0,1.0938904546646206,0.995974416283192,1.0917779243069468,1.1479165682953023,1.0938904695127822
87,1.1437034736610494,0.1406609423570337,0.0,1.1437034736610494,1.1437034736610494,1.0703304711785169,,1.1437065995851123
87,1.1437034736610494,0.1406609423570337,0.06329113924050633,1.1837405349532044,1.1348902523583657,1.0703304711785169,,1.1837430842460457
87,1.1437034736610494,0.1406609423570337,0.12658227848101267,1.2160267515613612,1.126617459826777,1.0703304711785169,,1.2160259365430874
87,1.1437034736610494,0.1406609423570337,0.189873417721519,1.241667093275843,1.1188519615879333,1.0703304711785169,,1.2416651623327883
87,1.1437034736610494,0.1406609423570337,0.25316455696202533,1.2616239024914397,1.1115628398760105,1.0703304711785169,,1.261622791302464
87,1.1437034736610494,0.1406609423570337,0.31645569620253167,1.27673454220935,1.1047207234284804,1.0703304711785169,,1.2767347407457181
87,1.1437034736610494,0.1406609423570337,0.379746835443038,1.2877269034227665,1.0982981704378731,1.0703304711785169,,1.2877276954811048
87,1.1437034736610494,0.1406609423570337,0.44303797468354433,1.2952330289943328,1.0922695808214913,1.0703304711785169,,1.2952336352646767
87,1.1437034736610494,0.1406609423570337,0.5063291139240507,1.2998010803995441,1.0866107229967195,1.0703304711785169,,1.2998011574529686
87,1.1437034736610494,0.1406609423570337,0.569620253164557,1.3019058466513258,1.0812988698479284,1.0703304711785169,,1.3019054918453883
87,1.1437034736610494,0.1406609423570337,0.6329113924050633,1.3019579708836506,1.076312824397608,1.0703304711785169,,1.3019574296034977
87,1.1437034736610494,0.1406609423570337,0.6962025316455697,1.3003120490770486,1.0716325954616195,1.0703304711785169,,1.3003117475007888
87,1.1437034736610494,0.1406609423570337,0.759493670886076,1.2972737369199197,1.0672393606413813,1.0703304711785169,,1.2972736763326507
87,1.1437034736610494,0.1406609423570337,0.8227848101265823,1.2931059845089157,1.0631155687771965,1.0703304711785169,,1.293106084111165
87,1.1437034736610494,0.1406609423570337,0.8860759493670887,1.2880345042538712,1.0592447271286594,1.0703304711785169,,1.2880346150538378
87,1.1437034736610494,0.1406609423570337,0.949367088607595,1.2822525647217107,1.0556112471842345,1.0703304711785169,,1.2822525968563712
87,1.1437034736610494,0.1406609423570337,1.0126582278481013,1.2759251920335783,1.052200596555194,1.0703304711785169,,1.2759250289563668
87,1.1437034736610494,0.1406609423570337,1.0759493670886076,1.269192850631323,1.0489991687962161,1.0703304711785169,,1.2691927043282636
87,1.1437034736610494,0.1406609423570337,1.139240506329114,1.2621746666104985,1.0459940536952734,1.0703304711785169,,1.262174563953145
87,1.1437034736610494,0.1406609423570337,1.2025316455696204,1.2549712492232077,1.0431732184299611,1.0703304711785169,,1.2549713080530838
87,1.1437034736610494,0.1406609423570337,1.2658227848101267,1.2476671594707578,1.0405254378005875,1.0703304711785169,,1.2476673637131173
87,1.1437034736610494,0.1406609423570337,1.3291139240506329,1.2403330688054113,1.0380400197532555,1.0703304711785169,,1.2403333885918446
87,1.1437034736610494,0.1406609423570337,1.3924050632911393,1.2330276457872726,1.0357070095968244,1.0703304711785169,,1.2330279498802978
87,1.1437034736610494,0.1406609423570337,1.4556962025316458,1.2257992040134038,1.0335171212693355,1.0703304711785169,,1.2257993898117994
87,1.1437034736610494,0.1406609423570337,1.518987341772152,1.2186871405776192,1.0314615252052663,1.0703304711785169,,1.218687172756447
87,1.1437034736610494,0.1406609423570337,1.5822784810126582,1.2117231907414037,1.0295319798038518,1.0703304711785169,,1.2117231066391474
87,1.1437034736610494,0.1406609423570337,1.6455696202531647,1.2049325215538358,1.0277207961511379,1.0703304711785169,,1.2049323660244953
87,1.1437034736610494,0.1406609423570337,1.708860759493671,1.1983346842024871,1.026020689757568,1.0703304711785169,,1.1983345358204454
87,1.1437034736610494,0.1406609423570337,1.7721518987341773,1.1919444426342896,1.024424834982909,1.0703304711785169,,1.1919443594459507
87,1.1437034736610494,0.1406609423570337,1.8354430379746836,1.1857724937805565,1.0229268653706207,1.0703304711785169,,1.185772486016752
87,1.1437034736610494,0.1406609423570337,1.89873417721519,1.1798260929001172,1.021520771170295,1.0703304711785169,,1.179826188075749
87,1.1437034736610494,0.1406609423570337,1.9620253164556964,1.1741095958433998,1.0202008994428147,1.0703304711785169,,1.1741097106397136
87,1.1437034736610494,0.1406609423570337,2.0253164556962027,1.1686249287217731,1.018961978741506,1.0703304711785169,,1.1686250149486137
87,1.1437034736610494,0.1406609423570337,2.088607594936709,1.163371994044287,1.0177990510111736,1.0703304711785169,,1.1633720197545854
87,1.1437034736610494,0.1406609423570337,2.151898734177215,1.158349021380417,1.0167074345449598,1.0703304711785169,,1.1583489957790842
87,1.1437034736610494,0.1406609423570337,2.2151898734177218,1.153552869582916,1.0156827645747357,1.0703304711785169,,1.15355278466483
87,1.1437034736610494,0.1406609423570337,2.278481012658228,1.1489792867422195,1.0147209507187192,1.0703304711785169,,1.148979198096732
87,1.1437034736610494,0.1406609423570337,2.3417721518987342,1.1446231332811019,1.0138181156432189,1.0703304711785169,,1.144623050939236
87,1.1437034736610494,0.1406609423570337,2.405063291139241,1.1404785729420874,1.0129706453174827,1.0703304711785169,,1.1404785213288176
87,1.1437034736610494,0.1406609423570337,2.468354430379747,1.1365392358267665,1.0121751652071214,1.0703304711785169,,1.1365392277489947
87,1.1437034736610494,0.1406609423570337,2.5316455696202533,1.132798357131063,1.0114284641577322,1.0703304711785169,,1.1327983895623621
87,1.1437034736610494,0.1406609423570337,2.5949367088607596,1.1292488947680972,1.0107275514515794,1.0703304711785169,,1.129248956123508
87,1.1437034736610494,0.1406609423570337,2.6582278481012658,1.1258836286723486,1.010069638047068,1.0703304711785169,,1.1258836853267986
87,1.1437034736610494,0.1406609423570337,2.7215189873417724,1.122695244225623,1.0094520696080864,1.0703304711785169,,1.1226952815559226
87,1.1437034736610494,0.1406609423570337,2.7848101265822787,1.119676401946476,1.0088723709340641,1.0703304711785169,,1.1196763986294331
87,1.1437034736610494,0.1406609423570337,2.848101265822785,1.116819795310692,1.0083282326811305,1.0703304711785169,,1.1168197738229033
87,1.1437034736610494,0.1406609423570337,2.9113924050632916,1.114118198335104,1.0078174649900324,1.0703304711785169,,1.114118182703951
87,1.1437034736610494,0.1406609423570337,2.9746835443037978,1.111564504333051,1.0073380179141105,1.0703304711785169,,1.1115645166981738
87,1.1437034736610494,0.1406609423570337,3.037974683544304,1.1091517571107832,1.0068879793054757,1.0703304711785169,,1.1091518066534858
87,1.1437034736610494,0.1406609423570337,3.1012658227848102,1.1068731756683854,1.006465542513424,1.0703304711785169,,1.1068732572047713
87,1.1437034736610494,0.1406609423570337,3.1645569620253164,1.104722173342638,1.006069009788129,1.0703304711785169,,1.1047222673926793
87,1.1437034736610494,0.1406609423570337,3.227848101265823,1.1026923722378188,1.0056967978646663,1.0703304711785169,,1.1026924660101247
87,1.1437034736610494,0.1406609423570337,3.2911392405063293,1.1007776136221301,1.0053474162501606,1.0703304711785169,,1.1007776890198016
87,1.1437034736610494,0.1406609423570337,3.3544303797468356,1.0989719649416458,1.0050194588850307,1.0703304711785169,,1.0989719854452669
87,1.1437034736610494,0.1406609423570337,3.417721518987342,1.0972697239633744,1.004711614822411,1.0703304711785169,,1.0972697381381564
87,1.1437034736610494,0.1406609423570337,3.4810126582278484,1.095665420525576,1.0044226544075199,1.0703304711785169,,1.0956653967157228
87,1.1437034736610494,0.1406609423570337,3.5443037974683547,1.09415381629353,1.0041514131585922,1.0703304711785169,,1.0941538045159827
87,1.1437034736610494,0.1406609423570337,3.607594936708861,1.0927299028655346,1.0038968056101538,1.0703304711785169,,1.0927299089527656
87,1.1437034736610494,0.1406609423570337,3.670886075949367,1.0913888985315217,1.0036578173050144,1.0703304711785169,,1.0913889431574642
87,1.1437034736610494,0.1406609423570337,3.7341772151898738,1.0901262439368848,1.003433483834111,1.0703304711785169,,1.0901263174849063
87,1.1437034736610494,0.1406609423570337,3.79746835443038,1.0889375968765302,1.0032229066875586,1.0703304711785169,,1.0889376582963255
87,1.1437034736610494,0.1406609423570337,3.8607594936708862,1.08781882640549,1.0030252481851023,1.0703304711785169,,1.0878188737431276
87,1.1437034736610494,0.1406609423570337,3.924050632911393,1.0867660064275522,1.0028397103827207,1.0703304711785169,,1.0867660167991944
87,1.1437034736610494,0.1406609423570337,3.987341772151899,1.085775408898815,1.0026655499033894,1.0703304711785169,,1.0857754001370168
87,1.1437034736610494,0.1406609423570337,4.050632911392405,1.0848434967615048,1.0025020731421195,1.0703304711785169,,1.0848434724149358
87,1.1437034736610494,0.1406609423570337,4.113924050632912,1.0839669167080679,1.0023486217845543,1.0703304711785169,,1.0839669081161696
87,1.1437034736610494,0.1406609423570337,4.177215189873418,1.083142491856592,1.0022045801700514,1.0703304711785169,,1.0831424990546883
87,1.1437034736610494,0.1406609423570337,4.2405063291139244,1.082367214406353,1.0020693739900786,1.0703304711785169,,1.0823672358685383
87,1.1437034736610494,0.1406609423570337,4.30379746835443,1.0816382383305356,1.0019424601295144,1.0703304711785169,,1.0816382594184022
87,1.1437034736610494,0.1406609423570337,4.367088607594937,1.0809528721530108,1.0018233287027114,1.0703304711785169,,1.0809528833700863
87,1.1437034736610494,0.1406609423570337,4.4303797468354436,1.080308571847288,1.0017115041799216,1.0703304711785169,,1.0803085708756472
87,1.1437034736610494,0.1406609423570337,4.493670886075949,1.079702933888128,1.0016065384889536,1.0703304711785169,,1.0797029220548384
87,1.1437034736610494,0.1406609423570337,4.556962025316456,1.0791336884795995,1.001508009347367,1.0703304711785169,,1.0791336791498098
87,1.1437034736610494,0.1406609423570337,4.620253164556963,1.0785986929787983,1.0014155230155952,1.0703304711785169,,1.078598695351455
87,1.1437034736610494,0.1406609423570337,4.6835443037974684,1.0780959255339762,1.0013287098344485,1.0703304711785169,,1.0780959370085683
87,1.1437034736610494,0.1406609423570337,4.746835443037975,1.0776234789373274,1.0012472200733333,1.0703304711785169,,1.0776234950418189
87,1.1437034736610494,0.1406609423570337,4.810126582278482,1.0771795547088647,1.0011707277145974,1.0703304711785169,,1.0771795645704205
87,1.1437034736610494,0.1406609423570337,4.8734177215189876,1.0767624574062542,1.0010989277915967,1.0703304711785169,,1.0767624565715672
87,1.1437034736610494,0.1406609423570337,4.936708860759494,1.0763705891584896,1.0010315306639803,1.0703304711785169,,1.0763705776911987
87,1.1437034736610494,0.1406609423570337,5.0,1.076002444459159,1.000968266389879,1.0703304711785169,,1.076002462215403
102,0.7901057379357839,0.125409944828728,0.0,0.7901057379357839,0.7901057379357839,1.062704972414364,0.502877220764146,0.7901067271692885
102,0.7901057379357839,0.125409944828728,0.06329113924050633,0.8465323508375366,0.8029783883638355,1.062704972414364,0.502877220764146,0.8465340880657171
102,0.7901057379357839,0.125409944828728,0.12658227848101267,0.8947770954252695,0.8150616848868122,1.062704972414364,0.502877220764146,0.8947770369894994
102,0.7901057379357839,0.125409944828728,0.189873417721519,0.9359031111985591,0.8264040239470882,1.062704972414364,0.502877220764146,0.935902213565945
102,0.7901057379357839,0.125409944828728,0.25316455696202533,0.9708415922995725,0.8370505642417854,1.062704972414364,0.502877220764146,0.970841060975496
102,0.7901057379357839,0.125409944828728,0.31645569620253167,1.000407815321317,0.8470442056348886,1.062704972414364,0.502877220764146,1.0004078526700273
102,0.7901057379357839,0.125409944828728,0.379746835443038,1.0253152406322352,0.856425029815322,1.062704972414364,0.502877220764146,1.0253155472429356
102,0.7901057379357839,0.125409944828728,0.44303797468354433,1.0461879175259514,0.8652304284363947,1.062704972414364,0.502877220764146,1.0461880850846377
102,0.7901057379357839,0.125409944828728,0.5063291139240507,1.063571396049502,0.8734957943109756,1.062704972414364,0.502877220764146,1.0635713104518592
102,0.7901057379357839,0.125409944828728,0.569620253164557,1.077942324206269,0.8812543228173132,1.062704972414364,0.502877220764146,1.0779421438850458
102,0.7901057379357839,0.125409944828728,0.6329113924050633,1.0897168878866732,0.8885369744036078,1.062704972414364,0.502877220764146,1.0897168159797634
102,0.7901057379357839,0.125409944828728,0.6962025316455697,1.0992582321190323,0.8953729483281345,1.062704972414364,0.502877220764146,1.0992583451356825
102,0.7901057379357839,0.125409944828728,0.759493670886076,1.1068829856933533,0.9017897367131089,1.062704972414364,0.502877220764146,1.1068832337551164
102,0.7901057379357839,0.125409944828728,0.8227848101265823,1.1128669966391047,0.9078129749006638,1.062704972414364,0.502877220764146,1.1128672847063854
102,0.7901057379357839,0.125409944828728,0.8860759493670887,1.1174503732055356,0.9134667522985817,1.062704972414364,0.502877220764146,1.117450496814421
102,0.7901057379357839,0.125409944828728,0.949367088607595,1.120841913689487,0.9187738375918646,1.062704972414364,0.502877220764146,1.120841860202944
102,0.7901057379357839,0.125409944828728,1.0126582278481013,1.1232229984989306,0.9237554568854232,1.062704972414364,0.502877220764146,1.1232228987994992
102,0.7901057379357839,0.125409944828728,1.0759493670886076,1.1247510090666488,0.9284314838449905,1.062704972414364,0.502877220764146,1.1247508397385164
102,0.7901057379357839,0.125409944828728,1.139240506329114,1.1255623305137985,0.932820775213257,1.062704972414364,0.502877220764146,1.1255623208166898
102,0.7901057379357839,0.125409944828728,1.2025316455696204,1.1257749881479684,0.936940906211718,1.062704972414364,0.502877220764146,1.1257750773066273
102,0.7901057379357839,0.125409944828728,1.2658227848101267,1.125490961896528,0.9408082724426913,1.062704972414364,0.502877220764146,1.1254911172509958
102,0.7901057379357839,0.125409944828728,1.3291139240506329,1.1247982175012576,0.9444384907921543,1.062704972414364,0.502877220764146,1.1247984004213931
102,0.7901057379357839,0.125409944828728,1.3924050632911393,1.123772488625571,0.9478461011490718,1.062704972414364,0.502877220764146,1.1237726154619485
102,0.7901057379357839,0.125409944828728,1.4556962025316458,1.1224788399612367,0.9510446667981216,1.062704972414364,0.502877220764146,1.122478866702971
102,0.7901057379357839,0.125409944828728,1.518987341772152,1.120973037843123,0.9540470842622082,1.062704972414364,0.502877220764146,1.120972980017851
102,0.7901057379357839,0.125409944828728,1.5822784810126582,1.119302751620815,0.9568653912789512,1.062704972414364,0.502877220764146,1.119302643729613
102,0.7901057379357839,0.125409944828728,1.6455696202531647,1.1175086062955002,0.9595108183278884,1.062704972414364,0.502877220764146,1.117508511225427
102,0.7901057379357839,0.125409944828728,1.708860759493671,1.1156251045367342,0.9619940051835565,1.062704972414364,0.502877220764146,1.1156250620366843
102,0.7901057379357839,0.125409944828728,1.7721518987341773,1.1136814338244054,0.9643249214220796,1.062704972414364,0.502877220764146,1.113681419717792
102,0.7901057379357839,0.125409944828728,1.8354430379746836,1.1117021728363983,0.9665128659327844,1.062704972414364,0.502877220764146,1.1117022021259295
102,0.7901057379357839,0.125409944828728,1.89873417721519,1.109707909222133,0.9685666165976172,1.062704972414364,0.502877220764146,1.1097079426335372
102,0.7901057379357839,0.125409944828728,1.9620253164556964,1.107715779682984,0.9704944301375483,1.062704972414364,0.502877220764146,1.1077157538570859
102,0.7901057379357839,0.125409944828728,2.0253164556962027,1.1057399418079932,0.9723040060631145,1.062704972414364,0.502877220764146,1.105739924620232
102,0.7901057379357839,0.125409944828728,2.088607594936709,1.103791986023736,0.9740025861431465,1.062704972414364,0.502877220764146,1.1037919656097155
102,0.7901057379357839,0.125409944828728,2.151898734177215,1.1018812950341652,0.9755970085102323,1.062704972414364,0.502877220764146,1.1018812831680664
102,0.7901057379357839,0.125409944828728,2.2151898734177218,1.1000153572013367,0.9770936483741152,1.062704972414364,0.502877220764146,1.10001537001744
102,0.7901057379357839,0.125409944828728,2.278481012658228,1.0982000395378313,0.9784984801739914,1.062704972414364,0.502877220764146,1.098200073303928
102,0.7901057379357839,0.125409944828728,2.3417721518987342,1.0964398253139527,0.9798171671695809,1.062704972414364,0.502877220764146,1.0964398857152822
102,0.7901057379357839,0.125409944828728,2.405063291139241,1.0947380206649506,0.9810549880385553,1.062704972414364,0.502877220764146,1.0947380772939117
102,0.7901057379357839,0.125409944828728,2.468354430379747,1.0930969340519594,0.9822168716485846,1.062704972414364,0.502877220764146,1.0930969789452907
102,0.7901057379357839,0.125409944828728,2.5316455696202533,1.091518031962501,0.9833075082334298,1.062704972414364,0.502877220764146,1.0915180487126492
102,0.7901057379357839,0.125409944828728,2.5949367088607596,1.090002073824352,0.984331266055571,1.062704972414364,0.502877220764146,1.0900020563642652
102,0.7901057379357839,0.125409944828728,2.6582278481012658,1.0885492287443668,0.9852922188079578,1.062704972414364,0.502877220764146,1.0885491923785133
102,0.7901057379357839,0.125409944828728,2.7215189873417724,1.0871591763651882,0.9861942434318017,1.062704972414364,0.502877220764146,1.0871591460007253
102,0.7901057379357839,0.125409944828728,2.7848101265822787,1.085831193844339,0.9870409552217368,1.062704972414364,0.502877220764146,1.0858311955731408
102,0.7901057379357839,0.125409944828728,2.848101265822785,1.0845642307277765,0.9878357272209848,1.062704972414364,0.502877220764146,1.0845642561545008
102,0.7901057379357839,0.125409944828728,2.9113924050632916,1.083356973270181,0.9885817579527276,1.062704972414364,0.502877220764146,1.083357018942364
102,0.7901057379357839,0.125409944828728,2.9746835443037978,1.0822078995492108,0.9892820415828693,1.062704972414364,0.502877220764146,1.0822079542186476
102,0.7901057379357839,0.125409944828728,3.037974683544304,1.0811153265534883,0.9899393710075064,1.062704972414364,0.502877220764146,1.0811153830244802
102,0.7901057379357839,0.125409944828728,3.1012658227848102,1.08007745032898,0.9905563850328283,1.062704972414364,0.502877220764146,1.0800775007245376
102,0.7901057379357839,0.125409944828728,3.1645569620253164,1.0790923800339958,0.9911355634036763,1.062704972414364,0.502877220764146,1.0790924113716962
102,0.7901057379357839,0.125409944828728,3.227848101265823,1.078158166765597,0.9916792186474656,1.062704972414364,0.502877220764146,1.0781581669809273
102,0.7901057379357839,0.125409944828728,3.2911392405063293,1.077272827800743,0.9921895277881382,1.062704972414364,0.502877220764146,1.0772728185853535
102,0.7901057379357839,0.125409944828728,3.3544303797468356,1.0764343669150915,0.9926685445257896,1.062704972414364,0.502877220764146,1.0764343514343298
102,0.7901057379357839,0.125409944828728,3.417721518987342,1.0756407912611285,0.9931181836382503,1.062704972414364,0.502877220764146,1.0756407841600186
102,0.7901057379357839,0.125409944828728,3.4810126582278484,1.07489012532773,0.9935402411675799,1.062704972414364,0.502877220764146,1.0748901187031785
102,0.7901057379357839,0.125409944828728,3.5443037974683547,1.0741804223420455,0.9939364179636898,1.062704972414364,0.502877220764146,1.0741804355523514
102,0.7901057379357839,0.125409944828728,3.607594936708861,1.0735097734933887,0.9943082994647692,1.062704972414364,0.502877220764146,1.0735098073413014
102,0.7901057379357839,0.125409944828728,3.670886075949367,1.0728763152922842,0.9946573673938277,1.062704972414364,0.502877220764146,1.0728763518687672
102,0.7901057379357839,0.125409944828728,3.7341772151898738,1.0722782353193259,0.9949850303732407,1.062704972414364,0.502877220764146,1.0722782733360499
102,0.7901057379357839,0.125409944828728,3.79746835443038,1.0717137766087779,0.9952926007725983,1.062704972414364,0.502877220764146,1.0717137995087858
102,0.7901057379357839,0.125409944828728,3.8607594936708862,1.0711812408705041,0.9955813021133292,1.062704972414364,0.502877220764146,1.0711812455370193
102,0.7901057379357839,0.125409944828728,3.924050632911393,1.0706789907276775,0.9958522998778484,1.062704972414364,0.502877220764146,1.0706789849907101
102,0.7901057379357839,0.125409944828728,3.987341772151899,1.0702054511221935,0.9961066798476477,1.062704972414364,0.502877220764146,1.070205445441418
102,0.7901057379357839,0.125409944828728,4.050632911392405,1.0697591100226957,0.996345455106848,1.062704972414364,0.502877220764146,1.0697591163170828
102,0.7901057379357839,0.125409944828728,4.113924050632912,1.069338518550726,0.9965695871938354,1.062704972414364,0.502877220764146,1.0693385371198556
102,0.7901057379357839,0.125409944828728,4.177215189873418,1.0689422906245662,0.9967799753466916,1.062704972414364,0.502877220764146,1.0689423072445734
102,0.7901057379357839,0.125409944828728,4.2405063291139244,1.0685691022067536,0.9969774584043306,1.062704972414364,0.502877220764146,1.0685691154341759
102,0.7901057379357839,0.125409944828728,4.30379746835443,1.068217690229289,0.9971628296443574,1.062704972414364,0.502877220764146,1.0682176975602733
102,0.7901057379357839,0.125409944828728,4.367088607594937,1.0678868512601323,0.9973368338091857,1.062704972414364,0.502877220764146,1.067886857487401
102,0.7901057379357839,0.125409944828728,4.4303797468354436,1.0675754399654687,0.99750016546077,1.062704972414364,0.502877220764146,1.0675754432632223
102,0.7901057379357839,0.125409944828728,4.493670886075949,1.0672823674142913,0.9976534790563741,1.062704972414364,0.502877220764146,1.0672823795194892
102,0.7901057379357839,0.125409944828728,4.556962025316456,1.0670065992648934,0.9977973913845787,1.062704972414364,0.502877220764146,1.067006620588835
102,0.7901057379357839,0.125409944828728,4.620253164556963,1.0667471538666833,0.9979324775440483,1.062704972414364,0.502877220764146,1.0667471775055737
102,0.7901057379357839,0.125409944828728,4.6835443037974684,1.066503100305269,0.9980592774614808,1.062704972414364,0.502877220764146,1.066503110887307
102,0.7901057379357839,0.125409944828728,4.746835443037975,1.066273556417491,0.9981783019557225,1.062704972414364,0.502877220764146,1.0662735517991815
102,0.7901057379357839,0.125409944828728,4.810126582278482,1.0660576867938059,0.998290027210374,1.062704972414364,0.502877220764146,1.0660576817487468
102,0.7901057379357839,0.125409944828728,4.8734177215189876,1.065854700785532,0.9983948986617781,1.062704972414364,0.502877220764146,1.0658547113307797
102,0.7901057379357839,0.125409944828728,4.936708860759494,1.0656638505291522,0.9984933393605941,1.062704972414364,0.502877220764146,1.0656638715133875
102,0.7901057379357839,0.125409944828728,5.0,1.0654844289938685,0.9985857435856812,1.062704972414364,0.502877220764146,1.0654844422343117
103,0.5607159488274738,0.10093742068501255,0.0,0.5607159488274738,0.5607159488274738,1.0504687103425063,2.1386802186060776,0.5607151598650676
103,0.5607159488274738,0.10093742068501255,0.06329113924050633,0.6227118992354264,0.5876568950627369,1.0504687103425063,2.1386802186060776,0.6227124147786822
103,0.5607159488274738,0.10093742068501255,0.12658227848101267,0.6771057170617109,0.6129458162363339,1.0504687103425063,2.1386802186060776,0.6771051249487758
103,0.5607159488274738,0.10093742068501255,0.189873417721519,0.7248154453768993,0.6366840004209321,1.0504687103425063,2.1386802186060776,0.724814612673893
103,0.5607159488274738,0.10093742068501255,0.25316455696202533,0.7666491049135692,0.65896595946846,1.0504687103425063,2.1386802186060776,0.7666488597284546
103,0.5607159488274738,0.10093742068501255,0.31645569620253167,0.8033178287753328,0.6798814777582578,1.0504687103425063,2.1386802186060776,0.8033182404837824
103,0.5607159488274738,0.10093742068501255,0.379746835443038,0.8354474322226172,0.6995144415600842,1.0504687103425063,2.1386802186060776,0.8354480581343358
103,0.5607159488274738,0.10093742068501255,0.44303797468354433,0.863588603760098,0.7179431072149381,1.0504687103425063,2.1386802186060776,0.8635890072624679
103,0.5607159488274738,0.10093742068501255,0.5063291139240507,0.8882258816420433,0.7352415477254184,1.0504687103425063,2.1386802186060776,0.88822602617362
103,0.5607159488274738,0.10093742068501255,0.569620253164557,0.9097855603848843,0.7514792371214185,1.0504687103425063,2.1386802186060776,0.9097856175497382
103,0.5607159488274738,0.10093742068501255,0.6329113924050633,0.9286426546677281,0.7667209719865993,1.0504687103425063,2.1386802186060776,0.928642803855498
103,0.5607159488274738,0.10093742068501255,0.6962025316455697,0.9451270328573642,0.781027862940851,1.0504687103425063,2.1386802186060776,0.9451272619201913
103,0.5607159488274738,0.10093742068501255,0.759493670886076,0.9595288190330041,0.7944574477686916,1.0504687103425063,2.1386802186060776,0.959529037288972
103,0.5607159488274738,0.10093742068501255,0.8227848101265823,0.9721031506216312,0.8070633782318916,1.0504687103425063,2.1386802186060776,0.9721032963637548
103,0.5607159488274738,0.10093742068501255,0.8860759493670887,0.9830743683893811,0.8188960706331031,1.0504687103425063,2.1386802186060776,0.9830742773567223
103,0.5607159488274738,0.10093742068501255,0.949367088607595,0.9926397064017355,0.8300031771572365,1.0504687103425063,2.1386802186060776,0.9926394749234884
103,0.5607159488274738,0.10093742068501255,1.0126582278481013,1.000972541519082,0.8404291215501533,1.0504687103425063,2.1386802186060776,1.0009722538405919
103,0.5607159488274738,0.10093742068501255,1.0759493670886076,1.0082252549040147,0.8502154970612761,1.0504687103425063,2.1386802186060776,1.0082250635735348
103,0.5607159488274738,0.10093742068501255,1.139240506329114,1.01453175176809,0.8594017686394796,1.0504687103425063,2.1386802186060776,1.0145318045287584
103,0.5607159488274738,0.10093742068501255,1.2025316455696204,1.020009680094354,0.8680247191602117,1.0504687103425063,2.1386802186060776,1.0200098467316767
103,0.5607159488274738,0.10093742068501255,1.2658227848101267,1.02476238420749,0.8761186626944583,1.0504687103425063,2.1386802186060776,1.0247626277946162
103,0.5607159488274738,0.10093742068501255,1.3291139240506329,1.0288806248098297,0.8837162835513127,1.0504687103425063,2.1386802186060776,1.0288808272061765
103,0.5607159488274738,0.10093742068501255,1.3924050632911393,1.0324440933192442,0.890848012011549,1.0504687103425063,2.1386802186060776,1.0324441945308904
103,0.5607159488274738,0.10093742068501255,1.4556962025316458,1.0355227450229596,0.8975422344378208,1.0504687103425063,2.1386802186060776,1.035522700134252
103,0.5607159488274738,0.10093742068501255,1.518987341772152,1.0381779727017049,0.9038259417386514,1.0504687103425063,2.1386802186060776,1.0381778292574486
103,0.5607159488274738,0.10093742068501255,1.5822784810126582,1.040463639728856,0.9097243274857738,1.0504687103425063,2.1386802186060776,1.0404634990627324
103,0.5607159488274738,0.10093742068501255,1.6455696202531647,1.042426989378948,0.9152608957545322,1.0504687103425063,2.1386802186060776,1.0424269501507626
103,0.5607159488274738,0.10093742068501255,1.708860759493671,1.0441094452157178,0.9204579143440249,1.0504687103425063,2.1386802186060776,1.0441094662546713
103,0.5607159488274738,0.10093742068501255,1.7721518987341773,1.0455473154365202,0.9253362484067701,1.0504687103425063,2.1386802186060776,1.045547411070805
103,0.5607159488274738,0.10093742068501255,1.8354430379746836,1.046772412775647,0.9299153594265318,1.0504687103425063,2.1386802186060776,1.046772502194119
103,0.5607159488274738,0.10093742068501255,1.89873417721519,1.0478125999255918,0.9342136184797957,1.0504687103425063,2.1386802186060776,1.0478126584523926
103,0.5607159488274738,0.10093742068501255,1.9620253164556964,1.0486922694861112,0.9382483059143081,1.0504687103425063,2.1386802186060776,1.0486922232764864
103,0.5607159488274738,0.10093742068501255,2.0253164556962027,1.0494327661926945,0.9420355359017765,1.0504687103425063,2.1386802186060776,1.049432661320998
103,0.5607159488274738,0.10093742068501255,2.088607594936709,1.050052758350206,0.9455904646142564,1.0504687103425063,2.1386802186060776,1.0500526377484312
103,0.5607159488274738,0.10093742068501255,2.151898734177215,1.050568564560047,0.9489274034605361,1.0504687103425063,2.1386802186060776,1.0505684787155747
103,0.5607159488274738,0.10093742068501255,2.2151898734177218,1.0509944410747374,0.952059695006227,1.0504687103425063,2.1386802186060776,1.0509944362268113
103,0.5607159488274738,0.10093742068501255,2.278481012658228,1.0513428344935631,0.9549998430512311,1.0504687103425063,2.1386802186060776,1.0513428859763467
103,0.5607159488274738,0.10093742068501255,2.3417721518987342,1.051624603956254,0.9577597001333357,1.0504687103425063,2.1386802186060776,1.051624721314436
103,0.5607159488274738,0.10093742068501255,2.405063291139241,1.0518492164873998,0.9603503139052477,1.0504687103425063,2.1386802186060776,1.051849335574132
103,0.5607159488274738,0.10093742068501255,2.468354430379747,1.0520249187099073,0.9627819999084046,1.0504687103425063,2.1386802186060776,1.0520250008188787
103,0.5607159488274738,0.10093742068501255,2.5316455696202533,1.0521588877619787,0.9650645742514855,1.0504687103425063,2.1386802186060776,1.0521589134984108
103,0.5607159488274738,0.10093742068501255,2.5949367088607596,1.052257363913615,0.9672071791950765,1.0504687103425063,2.1386802186060776,1.05225732994368
103,0.5607159488274738,0.10093742068501255,2.6582278481012658,1.0523257670808521,0.9692183405003137,1.0504687103425063,2.1386802186060776,1.0523257067710174
103,0.5607159488274738,0.10093742068501255,2.7215189873417724,1.0523687991744382,0.9711061721500334,1.0504687103425063,2.1386802186060776,1.0523687470289569
103,0.5607159488274738,0.10093742068501255,2.7848101265822787,1.0523905339818935,0.9728782405315077,1.0504687103425063,2.1386802186060776,1.0523905106560552
103,0.5607159488274738,0.10093742068501255,2.848101265822785,1.0523944960823126,0.974541605028255,1.0504687103425063,2.1386802186060776,1.0523945107019272
103,0.5607159488274738,0.10093742068501255,2.9113924050632916,1.0523837301260388,0.976102959773819,1.0504687103425063,2.1386802186060776,1.0523837810747083
103,0.5607159488274738,0.10093742068501255,2.9746835443037978,1.0523608616370705,0.9775685712059315,1.0504687103425063,2.1386802186060776,1.052360935451893
103,0.5607159488274738,0.10093742068501255,3.037974683544304,1.0523281503346151,0.9789442845283072,1.0504687103425063,2.1386802186060776,1.052328181026196
103,0.5607159488274738,0.10093742068501255,3.1012658227848102,1.0522875369307565,0.980235622452487,1.0504687103425063,2.1386802186060776,1.0522875354938044
103,0.5607159488274738,0.10093742068501255,3.1645569620253164,1.0522406841377032,0.981447774793375,1.0504687103425063,2.1386802186060776,1.0522406454126287
103,0.5607159488274738,0.10093742068501255,3.227848101265823,1.0521890126233724,0.9825855813993359,1.0504687103425063,2.1386802186060776,1.0521889550800372
103,0.5607159488274738,0.10093742068501255,3.2911392405063293,1.0521337325073137,0.983653598525981,1.0504687103425063,2.1386802186060776,1.0521336633315748
103,0.5607159488274738,0.10093742068501255,3.3544303797468356,1.052075870954103,0.9846561243264553,1.0504687103425063,2.1386802186060776,1.052075824671234
103,0.5607159488274738,0.10093742068501255,3.417721518987342,1.0520162963106365,0.985597166206046,1.0504687103425063,2.1386802186060776,1.0520162805421451
103,0.5607159488274738,0.10093742068501255,3.4810126582278484,1.0519557392550214,0.986480483069938,1.0504687103425063,2.1386802186060776,1.0519557683116254
103,0.5607159488274738,0.10093742068501255,3.5443037974683547,1.051894811264872,0.9873096345972802,1.0504687103425063,2.1386802186060776,1.051894858432952
103,0.5607159488274738,0.10093742068501255,3.607594936708861,1.0518340207736374,0.9880879389241487,1.0504687103425063,2.1386802186060776,1.0518340688305718
103,0.5607159488274738,0.10093742068501255,3.670886075949367,1.0517737872895374,0.9888184971228648,1.0504687103425063,2.1386802186060776,1.0517738064801883
103,0.5607159488274738,0.10093742068501255,3.7341772151898738,1.0517144537105567,0.9895042572746878,1.0504687103425063,2.1386802186060776,1.0517144528294744
103,0.5607159488274738,0.10093742068501255,3.79746835443038,1.0516562970718157,0.9901479660150696,1.0504687103425063,2.1386802186060776,1.0516562749408938
103,0.5607159488274738,0.10093742068501255,3.8607594936708862,1.0515995379159742,0.9907521840307684,1.0504687103425063,2.1386802186060776,1.0515995025667133
103,0.5607159488274738,0.10093742068501255,3.924050632911393,1.0515443484564861,0.9913193505396751,1.0504687103425063,2.1386802186060776,1.051544318821453
103,0.5607159488274738,0.10093742068501255,3.987341772151899,1.0514908596788264,0.9918517379549919,1.0504687103425063,2.1386802186060776,1.0514908493815667
103,0.5607159488274738,0.10093742068501255,4.050632911392405,1.0514391675148498,0.9923514665428543,1.0504687103425063,2.1386802186060776,1.0514391845770048
103,0.5607159488274738,0.10093742068501255,4.113924050632912,1.0513893382052888,0.9928205486902255,1.0504687103425063,2.1386802186060776,1.0513893636816594
103,0.5607159488274738,0.10093742068501255,4.177215189873418,1.051341412951444,0.9932608663968476,1.0504687103425063,2.1386802186060776,1.0513414294058876
103,0.5607159488274738,0.10093742068501255,4.2405063291139244,1.0512954119450064,0.9936741752540946,1.0504687103425063,2.1386802186060776,1.0512954116960318
103,0.5607159488274738,0.10093742068501255,4.30379746835443,1.0512513378541526,0.9940621354988709,1.0504687103425063,2.1386802186060776,1.0512513125157867
103,0.5607159488274738,0.10093742068501255,4.367088607594937,1.051209178834527,0.994426305789623,1.0504687103425063,2.1386802186060776,1.0512091490474802
103,0.5607159488274738,0.10093742068501255,4.4303797468354436,1.0511689111253242,0.9947681397629948,1.0504687103425063,2.1386802186060776,1.051168895763082
103,0.5607159488274738,0.10093742068501255,4.493670886075949,1.0511305012832965,0.9950890071212299,1.0504687103425063,2.1386802186060776,1.0511305158433193
103,0.5607159488274738,0.10093742068501255,4.556962025316456,1.0510939081010573,0.9953901987304484,1.0504687103425063,2.1386802186060776,1.0510939439953466
103,0.5607159488274738,0.10093742068501255,4.620253164556963,1.0510590842503742,0.9956729182046581,1.0504687103425063,2.1386802186060776,1.051059129163105
103,0.5607159488274738,0.10093742068501255,4.6835443037974684,1.0510259776861604,0.9959382955469763,1.0504687103425063,2.1386802186060776,1.0510259979535093
103,0.5607159488274738,0.10093742068501255,4.746835443037975,1.0509945328418648,0.9961873998410615,1.0504687103425063,2.1386802186060776,1.0509945265567622
103,0.5607159488274738,0.10093742068501255,4.810126582278482,1.0509646916422262,0.9964212276835717,1.0504687103425063,2.1386802186060776,1.0509646823264418
103,0.5607159488274738,0.10093742068501255,4.8734177215189876,1.050936394361036,0.9966407113205857,1.0504687103425063,2.1386802186060776,1.050936412365525
103,0.5607159488274738,0.10093742068501255,4.936708860759494,1.0509095803424664,0.9968467361476283,1.0504687103425063,2.1386802186060776,1.0509096129663913
103,0.5607159488274738,0.10093742068501255,5.0,1.050884188606169,0.9970401273433338,1.0504687103425063,2.1386802186060776,1.0508841760644732
105,1.1649101857661819,0.16841285075635498,0.0,1.1649101857661819,1.1649101857661819,1.0842064253781776,,1.164912042570006
105,1.1649101857661819,0.16841285075635498,0.06329113924050633,1.2132846492406604,1.1547963734469884,1.0842064253781776,,1.2132862134208136
105,1.1649101857661819,0.16841285075635498,0.12658227848101267,1.2523521770340245,1.1453027424411903,1.0842064253781776,,1.2523516903827832
105,1.1649101857661819,0.16841285075635498,0.189873417721519,1.2834373939214183,1.1363912685254294,1.0842064253781776,,1.2834360606000006
105,1.1649101857661819,0.16841285075635498,0.25316455696202533,1.3076940563180082,1.1280264713151635,1.0842064253781776,,1.307693242067352
105,1.1649101857661819,0.16841285075635498,0.31645569620253167,1.3261261883519233,1.1201746451508396,1.0842064253781776,,1.326126301761615
105,1.1649101857661819,0.16841285075635498,0.379746835443038,1.3396066546254746,1.11280429856289,1.0842064253781776,,1.33960742248801
105,1.1649101857661819,0.16841285075635498,0.44303797468354433,1.3488934775029313,1.1058860535948494,1.0842064253781776,,1.3488942251096017
105,1.1649101857661819,0.16841285075635498,0.5063291139240507,1.3546441699791232,1.099392102743608,1.0842064253781776,,1.354644419672605
105,1.1649101857661819,0.16841285075635498,0.569620253164557,1.3574283227864095,1.0932963649913257,1.0842064253781776,,1.3574281275899143
105,1.1649101857661819,0.16841285075635498,0.6329113924050633,1.3577386558734543,1.08757451526492,1.0842064253781776,,1.3577382224567929
105,1.1649101857661819,0.16841285075635498,0.6962025316455697,1.356000719220971,1.0822036122268865,1.0842064253781776,,1.356000368457599
105,1.1649101857661819,0.16841285075635498,0.759493670886076,1.3525814058407544,1.0771620558061366,1.0842064253781776,,1.3525812816289087
105,1.1649101857661819,0.16841285075635498,0.8227848101265823,1.34779642029735,1.0724297047706437,1.0842064253781776,,1.3477964216512097
105,1.1649101857661819,0.16841285075635498,0.8860759493670887,1.341916828919455,1.0679876325014837,1.0842064253781776,,1.3419168588888701
105,1.1649101857661819,0.16841285075635498,0.949367088607595,1.3351748027460204,1.0638179500481133,1.0842064253781776,,1.335174825754733
105,1.1649101857661819,0.16841285075635498,1.0126582278481013,1.3277686509340332,1.059903980437711,1.0842064253781776,,1.327768551326187
105,1.1649101857661819,0.16841285075635498,1.0759493670886076,1.319867230626571,1.0562301092848447,1.0842064253781776,,1.3198670409777902
105,1.1649101857661819,0.16841285075635498,1.139240506329114,1.3116138089641718,1.0527815211824154,1.0842064253781776,,1.3116136188863026
105,1.1649101857661819,0.16841285075635498,1.2025316455696204,1.3031294438130827,1.0495444075917193,1.0842064253781776,,1.3031293566414335
105,1.1649101857661819,0.16841285075635498,1.2658227848101267,1.2945159417976217,1.0465058867798427,1.0842064253781776,,1.2945159500584111
105,1.1649101857661819,0.16841285075635498,1.3291139240506329,1.2858584451701922,1.0436536888374395,1.0842064253781776,,1.2858585763536046
105,1.1649101857661819,0.16841285075635498,1.3924050632911393,1.2772276928142339,1.0409763900325482,1.0842064253781776,,1.2772278617664998
105,1.1649101857661819,0.16841285075635498,1.4556962025316458,1.268681995270152,1.0384633339338123,1.0842064253781776,,1.2686821731912812
105,1.1649101857661819,0.16841285075635498,1.518987341772152,1.2602689588664795,1.0361043879727325,1.0842064253781776,,1.2602690202547662
105,1.1649101857661819,0.16841285075635498,1.5822784810126582,1.2520269897084482,1.0338900943131228,1.0842064253781776,,1.2520269934829618
105,1.1649101857661819,0.16841285075635498,1.6455696202531647,1.2439866046572774,1.0318116293671036,1.0842064253781776,,1.243986503632077
105,1.1649101857661819,0.16841285075635498,1.708860759493671,1.2361715731698686,1.0298606336531992,1.0842064253781776,,1.2361714577018506
105,1.1649101857661819,0.16841285075635498,1.7721518987341773,1.2285999108007966,1.0280292742528998,1.0842064253781776,,1.2285997822601598
105,1.1649101857661819,0.16841285075635498,1.8354430379746836,1.2212847429290683,1.0263102451943729,1.0842064253781776,,1.221284671370929
105,1.1649101857661819,0.16841285075635498,1.89873417721519,1.2142350547086707,1.0246966498520127,1.0842064253781776,,1.214235054935289
105,1.1649101857661819,0.16841285075635498,1.9620253164556964,1.207456341551799,1.0231820010671149,1.0842064253781776,,1.2074563974243488
105,1.1649101857661819,0.16841285075635498,2.0253164556962027,1.2009511725678415,1.0217602494712954,1.0842064253781776,,1.2009512324950489
105,1.1649101857661819,0.16841285075635498,2.088607594936709,1.1947196778811986,1.020425705335681,1.0842064253781776,,1.194719716997494
105,1.1649101857661819,0.16841285075635498,2.151898734177215,1.188759969472042,1.0191729960612113,1.0842064253781776,,1.1887599753578924
105,1.1649101857661819,0.16841285075635498,2.2151898734177218,1.1830685039600783,1.0179971127590632,1.0842064253781776,,1.183068464825749
105,1.1649101857661819,0.16841285075635498,2.278481012658228,1.1776403947120602,1.0168933614187003,1.0842064253781776,,1.1776402960470063
105,1.1649101857661819,0.16841285075635498,2.3417721518987342,1.1724696797714704,1.0158572925177622,1.0842064253781776,,1.1724695764651345
105,1.1649101857661819,0.16841285075635498,2.405063291139241,1.1675495512956897,1.014884758693158,1.0842064253781776,,1.1675494689865082
105,1.1649101857661819,0.16841285075635498,2.468354430379747,1.1628725514833227,1.0139718874212886,1.0842064253781776,,1.162872515008166
105,1.1649101857661819,0.16841285075635498,2.5316455696202533,1.1584307393579145,1.0131149936689707,1.0842064253781776,,1.158430764021652
105,1.1649101857661819,0.16841285075635498,2.5949367088607596,1.1542158322320482,1.0123106453701245,1.0842064253781776,,1.1542159051805536
105,1.1649101857661819,0.16841285075635498,2.6582278481012658,1.1502193251996489,1.0115556418967084,1.0842064253781776,,1.1502193988680396
105,1.1649101857661819,0.16841285075635498,2.7215189873417724,1.1464325915851512,1.0108469372050184,1.0842064253781776,,1.1464326357561205
105,1.1649101857661819,0.16841285075635498,2.7848101265822787,1.14284696690401,1.010181690822409,1.0842064253781776,,1.1428469687156861
105,1.1649101857661819,0.16841285075635498,2.848101265822785,1.1394538185825618,1.0095572526088594,1.0842064253781776,,1.139453772218267
105,1.1649101857661819,0.16841285075635498,2.9113924050632916,1.1362446033931575,1.008971109541636,1.0842064253781776,,1.1362445316841372
105,1.1649101857661819,0.16841285075635498,2.9746835443037978,1.1332109142990765,1.0084209091578806,1.0842064253781776,,1.1332108552644828
105,1.1649101857661819,0.16841285075635498,3.037974683544304,1.1303445181994267,1.0079044571288434,1.0842064253781776,,1.1303445072242098
105,1.1649101857661819,0.16841285075635498,3.1012658227848102,1.1276373858976692,1.0074196801914674,1.0842064253781776,,1.127637417760416
105,1.1649101857661819,0.16841285075635498,3.1645569620253164,1.1250817153752237,1.0069646300543704,1.0842064253781776,,1.1250817890419
105,1.1649101857661819,0.16841285075635498,3.227848101265823,1.1226699494079004,1.0065374898059212,1.0842064253781776,,1.1226700490623376
105,1.1649101857661819,0.16841285075635498,3.2911392405063293,1.1203947883300198,1.00613654899716,1.0842064253781776,,1.120394888950479
105,1.1649101857661819,0.16841285075635498,3.3544303797468356,1.1182491987307082,1.0057601940724734,1.0842064253781776,,1.1182492511879816
105,1.1649101857661819,0.16841285075635498,3.417721518987342,1.1162264186900102,1.0054069206250034,1.0842064253781776,,1.1162264258304442
105,1.1649101857661819,0.16841285075635498,3.4810126582278484,1.1143199601403597,1.0050753175364717,1.0842064253781776,,1.114319936613122
105,1.1649101857661819,0.16841285075635498,3.5443037974683547,1.1125236088171713,1.004764048479374,1.0842064253781776,,1.1125235743337336
105,1.1649101857661819,0.16841285075635498,3.607594936708861,1.1108314222234033,1.0044718678031472,1.0842064253781776,,1.1108314174712541
105,1.1649101857661819,0.16841285075635498,3.670886075949367,1.1092377259635653,1.004197611344396,1.0842064253781776,,1.1092377536381328
105,1.1649101857661819,0.16841285075635498,3.7341772151898738,1.1077371087567611,1.003940172373592,1.0842064253781776,,1.1077371738376318
105,1.1649101857661819,0.16841285075635498,3.79746835443038,1.106324416394137,1.003698519785305,1.0842064253781776,,1.1063244870431126
105,1.1649101857661819,0.16841285075635498,3.8607594936708862,1.104994744867127,1.0034716922805278,1.0842064253781776,,1.1049947869636518
105,1.1649101857661819,0.16841285075635498,3.924050632911393,1.10374343285855,1.0032587741604722,1.0842064253781776,,1.1037434373163315
105,1.1649101857661819,0.16841285075635498,3.987341772151899,1.102566053762113,1.0030589123459457,1.0842064253781776,,1.102566027643111
105,1.1649101857661819,0.16841285075635498,4.050632911392405,1.1014584073716507,1.0028713108747869,1.0842064253781776,,1.1014583634923545
105,1.1649101857661819,0.16841285075635498,4.113924050632912,1.100416511356477,1.0026952142833998,1.0842064253781776,,1.1004164728008379
105,1.1649101857661819,0.16841285075635498,4.177215189873418,1.099436592622081,1.0025299160564292,1.0842064253781776,,1.0994365823294134
105,1.1649101857661819,0.16841285075635498,4.2405063291139244,1.0985150786390736,1.0023747571330708,1.0842064253781776,,1.0985150980260654
105,1.1649101857661819,0.16841285075635498,4.30379746835443,1.0976485888091645,1.0022291142492301,1.0842064253781776,,1.0976486226991593
105,1.1649101857661819,0.16841285075635498,4.367088607594937,1.0968339259247586,1.0020924022740487,1.0842064253781776,,1.0968339574902144
105,1.1649101857661819,0.16841285075635498,4.4303797468354436,1.0960680677682988,1.0019640755025616,1.0842064253781776,,1.0960680687365567
105,1.1649101857661819,0.16841285075635498,4.493670886075949,1.0953481588884286,1.0018436197393459,1.0842064253781776,,1.0953481382909938
105,1.1649101857661819,0.16841285075635498,4.556962025316456,1.0946715025821179,1.0017305503845935,1.0842064253781776,,1.094671471964553
105,1.1649101857661819,0.16841285075635498,4.620253164556963,1.0940355531048007,1.0016244155935201,1.0842064253781776,,1.0940355419913785
105,1.1649101857661819,0.16841285075635498,4.6835443037974684,1.0934379081249181,1.0015247911553262,1.0842064253781776,,1.0934379187903434
105,1.1649101857661819,0.16841285075635498,4.746835443037975,1.0928763014455414,1.0014312757287271,1.0842064253781776,,1.0928763287713097
105,1.1649101857661819,0.16841285075635498,4.810126582278482,1.0923485959868275,1.0013434951847555,1.0842064253781776,,1.0923486151839674
105,1.1649101857661819,0.16841285075635498,4.8734177215189876,1.0918527770432294,1.0012610995520097,1.0842064253781776,,1.0918527784963041
105,1.1649101857661819,0.16841285075635498,4.936708860759494,1.091386945808389,1.0011837564471229,1.0842064253781776,,1.0913869275477024
105,1.1649101857661819,0.16841285075635498,5.0,1.0909493131602388,1.001111156092181,1.0842064253781776,,1.0909493626377669
109,1.2403105775307903,0.10236323404016143,0.0,1.2403105775307903,1.2403105775307903,1.0511816170200807,,1.2403109631996705
109,1.2403105775307903,0.10236323404016143,0.06329113924050633,1.2611222645242652,1.2255725183371062,1.0511816170200807,,1.2611238675641803
109,1.2403105775307903,0.10236323404016143,0.12658227848101267,1.2768039668952411,1.2117382003459651,1.0511816170200807,,1.2768016398928794
109,1.2403105775307903,0.10236323404016143,0.189873417721519,1.2881284933328796,1.1987522138624895,1.0511816170200807,,1.2881255085851473
109,1.2403105775307903,0.10236323404016143,0.25316455696202533,1.295766778549874,1.1865628561270185,1.0511816170200807,,1.2957659103918118
109,1.2403105775307903,0.10236323404016143,0.31645569620253167,1.3003006085141062,1.1751210105463257,1.0511816170200807,,1.3003018642259367
109,1.2403105775307903,0.10236323404016143,0.379746835443038,1.302233795093692,1.164380787091217,1.0511816170200807,,1.3022358441856179
109,1.2403105775307903,0.10236323404016143,0.44303797468354433,1.3020019867937258,1.1542993755880697,1.0511816170200807,,1.3020034998421834
109,1.2403105775307903,0.10236323404016143,0.5063291139240507,1.2999812799113162,1.1448362543607913,1.0511816170200807,,1.299981628840215
109,1.2403105775307903,0.10236323404016143,0.569620253164557,1.2964957747663712,1.135953417603793,1.0511816170200807,,1.2964952913630325
109,1.2403105775307903,0.10236323404016143,0.6329113924050633,1.2918242043422323,1.127615418310975,1.0511816170200807,,1.2918235166291612
109,1.2403105775307903,0.10236323404016143,0.6962025316455697,1.2862057474138275,1.119788825884709,1.0511816170200807,,1.2862052607417072
109,1.2403105775307903,0.10236323404016143,0.759493670886076,1.2798451248055556,1.1124421642488884,1.0511816170200807,,1.2798449344886167
109,1.2403105775307903,0.10236323404016143,0.8227848101265823,1.2729170655897386,1.1055460831782493,1.0511816170200807,,1.2729170572988455
109,1.2403105775307903,0.10236323404016143,0.8860759493670887,1.2655702196181153,1.0990730024071873,1.0511816170200807,,1.2655701807041417
109,1.2403105775307903,0.10236323404016143,0.949367088607595,1.2579305836051449,1.092996853782201,1.0511816170200807,,1.2579304406625529
109,1.2403105775307903,0.10236323404016143,1.0126582278481013,1.2501044999045487,1.0872933352691159,1.0511816170200807,,1.2501041928365597
109,1.2403105775307903,0.10236323404016143,1.0759493670886076,1.2421812800089476,1.081939693258362,1.0511816170200807,,1.2421809915177642
109,1.2403105775307903,0.10236323404016143,1.139240506329114,1.2342354985416122,1.0769143384283364,1.0511816170200807,,1.2342354629915242
109,1.2403105775307903,0.10236323404016143,1.2025316455696204,1.226328997997553,1.0721971486871527,1.0511816170200807,,1.226329261376761
109,1.2403105775307903,0.10236323404016143,1.2658227848101267,1.2185126396287624,1.0677693525037393,1.0511816170200807,,1.218513195307197
109,1.2403105775307903,0.10236323404016143,1.3291139240506329,1.210827831614805,1.0636130699091466,1.0511816170200807,,1.2108284748774176
109,1.2403105775307903,0.10236323404016143,1.3924050632911393,1.2033078618939395,1.0597116540018352,1.0511816170200807,,1.203308394529131
109,1.2403105775307903,0.10236323404016143,1.4556962025316458,1.1959790597205808,1.0560495760067818,1.0511816170200807,,1.195979403264718
109,1.2403105775307903,0.10236323404016143,1.518987341772152,1.1888618070641048,1.052612070532895,1.0511816170200807,,1.1888618744155102
109,1.2403105775307903,0.10236323404016143,1.5822784810126582,1.181971418489181,1.0493853554231443,1.0511816170200807,,1.1819712936770137
109,1.2403105775307903,0.10236323404016143,1.6455696202531647,1.1753189058308735,1.046356572760419,1.0511816170200807,,1.1753186714847734
109,1.2403105775307903,0.10236323404016143,1.708860759493671,1.1689116419713137,1.0435135409331844,1.0511816170200807,,1.168911480678537
109,1.2403105775307903,0.10236323404016143,1.7721518987341773,1.1627539364087798,1.040844845648489,1.0511816170200807,,1.162753931419497
109,1.2403105775307903,0.10236323404016143,1.8354430379746836,1.1568475335786623,1.0383398404911208,1.0511816170200807,,1.1568477115031506
109,1.2403105775307903,0.10236323404016143,1.89873417721519,1.1511920437432683,1.0359884755537638,1.0511816170200807,,1.1511923015322791
109,1.2403105775307903,0.10236323404016143,1.9620253164556964,1.145785314902473,1.03378129761285,1.0511816170200807,,1.1457855836622717
109,1.2403105775307903,0.10236323404016143,2.0253164556962027,1.1406237532400663,1.031709491402037,1.0511816170200807,,1.1406239098395112
109,1.2403105775307903,0.10236323404016143,2.088607594936709,1.135702598681382,1.0297647657292124,1.0511816170200807,,1.1357026521267812
109,1.2403105775307903,0.10236323404016143,2.151898734177215,1.13101616128798,1.0279392915304697,1.0511816170200807,,1.1310160804632796
109,1.2403105775307903,0.10236323404016143,2.2151898734177218,1.1265580235549801,1.0262257697480817,1.0511816170200807,,1.1265578884438427
109,1.2403105775307903,0.10236323404016143,2.278481012658228,1.1223212130309521,1.024617360171556,1.0511816170200807,,1.1223210597877145
109,1.2403105775307903,0.10236323404016143,2.3417721518987342,1.1182983491314868,1.0231075788636923,1.0511816170200807,,1.1182982738414777
109,1.2403105775307903,0.10236323404016143,2.405063291139241,1.1144817675398868,1.021690382200108,1.0511816170200807,,1.1144817715568984
109,1.2403105775307903,0.10236323404016143,2.468354430379747,1.110863625162922,1.0203601270582865,1.0511816170200807,,1.1108636858825411
109,1.2403105775307903,0.10236323404016143,2.5316455696202533,1.1074359882398515,1.0191114435306723,1.0511816170200807,,1.1074360982199873
109,1.2403105775307903,0.10236323404016143,2.5949367088607596,1.1041909058749044,1.017939330338673,1.0511816170200807,,1.1041910025864088
109,1.2403105775307903,0.10236323404016143,2.6582278481012658,1.1011204709786362,1.0168391234600531,1.0511816170200807,,1.101120516711737
109,1.2403105775307903,0.10236323404016143,2.7215189873417724,1.0982168703504926,1.015806384136114,1.0511816170200807,,1.0982168574924795
109,1.2403105775307903,0.10236323404016143,2.7848101265822787,1.0954724254166182,1.01483697317061,1.0511816170200807,,1.0954723832111546
109,1.2403105775307903,0.10236323404016143,2.848101265822785,1.0928796249419415,1.0139270287239812,1.0511816170200807,,1.092879566044566
109,1.2403105775307903,0.10236323404016143,2.9113924050632916,1.0904311508597904,1.0130728887668536,1.0511816170200807,,1.0904311089036316
109,1.2403105775307903,0.10236323404016143,2.9746835443037978,1.0881198982309381,1.0122711252410683,1.0511816170200807,,1.088119902232102
109,1.2403105775307903,0.10236323404016143,3.037974683544304,1.0859389901982757,1.0115185405247977,1.0511816170200807,,1.085939039716118
109,1.2403105775307903,0.10236323404016143,3.1012658227848102,1.083881788684273,1.0108121134156831,1.0511816170200807,,1.0838818624673376
109,1.2403105775307903,0.10236323404016143,3.1645569620253164,1.0819419015071545,1.010149004822704,1.0511816170200807,,1.0819419816054252
109,1.2403105775307903,0.10236323404016143,3.227848101265823,1.0801131864649212,1.0095265671041698,1.0511816170200807,,1.0801132301475327
109,1.2403105775307903,0.10236323404016143,3.2911392405063293,1.0783897528962878,1.0089423077580197,1.0511816170200807,,1.078389762174877
109,1.2403105775307903,0.10236323404016143,3.3544303797468356,1.0767659611336855,1.008393875477214,1.0511816170200807,,1.076765938938454
109,1.2403105775307903,0.10236323404016143,3.417721518987342,1.0752364202219922,1.007879078008559,1.0511816170200807,,1.0752363750058613
109,1.2403105775307903,0.10236323404016143,3.4810126582278484,1.0737959842189344,1.0073958590409373,1.0511816170200807,,1.0737959500434653
109,1.2403105775307903,0.10236323404016143,3.5443037974683547,1.0724397473473937,1.0069422712499174,1.0511816170200807,,1.072439751869259
109,1.2403105775307903,0.10236323404016143,3.607594936708861,1.0711630382339965,1.0065164994473987,1.0511816170200807,,1.0711630774347083
109,1.2403105775307903,0.10236323404016143,3.670886075949367,1.0699614134372928,1.0061168471900928,1.0511816170200807,,1.0699614774988047
109,1.2403105775307903,0.10236323404016143,3.7341772151898738,1.0688306504328755,1.005741701728545,1.0511816170200807,,1.0688307183360202
109,1.2403105775307903,0.10236323404016143,3.79746835443038,1.0677667401971067,1.0053895605143257,1.0511816170200807,,1.067766792045705
109,1.2403105775307903,0.10236323404016143,3.8607594936708862,1.0667658795195682,1.0050590227223795,1.0511816170200807,,1.0667659018243763
109,1.2403105775307903,0.10236323404016143,3.924050632911393,1.0658244631442055,1.0047487539772473,1.0511816170200807,,1.0658244467470868
109,1.2403105775307903,0.10236323404016143,3.987341772151899,1.0649390758254782,1.0044575111540583,1.0511816170200807,,1.0649390536774612
109,1.2403105775307903,0.10236323404016143,4.050632911392405,1.0641064843723247,1.0041841343600755,1.0511816170200807,,1.0641064633734103
109,1.2403105775307903,0.10236323404016143,4.113924050632912,1.0633236297413686,1.0039275227179212,1.0511816170200807,,1.063323625726318
109,1.2403105775307903,0.10236323404016143,4.177215189873418,1.062587619226659,1.0036866466786178,1.0511816170200807,,1.062587633486349
109,1.2403105775307903,0.10236323404016143,4.2405063291139244,1.061895718787572,1.0034605458449553,1.0511816170200807,,1.0618957384629308
109,1.2403105775307903,0.10236323404016143,4.30379746835443,1.0612453455465536,1.0032483119834372,1.0511816170200807,,1.0612453466155147
109,1.2403105775307903,0.10236323404016143,4.367088607594937,1.060634060481847,1.0030490924291184,1.0511816170200807,,1.060634051927309
109,1.2403105775307903,0.10236323404016143,4.4303797468354436,1.060059561334698,1.002862091969291,1.0511816170200807,,1.060059537238702
109,1.2403105775307903,0.10236323404016143,4.493670886075949,1.0595196757468954,1.0026865613076112,1.0511816170200807,,1.0595196513222747
109,1.2403105775307903,0.10236323404016143,4.556962025316456,1.0590123546366443,1.0025217942750835,1.0511816170200807,,1.0590123534084284
109,1.2403105775307903,0.10236323404016143,4.620253164556963,1.0585356658219343,1.002367132434021,1.0511816170200807,,1.0585356844663514
109,1.2403105775307903,0.10236323404016143,4.6835443037974684,1.0580877878948254,1.0022219576155678,1.0511816170200807,,1.0580878158054605
109,1.2403105775307903,0.10236323404016143,4.746835443037975,1.0576670043466103,1.0020856849768158,1.0511816170200807,,1.0576670304203017
109,1.2403105775307903,0.10236323404016143,4.810126582278482,1.0572716979408225,1.0019577693291701,1.0511816170200807,,1.0572717145221184
109,1.2403105775307903,0.10236323404016143,4.8734177215189876,1.0569003453328791,1.0018377006869617,1.0511816170200807,,1.0569003536114607
109,1.2403105775307903,0.10236323404016143,4.936708860759494,1.056551511953872,1.001724994694169,1.0511816170200807,,1.0565515032068642
109,1.2403105775307903,0.10236323404016143,5.0,1.0562238471252974,1.0016191999360011,1.0511816170200807,,1.0562238343166521
112,0.8929526162445338,0.21166124612973888,0.0,0.8929526162445338,0.8929526162445338,1.1058306230648693,0.20194905644196637,0.8929512251824023
112,0.8929526162445338,0.21166124612973888,0.06329113924050633,0.9730260041344255,0.899517748310412,1.1058306230648693,0.20194905644196637,0.9730261699810226
112,0.8929526162445338,0.21166124612973888,0.12658227848101267,1.0402202197560881,0.9056803049577701,1.1058306230648693,0.20194905644196637,1.0402215640349393
112,0.8929526162445338,0.21166124612973888,0.189873417721519,1.0962725565627307,0.9114649686742967,1.1058306230648693,0.20194905644196637,1.0962735411468887
112,0.8929526162445338,0.21166124612973888,0.25316455696202533,1.1427011139148342,0.9168947706773919,1.1058306230648693,0.20194905644196637,1.142701144755718
112,0.8929526162445338,0.21166124612973888,0.31645569620253167,1.1808316335910058,0.9219915901654575,1.1058306230648693,0.20194905644196637,1.1808311411811765
112,0.8929526162445338,0.21166124612973888,0.379746835443038,1.2118210980905957,0.9267758690500235,1.1058306230648693,0.20194905644196637,1.211820609966434
112,0.8929526162445338,0.21166124612973888,0.44303797468354433,1.2366784785014684,0.9312666773076665,1.1058306230648693,0.20194905644196637,1.2366781910535034
112,0.8929526162445338,0.21166124612973888,0.5063291139240507,1.256282973569795,0.9354820654938614,1.1058306230648693,0.20194905644196637,1.2562828164658983
112,0.8929526162445338,0.21166124612973888,0.569620253164557,1.27140004089855,0.9394389634587115,1.1058306230648693,0.20194905644196637,1.2713999422080817
112,0.8929526162445338,0.21166124612973888,0.6329113924050633,1.2826954851779642,0.9431531612240459,1.1058306230648693,0.20194905644196637,1.2826953648205743
112,0.8929526162445338,0.21166124612973888,0.6962025316455697,1.2907478367212957,0.9466395505938388,1.1058306230648693,0.20194905644196637,1.290747730114469
112,0.8929526162445338,0.21166124612973888,0.759493670886076,1.2960592257093124,0.9499121527220181,1.1058306230648693,0.20194905644196637,1.296059209778895
112,0.8929526162445338,0.21166124612973888,0.8227848101265823,1.2990649329951998,0.9529840417930804,1.1058306230648693,0.20194905644196637,1.2990650351182338
112,0.8929526162445338,0.21166124612973888,0.8860759493670887,1.3001417766961638,0.9558675035553544,1.1058306230648693,0.20194905644196637,1.3001420175229288
112,0.8929526162445338,0.21166124612973888,0.949367088607595,1.2996154747511561,0.9585741501803071,1.1058306230648693,0.20194905644196637,1.299615743446449
112,0.8929526162445338,0.21166124612973888,1.0126582278481013,1.2977671068491201,0.9611148071139304,1.1058306230648693,0.20194905644196637,1.297767311841414
112,0.8929526162445338,0.21166124612973888,1.0759493670886076,1.2948387843586096,0.9634996100497942,1.1058306230648693,0.20194905644196637,1.2948388874878831
112,0.8929526162445338,0.21166124612973888,1.139240506329114,1.2910386238794562,0.9657381760443693,1.1058306230648693,0.20194905644196637,1.291038545427901
112,0.8929526162445338,0.21166124612973888,1.2025316455696204,1.2865451085807489,0.967839468570318,1.1058306230648693,0.20194905644196637,1.286544917066886
112,0.8929526162445338,0.21166124612973888,1.2658227848101267,1.2815109113981555,0.9698118494871591,1.1058306230648693,0.20194905644196637,1.281510675731523
112,0.8929526162445338,0.21166124612973888,1.3291139240506329,1.2760662452489469,0.9716632835042176,1.1058306230648693,0.20194905644196637,1.276066018300264
112,0.8929526162445338,0.21166124612973888,1.3924050632911393,1.270321797664067,0.9734011860556198,1.1058306230648693,0.20194905644196637,1.2703216696560435
112,0.8929526162445338,0.21166124612973888,1.4556962025316458,1.264371300313961,0.9750324745012091,1.1058306230648693,0.20194905644196637,1.2643713176675675
112,0.8929526162445338,0.21166124612973888,1.518987341772152,1.258293777802786,0.976563726148164,1.1058306230648693,0.20194905644196637,1.2582939460584806
112,0.8929526162445338,0.21166124612973888,1.5822784810126582,1.2521555147651975,0.9780010803178064,1.1058306230648693,0.20194905644196637,1.2521557607917546
112,0.8929526162445338,0.21166124612973888,1.6455696202531647,1.2460117757721239,0.9793502646247982,1.1058306230648693,0.20194905644196637,1.2460119956868623
112,0.8929526162445338,0.21166124612973888,1.708860759493671,1.2399083080593514,0.980616705420564,1.1058306230648693,0.20194905644196637,1.2399083881362567
112,0.8929526162445338,0.21166124612973888,1.7721518987341773,1.2338826538706518,0.9818054872511538,1.1058306230648693,0.20194905644196637,1.2338826538400074
112,0.8929526162445338,0.21166124612973888,1.8354430379746836,1.2279652955995846,0.9829213526081659,1.1058306230648693,0.20194905644196637,1.227965252646687
112,0.8929526162445338,0.21166124612973888,1.89873417721519,1.2221806544574016,0.983968778266182,1.1058306230648693,0.20194905644196637,1.2221805520424156
112,0.8929526162445338,0.21166124612973888,1.9620253164556964,1.2165479605503962,0.9849519752044329,1.1058306230648693,0.20194905644196637,1.2165479263289039
112,0.8929526162445338,0.21166124612973888,2.0253164556962027,1.2110820104078015,0.9858748702213509,1.1058306230648693,0.20194905644196637,1.2110820285951536
112,0.8929526162445338,0.21166124612973888,2.088607594936709,1.2057938258098324,0.9867411566642408,1.1058306230648693,0.20194905644196637,1.2057939117416046
112,0.8929526162445338,0.21166124612973888,2.151898734177215,1.2006912261994893,0.987554322023404,1.1058306230648693,0.20194905644196637,1.2006913335891816
112,0.8929526162445338,0.21166124612973888,2.2151898734177218,1.1957793254636793,0.9883176176956018,1.1058306230648693,0.20194905644196637,1.1957794186443689
112,0.8929526162445338,0.21166124612973888,2.278481012658228,1.1910609625346913,0.9890340906821155,1.1058306230648693,0.20194905644196637,1.1910609884908252
112,0.8929526162445338,0.21166124612973888,2.3417721518987342,1.1865370741105168,0.9897066292807505,1.1058306230648693,0.20194905644196637,1.1865370298850797
112,0.8929526162445338,0.21166124612973888,2.405063291139241,1.1822070167884515,0.9903379256500674,1.1058306230648693,0.20194905644196637,1.1822069399728947
112,0.8929526162445338,0.21166124612973888,2.468354430379747,1.1780688450132404,0.990930493543343,1.1058306230648693,0.20194905644196637,1.1780687378773562
112,0.8929526162445338,0.21166124612973888,2.5316455696202533,1.1741195504535435,0.9914867250090701,1.1058306230648693,0.20194905644196637,1.1741195040755386
112,0.8929526162445338,0.21166124612973888,2.5949367088607596,1.1703552677321352,0.9920088478883792,1.1058306230648693,0.20194905644196637,1.170355282213774
112,0.8929526162445338,0.21166124612973888,2.6582278481012658,1.1667714508266827,0.9924989397901011,1.1058306230648693,0.20194905644196637,1.16677152290263
112,0.8929526162445338,0.21166124612973888,2.7215189873417724,1.1633630239248771,0.9929589779784531,1.1058306230648693,0.20194905644196637,1.163363111699557
112,0.8929526162445338,0.21166124612973888,2.7848101265822787,1.1601245100569955,0.9933908062762643,1.1058306230648693,0.20194905644196637,1.1601245777514384
112,0.8929526162445338,0.21166124612973888,2.848101265822785,1.1570501404123485,0.9937961449566306,1.1058306230648693,0.20194905644196637,1.1570501507417321
112,0.8929526162445338,0.21166124612973888,2.9113924050632916,1.1541339468790923,0.9941766252863394,1.1058306230648693,0.20194905644196637,1.15413389245801
112,0.8929526162445338,0.21166124612973888,2.9746835443037978,1.1513698400155146,0.9945337743086915,1.1058306230648693,0.20194905644196637,1.1513697615938776
112,0.8929526162445338,0.21166124612973888,3.037974683544304,1.1487516744515864,0.9948690164181268,1.1058306230648693,0.20194905644196637,1.1487515784024722
112,0.8929526162445338,0.21166124612973888,3.1012658227848102,1.1462733033683856,0.9951836974222746,1.1058306230648693,0.20194905644196637,1.146273256412424
112,0.8929526162445338,0.21166124612973888,3.1645569620253164,1.1439286235651092,0.9954790820064799,1.1058306230648693,0.20194905644196637,1.143928640423053
112,0.8929526162445338,0.21166124612973888,3.227848101265823,1.1417116124329916,0.9957563495741607,1.1058306230648693,0.20194905644196637,1.141711677345797
112,0.8929526162445338,0.21166124612973888,3.2911392405063293,1.1396163579219654,0.9960166104211134,1.1058306230648693,0.20194905644196637,1.1396164417322425
112,0.8929526162445338,0.21166124612973888,3.3544303797468356,1.1376370825408373,0.9962609119472082,1.1058306230648693,0.20194905644196637,1.1376371446107494
112,0.8929526162445338,0.21166124612973888,3.417721518987342,1.135768162215135,0.9964902307010877,1.1058306230648693,0.20194905644196637,1.1357681855243578
112,0.8929526162445338,0.21166124612973888,3.4810126582278484,1.1340041407606218,0.9967054826754129,1.1058306230648693,0.20194905644196637,1.1340041093295077
112,0.8929526162445338,0.21166124612973888,3.5443037974683547,1.1323397406447289,0.9969075353142574,1.1058306230648693,0.20194905644196637,1.132339676889043
112,0.8929526162445338,0.21166124612973888,3.607594936708861,1.1307698705695082,0.9970971972009908,1.1058306230648693,0.20194905644196637,1.130769814016153
112,0.8929526162445338,0.21166124612973888,3.670886075949367,1.1292896303904059,0.9972752240235968,1.1058306230648693,0.20194905644196637,1.129289605092365
112,0.8929526162445338,0.21166124612973888,3.7341772151898738,1.1278943137935376,0.9974423341882794,1.1058306230648693,0.20194905644196637,1.1278943362688252
112,0.8929526162445338,0.21166124612973888,3.79746835443038,1.1265794090927042,0.9975991970117232,1.1058306230648693,0.20194905644196637,1.1265794561924063
112,0.8929526162445338,0.21166124612973888,3.8607594936708862,1.1253405984703404,0.9977464364974917,1.1058306230648693,0.20194905644196637,1.1253406398257821
112,0.8929526162445338,0.21166124612973888,3.924050632911393,1.124173755936046,0.9978846470488911,1.1058306230648693,0.20194905644196637,1.1241737747015657
112,0.8929526162445338,0.21166124612973888,3.987341772151899,1.1230749442402173,0.9980143824212593,1.1058306230648693,0.20194905644196637,1.1230749349033557
112,0.8929526162445338,0.21166124612973888,4.050632911392405,1.1220404109441209,0.9981361592938213,1.1058306230648693,0.20194905644196637,1.1220403756655764
112,0.8929526162445338,0.21166124612973888,4.113924050632912,1.1210665838221157,0.9982504680571561,1.1058306230648693,0.20194905644196637,1.1210665495739578
112,0.8929526162445338,0.21166124612973888,4.177215189873418,1.1201500657450756,0.9983577673282983,1.1058306230648693,0.20194905644196637,1.1201500540367058
112,0.8929526162445338,0.21166124612973888,4.2405063291139244,1.1192876291718423,0.9984584849203298,1.1058306230648693,0.20194905644196637,1.1192876469940585
112,0.8929526162445338,0.21166124612973888,4.30379746835443,1.1184762103566717,0.9985530254097809,1.1058306230648693,0.20194905644196637,1.118476253545756
112,0.8929526162445338,0.21166124612973888,4.367088607594937,1.1177129033640236,0.9986417686199305,1.1058306230648693,0.20194905644196637,1.1177129445958611
112,0.8929526162445338,0.21166124612973888,4.4303797468354436,1.1169949539676096,0.998725068781711,1.1058306230648693,0.20194905644196637,1.1169949771084986
112,0.8929526162445338,0.21166124612973888,4.493670886075949,1.1163197534979619,0.9988032596724106,1.1058306230648693,0.20194905644196637,1.1163197435427203
112,0.8929526162445338,0.21166124612973888,4.556962025316456,1.115684832691816,0.9988766558580541,1.1058306230648693,0.20194905644196637,1.1156848022897699
112,0.8929526162445338,0.21166124612973888,4.620253164556963,1.11508785559123,0.9989455506425498,1.1058306230648693,0.20194905644196637,1.1150878185167845
112,0.8929526162445338,0.21166124612973888,4.6835443037974684,1.1145266135238683,0.999010219391887,1.1058306230648693,0.20194905644196637,1.1145265931312893
112,0.8929526162445338,0.21166124612973888,4.746835443037975,1.1139990191974196,0.9990709226268772,1.1058306230648693,0.20194905644196637,1.1139990203163026
112,0.8929526162445338,0.21166124612973888,4.810126582278482,1.1135031009305787,0.9991279032041146,1.1058306230648693,0.20194905644196637,1.1135031064308958
112,0.8929526162445338,0.21166124612973888,4.8734177215189876,1.113036997033163,0.999181388298909,1.1058306230648693,0.20194905644196637,1.1130369894016776
112,0.8929526162445338,0.21166124612973888,4.936708860759494,1.1125989503516462,0.9992315936697298,1.1058306230648693,0.20194905644196637,1.1125989536345997
112,0.8929526162445338,0.21166124612973888,5.0,1.1121873030281402,0.9992787204012938,1.1058306230648693,0.20194905644196637,1.1121874300763221
123,1.0650067107937835,0.03906295505698751,0.0,1.0650067107937835,1.0650067107937835,1.0195314775284938,,1.0650045443646805
123,1.0650067107937835,0.03906295505698751,0.06329113924050633,1.0745860979286455,1.061019900219277,1.0195314775284938,,1.0745909243049476
123,1.0650067107937835,0.03906295505698751,0.12658227848101267,1.0821074031590365,1.0572775617923964,1.0195314775284938,,1.0821081356954438
123,1.0650067107937835,0.03906295505698751,0.189873417721519,1.087871697818116,1.0537647065682223,1.0195314775284938,,1.0878709901974442
123,1.0650067107937835,0.03906295505698751,0.25316455696202533,1.0921407992626404,1.0504673483694547,1.0195314775284938,,1.0921412365171161
123,1.0650067107937835,0.03906295505698751,0.31645569620253167,1.0951421501326004,1.0473722006058657,1.0195314775284938,,1.0951437569584663
123,1.0650067107937835,0.03906295505698751,0.379746835443038,1.0970731044668296,1.0444668495090441,1.0195314775284938,,1.097074516459026
123,1.0650067107937835,0.03906295505698751,0.44303797468354433,1.098104692001144,1.0417397144461098,1.0195314775284938,,1.098104894500108
123,1.0650067107937835,0.03906295505698751,0.5063291139240507,1.0983849234407297,1.0391798338484717,1.0195314775284938,,1.098383945319274
123,1.0650067107937835,0.03906295505698751,0.569620253164557,1.0980416919866614,1.036776926718774,1.0195314775284938,,1.0980403439316717
123,1.0650067107937835,0.03906295505698751,0.6329113924050633,1.0971853197807502,1.034521404243666,1.0195314775284938,,1.0971842850226978
123,1.0650067107937835,0.03906295505698751,0.6962025316455697,1.0959107921064288,1.03240422307094,1.0195314775284938,,1.0959106739517015
123,1.0650067107937835,0.03906295505698751,0.759493670886076,1.094299717052094,1.0304168685684176,1.0195314775284938,,1.0943003010413466
123,1.0650067107937835,0.03906295505698751,0.8227848101265823,1.0924220438244858,1.0285514011704537,1.0195314775284938,,1.0924228578124955
123,1.0650067107937835,0.03906295505698751,0.8860759493670887,1.0903375689202652,1.026800360105375,1.0195314775284938,,1.0903380798544595
123,1.0650067107937835,0.03906295505698751,0.949367088607595,1.0880972558597708,1.0251566936448178,1.0195314775284938,,1.088097215668548
123,1.0650067107937835,0.03906295505698751,1.0126582278481013,1.0857443911013402,1.0236138278155367,1.0195314775284938,,1.0857439044395494
123,1.0650067107937835,0.03906295505698751,1.0759493670886076,1.0833155960377356,1.0221656075105359,1.0195314775284938,,1.0833149615135649
123,1.0650067107937835,0.03906295505698751,1.139240506329114,1.0808417125838714,1.0208061925757947,1.0195314775284938,,1.0808412542057944
123,1.0650067107937835,0.03906295505698751,1.2025316455696204,1.078348577756301,1.0195301397594128,1.0195314775284938,,1.0783484342586167
123,1.0650067107937835,0.03906295505698751,1.2658227848101267,1.0758577007973669,1.0183323711513619,1.0195314775284938,,1.0758578980882427
123,1.0650067107937835,0.03906295505698751,1.3291139240506329,1.0733868547580727,1.0172080500191834,1.0195314775284938,,1.0733871932694943
123,1.0650067107937835,0.03906295505698751,1.3924050632911393,1.070950593022431,1.0161526731890047,1.0195314775284938,,1.0709507981225552
123,1.0650067107937835,0.03906295505698751,1.4556962025316458,1.0685606999780628,1.0151620399527368,1.0195314775284938,,1.068560653874204
123,1.0650067107937835,0.03906295505698751,1.518987341772152,1.0662265839411127,1.01423215610622,1.0195314775284938,,1.066226286406878
123,1.0650067107937835,0.03906295505698751,1.5822784810126582,1.0639556194670197,1.0133592934211528,1.0195314775284938,,1.063955238271483
123,1.0650067107937835,0.03906295505698751,1.6455696202531647,1.061753445278007,1.012539973686516,1.0195314775284938,,1.0617531511625644
123,1.0650067107937835,0.03906295505698751,1.708860759493671,1.0596242233390247,1.0117709016395442,1.0195314775284938,,1.0596241782941722
123,1.0650067107937835,0.03906295505698751,1.7721518987341773,1.057570863890446,1.01104898958577,1.0195314775284938,,1.0575710472380868
123,1.0650067107937835,0.03906295505698751,1.8354430379746836,1.0555952206979795,1.01037135755028,1.0195314775284938,,1.0555956225223175
123,1.0650067107937835,0.03906295505698751,1.89873417721519,1.0536982602328115,1.0097352869202478,1.0195314775284938,,1.0536986984613246
123,1.0650067107937835,0.03906295505698751,1.9620253164556964,1.0518802080756,1.009138220492504,1.0195314775284938,,1.0518805543906629
123,1.0650067107937835,0.03906295505698751,2.0253164556962027,1.050140675393801,1.008577773638475,1.0195314775284938,,1.0501408191720554
123,1.0650067107937835,0.03906295505698751,2.088607594936709,1.0484787680317862,1.008051703497553,1.0195314775284938,,1.0484786913726494
123,1.0650067107937835,0.03906295505698751,2.151898734177215,1.0468931804216812,1.0075578922200032,1.0195314775284938,,1.0468929913029221
123,1.0650067107937835,0.03906295505698751,2.2151898734177218,1.0453822762504927,1.0070943653287148,1.0195314775284938,,1.0453820552226354
123,1.0650067107937835,0.03906295505698751,2.278481012658228,1.0439441575897792,1.0066592724699093,1.0195314775284938,,1.0439440053488416
123,1.0650067107937835,0.03906295505698751,2.3417721518987342,1.0425767239783004,1.006250859665735,1.0195314775284938,,1.0425767103365287
123,1.0650067107937835,0.03906295505698751,2.405063291139241,1.0412777227639378,1.005867492047904,1.0195314775284938,,1.0412778260252848
123,1.0650067107937835,0.03906295505698751,2.468354430379747,1.0400447918493914,1.0055076430883831,1.0195314775284938,,1.040044963580646
123,1.0650067107937835,0.03906295505698751,2.5316455696202533,1.0388754958436528,1.0051698601668542,1.0195314775284938,,1.0388756497292806
123,1.0650067107937835,0.03906295505698751,2.5949367088607596,1.0377673564959904,1.004852790381276,1.0195314775284938,,1.0377674259255671
123,1.0650067107937835,0.03906295505698751,2.6582278481012658,1.0367178781793123,1.0045551720612393,1.0195314775284938,,1.0367178331329598
123,1.0650067107937835,0.03906295505698751,2.7215189873417724,1.035724569093464,1.0042758044726525,1.0195314775284938,,1.035724453061576
123,1.0650067107937835,0.03906295505698751,2.7848101265822787,1.034784958774239,1.0040135679164328,1.0195314775284938,,1.034784826183946
123,1.0650067107937835,0.03906295505698751,2.848101265822785,1.0338966124173068,1.0037674177215967,1.0195314775284938,,1.033896514573242
123,1.0650067107937835,0.03906295505698751,2.9113924050632916,1.0330571424657877,1.0035363632680605,1.0195314775284938,,1.0330571274313045
123,1.0650067107937835,0.03906295505698751,2.9746835443037978,1.0322642178511492,1.0033194772275817,1.0195314775284938,,1.0322642769055173
123,1.0650067107937835,0.03906295505698751,3.037974683544304,1.031515571221028,1.003115894607536,1.0195314775284938,,1.0315156576184359
123,1.0650067107937835,0.03906295505698751,3.1012658227848102,1.0308090044542146,1.0029247981387457,1.0195314775284938,,1.0308090928146119
123,1.0650067107937835,0.03906295505698751,3.1645569620253164,1.0301423927177444,1.0027454198151966,1.0195314775284938,,1.0301424469761824
123,1.0650067107937835,0.03906295505698751,3.227848101265823,1.0295136872856412,1.0025770434200676,1.0195314775284938,,1.0295136906247928
123,1.0650067107937835,0.03906295505698751,3.2911392405063293,1.0289209173178395,1.002418994703553,1.0195314775284938,,1.0289208639932463
123,1.0650067107937835,0.03906295505698751,3.3544303797468356,1.0283621907615543,1.0022706376106827,1.0195314775284938,,1.0283621310271047
123,1.0650067107937835,0.03906295505698751,3.417721518987342,1.0278356945232212,1.0021313791123425,1.0195314775284938,,1.02783565567193
123,1.0650067107937835,0.03906295505698751,3.4810126582278484,1.0273396940346957,1.0020006629532747,1.0195314775284938,,1.0273396922032347
123,1.0650067107937835,0.03906295505698751,3.5443037974683547,1.0268725323220196,1.0018779623603442,1.0195314775284938,,1.026872571480621
123,1.0650067107937835,0.03906295505698751,3.607594936708861,1.0264326286690222,1.0017627863047793,1.0195314775284938,,1.026432695056696
123,1.0650067107937835,0.03906295505698751,3.670886075949367,1.026018476956124,1.0016546758796137,1.0195314775284938,,1.0260185356679947
123,1.0650067107937835,0.03906295505698751,3.7341772151898738,1.0256286437427224,1.0015531948180023,1.0195314775284938,,1.0256286514717676
123,1.0650067107937835,0.03906295505698751,3.79746835443038,1.0252617661514178,1.0014579366637142,1.0195314775284938,,1.0252617312109547
123,1.0650067107937835,0.03906295505698751,3.8607594936708862,1.024916549602618,1.001368522477837,1.0195314775284938,,1.0249164793380525
123,1.0650067107937835,0.03906295505698751,3.924050632911393,1.02459176544354,1.0012845912968191,1.0195314775284938,,1.0245917156726154
123,1.0650067107937835,0.03906295505698751,3.987341772151899,1.024286248506575,1.0012058068414182,1.0195314775284938,,1.024286225669541
123,1.0650067107937835,0.03906295505698751,4.050632911392405,1.0239988946268608,1.001131855347619,1.0195314775284938,,1.0239989292968077
123,1.0650067107937835,0.03906295505698751,4.113924050632912,1.0237286581442755,1.0010624390157237,1.0195314775284938,,1.0237287293400652
123,1.0650067107937835,0.03906295505698751,4.177215189873418,1.0234745494108037,1.0009972793411681,1.0195314775284938,,1.0234746341335472
123,1.0650067107937835,0.03906295505698751,4.2405063291139244,1.0232356323205363,1.0009361165257182,1.0195314775284938,,1.0232356927581507
123,1.0650067107937835,0.03906295505698751,4.30379746835443,1.0230110218763944,1.0008787048820103,1.0195314775284938,,1.0230110379972541
123,1.0650067107937835,0.03906295505698751,4.367088607594937,1.0227998818049684,1.0008248137545979,1.0195314775284938,,1.0227998706271604
123,1.0650067107937835,0.03906295505698751,4.4303797468354436,1.0226014222285513,1.0007742280295107,1.0195314775284938,,1.0226014009971847
123,1.0650067107937835,0.03906295505698751,4.493670886075949,1.022414897401488,1.0007267450136712,1.0195314775284938,,1.0224148988584025
123,1.0650067107937835,0.03906295505698751,4.556962025316456,1.0222396035162509,1.0006821736804346,1.0195314775284938,,1.0222396410802823
123,1.0650067107937835,0.03906295505698751,4.620253164556963,1.0220748765831378,1.0006403359150107,1.0195314775284938,,1.0220749204873116
123,1.0650067107937835,0.03906295505698751,4.6835443037974684,1.0219200903860652,1.000601064495775,1.0195314775284938,,1.0219201106609173
123,1.0650067107937835,0.03906295505698751,4.746835443037975,1.0217746545155078,1.000564201216142,1.0195314775284938,,1.0217746364840472
123,1.0650067107937835,0.03906295505698751,4.810126582278482,1.0216380124811935,1.0005295985964844,1.0195314775284938,,1.0216379788049454
123,1.0650067107937835,0.03906295505698751,4.8734177215189876,1.0215096399069539,1.000497118679955,1.0195314775284938,,1.0215096335677578
123,1.0650067107937835,0.03906295505698751,4.936708860759494,1.0213890428004684,1.0004666304428163,1.0195314775284938,,1.0213890655429785
123,1.0650067107937835,0.03906295505698751,5.0,1.0212757559004506,1.0004380117722602,1.0195314775284938,,1.0212757517741933
124,0.31253696779031864,0.16447444834597472,0.0,0.31253696779031864,0.31253696779031864,1.0822372241729874,1.9029014245277103,0.3125424483642413
124,0.31253696779031864,0.16447444834597472,0.06329113924050633,0.41181957835350225,0.35469853623346265,1.0822372241729874,1.9029014245277103,0.4118211322891867
124,0.31253696779031864,0.16447444834597472,0.12658227848101267,0.498821330871811,0.39427474753663266,1.0822372241729874,1.9029014245277103,0.49882266020284616
124,0.31253696779031864,0.16447444834597472,0.189873417721519,0.5750316116857926,0.4314241137272338,1.0822372241729874,1.9029014245277103,0.5750321114825045
124,0.31253696779031864,0.16447444834597472,0.25316455696202533,0.6417609299881414,0.46629454230186046,1.0822372241729874,1.9029014245277103,0.6417603465217632
124,0.31253696779031864,0.16447444834597472,0.31645569620253167,0.700162295848588,0.4990265424401756,1.0822372241729874,1.9029014245277103,0.7001610869460496
124,0.31253696779031864,0.16447444834597472,0.379746835443038,0.7512500497298629,0.5297513930019891,1.0822372241729874,1.9029014245277103,0.7512487420320708
124,0.31253696779031864,0.16447444834597472,0.44303797468354433,0.7959164469531067,0.558591562220167,1.0822372241729874,1.9029014245277103,0.7959155281972159
124,0.31253696779031864,0.16447444834597472,0.5063291139240507,0.8349462642528633,0.5856629715601835,1.0822372241729874,1.9029014245277103,0.8349458687719552
124,0.31253696779031864,0.16447444834597472,0.569620253164557,0.8690296641083501,0.6110743452680543,1.0822372241729874,1.9029014245277103,0.8690295998459336
124,0.31253696779031864,0.16447444834597472,0.6329113924050633,0.8987735242998943,0.6349270875622144,1.0822372241729874,1.9029014245277103,0.8987736110494766
124,0.31253696779031864,0.16447444834597472,0.6962025316455697,0.9247114154828868,0.6573168342663136,1.0822372241729874,1.9029014245277103,0.9247113714360274
124,0.31253696779031864,0.16447444834597472,0.759493670886076,0.9473123878353646,0.6783336298509068,1.0822372241729874,1.9029014245277103,0.947312294341629
124,0.31253696779031864,0.16447444834597472,0.8227848101265823,0.9669887086614856,0.6980614373069842,1.0822372241729874,1.9029014245277103,0.9669886162070591
124,0.31253696779031864,0.16447444834597472,0.8860759493670887,0.984102675944003,0.7165791562536,1.0822372241729874,1.9029014245277103,0.9841027506140555
124,0.31253696779031864,0.16447444834597472,0.949367088607595,0.9989726179644581,0.7339613605694149,1.0822372241729874,1.9029014245277103,0.9989728926696647
124,0.31253696779031864,0.16447444834597472,1.0126582278481013,1.0118781759986462,0.7502775717472974,1.0822372241729874,1.9029014245277103,1.0118786607007881
124,0.31253696779031864,0.16447444834597472,1.0759493670886076,1.0230649555517026,0.765592881659545,1.0822372241729874,1.9029014245277103,1.0230655126033068
124,0.31253696779031864,0.16447444834597472,1.139240506329114,1.0327486214129131,0.7799690514681064,1.0822372241729874,1.9029014245277103,1.0327491091714507
124,0.31253696779031864,0.16447444834597472,1.2025316455696204,1.0411185028562833,0.7934636449907975,1.0822372241729874,1.9029014245277103,1.0411187898372174
124,0.31253696779031864,0.16447444834597472,1.2658227848101267,1.0483407674146579,0.8061303624592335,1.0822372241729874,1.9029014245277103,1.048340777419936
124,0.31253696779031864,0.16447444834597472,1.3291139240506329,1.054561214694703,0.818020353588882,1.0822372241729874,1.9029014245277103,1.054561003882777
124,0.31253696779031864,0.16447444834597472,1.3924050632911393,1.0599077355372395,0.8291812406255834,1.0822372241729874,1.9029014245277103,1.0599073509082748
124,0.31253696779031864,0.16447444834597472,1.4556962025316458,1.0644924765083845,0.8396574471602167,1.0822372241729874,1.9029014245277103,1.0644921221898116
124,0.31253696779031864,0.16447444834597472,1.518987341772152,1.0684137449047444,0.8494912129503027,1.0822372241729874,1.9029014245277103,1.0684135594038386
124,0.31253696779031864,0.16447444834597472,1.5822784810126582,1.0717576851800206,0.8587219649888256,1.0822372241729874,1.9029014245277103,1.0717577646668752
124,0.31253696779031864,0.16447444834597472,1.6455696202531647,1.0745997541756784,0.8673864862705071,1.0822372241729874,1.9029014245277103,1.0745999926465464
124,0.31253696779031864,0.16447444834597472,1.708860759493671,1.0770060191858384,0.8755196250640399,1.0822372241729874,1.9029014245277103,1.0770063953042237
124,0.31253696779031864,0.16447444834597472,1.7721518987341773,1.079034299950795,0.8831540345491158,1.0822372241729874,1.9029014245277103,1.0790346659868484
124,0.31253696779031864,0.16447444834597472,1.8354430379746836,1.0807351733682324,0.8903201712164165,1.0822372241729874,1.9029014245277103,1.0807354523051866
124,0.31253696779031864,0.16447444834597472,1.89873417721519,1.0821528572162238,0.8970467851102895,1.0822372241729874,1.9029014245277103,1.0821530090622795
124,0.31253696779031864,0.16447444834597472,1.9620253164556964,1.0833259874347843,0.9033609193256211,1.0822372241729874,1.9029014245277103,1.0833260426421147
124,0.31253696779031864,0.16447444834597472,2.0253164556962027,1.084288301713277,0.9092877919355244,1.0822372241729874,1.9029014245277103,1.0842882677170418
124,0.31253696779031864,0.16447444834597472,2.088607594936709,1.085069240543964,0.9148511217797071,1.0822372241729874,1.9029014245277103,1.085069223899259
124,0.31253696779031864,0.16447444834597472,2.151898734177215,1.0856944756810483,0.9200733056751496,1.0822372241729874,1.9029014245277103,1.085694487574365
124,0.31253696779031864,0.16447444834597472,2.2151898734177218,1.0861863747003921,0.9249752242356306,1.0822372241729874,1.9029014245277103,1.0861863979774344
124,0.31253696779031864,0.16447444834597472,2.278481012658228,1.086564409305284,0.9295764454381088,1.0822372241729874,1.9029014245277103,1.0865644504228562
124,0.31253696779031864,0.16447444834597472,2.3417721518987342,1.0868455141380198,0.9338955180588088,1.0822372241729874,1.9029014245277103,1.0868455194291333
124,0.31253696779031864,0.16447444834597472,2.405063291139241,1.0870444020418768,0.9379497312590556,1.0822372241729874,1.9029014245277103,1.0870443469424473
124,0.31253696779031864,0.16447444834597472,2.468354430379747,1.0871738410043332,0.9417552284735518,1.0822372241729874,1.9029014245277103,1.0871737401788895
124,0.31253696779031864,0.16447444834597472,2.5316455696202533,1.0872448973884719,0.9453273715435042,1.0822372241729874,1.9029014245277103,1.0872447743759257
124,0.31253696779031864,0.16447444834597472,2.5949367088607596,1.0872671495091992,0.9486804677631859,1.0822372241729874,1.9029014245277103,1.0872670362905252
124,0.31253696779031864,0.16447444834597472,2.6582278481012658,1.0872488751266858,0.9518278596283948,1.0822372241729874,1.9029014245277103,1.0872488171321548
124,0.31253696779031864,0.16447444834597472,2.7215189873417724,1.0871972159995922,0.9547822452172925,1.0822372241729874,1.9029014245277103,1.0871972141839725
124,0.31253696779031864,0.16447444834597472,2.7848101265822787,1.0871183222568432,0.9575554656416168,1.0822372241729874,1.9029014245277103,1.0871183787192693
124,0.31253696779031864,0.16447444834597472,2.848101265822785,1.0870174790395526,0.9601585685713919,1.0822372241729874,1.9029014245277103,1.0870175724576887
124,0.31253696779031864,0.16447444834597472,2.9113924050632916,1.0868992175589378,0.9626020300740263,1.0822372241729874,1.9029014245277103,1.086899273604735
124,0.31253696779031864,0.16447444834597472,2.9746835443037978,1.0867674124309803,0.9648956568889289,1.0822372241729874,1.9029014245277103,1.0867674262409837
124,0.31253696779031864,0.16447444834597472,3.037974683544304,1.0866253669602914,0.9670485965405298,1.0822372241729874,1.9029014245277103,1.0866253283914928
124,0.31253696779031864,0.16447444834597472,3.1012658227848102,1.086475887879425,0.9690694918645522,1.0822372241729874,1.9029014245277103,1.0864758283952594
124,0.31253696779031864,0.16447444834597472,3.1645569620253164,1.0863213507243208,0.9709664647265871,1.0822372241729874,1.9029014245277103,1.0863212964316489
124,0.31253696779031864,0.16447444834597472,3.227848101265823,1.0861637571148848,0.9727470893071438,1.0822372241729874,1.9029014245277103,1.0861637177958878
124,0.31253696779031864,0.16447444834597472,3.2911392405063293,1.0860047847897363,0.9744184959753951,1.0822372241729874,1.9029014245277103,1.086004775374237
124,0.31253696779031864,0.16447444834597472,3.3544303797468356,1.085845831415758,0.9759874111790586,1.0822372241729874,1.9029014245277103,1.0858458653535465
124,0.31253696779031864,0.16447444834597472,3.417721518987342,1.0856880528004849,0.9774601063571889,1.0822372241729874,1.9029014245277103,1.0856881040941893
124,0.31253696779031864,0.16447444834597472,3.4810126582278484,1.085532396311279,0.978842464055074,1.0822372241729874,1.9029014245277103,1.0855324498791228
124,0.31253696779031864,0.16447444834597472,3.5443037974683547,1.0853796300096472,0.9801400550365135,1.0822372241729874,1.9029014245277103,1.0853796548033736
124,0.31253696779031864,0.16447444834597472,3.607594936708861,1.0852303680480784,0.9813580720601125,1.0822372241729874,1.9029014245277103,1.085230378668323
124,0.31253696779031864,0.16447444834597472,3.670886075949367,1.085085092819797,0.9825013681875098,1.0822372241729874,1.9029014245277103,1.0850850701781838
124,0.31253696779031864,0.16447444834597472,3.7341772151898738,1.08494417422593,0.9835745570549975,1.0822372241729874,1.9029014245277103,1.0849441446543608
124,0.31253696779031864,0.16447444834597472,3.79746835443038,1.0848078864285187,0.9845819370436358,1.0822372241729874,1.9029014245277103,1.0848078554134557
124,0.31253696779031864,0.16447444834597472,3.8607594936708862,1.0846764224076981,0.9855275155321686,1.0822372241729874,1.9029014245277103,1.084676404716011
124,0.31253696779031864,0.16447444834597472,3.924050632911393,1.0845499065949398,0.9864151098049857,1.0822372241729874,1.9029014245277103,1.0845499310024949
124,0.31253696779031864,0.16447444834597472,3.987341772151899,1.0844284058216689,0.9872482761033425,1.0822372241729874,1.9029014245277103,1.0844284460550748
124,0.31253696779031864,0.16447444834597472,4.050632911392405,1.084311938792158,0.9880303325640399,1.0822372241729874,1.9029014245277103,1.0843119911113372
124,0.31253696779031864,0.16447444834597472,4.113924050632912,1.0842004842698103,0.9887644284970307,1.0822372241729874,1.9029014245277103,1.0842005411341762
124,0.31253696779031864,0.16447444834597472,4.177215189873418,1.0840939881392282,0.9894535091611759,1.0822372241729874,1.9029014245277103,1.0840940372127539
124,0.31253696779031864,0.16447444834597472,4.2405063291139244,1.0839923694867928,0.9901003219909955,1.0822372241729874,1.9029014245277103,1.0839924003083636
124,0.31253696779031864,0.16447444834597472,4.30379746835443,1.0838955258250866,0.9907074651948508,1.0822372241729874,1.9029014245277103,1.0838955403365158
124,0.31253696779031864,0.16447444834597472,4.367088607594937,1.0838033375711107,0.9912773780146387,1.0822372241729874,1.9029014245277103,1.0838033446302338
124,0.31253696779031864,0.16447444834597472,4.4303797468354436,1.0837156718747039,0.9918123353371067,1.0822372241729874,1.9029014245277103,1.0837156791673621
124,0.31253696779031864,0.16447444834597472,4.493670886075949,1.0836323858816643,0.9923144806948578,1.0822372241729874,1.9029014245277103,1.0836324047710468
124,0.31253696779031864,0.16447444834597472,4.556962025316456,1.083553329505614,0.9927858342449556,1.0822372241729874,1.9029014245277103,1.083553353299939
124,0.31253696779031864,0.16447444834597472,4.620253164556963,1.08347834777348,0.9932282795981464,1.0822372241729874,1.9029014245277103,1.0834783563672283
124,0.31253696779031864,0.16447444834597472,4.6835443037974684,1.083407282800905,0.9936435851665851,1.0822372241729874,1.9029014245277103,1.0834072718505183
124,0.31253696779031864,0.16447444834597472,4.746835443037975,1.083339975445457,0.9940334240251151,1.0822372241729874,1.9029014245277103,1.0833399455997847
124,0.31253696779031864,0.16447444834597472,4.810126582278482,1.0832762666850475,0.9943993558111405,1.0822372241729874,1.9029014245277103,1.0832762368426714
124,0.31253696779031864,0.16447444834597472,4.8734177215189876,1.0832159987569359,0.9947428394550291,1.0822372241729874,1.9029014245277103,1.083215983574375
124,0.31253696779031864,0.16447444834597472,4.936708860759494,1.0831590160916953,0.9950652605681344,1.0822372241729874,1.9029014245277103,1.0831590028031066
124,0.31253696779031864,0.16447444834597472,5.0,1.0831051660687299,0.9953679105215602,1.0822372241729874,1.9029014245277103,1.0831051358377974
132,0.40634299887667785,0.030735168825819174,0.0,0.40634299887667785,0.40634299887667785,1.0153675844129095,,0.4063399815577384
132,0.40634299887667785,0.030735168825819174,0.06329113924050633,0.45342596174168137,0.4427515170251538,1.0153675844129095,,0.45342817988012996
132,0.40634299887667785,0.030735168825819174,0.12658227848101267,0.4964642651868219,0.47692745640991135,1.0153675844129095,,0.4964647814202401
132,0.40634299887667785,0.030735168825819174,0.189873417721519,0.535843541084962,0.5090076997001646,1.0153675844129095,,0.5358435894177663
132,0.40634299887667785,0.030735168825819174,0.25316455696202533,0.5719094133006893,0.5391199720487744,1.0153675844129095,,0.5719101002255865
132,0.40634299887667785,0.030735168825819174,0.31645569620253167,0.604971896227827,0.5673856098103053,1.0153675844129095,,0.6049730655434825
132,0.40634299887667785,0.030735168825819174,0.379746835443038,0.635309292323458,0.5939179785194453,1.0153675844129095,,0.6353101674954938
132,0.40634299887667785,0.030735168825819174,0.44303797468354433,0.6631716468623425,0.6188228353157771,1.0153675844129095,,0.6631718321248041
132,0.40634299887667785,0.030735168825819174,0.5063291139240507,0.6887838112914898,0.6422002838940961,1.0153675844129095,,0.6887834012399535
132,0.40634299887667785,0.030735168825819174,0.569620253164557,0.7123481605338038,0.6641442128081355,1.0153675844129095,,0.7123477009273571
132,0.40634299887667785,0.030735168825819174,0.6329113924050633,0.7340470042708277,0.6847421894199158,1.0153675844129095,,0.7340470445197831
132,0.40634299887667785,0.030735168825819174,0.6962025316455697,0.7540447275435336,0.7040767998084086,1.0153675844129095,,0.7540452375285251
132,0.40634299887667785,0.030735168825819174,0.759493670886076,0.772489691872565,0.7222258016534497,1.0153675844129095,,0.7724903621623254
132,0.40634299887667785,0.030735168825819174,0.8227848101265823,0.7895159244497821,0.7392617009882374,1.0153675844129095,,0.7895163973754082
132,0.40634299887667785,0.030735168825819174,0.8860759493670887,0.8052446197336323,0.7552526313836593,1.0153675844129095,,0.805244768222509
132,0.40634299887667785,0.030735168825819174,0.949367088607595,0.819785474940842,0.7702629909281848,1.0153675844129095,,0.8197852059571021
132,0.40634299887667785,0.030735168825819174,1.0126582278481013,0.8332378784213574,0.7843528147350308,1.0153675844129095,,0.8332374289539675
132,0.40634299887667785,0.030735168825819174,1.0759493670886076,0.8456919676928066,0.7975783127295315,1.0153675844129095,,0.8456916139958903
132,0.40634299887667785,0.030735168825819174,1.139240506329114,0.8572295719602409,0.8099928186103228,1.0153675844129095,,0.8572295293254386
132,0.40634299887667785,0.030735168825819174,1.2025316455696204,0.8679250522246956,0.8216460414699012,1.0153675844129095,,0.8679253161954072
132,0.40634299887667785,0.030735168825819174,1.2658227848101267,0.877846050561637,0.8325843540104516,1.0153675844129095,,0.8778465021352251
132,0.40634299887667785,0.030735168825819174,1.3291139240506329,0.8870541588193511,0.8428519264422641,1.0153675844129095,,0.8870545920230253
132,0.40634299887667785,0.030735168825819174,1.3924050632911393,0.8956055157946908,0.8524898828379623,1.0153675844129095,,0.8956056846857451
132,0.40634299887667785,0.030735168825819174,1.4556962025316458,0.9035513409009852,0.8615365850795453,1.0153675844129095,,0.9035512858686849
132,0.40634299887667785,0.030735168825819174,1.518987341772152,0.9109384114063015,0.8700285092051583,1.0153675844129095,,0.9109381747042762
132,0.40634299887667785,0.030735168825819174,1.5822784810126582,0.917809489546982,0.8779997022970906,1.0153675844129095,,0.9178092834472562
132,0.40634299887667785,0.030735168825819174,1.6455696202531647,0.9242037050490944,0.8854819282194215,1.0153675844129095,,0.9242036218724262
132,0.40634299887667785,0.030735168825819174,1.708860759493671,0.9301568979798386,0.8925052801084358,1.0153675844129095,,0.9301570578432498
132,0.40634299887667785,0.030735168825819174,1.7721518987341773,0.9357019263114633,0.8990979555366461,1.0153675844129095,,0.9357022338548325
132,0.40634299887667785,0.030735168825819174,1.8354430379746836,0.9408689420237489,0.9052862551312837,1.0153675844129095,,0.9408693053830869
132,0.40634299887667785,0.030735168825819174,1.89873417721519,0.9456856392041222,0.9110950059220279,1.0153675844129095,,0.9456858800101997
132,0.40634299887667785,0.030735168825819174,1.9620253164556964,0.9501774771615121,0.9165475609065598,1.0153675844129095,,0.9501774877294854
132,0.40634299887667785,0.030735168825819174,2.0253164556962027,0.954367881244945,0.9216656970895699,1.0153675844129095,,0.9543676786391924
132,0.40634299887667785,0.030735168825819174,2.088607594936709,0.9582784237755941,0.9264698968164246,1.0153675844129095,,0.9582781130269914
132,0.40634299887667785,0.030735168825819174,2.151898734177215,0.9619289871961958,0.9309795008030144,1.0153675844129095,,0.9619286551363923
132,0.40634299887667785,0.030735168825819174,2.2151898734177218,0.9653379113275417,0.9352125404517236,1.0153675844129095,,0.9653377038038201
132,0.40634299887667785,0.030735168825819174,2.278481012658228,0.9685221264096403,0.9391859136406601,1.0153675844129095,,0.968522063345696
132,0.40634299887667785,0.030735168825819174,2.3417721518987342,0.9714972734138799,0.9429156381196575,1.0153675844129095,,0.9714973659982348
132,0.40634299887667785,0.030735168825819174,2.405063291139241,0.974277812949931,0.9464166439012163,1.0153675844129095,,0.9742779963152037
132,0.40634299887667785,0.030735168825819174,2.468354430379747,0.9768771239461858,0.9497028716084449,1.0153675844129095,,0.9768772931830031
132,0.40634299887667785,0.030735168825819174,2.5316455696202533,0.9793075931520152,0.9527875869213203,1.0153675844129095,,0.979307667642341
132,0.40634299887667785,0.030735168825819174,2.5949367088607596,0.9815806963970964,0.9556831448684181,1.0153675844129095,,0.9815806637627656
132,0.40634299887667785,0.030735168825819174,2.6582278481012658,0.9837070724400975,0.9584010673289793,1.0153675844129095,,0.9837069709157571
132,0.40634299887667785,0.030735168825819174,2.7215189873417724,0.9856965901500085,0.9609523196970228,1.0153675844129095,,0.985696485140182
132,0.40634299887667785,0.030735168825819174,2.7848101265822787,0.9875584096854169,0.9633471273353066,1.0153675844129095,,0.9875583788534525
132,0.40634299887667785,0.030735168825819174,2.848101265822785,0.9893010382617142,0.9655950304319045,1.0153675844129095,,0.9893011145973876
132,0.40634299887667785,0.030735168825819174,2.9113924050632916,0.990932381027921,0.9677050755689286,1.0153675844129095,,0.9909325373318589
132,0.40634299887667785,0.030735168825819174,2.9746835443037978,0.9924597875450902,0.9696857313320167,1.0153675844129095,,0.992459971637673
132,0.40634299887667785,0.030735168825819174,3.037974683544304,0.993890094279085,0.9715448970431324,1.0153675844129095,,0.9938902501901422
132,0.40634299887667785,0.030735168825819174,3.1012658227848102,0.9952296634688409,0.9732900362018311,1.0153675844129095,,0.9952297471418934
132,0.40634299887667785,0.030735168825819174,3.1645569620253164,0.9964844187609778,0.9749281624249162,1.0153675844129095,,0.9964843987416603
132,0.40634299887667785,0.030735168825819174,3.227848101265823,0.9976598778441266,0.9764658163773767,1.0153675844129095,,0.9976598034827082
132,0.40634299887667785,0.030735168825819174,3.2911392405063293,0.9987611824382455,0.9779091554717051,1.0153675844129095,,0.9987611140996312
132,0.40634299887667785,0.030735168825819174,3.3544303797468356,0.9997931257997509,0.979263988315397,1.0153675844129095,,0.9997930954973426
132,0.40634299887667785,0.030735168825819174,3.417721518987342,1.0007601780489928,0.9805357305939578,1.0153675844129095,,1.0007602268631932
132,0.40634299887667785,0.030735168825819174,3.4810126582278484,1.0016665094453279,0.9817294621648569,1.0153675844129095,,1.0016666260647307
132,0.40634299887667785,0.030735168825819174,3.5443037974683547,1.002516011832899,0.9828499936475336,1.0153675844129095,,1.0025161625621366
132,0.40634299887667785,0.030735168825819174,3.607594936708861,1.0033123184192068,0.9839018092356787,1.0153675844129095,,1.003312440716824
132,0.40634299887667785,0.030735168825819174,3.670886075949367,1.004058822002698,0.9848890997786731,1.0153675844129095,,1.0040588871758458
132,0.40634299887667785,0.030735168825819174,3.7341772151898738,1.0047586918049465,0.9858158493707697,1.0153675844129095,,1.004758662996562
132,0.40634299887667785,0.030735168825819174,3.79746835443038,1.005414889029964,0.9866857698683944,1.0153675844129095,,1.0054148114146573
132,0.40634299887667785,0.030735168825819174,3.8607594936708862,1.0060301812452646,0.9875023218334588,1.0153675844129095,,1.0060300884754838
132,0.40634299887667785,0.030735168825819174,3.924050632911393,1.0066071556857223,0.9882688016724328,1.0153675844129095,,1.0066071166931612
132,0.40634299887667785,0.030735168825819174,3.987341772151899,1.0071482315731641,0.9889882803686618,1.0153675844129095,,1.007148262810589
132,0.40634299887667785,0.030735168825819174,4.050632911392405,1.007655671531103,0.9896636232909846,1.0153675844129095,,1.007655769857909
132,0.40634299887667785,0.030735168825819174,4.113924050632912,1.0081315921674832,0.9902975500182307,1.0153675844129095,,1.0081317159149163
132,0.40634299887667785,0.030735168825819174,4.177215189873418,1.0085779738914273,0.9908926039214102,1.0153675844129095,,1.0085780671308158
132,0.40634299887667785,0.030735168825819174,4.2405063291139244,1.0089966700259978,0.99145115754081,1.0153675844129095,,1.0089966958883951
132,0.40634299887667785,0.030735168825819174,4.30379746835443,1.0093894152716079,0.9919754545528361,1.0153675844129095,,1.0093893719674
132,0.40634299887667785,0.030735168825819174,4.367088607594937,1.0097578335707613,0.9924676013587949,1.0153675844129095,,1.0097577544442944
132,0.40634299887667785,0.030735168825819174,4.4303797468354436,1.0101034454199458,0.9929295624314995,1.0153675844129095,,1.0101033804010149
132,0.40634299887667785,0.030735168825819174,4.493670886075949,1.0104276746720253,0.993363188813201,1.0153675844129095,,1.010427672043366
132,0.40634299887667785,0.030735168825819174,4.556962025316456,1.0107318548664286,0.9937702250054952,1.0153675844129095,,1.0107319072455996
132,0.40634299887667785,0.030735168825819174,4.620253164556963,1.011017235122919,0.9941522975957597,1.0153675844129095,,1.0110173020255881
132,0.40634299887667785,0.030735168825819174,4.6835443037974684,1.0112849856317645,0.9945109336920396,1.0153675844129095,,1.0112850139812901
132,0.40634299887667785,0.030735168825819174,4.746835443037975,1.011536202771071,0.9948475780743631,1.0153675844129095,,1.0115361769008673
132,0.40634299887667785,0.030735168825819174,4.810126582278482,1.0117719138806436,0.9951635775632993,1.0153675844129095,,1.0117718740073456
132,0.40634299887667785,0.030735168825819174,4.8734177215189876,1.0119930817083218,0.9954601920144536,1.0153675844129095,,1.011993112430586
132,0.40634299887667785,0.030735168825819174,4.936708860759494,1.01220060855261,0.9957386179688169,1.0153675844129095,,1.0122007063674565
132,0.40634299887667785,0.030735168825819174,5.0,1.0123953401340475,0.9959999705876826,1.0153675844129095,,1.0123954004263975
141,1.2077451931336884,0.2027393454668584,0.0,1.2077451931336884,1.2077451931336884,1.1013696727334292,,1.2077446201700033
141,1.2077451931336884,0.2027393454668584,0.06329113924050633,1.265413897759774,1.195004343417178,1.1013696727334292,,1.265413982545675
141,1.2077451931336884,0.2027393454668584,0.12658227848101267,1.3119133834239258,1.1830447655555905,1.1013696727334292,,1.3119130882017755
141,1.2077451931336884,0.2027393454668584,0.189873417721519,1.3488361370866797,1.1718185586288667,1.1013696727334292,,1.348835455658027
141,1.2077451931336884,0.2027393454668584,0.25316455696202533,1.3775690808474792,1.1612810263115199,1.1013696727334292,,1.3775687257663498
141,1.2077451931336884,0.2027393454668584,0.31645569620253167,1.3993190080232174,1.1513897079834186,1.1013696727334292,,1.3993193453518096
141,1.2077451931336884,0.2027393454668584,0.379746835443038,1.4151349339767028,1.1421049323447159,1.1013696727334292,,1.415135738808735
141,1.2077451931336884,0.2027393454668584,0.44303797468354433,1.4259277321986539,1.1333896905883964,1.1013696727334292,,1.425928569501457
141,1.2077451931336884,0.2027393454668584,0.5063291139240507,1.4324873819331823,1.1252089522821247,1.1013696727334292,,1.4324879338741061
141,1.2077451931336884,0.2027393454668584,0.569620253164557,1.435498114630506,1.1175298619290535,1.1013696727334292,,1.435498189308431
141,1.2077451931336884,0.2027393454668584,0.6329113924050633,1.4355517121342158,1.110321776079345,1.1013696727334292,,1.4355514663062483
141,1.2077451931336884,0.2027393454668584,0.6962025316455697,1.4331591792782872,1.1035557944405843,1.1013696727334292,,1.4331588654759697
141,1.2077451931336884,0.2027393454668584,0.759493670886076,1.4287609868981381,1.0972047063773638,1.1013696727334292,,1.4287607531833202
141,1.2077451931336884,0.2027393454668584,0.8227848101265823,1.42273605778983,1.0912431390231263,1.1013696727334292,,1.4227359437872207
141,1.2077451931336884,0.2027393454668584,0.8860759493670887,1.4154096474811744,1.085647249617126,1.1013696727334292,,1.415409703658923
141,1.2077451931336884,0.2027393454668584,0.949367088607595,1.4070602534751357,1.0803945025987598,1.1013696727334292,,1.40706029028498
141,1.2077451931336884,0.2027393454668584,1.0126582278481013,1.397925670595941,1.0754638891933193,1.1013696727334292,,1.3979255895549485
141,1.2077451931336884,0.2027393454668584,1.0759493670886076,1.3882082959529463,1.0708357392178975,1.1013696727334292,,1.388208186020809
141,1.2077451931336884,0.2027393454668584,1.139240506329114,1.3780797745997144,1.066491389000541,1.1013696727334292,,1.378079533784269
141,1.2077451931336884,0.2027393454668584,1.2025316455696204,1.3676850660365028,1.0624134432692303,1.1013696727334292,,1.3676848362778071
141,1.2077451931336884,0.2027393454668584,1.2658227848101267,1.3571460020599484,1.0585856742932185,1.1013696727334292,,1.3571458916581294
141,1.2077451931336884,0.2027393454668584,1.3291139240506329,1.3465643979831572,1.0549926250849657,1.1013696727334292,,1.3465643780672132
141,1.2077451931336884,0.2027393454668584,1.3924050632911393,1.3360247717850857,1.0516199046267685,1.1013696727334292,,1.3360249012863028
141,1.2077451931336884,0.2027393454668584,1.4556962025316458,1.325596719112492,1.0484540885059384,1.1013696727334292,,1.3255969171929107
141,1.2077451931336884,0.2027393454668584,1.518987341772152,1.3153369864028064,1.0454824122447082,1.1013696727334292,,1.3153371981612174
141,1.2077451931336884,0.2027393454668584,1.5822784810126582,1.3052912792132974,1.0426929613576508,1.1013696727334292,,1.305291423654686
141,1.2077451931336884,0.2027393454668584,1.6455696202531647,1.295495838252158,1.0400746203520526,1.1013696727334292,,1.2954958690034069
141,1.2077451931336884,0.2027393454668584,1.708860759493671,1.2859788119740212,1.0376168583920804,1.1013696727334292,,1.2859787073336075
141,1.2077451931336884,0.2027393454668584,1.7721518987341773,1.2767614507235379,1.0353098079782759,1.1013696727334292,,1.2767612741869665
141,1.2077451931336884,0.2027393454668584,1.8354430379746836,1.2678591447491445,1.0331442654309382,1.1013696727334292,,1.2678589767112067
141,1.2077451931336884,0.2027393454668584,1.89873417721519,1.2592823253581729,1.0311115427432467,1.1013696727334292,,1.2592822146328566
141,1.2077451931336884,0.2027393454668584,1.9620253164556964,1.2510372464700976,1.029203467733287,1.1013696727334292,,1.2510372285733111
141,1.2077451931336884,0.2027393454668584,2.0253164556962027,1.2431266614146632,1.0274124197244006,1.1013696727334292,,1.2431267220490914
141,1.2077451931336884,0.2027393454668584,2.088607594936709,1.235550408228721,1.025731231094902,1.1013696727334292,,1.2355504832266442
141,1.2077451931336884,0.2027393454668584,2.151898734177215,1.2283059150096753,1.0241531337265921,1.1013696727334292,,1.2283059762398734
141,1.2077451931336884,0.2027393454668584,2.2151898734177218,1.221388635431318,1.0226718176843328,1.1013696727334292,,1.221388636726175
141,1.2077451931336884,0.2027393454668584,2.278481012658228,1.2147924233430436,1.021281369700117,1.1013696727334292,,1.2147923725685577
141,1.2077451931336884,0.2027393454668584,2.3417721518987342,1.2085098542557677,1.019976184499305,1.1013696727334292,,1.208509747746547
141,1.2077451931336884,0.2027393454668584,2.405063291139241,1.2025325005528487,1.0187510374516393,1.1013696727334292,,1.202532416067228
141,1.2077451931336884,0.2027393454668584,2.468354430379747,1.1968511664215633,1.0176010501552233,1.1013696727334292,,1.1968511408021913
141,1.2077451931336884,0.2027393454668584,2.5316455696202533,1.1914560877579161,1.0165215803987417,1.1013696727334292,,1.19145612016991
141,1.2077451931336884,0.2027393454668584,2.5949367088607596,1.1863371016444202,1.015508304645554,1.1013696727334292,,1.1863372082513814
141,1.2077451931336884,0.2027393454668584,2.6582278481012658,1.1814837894272543,1.0145571909125075,1.1013696727334292,,1.1814839184265913
141,1.2077451931336884,0.2027393454668584,2.7215189873417724,1.1768855969166114,1.013664401953682,1.1013696727334292,,1.1768856879823608
141,1.2077451931336884,0.2027393454668584,2.7848101265822787,1.1725319347895966,1.0128263594907827,1.1013696727334292,,1.1725319345685652
141,1.2077451931336884,0.2027393454668584,2.848101265822785,1.168412261876766,1.0120397250165616,1.1013696727334292,,1.1684121543828632
141,1.2077451931336884,0.2027393454668584,2.9113924050632916,1.164516153702686,1.0113013327569287,1.1013696727334292,,1.1645159791178399
141,1.2077451931336884,0.2027393454668584,2.9746835443037978,1.1608333583294699,1.0106082192026968,1.1013696727334292,,1.1608331671243808
141,1.2077451931336884,0.2027393454668584,3.037974683544304,1.1573538412640334,1.0099576200537224,1.1013696727334292,,1.1573536937416242
141,1.2077451931336884,0.2027393454668584,3.1012658227848102,1.1540678210323032,1.009346923522068,1.1013696727334292,,1.1540677552243481
141,1.2077451931336884,0.2027393454668584,3.1645569620253164,1.1509657967507219,1.0087736752525478,1.1013696727334292,,1.1509658227445736
141,1.2077451931336884,0.2027393454668584,3.227848101265823,1.1480385688773977,1.0082355863952894,1.1013696727334292,,1.148038662028509
141,1.2077451931336884,0.2027393454668584,3.2911392405063293,1.1452772541878697,1.0077305022165024,1.1013696727334292,,1.1452773716485956
141,1.2077451931336884,0.2027393454668584,3.3544303797468356,1.1426732958460286,1.0072563900435487,1.1013696727334292,,1.1426733830235063
141,1.2077451931336884,0.2027393454668584,3.417721518987342,1.1402184693560926,1.0068113547036592,1.1013696727334292,,1.140218494782802
141,1.2077451931336884,0.2027393454668584,3.4810126582278484,1.1379048850644637,1.0063936185441202,1.1013696727334292,,1.1379048600029167
141,1.2077451931336884,0.2027393454668584,3.5443037974683547,1.1357249877826452,1.0060014981297096,1.1013696727334292,,1.1357249459514178
141,1.2077451931336884,0.2027393454668584,3.607594936708861,1.1336715540399342,1.0056334242552512,1.1013696727334292,,1.1336715213229918
141,1.2077451931336884,0.2027393454668584,3.670886075949367,1.1317376873901188,1.0052879303688256,1.1013696727334292,,1.131737691095023
141,1.2077451931336884,0.2027393454668584,3.7341772151898738,1.1299168121464165,1.0049636222706844,1.1013696727334292,,1.129916852835389
141,1.2077451931336884,0.2027393454668584,3.79746835443038,1.1282026658619821,1.0046592010283482,1.1013696727334292,,1.1282027207577194
141,1.2077451931336884,0.2027393454668584,3.8607594936708862,1.126589290824143,1.004373455647801,1.1013696727334292,,1.1265893321034037
141,1.2077451931336884,0.2027393454668584,3.924050632911393,1.1250710247978803,1.0041052325797895,1.1013696727334292,,1.1250710250500262
141,1.2077451931336884,0.2027393454668584,3.987341772151899,1.1236424912167453,1.0038534571599393,1.1013696727334292,,1.1236424431296792
141,1.2077451931336884,0.2027393454668584,4.050632911392405,1.1222985889866641,1.0036171266769132,1.1013696727334292,,1.1222985175557127
141,1.2077451931336884,0.2027393454668584,4.113924050632912,1.1210344820440648,1.0033952894373397,1.1013696727334292,,1.1210344186212917
141,1.2077451931336884,0.2027393454668584,4.177215189873418,1.1198455887871102,1.0031870554102713,1.1013696727334292,,1.119845568954336
141,1.2077451931336884,0.2027393454668584,4.2405063291139244,1.1187275714791212,1.0029915943455125,1.1013696727334292,,1.1187275850976057
141,1.2077451931336884,0.2027393454668584,4.30379746835443,1.117676325706276,1.002808121087682,1.1013696727334292,,1.1176763698023466
141,1.2077451931336884,0.2027393454668584,4.367088607594937,1.1166879699570726,1.002635898519648,1.1013696727334292,,1.1166880104070958
141,1.2077451931336884,0.2027393454668584,4.4303797468354436,1.1157588353785435,1.0024742391909478,1.1013696727334292,,1.1157588458487593
141,1.2077451931336884,0.2027393454668584,4.493670886075949,1.1148854557534702,1.0023224953451868,1.1013696727334292,,1.1148854364708076
141,1.2077451931336884,0.2027393454668584,4.556962025316456,1.1140645577335342,1.0021800565089698,1.1013696727334292,,1.1140645213129186
141,1.2077451931336884,0.2027393454668584,4.620253164556963,1.1132930513550465,1.0020463534719621,1.1013696727334292,,1.1132930357842288
141,1.2077451931336884,0.2027393454668584,4.6835443037974684,1.1125680208562854,1.0019208518356757,1.1013696727334292,,1.112568039497557
141,1.2077451931336884,0.2027393454668584,4.746835443037975,1.111886715808326,1.0018030460114424,1.1013696727334292,,1.111886764993577
141,1.2077451931336884,0.2027393454668584,4.810126582278482,1.1112465425828004,1.0016924646912222,1.1013696727334292,,1.111246592826442
141,1.2077451931336884,0.2027393454668584,4.8734177215189876,1.1106450561548127,1.0015886669994138,1.1013696727334292,,1.110645069237035
141,1.2077451931336884,0.2027393454668584,4.936708860759494,1.1100799522339577,1.0014912342168973,1.1013696727334292,,1.1100799320491934
141,1.2077451931336884,0.2027393454668584,5.0,1.1095490597232978,1.001399776101756,1.1013696727334292,,1.1095491456480164
142,0.7321870853506609,0.287281156453458,0.0,0.7321870853506609,0.7321870853506609,1.143640578226729,0.30165418033781954,0.7321877870664946
142,0.7321870853506609,0.287281156453458,0.06329113924050633,0.848382364142864,0.748611841303941,1.143640578226729,0.30165418033781954,0.8483802044748352
142,0.7321870853506609,0.287281156453458,0.12658227848101267,0.9466363033071082,0.7640294274188039,1.143640578226729,0.30165418033781954,0.9466376101194112
142,0.7321870853506609,0.287281156453458,0.189873417721519,1.0293351401940054,0.7785015947510593,1.143640578226729,0.30165418033781954,1.0293368167260284
142,0.7321870853506609,0.287281156453458,0.25316455696202533,1.098565873312162,0.7920859631812077,1.143640578226729,0.30165418033781954,1.0985658914411545
142,0.7321870853506609,0.287281156453458,0.31645569620253167,1.1561527934095397,0.8048372704495713,1.143640578226729,0.30165418033781954,1.156151741813466
142,0.7321870853506609,0.287281156453458,0.379746835443038,1.203689612180942,0.816806658468412,1.143640578226729,0.30165418033781954,1.2036888250086968
142,0.7321870853506609,0.287281156453458,0.44303797468354433,1.24256771640851,0.82804183682044,1.143640578226729,0.30165418033781954,1.2425678059684295
142,0.7321870853506609,0.287281156453458,0.5063291139240507,1.2740010112963238,0.8385879646837994,1.143640578226729,0.30165418033781954,1.2740018375347422
142,0.7321870853506609,0.287281156453458,0.569620253164557,1.2990477615983576,0.8484873974374041,1.143640578226729,0.30165418033781954,1.2990487305620848
142,0.7321870853506609,0.287281156453458,0.6329113924050633,1.3186297905951014,0.8577796388189456,1.143640578226729,0.30165418033781954,1.3186301961605307
142,0.7321870853506609,0.287281156453458,0.6962025316455697,1.3335493538129468,0.8665019453898335,1.143640578226729,0.30165418033781954,1.3335490987164087
142,0.7321870853506609,0.287281156453458,0.759493670886076,1.3445039665553018,0.8746893955047977,1.143640578226729,0.30165418033781954,1.3445032213913541
142,0.7321870853506609,0.287281156453458,0.8227848101265823,1.3520994309830756,0.8823746983747863,1.143640578226729,0.30165418033781954,1.3520986113907145
142,0.7321870853506609,0.287281156453458,0.8860759493670887,1.3568612791150265,0.889588590688106,1.143640578226729,0.30165418033781954,1.356860773022692
142,0.7321870853506609,0.287281156453458,0.949367088607595,1.3592448222506235,0.8963601239673337,1.143640578226729,0.30165418033781954,1.3592447375241807
142,0.7321870853506609,0.287281156453458,1.0126582278481013,1.3596439745345927,0.9027163814922449,1.143640578226729,0.30165418033781954,1.3596442963527102
142,0.7321870853506609,0.287281156453458,1.0759493670886076,1.3583989983164413,0.9086827209086004,1.143640578226729,0.30165418033781954,1.3583993905691742
142,0.7321870853506609,0.287281156453458,1.139240506329114,1.3558033012866744,0.9142832023272921,1.143640578226729,0.30165418033781954,1.355803606260066
142,0.7321870853506609,0.287281156453458,1.2025316455696204,1.352109399809589,0.9195402507124325,1.143640578226729,0.30165418033781954,1.3521094588396085
142,0.7321870853506609,0.287281156453458,1.2658227848101267,1.3475341491692436,0.9244747859024252,1.143640578226729,0.30165418033781954,1.3475339463780454
142,0.7321870853506609,0.287281156453458,1.3291139240506329,1.3422633293413189,0.9291067341387508,1.143640578226729,0.30165418033781954,1.3422631014456907
142,0.7321870853506609,0.287281156453458,1.3924050632911393,1.3364556643097407,0.9334546474771158,1.143640578226729,0.30165418033781954,1.336455521835796
142,0.7321870853506609,0.287281156453458,1.4556962025316458,1.3302463436217498,0.9375358318827536,1.143640578226729,0.30165418033781954,1.3302463961384507
142,0.7321870853506609,0.287281156453458,1.518987341772152,1.3237501065699182,0.9413667425715132,1.143640578226729,0.30165418033781954,1.3237502882595056
142,0.7321870853506609,0.287281156453458,1.5822784810126582,1.3170639420365178,0.944962738998989,1.143640578226729,0.30165418033781954,1.3170641988204335
142,0.7321870853506609,0.287281156453458,1.6455696202531647,1.3102694509912354,0.9483381506062458,1.143640578226729,0.30165418033781954,1.3102696024914613
142,0.7321870853506609,0.287281156453458,1.708860759493671,1.303434912558512,0.9515065531289973,1.143640578226729,0.30165418033781954,1.303434821116478
142,0.7321870853506609,0.287281156453458,1.7721518987341773,1.2966170899562712,0.9544806671686246,1.143640578226729,0.30165418033781954,1.2966167635464376
142,0.7321870853506609,0.287281156453458,1.8354430379746836,1.2898628080927586,0.9572723575690205,1.143640578226729,0.30165418033781954,1.2898623286991415
142,0.7321870853506609,0.287281156453458,1.89873417721519,1.2832103308313612,0.959892824398855,1.143640578226729,0.30165418033781954,1.2832098370925913
142,0.7321870853506609,0.287281156453458,1.9620253164556964,1.276690562442387,0.962352602755595,1.143640578226729,0.30165418033781954,1.2766902311533046
142,0.7321870853506609,0.287281156453458,2.0253164556962027,1.270328095033111,0.9646615167684844,1.143640578226729,0.30165418033781954,1.2703280433177466
142,0.7321870853506609,0.287281156453458,2.088607594936709,1.264142120803056,0.9668288065148781,1.143640578226729,0.30165418033781954,1.2641422698764198
142,0.7321870853506609,0.287281156453458,2.151898734177215,1.258147225929214,0.9688631970556768,1.143640578226729,0.30165418033781954,1.2581474981345575
142,0.7321870853506609,0.287281156453458,2.2151898734177218,1.2523540807552227,0.9707728227890577,1.143640578226729,0.30165418033781954,1.2523543315520016
142,0.7321870853506609,0.287281156453458,2.278481012658228,1.2467700391772605,0.9725653067532065,1.143640578226729,0.30165418033781954,1.2467701811121201
142,0.7321870853506609,0.287281156453458,2.3417721518987342,1.2413996585497544,0.9742478749393293,1.143640578226729,0.30165418033781954,1.2413996335145425
142,0.7321870853506609,0.287281156453458,2.405063291139241,1.2362451500757448,0.9758272626342267,1.143640578226729,0.30165418033781954,1.2362449946276368
142,0.7321870853506609,0.287281156453458,2.468354430379747,1.231306768417245,0.9773097587874091,1.143640578226729,0.30165418033781954,1.2313065820790021
142,0.7321870853506609,0.287281156453458,2.5316455696202533,1.2265831481949492,0.9787013478653478,1.143640578226729,0.30165418033781954,1.2265830350282905
142,0.7321870853506609,0.287281156453458,2.5949367088607596,1.2220715941088356,0.9800076035178196,1.143640578226729,0.30165418033781954,1.2220715993938445
142,0.7321870853506609,0.287281156453458,2.6582278481012658,1.2177683305863551,0.9812337235409498,1.143640578226729,0.30165418033781954,1.2177684739538694
142,0.7321870853506609,0.287281156453458,2.7215189873417724,1.21366871612907,0.9823846546870484,1.143640578226729,0.30165418033781954,1.213668913931321
142,0.7321870853506609,0.287281156453458,2.7848101265822787,1.2097674269053025,0.9834650098625557,1.143640578226729,0.30165418033781954,1.2097676036049547
142,0.7321870853506609,0.287281156453458,2.848101265822785,1.206058613573182,0.9844790928751498,1.143640578226729,0.30165418033781954,1.2060586793827364
142,0.7321870853506609,0.287281156453458,2.9113924050632916,1.202536034827009,0.9854309848550507,1.143640578226729,0.30165418033781954,1.202535964463345
142,0.7321870853506609,0.287281156453458,2.9746835443037978,1.199193170674207,0.9863245061844327,1.143640578226729,0.30165418033781954,1.19919301007376
142,0.7321870853506609,0.287281156453458,3.037974683544304,1.1960233181797313,0.9871632204368651,1.143640578226729,0.30165418033781954,1.1960231386705409
142,0.7321870853506609,0.287281156453458,3.1012658227848102,1.1930196719975172,0.987950494576118,1.143640578226729,0.30165418033781954,1.1930195489974884
142,0.7321870853506609,0.287281156453458,3.1645569620253164,1.19017539167536,0.9886894926129078,1.143640578226729,0.30165418033781954,1.1901753857968025
142,0.7321870853506609,0.287281156453458,3.227848101265823,1.1874836576417291,0.9893831651981965,1.143640578226729,0.30165418033781954,1.187483757482333
142,0.7321870853506609,0.287281156453458,3.2911392405063293,1.1849377172891067,0.9900342900883772,1.143640578226729,0.30165418033781954,1.1849378735982008
142,0.7321870853506609,0.287281156453458,3.3544303797468356,1.182530922663122,0.9906454876857493,1.143640578226729,0.30165418033781954,1.1825310693649806
142,0.7321870853506609,0.287281156453458,3.417721518987342,1.1802567608208987,0.9912192011358658,1.143640578226729,0.30165418033781954,1.1802568351351193
142,0.7321870853506609,0.287281156453458,3.4810126582278484,1.178108877982197,0.99175772208431,1.143640578226729,0.30165418033781954,1.178108866467148
142,0.7321870853506609,0.287281156453458,3.5443037974683547,1.1760810983418086,0.9922632207169962,1.143640578226729,0.30165418033781954,1.1760810228880958
142,0.7321870853506609,0.287281156453458,3.607594936708861,1.174167438315547,0.9927377199611808,1.143640578226729,0.30165418033781954,1.1741673436030464
142,0.7321870853506609,0.287281156453458,3.670886075949367,1.1723621169350773,0.9931831104095556,1.143640578226729,0.30165418033781954,1.1723620710594733
142,0.7321870853506609,0.287281156453458,3.7341772151898738,1.1706595629653491,0.9936011893826381,1.143640578226729,0.30165418033781954,1.1706595940000963
142,0.7321870853506609,0.287281156453458,3.79746835443038,1.1690544192572607,0.9939936313879667,1.143640578226729,0.30165418033781954,1.1690545161921928
142,0.7321870853506609,0.287281156453458,3.8607594936708862,1.1675415447885773,0.9943619975679827,1.143640578226729,0.30165418033781954,1.1675416642823757
142,0.7321870853506609,0.287281156453458,3.924050632911393,1.1661160147768492,0.9947077750107074,1.143640578226729,0.30165418033781954,1.1661161118518517
142,0.7321870853506609,0.287281156453458,3.987341772151899,1.164773119195709,0.9950323491104008,1.143640578226729,0.30165418033781954,1.1647731592885526
142,0.7321870853506609,0.287281156453458,4.050632911392405,1.1635083599809843,0.995337012503691,1.143640578226729,0.30165418033781954,1.1635083465511495
142,0.7321870853506609,0.287281156453458,4.113924050632912,1.1623174471746869,0.9956229920578351,1.143640578226729,0.30165418033781954,1.1623174030948413
142,0.7321870853506609,0.287281156453458,4.177215189873418,1.1611962942184073,0.9958914351485133,1.143640578226729,0.30165418033781954,1.16119626210814
142,0.7321870853506609,0.287281156453458,4.2405063291139244,1.1601410125774576,0.9961434120855668,1.143640578226729,0.30165418033781954,1.1601410236935974
142,0.7321870853506609,0.287281156453458,4.30379746835443,1.1591479058507108,0.9963799350452479,1.143640578226729,0.30165418033781954,1.1591479502040307
142,0.7321870853506609,0.287281156453458,4.367088607594937,1.1582134634980565,0.9966019542757171,1.143640578226729,0.30165418033781954,1.1582135236805888
142,0.7321870853506609,0.287281156453458,4.4303797468354436,1.157334354297348,0.9968103559977782,1.143640578226729,0.30165418033781954,1.1573343999513914
142,0.7321870853506609,0.287281156453458,4.493670886075949,1.1565074196252079,0.9970059752609748,1.143640578226729,0.30165418033781954,1.1565074184500022
142,0.7321870853506609,0.287281156453458,4.556962025316456,1.155729666640685,0.9971895990517939,1.143640578226729,0.30165418033781954,1.1557296331436182
142,0.7321870853506609,0.287281156453458,4.620253164556963,1.1549982614374366,0.9973619611628057,1.143640578226729,0.30165418033781954,1.1549982280942026
142,0.7321870853506609,0.287281156453458,4.6835443037974684,1.1543105222259924,0.9975237505091776,1.143640578226729,0.30165418033781954,1.1543105191767185
142,0.7321870853506609,0.287281156453458,4.746835443037975,1.1536639125826174,0.9976756188661314,1.143640578226729,0.30165418033781954,1.1536639479425814
142,0.7321870853506609,0.287281156453458,4.810126582278482,1.1530560348081413,0.9978181738163755,1.143640578226729,0.30165418033781954,1.1530560660328357
142,0.7321870853506609,0.287281156453458,4.8734177215189876,1.1524846234217283,0.9979519837108818,1.143640578226729,0.30165418033781954,1.1524845922480262
142,0.7321870853506609,0.287281156453458,4.936708860759494,1.151947538803884,0.9980775883377914,1.143640578226729,0.30165418033781954,1.1519474416354265
142,0.7321870853506609,0.287281156453458,5.0,1.151442761040406,0.9981954907739977,1.143640578226729,0.30165418033781954,1.1514427543308015
148,1.2397872179131975,0.09091719400002637,0.0,1.2397872179131975,1.2397872179131975,1.0454585970000132,,1.239786947371965
148,1.2397872179131975,0.09091719400002637,0.06329113924050633,1.2566558880989551,1.225081255954279,1.0454585970000132,,1.256657652379588
148,1.2397872179131975,0.09091719400002637,0.12658227848101267,1.2690673004615702,1.2112770669880348,1.0454585970000132,,1.2690650445432174
148,1.2397872179131975,0.09091719400002637,0.189873417721519,1.2777017719025348,1.1983193619934136,1.0454585970000132,,1.2776988480219063
148,1.2397872179131975,0.09091719400002637,0.25316455696202533,1.2831495094366698,1.186156550811443,1.0454585970000132,,1.2831488388476615
148,1.2397872179131975,0.09091719400002637,0.31645569620253167,1.2859218896568272,1.1747396238173105,1.0454585970000132,,1.2859233468558344
148,1.2397872179131975,0.09091719400002637,0.379746835443038,1.2864613623949288,1.1640227909232757,1.0454585970000132,,1.2864635513817084
148,1.2397872179131975,0.09091719400002637,0.44303797468354433,1.285150144299593,1.1539633351897132,1.0454585970000132,,1.285151705213425
148,1.2397872179131975,0.09091719400002637,0.5063291139240507,1.282317848202086,1.1445208231905328,1.0454585970000132,,1.282318211747273
148,1.2397872179131975,0.09091719400002637,0.569620253164557,1.2782481766771177,1.1356573318909675,1.0454585970000132,,1.2782476122924813
148,1.2397872179131975,0.09091719400002637,0.6329113924050633,1.273184792823209,1.127337491483065,1.0454585970000132,,1.273184025505223
148,1.2397872179131975,0.09091719400002637,0.6962025316455697,1.2673364677412309,1.119527944175917,1.0454585970000132,,1.2673359329123213
148,1.2397872179131975,0.09091719400002637,0.759493670886076,1.2608815922606695,1.1121972824434871,1.0454585970000132,,1.2608814749955486
148,1.2397872179131975,0.09091719400002637,0.8227848101265823,1.253972129958613,1.1053162199808058,1.0454585970000132,,1.253972213630454
148,1.2397872179131975,0.09091719400002637,0.8860759493670887,1.2467370792666779,1.0988572365878606,1.0454585970000132,,1.2467371282048458
148,1.2397872179131975,0.09091719400002637,0.949367088607595,1.2392855043165727,1.0927943208835953,1.0454585970000132,,1.239285353009044
148,1.2397872179131975,0.09091719400002637,1.0126582278481013,1.231709187004046,1.0871032237599414,1.0454585970000132,,1.2317088851707159
148,1.2397872179131975,0.09091719400002637,1.0759493670886076,1.2240849464375867,1.0817612411612043,1.0454585970000132,,1.2240846426068008
148,1.2397872179131975,0.09091719400002637,1.139240506329114,1.2164766663803228,1.076746830784016,1.0454585970000132,,1.2164766299786405
148,1.2397872179131975,0.09091719400002637,1.2025316455696204,1.2089370663995977,1.072039914359323,1.0454585970000132,,1.2089373388062175
148,1.2397872179131975,0.09091719400002637,1.2658227848101267,1.2015092481233653,1.0676217612375727,1.0454585970000132,,1.201509823093333
148,1.2397872179131975,0.09091719400002637,1.3291139240506329,1.1942280442321913,1.0634745303896478,1.0454585970000132,,1.1942287459768224
148,1.2397872179131975,0.09091719400002637,1.3924050632911393,1.1871211944613438,1.059581611168409,1.0454585970000132,,1.1871217837681827
148,1.2397872179131975,0.09091719400002637,1.4556962025316458,1.180210369956167,1.0559275086181272,1.0454585970000132,,1.1802107432957931
148,1.2397872179131975,0.09091719400002637,1.518987341772152,1.173512064708571,1.0524974895044699,1.0454585970000132,,1.173512121557872
148,1.2397872179131975,0.09091719400002637,1.5822784810126582,1.1670383706103218,1.0492778016858324,1.0454585970000132,,1.1670381995003614
148,1.2397872179131975,0.09091719400002637,1.6455696202531647,1.1607976505642417,1.0462556152476776,1.0454585970000132,,1.1607974475198586
148,1.2397872179131975,0.09091719400002637,1.708860759493671,1.1547951223648212,1.043418775108155,1.0454585970000132,,1.1547949830044553
148,1.2397872179131975,0.09091719400002637,1.7721518987341773,1.1490333645713193,1.0407558918328934,1.0454585970000132,,1.1490334245408818
148,1.2397872179131975,0.09091719400002637,1.8354430379746836,1.1435127541071413,1.0382563421929425,1.0454585970000132,,1.1435129900992371
148,1.2397872179131975,0.09091719400002637,1.89873417721519,1.138231844264703,1.0359100981681442,1.0454585970000132,,1.138232152906981
148,1.2397872179131975,0.09091719400002637,1.9620253164556964,1.1331876906254066,1.033707727122603,1.0454585970000132,,1.133188017496446
148,1.2397872179131975,0.09091719400002637,2.0253164556962027,1.1283761315316614,1.031640432988276,1.0454585970000132,,1.1283763197048378
148,1.2397872179131975,0.09091719400002637,2.088607594936709,1.1237920289461436,1.029699942629997,1.0454585970000132,,1.1237920737116027
148,1.2397872179131975,0.09091719400002637,2.151898734177215,1.1194294747679288,1.027878444034361,1.0454585970000132,,1.119429383032822
148,1.2397872179131975,0.09091719400002637,2.2151898734177218,1.1152819670847525,1.02616865403987,1.0454585970000132,,1.115281813623184
148,1.2397872179131975,0.09091719400002637,2.278481012658228,1.111342560277157,1.0245637473329623,1.0454585970000132,,1.1113424125310827
148,1.2397872179131975,0.09091719400002637,2.3417721518987342,1.1076039923992176,1.023057254097459,1.0454585970000132,,1.1076039013225347
148,1.2397872179131975,0.09091719400002637,2.405063291139241,1.1040587928372203,1.0216431438710658,1.0454585970000132,,1.1040588125579525
148,1.2397872179131975,0.09091719400002637,2.468354430379747,1.1006993728718077,1.0203157858211223,1.0454585970000132,,1.1006994603367255
148,1.2397872179131975,0.09091719400002637,2.5316455696202533,1.0975181014396675,1.0190698217349083,1.0454585970000132,,1.0975182245420125
148,1.2397872179131975,0.09091719400002637,2.5949367088607596,1.0945073681020887,1.0179002612258505,1.0454585970000132,,1.094507473765728
148,1.2397872179131975,0.09091719400002637,2.6582278481012658,1.0916596349735666,1.0168024504292392,1.0454585970000132,,1.091659684602989
148,1.2397872179131975,0.09091719400002637,2.7215189873417724,1.0889674791408994,1.015771960253312,1.0454585970000132,,1.0889674701256853
148,1.2397872179131975,0.09091719400002637,2.7848101265822787,1.0864236269091478,1.014804660516358,1.0454585970000132,,1.0864235705549323
148,1.2397872179131975,0.09091719400002637,2.848101265822785,1.0840209810370005,1.013896697789313,1.0454585970000132,,1.0840209106991363
148,1.2397872179131975,0.09091719400002637,2.9113924050632916,1.0817526419718226,1.0130444180181413,1.0454585970000132,,1.0817526087906197
148,1.2397872179131975,0.09091719400002637,2.9746835443037978,1.0796119239760342,1.0122444006104694,1.0454585970000132,,1.0796119332843415
148,1.2397872179131975,0.09091719400002637,3.037974683544304,1.0775923669041951,1.0114934549083998,1.0454585970000132,,1.0775924285343494
148,1.2397872179131975,0.09091719400002637,3.1012658227848102,1.0756877442941442,1.0107885662892906,1.0454585970000132,,1.0756878077724261
148,1.2397872179131975,0.09091719400002637,3.1645569620253164,1.0738920683618949,1.010126901845226,1.0454585970000132,,1.07389213376799
148,1.2397872179131975,0.09091719400002637,3.227848101265823,1.0721995923856076,1.0095058197006732,1.0454585970000132,,1.0721996244223324
148,1.2397872179131975,0.09091719400002637,3.2911392405063293,1.0706048109242685,1.0089228327818591,1.0454585970000132,,1.0706047961183214
148,1.2397872179131975,0.09091719400002637,3.3544303797468356,1.0691024582367237,1.0083755949025304,1.0454585970000132,,1.0691024224828158
148,1.2397872179131975,0.09091719400002637,3.417721518987342,1.0676875052261148,1.0078619185838849,1.0454585970000132,,1.0676874558388822
148,1.2397872179131975,0.09091719400002637,3.4810126582278484,1.0663551551887678,1.007379751993136,1.0454585970000132,,1.0663551263723705
148,1.2397872179131975,0.09091719400002637,3.5443037974683547,1.0651008386029706,1.0069271520468268,1.0454585970000132,,1.0651008439471858
148,1.2397872179131975,0.09091719400002637,3.607594936708861,1.0639202071599674,1.0065023075100574,1.0454585970000132,,1.0639202545615067
148,1.2397872179131975,0.09091719400002637,3.670886075949367,1.062809127217581,1.0061035256341333,1.0454585970000132,,1.0628092035285128
148,1.2397872179131975,0.09091719400002637,3.7341772151898738,1.0617636728206212,1.0057291971819218,1.0454585970000132,,1.0617637379310019
148,1.2397872179131975,0.09091719400002637,3.79746835443038,1.0607801184103929,1.0053778228773118,1.0454585970000132,,1.0607801645503814
148,1.2397872179131975,0.09091719400002637,3.8607594936708862,1.0598549313356171,1.0050480049460315,1.0454585970000132,,1.059854935972381
148,1.2397872179131975,0.09091719400002637,3.924050632911393,1.058984764252643,1.0047384119186868,1.0454585970000132,,1.0589847399351577
148,1.2397872179131975,0.09091719400002637,3.987341772151899,1.0581664474881043,1.0044478033777429,1.0454585970000132,,1.0581664207815116
148,1.2397872179131975,0.09091719400002637,4.050632911392405,1.057396981426461,1.0041750219565309,1.0454585970000132,,1.057396966694871
148,1.2397872179131975,0.09091719400002637,4.113924050632912,1.0566735289739628,1.003918969175215,1.0454585970000132,,1.0566735337545519
148,1.2397872179131975,0.09091719400002637,4.177215189873418,1.0559934081411781,1.0036786177270185,1.0454585970000132,,1.055993427280658
148,1.2397872179131975,0.09091719400002637,4.2405063291139244,1.0553540847766687,1.0034530093063285,1.0454585970000132,,1.0553541018340822
148,1.2397872179131975,0.09091719400002637,4.30379746835443,1.0547531654795137,1.003241237657642,1.0454585970000132,,1.054753164898433
148,1.2397872179131975,0.09091719400002637,4.367088607594937,1.0541883907110314,1.0030424519729884,1.0454585970000132,,1.0541883697616419
148,1.2397872179131975,0.09091719400002637,4.4303797468354436,1.0536576281220345,1.00285585877151,1.0454585970000132,,1.0536575980881744
148,1.2397872179131975,0.09091719400002637,4.493670886075949,1.0531588661061568,1.0026807103887168,1.0454585970000132,,1.0531588466640907
148,1.2397872179131975,0.09091719400002637,4.556962025316456,1.0526902075876605,1.0025163021935406,1.0454585970000132,,1.0526902033417873
148,1.2397872179131975,0.09091719400002637,4.620253164556963,1.052249864049064,1.002361977182271,1.0454585970000132,,1.0522498853320421
148,1.2397872179131975,0.09091719400002637,4.6835443037974684,1.0518361498000515,1.0022171185323285,1.0454585970000132,,1.051836177347634
148,1.2397872179131975,0.09091719400002637,4.746835443037975,1.0514474764867137,1.002081142674504,1.0454585970000132,,1.0514474966507261
148,1.2397872179131975,0.09091719400002637,4.810126582278482,1.051082347836843,1.0019535056075397,1.0454585970000132,,1.051082357215441
148,1.2397872179131975,0.09091719400002637,4.8734177215189876,1.0507393546458568,1.0018336984564369,1.0454585970000132,,1.0507393592957313
148,1.2397872179131975,0.09091719400002637,4.936708860759494,1.0504171700054696,1.0017212379200284,1.0454585970000132,,1.0504171657383146
148,1.2397872179131975,0.09091719400002637,5.0,1.0501145447518307,1.001615673566634,1.0454585970000132,,1.0501145302721486
149,0.9074888855822507,0.055110583349784664,0.0,0.9074888855822507,0.9074888855822507,1.0275552916748922,0.5043756622122707,0.9074888960713235
149,0.9074888855822507,0.055110583349784664,0.06329113924050633,0.9323020249288417,0.9131625196535091,1.0275552916748922,0.5043756622122707,0.932305977921248
149,0.9074888855822507,0.055110583349784664,0.12658227848101267,0.9535186632446403,0.9184882451697153,1.0275552916748922,0.5043756622122707,0.9535185962461595
149,0.9074888855822507,0.055110583349784664,0.189873417721519,0.9716060535759736,0.9234873929132068,1.0275552916748922,0.5043756622122707,0.9716045336484271
149,0.9074888855822507,0.055110583349784664,0.25316455696202533,0.986973462542275,0.9281798666267309,1.0275552916748922,0.5043756622122707,0.986972812000791
149,0.9074888855822507,0.055110583349784664,0.31645569620253167,0.9999792139121515,0.9325845744699806,1.0275552916748922,0.5043756622122707,0.9999797083394071
149,0.9074888855822507,0.055110583349784664,0.379746835443038,1.0109368855601408,0.9367191824890573,1.0275552916748922,0.5043756622122707,1.0109373833378588
149,0.9074888855822507,0.055110583349784664,0.44303797468354433,1.0201207610345946,0.940600171094066,1.0275552916748922,0.5043756622122707,1.020120581433085
149,0.9074888855822507,0.055110583349784664,0.5063291139240507,1.0277706248877085,0.9442431397041084,1.0275552916748922,0.5043756622122707,1.0277696784793768
149,0.9074888855822507,0.055110583349784664,0.569620253164557,1.0340959802869705,0.9476627192166898,1.0275552916748922,0.5043756622122707,1.0340948506719858
149,0.9074888855822507,0.055110583349784664,0.6329113924050633,1.039279758061425,0.9508725554815715,1.0275552916748922,0.5043756622122707,1.0392790554355045
149,0.9074888855822507,0.055110583349784664,0.6962025316455697,1.0434815780855842,0.9538855181022224,1.0275552916748922,0.5043756622122707,1.043481571965205
149,0.9074888855822507,0.055110583349784664,0.759493670886076,1.0468406166359296,0.9567137242601175,1.0275552916748922,0.5043756622122707,1.0468411333199052
149,0.9074888855822507,0.055110583349784664,0.8227848101265823,1.0494781269527782,0.9593684727589771,1.0275552916748922,0.5043756622122707,1.0494787207593639
149,0.9074888855822507,0.055110583349784664,0.8860759493670887,1.05149965460087,0.9618603810303487,1.0275552916748922,0.5043756622122707,1.0514999398147296
149,0.9074888855822507,0.055110583349784664,0.949367088607595,1.0529969842545794,0.9641994843958395,1.0275552916748922,0.5043756622122707,1.0529968818710098
149,0.9074888855822507,0.055110583349784664,1.0126582278481013,1.0540498501582023,0.9663951382832768,1.0275552916748922,0.5043756622122707,1.0540494300239693
149,0.9074888855822507,0.055110583349784664,1.0759493670886076,1.0547274386579448,0.9684561020315124,1.0275552916748922,0.5043756622122707,1.0547269733855045
149,0.9074888855822507,0.055110583349784664,1.139240506329114,1.0550897078079982,0.9703906867695095,1.0275552916748922,0.5043756622122707,1.0550894282048286
149,0.9074888855822507,0.055110583349784664,1.2025316455696204,1.0551885460607184,0.97220663879443,1.0275552916748922,0.5043756622122707,1.0551885712170945
149,0.9074888855822507,0.055110583349784664,1.2658227848101267,1.055068789418679,0.9739111844850571,1.0275552916748922,0.5043756622122707,1.0550691275301969
149,0.9074888855822507,0.055110583349784664,1.3291139240506329,1.0547691141140354,0.9755112070001357,1.0275552916748922,0.5043756622122707,1.0547695089739353
149,0.9074888855822507,0.055110583349784664,1.3924050632911393,1.0543228198308834,0.9770131148108575,1.0275552916748922,0.5043756622122707,1.0543230905014964
149,0.9074888855822507,0.055110583349784664,1.4556962025316458,1.0537585166843217,0.9784228859490576,1.0275552916748922,0.5043756622122707,1.0537585204531974
149,0.9074888855822507,0.055110583349784664,1.518987341772152,1.0531007275820397,0.979746204570626,1.0275552916748922,0.5043756622122707,1.0531004844336809
149,0.9074888855822507,0.055110583349784664,1.5822784810126582,1.052370416239215,0.9809883763209453,1.0275552916748922,0.5043756622122707,1.0523700587769402
149,0.9074888855822507,0.055110583349784664,1.6455696202531647,1.0515854498194142,0.9821543510455576,1.0275552916748922,0.5043756622122707,1.0515851563049905
149,0.9074888855822507,0.055110583349784664,1.708860759493671,1.0507610041502553,0.983248818236162,1.0275552916748922,0.5043756622122707,1.0507608670288788
149,0.9074888855822507,0.055110583349784664,1.7721518987341773,1.0499099184965814,0.9842761719938086,1.0275552916748922,0.5043756622122707,1.0499099883462233
149,0.9074888855822507,0.055110583349784664,1.8354430379746836,1.0490430060069782,0.9852405108136455,1.0275552916748922,0.5043756622122707,1.049043217483282
149,0.9074888855822507,0.055110583349784664,1.89873417721519,1.0481693252541067,0.986145703556274,1.0275552916748922,0.5043756622122707,1.048169553070496
149,0.9074888855822507,0.055110583349784664,1.9620253164556964,1.0472964176135042,0.9869953893800536,1.0275552916748922,0.5043756622122707,1.0472965725143495
149,0.9074888855822507,0.055110583349784664,2.0253164556962027,1.0464305146430422,0.9877929618522655,1.0275552916748922,0.5043756622122707,1.0464305203636266
149,0.9074888855822507,0.055110583349784664,2.088607594936709,1.0455767191610736,0.9885416127900577,1.0275552916748922,0.5043756622122707,1.045576588872275
149,0.9074888855822507,0.055110583349784664,2.151898734177215,1.0447391632373717,0.9892443561074836,1.0275552916748922,0.5043756622122707,1.044738972246469
149,0.9074888855822507,0.055110583349784664,2.2151898734177218,1.0439211459377518,0.9899040016848719,1.0275552916748922,0.5043756622122707,1.0439209898664443
149,0.9074888855822507,0.055110583349784664,2.278481012658228,1.0431252533238953,0.9905231827625149,1.0275552916748922,0.5043756622122707,1.0431251859439996
149,0.9074888855822507,0.055110583349784664,2.3417721518987342,1.0423534629002476,0.9911043954280278,1.0275552916748922,0.5043756622122707,1.0423535030640039
149,0.9074888855822507,0.055110583349784664,2.405063291139241,1.0416072344356395,0.9916499662640867,1.0275552916748922,0.5043756622122707,1.0416073477227044
149,0.9074888855822507,0.055110583349784664,2.468354430379747,1.0408875888538383,0.9921620676742466,1.0275552916748922,0.5043756622122707,1.0408877071675546
149,0.9074888855822507,0.055110583349784664,2.5316455696202533,1.0401951766811557,0.992642766883918,1.0275552916748922,0.5043756622122707,1.0401952603459577
149,0.9074888855822507,0.055110583349784664,2.5949367088607596,1.0395303373578564,0.9930939892093343,1.0275552916748922,0.5043756622122707,1.0395303376495277
149,0.9074888855822507,0.055110583349784664,2.6582278481012658,1.0388931505607368,0.9935175301349022,1.0275552916748922,0.5043756622122707,1.0388930706458017
149,0.9074888855822507,0.055110583349784664,2.7215189873417724,1.0382834805445247,0.9939150984264953,1.0275552916748922,0.5043756622122707,1.0382833415131048
149,0.9074888855822507,0.055110583349784664,2.7848101265822787,1.037701014387242,0.9942882875289855,1.0275552916748922,0.5043756622122707,1.0377008861345152
149,0.9074888855822507,0.055110583349784664,2.848101265822785,1.037145294911998,0.9946385841146822,1.0275552916748922,0.5043756622122707,1.0371452194774697
149,0.9074888855822507,0.055110583349784664,2.9113924050632916,1.0366157489649368,0.9949673979360064,1.0275552916748922,0.5043756622122707,1.0366157416332726
149,0.9074888855822507,0.055110583349784664,2.9746835443037978,1.0361117116545553,0.9952760486746969,1.0275552916748922,0.5043756622122707,1.0361117731635971
149,0.9074888855822507,0.055110583349784664,3.037974683544304,1.0356324470649851,0.9955657673026127,1.0275552916748922,0.5043756622122707,1.0356325492094016
149,0.9074888855822507,0.055110583349784664,3.1012658227848102,1.0351771659005755,0.9958377168763296,1.0275552916748922,0.5043756622122707,1.0351772430552657
149,0.9074888855822507,0.055110583349784664,3.1645569620253164,1.0347450404798202,0.9960929903459651,1.0275552916748922,0.5043756622122707,1.0347450711870494
149,0.9074888855822507,0.055110583349784664,3.227848101265823,1.034335217401153,0.9963326069603856,1.0275552916748922,0.5043756622122707,1.0343351852886913
149,0.9074888855822507,0.055110583349784664,3.2911392405063293,1.0339468282217332,0.9965575262451568,1.0275552916748922,0.5043756622122707,1.0339467596266179
149,0.9074888855822507,0.055110583349784664,3.3544303797468356,1.0335789983843267,0.9967686533707353,1.0275552916748922,0.5043756622122707,1.033578925265975
149,0.9074888855822507,0.055110583349784664,3.417721518987342,1.0332308546571518,0.9969668322774402,1.0275552916748922,0.5043756622122707,1.033230801489741
149,0.9074888855822507,0.055110583349784664,3.4810126582278484,1.0329015312702956,0.9971528545726784,1.0275552916748922,0.5043756622122707,1.0329015173993663
149,0.9074888855822507,0.055110583349784664,3.5443037974683547,1.0325901749370119,0.9973274699078206,1.0275552916748922,0.5043756622122707,1.0325902070055388
149,0.9074888855822507,0.055110583349784664,3.607594936708861,1.0322959489200432,0.9974913770663961,1.0275552916748922,0.5043756622122707,1.0322959974460149
149,0.9074888855822507,0.055110583349784664,3.670886075949367,1.032018036269636,0.997645229119363,1.0275552916748922,0.5043756622122707,1.0320180664236864
149,0.9074888855822507,0.055110583349784664,3.7341772151898738,1.0317556423582461,0.9977896469184999,1.0275552916748922,0.5043756622122707,1.0317556505522834
149,0.9074888855822507,0.055110583349784664,3.79746835443038,1.03150799681533,0.9979252088920708,1.0275552916748922,0.5043756622122707,1.03150795748104
149,0.9074888855822507,0.055110583349784664,3.8607594936708862,1.0312743549501835,0.9980524543084172,1.0275552916748922,0.5043756622122707,1.0312742881346837
149,0.9074888855822507,0.055110583349784664,3.924050632911393,1.0310539987409801,0.9981718968551259,1.0275552916748922,0.5043756622122707,1.0310539365650107
149,0.9074888855822507,0.055110583349784664,3.987341772151899,1.0308462374585559,0.9982840150915191,1.0275552916748922,0.5043756622122707,1.030846211060603
149,0.9074888855822507,0.055110583349784664,4.050632911392405,1.0306504079833567,0.9983892555354776,1.0275552916748922,0.5043756622122707,1.0306504164735772
149,0.9074888855822507,0.055110583349784664,4.113924050632912,1.0304658748662376,0.9984880419860458,1.0275552916748922,0.5043756622122707,1.0304659190215055
149,0.9074888855822507,0.055110583349784664,4.177215189873418,1.0302920301769585,0.9985807707833442,1.0275552916748922,0.5043756622122707,1.0302920805036477
149,0.9074888855822507,0.055110583349784664,4.2405063291139244,1.0301282931782108,0.9986678116464968,1.0275552916748922,0.5043756622122707,1.0301283127934748
149,0.9074888855822507,0.055110583349784664,4.30379746835443,1.029974109857721,0.9987495142134338,1.0275552916748922,0.5043756622122707,1.0299740947755363
149,0.9074888855822507,0.055110583349784664,4.367088607594937,1.0298289523463862,0.9988262067301489,1.0275552916748922,0.5043756622122707,1.0298289144164687
149,0.9074888855822507,0.055110583349784664,4.4303797468354436,1.0296923182463873,0.9988981953255459,1.0275552916748922,0.5043756622122707,1.0296922866837095
149,0.9074888855822507,0.055110583349784664,4.493670886075949,1.0295637298897689,0.9989657684523442,1.0275552916748922,0.5043756622122707,1.0295637277720047
149,0.9074888855822507,0.055110583349784664,4.556962025316456,1.029442733544947,0.9990291979607513,1.0275552916748922,0.5043756622122707,1.029442760258108
149,0.9074888855822507,0.055110583349784664,4.620253164556963,1.0293288985859599,0.9990887373261016,1.0275552916748922,0.5043756622122707,1.0293289339650358
149,0.9074888855822507,0.055110583349784664,4.6835443037974684,1.0292218166369005,0.9991446245216526,1.0275552916748922,0.5043756622122707,1.0292218317304194
149,0.9074888855822507,0.055110583349784664,4.746835443037975,1.0291211007017758,0.9991970846913527,1.0275552916748922,0.5043756622122707,1.0291210805750184
149,0.9074888855822507,0.055110583349784664,4.810126582278482,1.0290263842882181,0.9992463277136062,1.0275552916748922,0.5043756622122707,1.0290263568574185
149,0.9074888855822507,0.055110583349784664,4.8734177215189876,1.0289373205352728,0.9992925499149398,1.0275552916748922,0.5043756622122707,1.0289373169310674
149,0.9074888855822507,0.055110583349784664,4.936708860759494,1.0288535813481676,0.9993359377553644,1.0275552916748922,0.5043756622122707,1.0288536018694139
149,0.9074888855822507,0.055110583349784664,5.0,1.0287748565464305,0.9993766650137331,1.0275552916748922,0.5043756622122707,1.0287748219404482
160,1.127928435677444,0.05444394268460592,0.0,1.127928435677444,1.127928435677444,1.027221971342303,,1.1279276262922209
160,1.127928435677444,0.05444394268460592,0.06329113924050633,1.1389905317735527,1.1200826850786045,1.027221971342303,,1.138994600531338
160,1.127928435677444,0.05444394268460592,0.12658227848101267,1.1473245728748662,1.1127180377232704,1.027221971342303,,1.147324274847301
160,1.127928435677444,0.05444394268460592,0.189873417721519,1.153341566417323,1.105804996467953,1.027221971342303,,1.1533399628820475
160,1.127928435677444,0.05444394268460592,0.25316455696202533,1.1573983377299826,1.0993160375422404,1.027221971342303,,1.1573982048068086
160,1.127928435677444,0.05444394268460592,0.31645569620253167,1.159804298109976,1.093225013911733,1.027221971342303,,1.159805776844612
160,1.127928435677444,0.05444394268460592,0.379746835443038,1.160827388189893,1.0875074961913067,1.027221971342303,,1.160829030601735
160,1.127928435677444,0.05444394268460592,0.44303797468354433,1.1606992958875848,1.0821406945454115,1.027221971342303,,1.1606998784088034
160,1.127928435677444,0.05444394268460592,0.5063291139240507,1.159620036339577,1.077103037411586,1.027221971342303,,1.1596194556111934
160,1.127928435677444,0.05444394268460592,0.569620253164557,1.1577619707569637,1.072374292541605,1.027221971342303,,1.157760814758005
160,1.127928435677444,0.05444394268460592,0.6329113924050633,1.1552733319286832,1.067935589854566,1.027221971342303,,1.1552724209784244
160,1.127928435677444,0.05444394268460592,0.6962025316455697,1.1522813159825978,1.063769132697062,1.027221971342303,,1.1522810484312398
160,1.127928435677444,0.05444394268460592,0.759493670886076,1.1488947928689077,1.0598581648978953,1.027221971342303,,1.148895183387558
160,1.127928435677444,0.05444394268460592,0.8227848101265823,1.1452066817376982,1.0561870619746019,1.027221971342303,,1.1452072864069682
160,1.127928435677444,0.05444394268460592,0.8860759493670887,1.1412960318412555,1.0527411416761099,1.027221971342303,,1.1412964511800119
160,1.127928435677444,0.05444394268460592,0.949367088607595,1.1372298447126084,1.0495065267185617,1.027221971342303,,1.1372298380252301
160,1.127928435677444,0.05444394268460592,1.0126582278481013,1.133064669075709,1.0464702800051064,1.027221971342303,,1.1330642801913355
160,1.127928435677444,0.05444394268460592,1.0759493670886076,1.1288479961602784,1.0436202887369317,1.027221971342303,,1.1288474915293827
160,1.127928435677444,0.05444394268460592,1.139240506329114,1.1246194797643325,1.040945059919561,1.027221971342303,,1.1246191367063174
160,1.127928435677444,0.05444394268460592,1.2025316455696204,1.1204120024719966,1.0384338816327627,1.027221971342303,,1.1204120467319256
160,1.127928435677444,0.05444394268460592,1.2658227848101267,1.116252606860199,1.0360767609222936,1.027221971342303,,1.1162529082156332
160,1.127928435677444,0.05444394268460592,1.3291139240506329,1.112163308252301,1.0338641794536672,1.027221971342303,,1.1121637400648348
160,1.127928435677444,0.05444394268460592,1.3924050632911393,1.108161803579727,1.031787275311212,1.027221971342303,,1.1081621271645494
160,1.127928435677444,0.05444394268460592,1.4556962025316458,1.1042620891401858,1.0298377818097204,1.027221971342303,,1.104262166878211
160,1.127928435677444,0.05444394268460592,1.518987341772152,1.1004749985038722,1.02800783864856,1.027221971342303,,1.1004748264400839
160,1.127928435677444,0.05444394268460592,1.5822784810126582,1.0968086704752202,1.0262901089480674,1.027221971342303,,1.096808329803094
160,1.127928435677444,0.05444394268460592,1.6455696202531647,1.0932689557590223,1.024677747844238,1.027221971342303,,1.093268690781912
160,1.127928435677444,0.05444394268460592,1.708860759493671,1.089859769995262,1.023164270501807,1.027221971342303,,1.0898596718153646
160,1.127928435677444,0.05444394268460592,1.7721518987341773,1.0865833998492156,1.0217436005646836,1.027221971342303,,1.0865835812264384
160,1.127928435677444,0.05444394268460592,1.8354430379746836,1.0834407680457003,1.0204100704536132,1.027221971342303,,1.0834411446002823
160,1.127928435677444,0.05444394268460592,1.89873417721519,1.080431662511948,1.019158330138086,1.027221971342303,,1.080432107638448
160,1.127928435677444,0.05444394268460592,1.9620253164556964,1.0775549341781396,1.0179833472299507,1.027221971342303,,1.0775553039063508
160,1.127928435677444,0.05444394268460592,2.0253164556962027,1.074808667390904,1.0168804289551936,1.027221971342303,,1.0748088713305999
160,1.127928435677444,0.05444394268460592,2.088607594936709,1.0721903264542343,1.0158451615287554,1.027221971342303,,1.0721903491564164
160,1.127928435677444,0.05444394268460592,2.151898734177215,1.069696881349502,1.0148733771777947,1.027221971342303,,1.069696738576706
160,1.127928435677444,0.05444394268460592,2.2151898734177218,1.067324915315069,1.0139611902762753,1.027221971342303,,1.067324732975247
160,1.127928435677444,0.05444394268460592,2.278481012658228,1.0650707166431947,1.0131049594637669,1.027221971342303,,1.0650705819408421
160,1.127928435677444,0.05444394268460592,2.3417721518987342,1.062930356752946,1.0123012330405914,1.027221971342303,,1.0629303207741216
160,1.127928435677444,0.05444394268460592,2.405063291139241,1.0608997563427778,1.01154679370595,1.027221971342303,,1.0608998384804693
160,1.127928435677444,0.05444394268460592,2.468354430379747,1.0589747412019217,1.0108386373647114,1.027221971342303,,1.058974872860786
160,1.127928435677444,0.05444394268460592,2.5316455696202533,1.0571510890620317,1.010173905366706,1.027221971342303,,1.0571512216086572
160,1.127928435677444,0.05444394268460592,2.5949367088607596,1.055424568696861,1.009549935300011,1.027221971342303,,1.0554246455983953
160,1.127928435677444,0.05444394268460592,2.6582278481012658,1.053790972325462,1.008964244289863,1.027221971342303,,1.0537909597059134
160,1.127928435677444,0.05444394268460592,2.7215189873417724,1.0522461422409608,1.008414469379696,1.027221971342303,,1.052246053427519
160,1.127928435677444,0.05444394268460592,2.7848101265822787,1.0507859924697491,1.0078984070838959,1.027221971342303,,1.0507858786068227
160,1.127928435677444,0.05444394268460592,2.848101265822785,1.0494065261603223,1.0074140015666413,1.027221971342303,,1.0494064342161054
160,1.127928435677444,0.05444394268460592,2.9113924050632916,1.048103849315278,1.0069593033603135,1.027221971342303,,1.0481038056302094
160,1.127928435677444,0.05444394268460592,2.9746835443037978,1.0468741814011233,1.0065324875509931,1.027221971342303,,1.0468742353195442
160,1.127928435677444,0.05444394268460592,3.037974683544304,1.0457138632927512,1.0061318518966809,1.027221971342303,,1.045713935317253
160,1.127928435677444,0.05444394268460592,3.1012658227848102,1.0446193629595784,1.0057557880716181,1.027221971342303,,1.0446194367568493
160,1.127928435677444,0.05444394268460592,3.1645569620253164,1.0435872792433776,1.0054027846963376,1.027221971342303,,1.0435873287008373
160,1.127928435677444,0.05444394268460592,3.227848101265823,1.0426143440253925,1.0050714323087022,1.027221971342303,,1.0426143366884941
160,1.127928435677444,0.05444394268460592,3.2911392405063293,1.0416974230513631,1.0047604040345801,1.027221971342303,,1.041697364955305
160,1.127928435677444,0.05444394268460592,3.3544303797468356,1.0408335156360586,1.004468448164474,1.027221971342303,,1.0408334335947351
160,1.127928435677444,0.05444394268460592,3.417721518987342,1.0400197534453846,1.0041943976606118,1.027221971342303,,1.0400196815037728
160,1.127928435677444,0.05444394268460592,3.4810126582278484,1.0392533985239094,1.0039371578534733,1.027221971342303,,1.0392533693284702
160,1.127928435677444,0.05444394268460592,3.5443037974683547,1.0385318407137927,1.0036956920921905,1.027221971342303,,1.038531856881456
160,1.127928435677444,0.05444394268460592,3.607594936708861,1.0378525945860333,1.0034690340681807,1.027221971342303,,1.037852635542897
160,1.127928435677444,0.05444394268460592,3.670886075949367,1.0372132959944578,1.0032562806862142,1.027221971342303,,1.0372133444609763
160,1.127928435677444,0.05444394268460592,3.7341772151898738,1.0366116983414106,1.0030565734051609,1.027221971342303,,1.0366117219504547
160,1.127928435677444,0.05444394268460592,3.79746835443038,1.0360456686319186,1.0028691123489906,1.027221971342303,,1.036045658512423
160,1.127928435677444,0.05444394268460592,3.8607594936708862,1.0355131833804379,1.0026931517937345,1.027221971342303,,1.0355131418508539
160,1.127928435677444,0.05444394268460592,3.924050632911393,1.0350123244283391,1.0025279813896169,1.027221971342303,,1.0350122716003116
160,1.127928435677444,0.05444394268460592,3.987341772151899,1.0345412747165323,1.0023729393637697,1.027221971342303,,1.034541259325952
160,1.127928435677444,0.05444394268460592,4.050632911392405,1.0340983140517495,1.0022274082516396,1.027221971342303,,1.0340983249386324
160,1.127928435677444,0.05444394268460592,4.113924050632912,1.0336818148985802,1.0020908020052781,1.027221971342303,,1.0336818660635707
160,1.127928435677444,0.05444394268460592,4.177215189873418,1.0332902382235576,1.0019625725481445,1.027221971342303,,1.033290296526465
160,1.127928435677444,0.05444394268460592,4.2405063291139244,1.032922129412614,1.001842208616381,1.027221971342303,,1.0329221798847255
160,1.127928435677444,0.05444394268460592,4.30379746835443,1.0325761142789787,1.001729226715289,1.027221971342303,,1.0325761317336688
160,1.127928435677444,0.05444394268460592,4.367088607594937,1.0322508951749587,1.0016231729318787,1.027221971342303,,1.032250879844665
160,1.127928435677444,0.05444394268460592,4.4303797468354436,1.0319452472180195,1.0015236239376448,1.027221971342303,,1.0319452236639366
160,1.127928435677444,0.05444394268460592,4.493670886075949,1.0316580146389644,1.001430180847487,1.027221971342303,,1.0316580097663757
160,1.127928435677444,0.05444394268460592,4.556962025316456,1.0313881072577993,1.0013424677349876,1.027221971342303,,1.031388124000767
160,1.127928435677444,0.05444394268460592,4.620253164556963,1.0311344970908614,1.0012601340833118,1.027221971342303,,1.0311345287999831
160,1.127928435677444,0.05444394268460592,4.6835443037974684,1.0308962150909247,1.001182850812579,1.027221971342303,,1.0308962348301454
160,1.127928435677444,0.05444394268460592,4.746835443037975,1.0306723480200923,1.0011103065838434,1.027221971342303,,1.0306723332688534
160,1.127928435677444,0.05444394268460592,4.810126582278482,1.0304620354556318,1.0010422111680182,1.027221971342303,,1.0304620091828536
160,1.127928435677444,0.05444394268460592,4.8734177215189876,1.0302644669357084,1.00097829307615,1.027221971342303,,1.0302644599119841
160,1.127928435677444,0.05444394268460592,4.936708860759494,1.030078879228855,1.000918294463137,1.027221971342303,,1.0300788864780104
160,1.127928435677444,0.05444394268460592,5.0,1.0299045537325981,1.0008619750199528,1.027221971342303,,1.029904538504138
164,1.079219904610616,0.10091730065282406,0.0,1.079219904610616,1.079219904610616,1.050458650326412,,1.0792234722757656
164,1.079219904610616,0.10091730065282406,0.06329113924050633,1.1094090977579307,1.0743614100097294,1.050458650326412,,1.1094127590814986
164,1.079219904610616,0.10091730065282406,0.12658227848101267,1.133947619422685,1.069800839422816,1.050458650326412,,1.1339467861389958
164,1.079219904610616,0.10091730065282406,0.189873417721519,1.1536337398037038,1.0655199266928554,1.050458650326412,,1.1536314379968604
164,1.079219904610616,0.10091730065282406,0.25316455696202533,1.1691630631028727,1.0615016276775116,1.050458650326412,,1.1691617682812525
164,1.079219904610616,0.10091730065282406,0.31645569620253167,1.1811412098315603,1.0577297507805998,1.050458650326412,,1.181141369579287
164,1.079219904610616,0.10091730065282406,0.379746835443038,1.190094962045723,1.0541891680632147,1.050458650326412,,1.1900956755061611
164,1.079219904610616,0.10091730065282406,0.44303797468354433,1.1964820560622471,1.0508657668803543,1.050458650326412,,1.1964824193425192
164,1.079219904610616,0.10091730065282406,0.5063291139240507,1.2006997851442405,1.047746189004729,1.050458650326412,,1.2006995005949654
164,1.079219904610616,0.10091730065282406,0.569620253164557,1.2030925552227458,1.044817905581704,1.050458650326412,,1.203091840253864
164,1.079219904610616,0.10091730065282406,0.6329113924050633,1.20395851961602,1.042069231281107,1.050458650326412,,1.2039578747313355
164,1.079219904610616,0.10091730065282406,0.6962025316455697,1.2035554036405325,1.039489145494598,1.050458650326412,,1.2035551445360493
164,1.079219904610616,0.10091730065282406,0.759493670886076,1.2021056167376045,1.03706727193424,1.050458650326412,,1.2021058456378186
164,1.079219904610616,0.10091730065282406,0.8227848101265823,1.1998007380523592,1.034793935112297,1.050458650326412,,1.1998011024670194
164,1.079219904610616,0.10091730065282406,0.8860759493670887,1.196805451108817,1.0326600430194504,1.050458650326412,,1.1968057141644062
164,1.079219904610616,0.10091730065282406,0.949367088607595,1.1932609941605836,1.0306570021237176,1.050458650326412,,1.193260982301315
164,1.079219904610616,0.10091730065282406,1.0126582278481013,1.1892881848142716,1.0287768011055431,1.050458650326412,,1.1892880118502633
164,1.079219904610616,0.10091730065282406,1.0759493670886076,1.1849900704938106,1.0270119390933543,1.050458650326412,,1.1849899007044138
164,1.079219904610616,0.10091730065282406,1.139240506329114,1.1804542501246296,1.0253552990304835,1.050458650326412,,1.1804542100053634
164,1.079219904610616,0.10091730065282406,1.2025316455696204,1.1757549069674786,1.0238002475418368,1.050458650326412,,1.1757550829696015
164,1.079219904610616,0.10091730065282406,1.2658227848101267,1.1709545877261307,1.0223405964732515,1.050458650326412,,1.1709549945403868
164,1.079219904610616,0.10091730065282406,1.3291139240506329,1.1661057588312844,1.0209704515796658,1.050458650326412,,1.1661062025580462
164,1.079219904610616,0.10091730065282406,1.3924050632911393,1.1612521671002967,1.019684325104505,1.050458650326412,,1.1612524974118512
164,1.079219904610616,0.10091730065282406,1.4556962025316458,1.1564300286815876,1.0184770978886843,1.050458650326412,,1.1564301917420887
164,1.079219904610616,0.10091730065282406,1.518987341772152,1.1516690672801841,1.0173439024274695,1.050458650326412,,1.1516690001752368
164,1.079219904610616,0.10091730065282406,1.5822784810126582,1.1469934201864713,1.016280195345465,1.050458650326412,,1.1469932214681042
164,1.079219904610616,0.10091730065282406,1.6455696202531647,1.1424224283794497,1.015281737948821,1.050458650326412,,1.1424222137219218
164,1.079219904610616,0.10091730065282406,1.708860759493671,1.1379713249203878,1.0143445144921064,1.050458650326412,,1.13797119262419
164,1.079219904610616,0.10091730065282406,1.7721518987341773,1.1336518343091286,1.013464762181323,1.050458650326412,,1.1336518225207508
164,1.079219904610616,0.10091730065282406,1.8354430379746836,1.1294726937191275,1.0126389713582356,1.050458650326412,,1.1294728310521922
164,1.079219904610616,0.10091730065282406,1.89873417721519,1.1254401059254087,1.0118638290072157,1.050458650326412,,1.1254403243268303
164,1.079219904610616,0.10091730065282406,1.9620253164556964,1.1215581323497454,1.011136218813214,1.050458650326412,,1.1215583593376794
164,1.079219904610616,0.10091730065282406,2.0253164556962027,1.1178290337622498,1.0104532347678228,1.050458650326412,,1.1178291668417901
164,1.079219904610616,0.10091730065282406,2.088607594936709,1.114253565201425,1.009812143627025,1.050458650326412,,1.1142536118466273
164,1.079219904610616,0.10091730065282406,2.151898734177215,1.110831230858553,1.0092103644902952,1.050458650326412,,1.110831202446697
164,1.079219904610616,0.10091730065282406,2.2151898734177218,1.107560504010069,1.0086454911770029,1.050458650326412,,1.1075604496705793
164,1.079219904610616,0.10091730065282406,2.278481012658228,1.1044390164331037,1.0081152687684165,1.050458650326412,,1.1044389617382686
164,1.079219904610616,0.10091730065282406,2.3417721518987342,1.101463721201068,1.0076175597935522,1.050458650326412,,1.1014637106327128
164,1.079219904610616,0.10091730065282406,2.405063291139241,1.0986310322742023,1.0071503719333375,1.050458650326412,,1.098631055664149
164,1.079219904610616,0.10091730065282406,2.468354430379747,1.0959369438810305,1.0067118448966763,1.050458650326412,,1.0959370066051783
164,1.079219904610616,0.10091730065282406,2.5316455696202533,1.0933771323155066,1.006300208459517,1.050458650326412,,1.093377197671812
164,1.079219904610616,0.10091730065282406,2.5949367088607596,1.0909470424479835,1.0059138139186812,1.050458650326412,,1.090947084383854
164,1.079219904610616,0.10091730065282406,2.6582278481012658,1.0886419609622358,1.0055511237496852,1.050458650326412,,1.0886419504378324
164,1.079219904610616,0.10091730065282406,2.7215189873417724,1.086457078081136,1.0052106746875975,1.050458650326412,,1.0864570368199171
164,1.079219904610616,0.10091730065282406,2.7848101265822787,1.0843875393212163,1.004891102220148,1.050458650326412,,1.0843874941863278
164,1.079219904610616,0.10091730065282406,2.848101265822785,1.082428488625667,1.0045911332674555,1.050458650326412,,1.0824284692658948
164,1.079219904610616,0.10091730065282406,2.9113924050632916,1.0805751040436116,1.0043095606183323,1.050458650326412,,1.0805751225333107
164,1.079219904610616,0.10091730065282406,2.9746835443037978,1.0788226269925612,1.0040452541916833,1.050458650326412,,1.0788226841744253
164,1.079219904610616,0.10091730065282406,3.037974683544304,1.0771663860056266,1.0037971598712132,1.050458650326412,,1.0771664747050402
164,1.079219904610616,0.10091730065282406,3.1012658227848102,1.0756018157228067,1.0035642816984192,1.050458650326412,,1.0756019167530748
164,1.079219904610616,0.10091730065282406,3.1645569620253164,1.0741244718379859,1.0033456837489576,1.050458650326412,,1.0741245596047497
164,1.079219904610616,0.10091730065282406,3.227848101265823,1.0727300425683897,1.0031404932109667,1.050458650326412,,1.0727300909867536
164,1.079219904610616,0.10091730065282406,3.2911392405063293,1.0714143571810888,1.0029478884153507,1.050458650326412,,1.071414344921022
164,1.079219904610616,0.10091730065282406,3.3544303797468356,1.0701733920102505,1.002767094238842,1.050458650326412,,1.0701733655448114
164,1.079219904610616,0.10091730065282406,3.417721518987342,1.0690032743680389,1.0025973879912868,1.050458650326412,,1.0690032431422
164,1.079219904610616,0.10091730065282406,3.4810126582278484,1.0679002846718122,1.0024380917966946,1.050458650326412,,1.0679002614211843
164,1.079219904610616,0.10091730065282406,3.5443037974683547,1.0668608570915712,1.0022885637072256,1.050458650326412,,1.0668608543123954
164,1.079219904610616,0.10091730065282406,3.607594936708861,1.0658815789622524,1.0021482053346231,1.050458650326412,,1.0658816143148027
164,1.079219904610616,0.10091730065282406,3.670886075949367,1.0649591891810608,1.002016457435607,1.050458650326412,,1.064959245857967
164,1.079219904610616,0.10091730065282406,3.7341772151898738,1.0640905757774468,1.0018927883571,1.050458650326412,,1.0640906320676566
164,1.079219904610616,0.10091730065282406,3.79746835443038,1.063272772814478,1.0017767027744895,1.050458650326412,,1.0632728033467334
164,1.079219904610616,0.10091730065282406,3.8607594936708862,1.0625029567622686,1.0016677388969213,1.050458650326412,,1.062502981067358
164,1.079219904610616,0.10091730065282406,3.924050632911393,1.061778442460118,1.0015654568390706,1.050458650326412,,1.0617784371668266
164,1.079219904610616,0.10091730065282406,3.987341772151899,1.061096678767499,1.0014694467969463,1.050458650326412,,1.0610966689163892
164,1.079219904610616,0.10091730065282406,4.050632911392405,1.060455243990358,1.0013793264045585,1.050458650326412,,1.06045525360785
164,1.079219904610616,0.10091730065282406,4.113924050632912,1.059851841154078,1.0012947327507031,1.050458650326412,,1.0598518667177428
164,1.079219904610616,0.10091730065282406,4.177215189873418,1.059284293184385,1.0012153264380361,1.050458650326412,,1.0592843260904585
164,1.079219904610616,0.10091730065282406,4.2405063291139244,1.0587505380475826,1.0011407908655314,1.050458650326412,,1.058750571319453
164,1.079219904610616,0.10091730065282406,4.30379746835443,1.058248623892294,1.0010708266282617,1.050458650326412,,1.0582486414102195
164,1.079219904610616,0.10091730065282406,4.367088607594937,1.0577767042278645,1.0010051526398254,1.050458650326412,,1.0577767084085608
164,1.079219904610616,0.10091730065282406,4.4303797468354436,1.0573330331681363,1.0009435067533143,1.050458650326412,,1.0573330226626003
164,1.079219904610616,0.10091730065282406,4.493670886075949,1.0569159607640854,1.0008856419584418,1.050458650326412,,1.0569159567604496
164,1.079219904610616,0.10091730065282406,4.556962025316456,1.0565239284451193,1.0008313254621255,1.050458650326412,,1.0565239377827456
164,1.079219904610616,0.10091730065282406,4.620253164556963,1.0561554645808655,1.0007803402062103,1.050458650326412,,1.0561554814218426
164,1.079219904610616,0.10091730065282406,4.6835443037974684,1.0558091801781353,1.000732482407411,1.050458650326412,,1.0558091967683192
164,1.079219904610616,0.10091730065282406,4.746835443037975,1.0554837647191646,1.000687559268546,1.050458650326412,,1.055483770233228
164,1.079219904610616,0.10091730065282406,4.810126582278482,1.0551779821454674,1.000645391064755,1.050458650326412,,1.0551779764711477
164,1.079219904610616,0.10091730065282406,4.8734177215189876,1.054890666989171,1.0006058096760369,1.050458650326412,,1.0548906654934358
164,1.079219904610616,0.10091730065282406,4.936708860759494,1.0546207206707372,1.0005686554313684,1.050458650326412,,1.0546207125940184
164,1.079219904610616,0.10091730065282406,5.0,1.0543671079509815,1.0005337795189617,1.050458650326412,,1.0543670837649646
178,0.9662972255329967,0.2781865135118912,0.0,0.9662972255329967,0.9662972255329967,1.1390932567559455,0.11983911092534727,0.9662970324292328
178,0.9662972255329967,0.2781865135118912,0.06329113924050633,1.0649760708471578,0.9683641902508624,1.1390932567559455,0.11983911092534727,1.0649748533025378
178,0.9662972255329967,0.2781865135118912,0.12658227848101267,1.1471302373038608,0.9703044082135965,1.1390932567559455,0.11983911092534727,1.1471316756822905
178,0.9662972255329967,0.2781865135118912,0.189873417721519,1.2150183701690143,0.9721256504501271,1.1390932567559455,0.11983911092534727,1.2150197198001937
178,0.9662972255329967,0.2781865135118912,0.25316455696202533,1.2706125413272003,0.9738351681038124,1.1390932567559455,0.11983911092534727,1.2706123691114948
178,0.9662972255329967,0.2781865135118912,0.31645569620253167,1.3156334278329944,0.9754398496166057,1.1390932567559455,0.11983911092534727,1.3156323336027387
178,0.9662972255329967,0.2781865135118912,0.379746835443038,1.3515812400697986,0.976946130915382,1.1390932567559455,0.11983911092534727,1.3515803158053383
178,0.9662972255329967,0.2781865135118912,0.44303797468354433,1.3797629087708791,0.9783600159873201,1.1390932567559455,0.11983911092534727,1.3797627224535736
178,0.9662972255329967,0.2781865135118912,0.5063291139240507,1.4013159799082493,0.9796871878652872,1.1390932567559455,0.11983911092534727,1.4013163068879526
178,0.9662972255329967,0.2781865135118912,0.569620253164557,1.4172296124452635,0.9809329767395201,1.1390932567559455,0.11983911092534727,1.4172301133422136
178,0.9662972255329967,0.2781865135118912,0.6329113924050633,1.4283630268594063,0.9821023539369756,1.1390932567559455,0.11983911092534727,1.4283632169602143
178,0.9662972255329967,0.2781865135118912,0.6962025316455697,1.4354617107606085,0.9832000079899013,1.1390932567559455,0.11983911092534727,1.4354616017509019
178,0.9662972255329967,0.2781865135118912,0.759493670886076,1.4391716513060033,0.9842303533152781,1.1390932567559455,0.11983911092534727,1.4391713841076543
178,0.9662972255329967,0.2781865135118912,0.8227848101265823,1.4400518318774878,0.9851975061864418,1.1390932567559455,0.11983911092534727,1.440051663225654
178,0.9662972255329967,0.2781865135118912,0.8860759493670887,1.4385852020655077,0.9861053346456609,1.1390932567559455,0.11983911092534727,1.4385853096399424
178,0.9662972255329967,0.2781865135118912,0.949367088607595,1.4351883049858842,0.9869574946664142,1.1390932567559455,0.11983911092534727,1.435188689441012
178,0.9662972255329967,0.2781865135118912,1.0126582278481013,1.430219723923322,0.9877573945297078,1.1390932567559455,0.11983911092534727,1.4302201984914777
178,0.9662972255329967,0.2781865135118912,1.0759493670886076,1.4239874908893069,0.9885082253550485,1.1390932567559455,0.11983911092534727,1.4239879247623506
178,0.9662972255329967,0.2781865135118912,1.139240506329114,1.4167555825848521,0.989213014974354,1.1390932567559455,0.11983911092534727,1.416755729895173
178,0.9662972255329967,0.2781865135118912,1.2025316455696204,1.4087496142375948,0.9898745854453618,1.1390932567559455,0.11983911092534727,1.40874952713361
178,0.9662972255329967,0.2781865135118912,1.2658227848101267,1.4001618284939317,0.9904955694140608,1.1390932567559455,0.11983911092534727,1.4001615287948377
178,0.9662972255329967,0.2781865135118912,1.3291139240506329,1.391155464916808,0.9910784744877617,1.1390932567559455,0.11983911092534727,1.3911552497633517
178,0.9662972255329967,0.2781865135118912,1.3924050632911393,1.3818685853371384,0.9916256353400934,1.1390932567559455,0.11983911092534727,1.3818685021252084
178,0.9662972255329967,0.2781865135118912,1.4556962025316458,1.3724174212070697,0.9921392298310894,1.1390932567559455,0.11983911092534727,1.3724175798011893
178,0.9662972255329967,0.2781865135118912,1.518987341772152,1.3628993013160384,0.9926213287586768,1.1390932567559455,0.11983911092534727,1.3628995953433582
178,0.9662972255329967,0.2781865135118912,1.5822784810126582,1.3533952110580019,0.9930738650254137,1.1390932567559455,0.11983911092534727,1.3533955158068918
178,0.9662972255329967,0.2781865135118912,1.6455696202531647,1.3439720281791696,0.9934986419122254,1.1390932567559455,0.11983911092534727,1.3439722138290744
178,0.9662972255329967,0.2781865135118912,1.708860759493671,1.3346844749008453,0.9938973678503855,1.1390932567559455,0.11983911092534727,1.3346844539063718
178,0.9662972255329967,0.2781865135118912,1.7721518987341773,1.3255768209470253,0.994271643657241,1.1390932567559455,0.11983911092534727,1.3255765909902493
178,0.9662972255329967,0.2781865135118912,1.8354430379746836,1.3166843684075942,0.9946229624577904,1.1390932567559455,0.11983911092534727,1.316684057003972
178,0.9662972255329967,0.2781865135118912,1.89873417721519,1.3080347450795198,0.9949527337187464,1.1390932567559455,0.11983911092534727,1.3080344457838646
178,0.9662972255329967,0.2781865135118912,1.9620253164556964,1.2996490302215586,0.9952622832238721,1.1390932567559455,0.11983911092534727,1.2996488950293763
178,0.9662972255329967,0.2781865135118912,2.0253164556962027,1.2915427332981393,0.995552847285512,1.1390932567559455,0.11983911092534727,1.2915427878329713
178,0.9662972255329967,0.2781865135118912,2.088607594936709,1.2837266440941273,0.995825588716309,1.1390932567559455,0.11983911092534727,1.2837268660949595
178,0.9662972255329967,0.2781865135118912,2.151898734177215,1.2762075702570055,0.9960816055169331,1.1390932567559455,0.11983911092534727,1.2762078417234364
178,0.9662972255329967,0.2781865135118912,2.2151898734177218,1.268988976306406,0.996321921356417,1.1390932567559455,0.11983911092534727,1.2689891973307508
178,0.9662972255329967,0.2781865135118912,2.278481012658228,1.2620715365151176,0.996547495551965,1.1390932567559455,0.11983911092534727,1.2620716045004507
178,0.9662972255329967,0.2781865135118912,2.3417721518987342,1.2554536125275975,0.9967592374546155,1.1390932567559455,0.11983911092534727,1.2554535438238505
178,0.9662972255329967,0.2781865135118912,2.405063291139241,1.249131665244664,0.9969579946629703,1.1390932567559455,0.11983911092534727,1.249131516979045
178,0.9662972255329967,0.2781865135118912,2.468354430379747,1.2431006093381811,0.9971445586065514,1.1390932567559455,0.11983911092534727,1.2431004561612307
178,0.9662972255329967,0.2781865135118912,2.5316455696202533,1.2373541177321203,0.9973196823973735,1.1390932567559455,0.11983911092534727,1.2373540456376948
178,0.9662972255329967,0.2781865135118912,2.5949367088607596,1.2318848824822908,0.9974840674484422,1.1390932567559455,0.11983911092534727,1.2318849333359068
178,0.9662972255329967,0.2781865135118912,2.6582278481012658,1.2266848376931234,0.9976383678736592,1.1390932567559455,0.11983911092534727,1.2266849964332112
178,0.9662972255329967,0.2781865135118912,2.7215189873417724,1.2217453494136372,0.9977832061944504,1.1390932567559455,0.11983911092534727,1.2217455210348818
178,0.9662972255329967,0.2781865135118912,2.7848101265822787,1.2170573768374897,0.9979191629195849,1.1390932567559455,0.11983911092534727,1.217057466291044
178,0.9662972255329967,0.2781865135118912,2.848101265822785,1.2126116085778493,0.9980467796594611,1.1390932567559455,0.11983911092534727,1.2126115684724876
178,0.9662972255329967,0.2781865135118912,2.9113924050632916,1.2083985773620118,0.9981665700017508,1.1390932567559455,0.11983911092534727,1.2083983949722679
178,0.9662972255329967,0.2781865135118912,2.9746835443037978,1.204408756039946,0.9982790147204273,1.1390932567559455,0.11983911092534727,1.204408499437578
178,0.9662972255329967,0.2781865135118912,3.037974683544304,1.2006326373904124,0.998384562271519,1.1390932567559455,0.11983911092534727,1.200632369731843
178,0.9662972255329967,0.2781865135118912,3.1012658227848102,1.1970608000131724,0.9984836363687998,1.1390932567559455,0.11983911092534727,1.1970606282315663
178,0.9662972255329967,0.2781865135118912,3.1645569620253164,1.1936839621902222,0.9985766351855223,1.1390932567559455,0.11983911092534727,1.1936839277505182
178,0.9662972255329967,0.2781865135118912,3.227848101265823,1.1904930254020298,0.9986639300447961,1.1390932567559455,0.11983911092534727,1.190493104707912
178,0.9662972255329967,0.2781865135118912,3.2911392405063293,1.187479109003591,0.9987458705119024,1.1390932567559455,0.11983911092534727,1.187479244912174
178,0.9662972255329967,0.2781865135118912,3.3544303797468356,1.1846335772974532,0.9988227863499832,1.1390932567559455,0.11983911092534727,1.1846336992704993
178,0.9662972255329967,0.2781865135118912,3.417721518987342,1.1819480601436598,0.9988949850153959,1.1390932567559455,0.11983911092534727,1.1819481191353551
178,0.9662972255329967,0.2781865135118912,3.4810126582278484,1.1794144680786802,0.9989627548990656,1.1390932567559455,0.11983911092534727,1.1794144288127557
178,0.9662972255329967,0.2781865135118912,3.5443037974683547,1.1770250027550933,0.9990263691068916,1.1390932567559455,0.11983911092534727,1.177024918837756
178,0.9662972255329967,0.2781865135118912,3.607594936708861,1.1747721634681763,0.9990860822130817,1.1390932567559455,0.11983911092534727,1.1747720790604108
178,0.9662972255329967,0.2781865135118912,3.670886075949367,1.172648750377967,0.9991421321382725,1.1390932567559455,0.11983911092534727,1.172648715485604
178,0.9662972255329967,0.2781865135118912,3.7341772151898738,1.1706478649783896,0.9991947450653134,1.1390932567559455,0.11983911092534727,1.1706478898894392
178,0.9662972255329967,0.2781865135118912,3.79746835443038,1.1687629082905246,0.9992441317217202,1.1390932567559455,0.11983911092534727,1.1687630027853357
178,0.9662972255329967,0.2781865135118912,3.8607594936708862,1.1669875771839398,0.9992904885686361,1.1390932567559455,0.11983911092534727,1.1669876824752852
178,0.9662972255329967,0.2781865135118912,3.924050632911393,1.1653158591755073,0.9993340027478657,1.1390932567559455,0.11983911092534727,1.1653159328178688
178,0.9662972255329967,0.2781865135118912,3.987341772151899,1.1637420260092568,0.9993748486036158,1.1390932567559455,0.11983911092534727,1.1637420458438483
178,0.9662972255329967,0.2781865135118912,4.050632911392405,1.1622606262739226,0.9994131888070591,1.1390932567559455,0.11983911092534727,1.1622605968469293
178,0.9662972255329967,0.2781865135118912,4.113924050632912,1.1608664772783048,0.999449177752656,1.1390932567559455,0.11983911092534727,1.160866443892838
178,0.9662972255329967,0.2781865135118912,4.177215189873418,1.1595546563720933,0.9994829598312918,1.1390932567559455,0.11983911092534727,1.1595546507443084
178,0.9662972255329967,0.2781865135118912,4.2405063291139244,1.158320491871402,0.9995146697355417,1.1390932567559455,0.11983911092534727,1.1583205438082254
178,0.9662972255329967,0.2781865135118912,4.30379746835443,1.1571595537235515,0.9995444348421907,1.1390932567559455,0.11983911092534727,1.1571596544520966
178,0.9662972255329967,0.2781865135118912,4.367088607594937,1.1560676440242785,0.9995723747347153,1.1390932567559455,0.11983911092534727,1.156067746250314
178,0.9662972255329967,0.2781865135118912,4.4303797468354436,1.1550407874821038,0.999598600939103,1.1390932567559455,0.11983911092534727,1.15504086014913
178,0.9662972255329967,0.2781865135118912,4.493670886075949,1.1540752219086545,0.9996232185417214,1.1390932567559455,0.11983911092534727,1.154075229291405
178,0.9662972255329967,0.2781865135118912,4.556962025316456,1.1531673887998684,0.9996463265804673,1.1390932567559455,0.11983911092534727,1.1531673477459168
178,0.9662972255329967,0.2781865135118912,4.620253164556963,1.1523139240607165,0.9996680173990776,1.1390932567559455,0.11983911092534727,1.1523138865594187
178,0.9662972255329967,0.2781865135118912,4.6835443037974684,1.1515116489149075,0.99968837769372,1.1390932567559455,0.11983911092534727,1.1515116495735096
178,0.9662972255329967,0.2781865135118912,4.746835443037975,1.150757561030885,0.9997074894867092,1.1390932567559455,0.11983911092534727,1.1507576039846321
178,0.9662972255329967,0.2781865135118912,4.810126582278482,1.1500488259058743,0.9997254292389604,1.1390932567559455,0.11983911092534727,1.150048871016523
178,0.9662972255329967,0.2781865135118912,4.8734177215189876,1.149382768516877,0.9997422684742967,1.1390932567559455,0.11983911092534727,1.1493827518164355
178,0.9662972255329967,0.2781865135118912,4.936708860759494,1.1487568652488245,0.999758075122066,1.1390932567559455,0.11983911092534727,1.1487567948344095
178,0.9662972255329967,0.2781865135118912,5.0,1.1481687361056292,0.9997729124917394,1.1390932567559455,0.11983911092534727,1.1481688026348376
184,0.7863903726557633,0.04791040644131399,0.0,0.7863903726557633,0.7863903726557633,1.023955203220657,2.3182021852944295,0.786388341866554
184,0.7863903726557633,0.04791040644131399,0.06329113924050633,0.8161299041408557,0.7994908835216937,1.023955203220657,2.3182021852944295,0.8161328557759111
184,0.7863903726557633,0.04791040644131399,0.12658227848101267,0.8422418604264609,0.8117880680277346,1.023955203220657,2.3182021852944295,0.8422416991258918
184,0.7863903726557633,0.04791040644131399,0.189873417721519,0.8651631716607403,0.8233311792879001,1.023955203220657,2.3182021852944295,0.8651619109164244
184,0.7863903726557633,0.04791040644131399,0.25316455696202533,0.8852784731999949,0.834166175359207,1.023955203220657,2.3182021852944295,0.8852781082239325
184,0.7863903726557633,0.04791040644131399,0.31645569620253167,0.9029263445060921,0.8443367154816407,1.023955203220657,2.3182021852944295,0.9029269429208777
184,0.7863903726557633,0.04791040644131399,0.379746835443038,0.9184048049477117,0.8538835908352466,1.023955203220657,2.3182021852944295,0.9184053295560768
184,0.7863903726557633,0.04791040644131399,0.44303797468354433,0.9319761549448023,0.8628448549477901,1.023955203220657,2.3182021852944295,0.9319759869008224
184,0.7863903726557633,0.04791040644131399,0.5063291139240507,0.9438712403676959,0.8712565271248638,1.023955203220657,2.3182021852944295,0.943870391345542
184,0.7863903726557633,0.04791040644131399,0.569620253164557,0.9542932088346202,0.8791523903403687,1.023955203220657,2.3182021852944295,0.9542922506755198
184,0.7863903726557633,0.04791040644131399,0.6329113924050633,0.9634208183856449,0.8865639530773738,1.023955203220657,2.3182021852944295,0.9634203042993773
184,0.7863903726557633,0.04791040644131399,0.6962025316455697,0.9714113518164104,0.8935209314539734,1.023955203220657,2.3182021852944295,0.971411463196716
184,0.7863903726557633,0.04791040644131399,0.759493670886076,0.9784031836159504,0.900051304233968,1.023955203220657,2.3182021852944295,0.9784037004765486
184,0.7863903726557633,0.04791040644131399,0.8227848101265823,0.9845180408677707,0.9061811605339724,1.023955203220657,2.3182021852944295,0.984518594361788
184,0.7863903726557633,0.04791040644131399,0.8860759493670887,0.9898629945524797,0.9119350161714698,1.023955203220657,2.3182021852944295,0.989863170134769
184,0.7863903726557633,0.04791040644131399,0.949367088607595,0.9945322133546796,0.9173360428628777,1.023955203220657,2.3182021852944295,0.9945320248547906
184,0.7863903726557633,0.04791040644131399,1.0126582278481013,0.9986085082569844,0.9224058424391157,1.023955203220657,2.3182021852944295,0.9986079989416646
184,0.7863903726557633,0.04791040644131399,1.0759493670886076,1.002164692838614,0.9271646403522249,1.023955203220657,2.3182021852944295,1.0021641889626662
184,0.7863903726557633,0.04791040644131399,1.139240506329114,1.005264781231096,0.9316316271305192,1.023955203220657,2.3182021852944295,1.0052644581931263
184,0.7863903726557633,0.04791040644131399,1.2025316455696204,1.0079650430687412,0.935824689096746,1.023955203220657,2.3182021852944295,1.0079651037931354
184,0.7863903726557633,0.04791040644131399,1.2658227848101267,1.0103149324709564,0.9397605120738846,1.023955203220657,2.3182021852944295,1.0103152279458207
184,0.7863903726557633,0.04791040644131399,1.3291139240506329,1.012357906071512,0.9434549893844161,1.023955203220657,2.3182021852944295,1.012358261684344
184,0.7863903726557633,0.04791040644131399,1.3924050632911393,1.0141321433170172,0.9469229182897466,1.023955203220657,2.3182021852944295,1.0141324283238253
184,0.7863903726557633,0.04791040644131399,1.4556962025316458,1.0156711806794252,0.9501781021599972,1.023955203220657,2.3182021852944295,1.0156712108206527
184,0.7863903726557633,0.04791040644131399,1.518987341772152,1.017004470037406,0.9532336658010804,1.023955203220657,2.3182021852944295,1.0170042472172154
184,0.7863903726557633,0.04791040644131399,1.5822784810126582,1.0181578702963128,0.9561018600321542,1.023955203220657,2.3182021852944295,1.0181575348661394
184,0.7863903726557633,0.04791040644131399,1.6455696202531647,1.0191540801753958,0.9587941141249172,1.023955203220657,2.3182021852944295,1.0191537937137867
184,0.7863903726557633,0.04791040644131399,1.708860759493671,1.020013019196668,0.9613212561899207,1.023955203220657,2.3182021852944295,1.0200129081315366
184,0.7863903726557633,0.04791040644131399,1.7721518987341773,1.0207521630608625,0.963693432276036,1.023955203220657,2.3182021852944295,1.020752187105319
184,0.7863903726557633,0.04791040644131399,1.8354430379746836,1.0213868388343172,0.9659201058734236,1.023955203220657,2.3182021852944295,1.021386978872019
184,0.7863903726557633,0.04791040644131399,1.89873417721519,1.0219304847613127,0.9680102102424447,1.023955203220657,2.3182021852944295,1.0219306228089606
184,0.7863903726557633,0.04791040644131399,1.9620253164556964,1.0223948789222064,0.9699721482573481,1.023955203220657,2.3182021852944295,1.02239490501105
184,0.7863903726557633,0.04791040644131399,2.0253164556962027,1.0227903404431211,0.9718137557186948,1.023955203220657,2.3182021852944295,1.022790225204815
184,0.7863903726557633,0.04791040644131399,2.088607594936709,1.0231259065583669,0.9735424025827955,1.023955203220657,2.3182021852944295,1.0231256929694414
184,0.7863903726557633,0.04791040644131399,2.151898734177215,1.0234094883971896,0.9751650480249006,1.023955203220657,2.3182021852944295,1.0234092327944315
184,0.7863903726557633,0.04791040644131399,2.2151898734177218,1.0236480080382089,0.9766881801031596,1.023955203220657,2.3182021852944295,1.023647799595086
184,0.7863903726557633,0.04791040644131399,2.278481012658228,1.0238475190762613,0.9781178790110845,1.023955203220657,2.3182021852944295,1.0238474592239808
184,0.7863903726557633,0.04791040644131399,2.3417721518987342,1.0240133126720377,0.979459908254482,1.023955203220657,2.3182021852944295,1.0240133727614127
184,0.7863903726557633,0.04791040644131399,2.405063291139241,1.0241500108213533,0.9807196399495755,1.023955203220657,2.3182021852944295,1.024150142125644
184,0.7863903726557633,0.04791040644131399,2.468354430379747,1.0242616483742801,0.9819020902105541,1.023955203220657,2.3182021852944295,1.0242617781628671
184,0.7863903726557633,0.04791040644131399,2.5316455696202533,1.024351745151711,0.9830120322936088,1.023955203220657,2.3182021852944295,1.024351816996108
184,0.7863903726557633,0.04791040644131399,2.5949367088607596,1.024423369345878,0.9840539117843946,1.023955203220657,2.3182021852944295,1.024423355371729
184,0.7863903726557633,0.04791040644131399,2.6582278481012658,1.0244791932496966,0.9850318744848231,1.023955203220657,2.3182021852944295,1.024479090915168
184,0.7863903726557633,0.04791040644131399,2.7215189873417724,1.0245215422355358,0.9859498659623399,1.023955203220657,2.3182021852944295,1.024521395769485
184,0.7863903726557633,0.04791040644131399,2.7848101265822787,1.024552437795078,0.9868115655063735,1.023955203220657,2.3182021852944295,1.0245522915582563
184,0.7863903726557633,0.04791040644131399,2.848101265822785,1.0245736353502444,0.9876204058668168,1.023955203220657,2.3182021852944295,1.0245735583706244
184,0.7863903726557633,0.04791040644131399,2.9113924050632916,1.0245866574625833,0.9883796421843211,1.023955203220657,2.3182021852944295,1.0245866581772087
184,0.7863903726557633,0.04791040644131399,2.9746835443037978,1.0245928230044163,0.9890923216249057,1.023955203220657,2.3182021852944295,1.0245928821071995
184,0.7863903726557633,0.04791040644131399,3.037974683544304,1.024593272767198,0.9897612865220793,1.023955203220657,2.3182021852944295,1.0245933573212893
184,0.7863903726557633,0.04791040644131399,3.1012658227848102,1.0245889919338482,0.9903892223918785,1.023955203220657,2.3182021852944295,1.0245890430842837
184,0.7863903726557633,0.04791040644131399,3.1645569620253164,1.0245808298141972,0.9909786528734266,1.023955203220657,2.3182021852944295,1.0245808230587459
184,0.7863903726557633,0.04791040644131399,3.227848101265823,1.0245695171387037,0.9915319314284833,1.023955203220657,2.3182021852944295,1.0245694640674123
184,0.7863903726557633,0.04791040644131399,3.2911392405063293,1.0245556812472387,0.9920512736167709,1.023955203220657,2.3182021852944295,1.024555593510703
184,0.7863903726557633,0.04791040644131399,3.3544303797468356,1.0245398593846384,0.9925387694911939,1.023955203220657,2.3182021852944295,1.0245397808600478
184,0.7863903726557633,0.04791040644131399,3.417721518987342,1.0245225103713176,0.992996367723311,1.023955203220657,2.3182021852944295,1.0245224708922709
184,0.7863903726557633,0.04791040644131399,3.4810126582278484,1.0245040248170956,0.9934258961471532,1.023955203220657,2.3182021852944295,1.0245040465278163
184,0.7863903726557633,0.04791040644131399,3.5443037974683547,1.024484734066256,0.9938290857195938,1.023955203220657,2.3182021852944295,1.0244847944660935
184,0.7863903726557633,0.04791040644131399,3.607594936708861,1.0244649180356762,0.9942075499428676,1.023955203220657,2.3182021852944295,1.0244649690055516
184,0.7863903726557633,0.04791040644131399,3.670886075949367,1.0244448120647933,0.9945627967681535,1.023955203220657,2.3182021852944295,1.0244448445725092
184,0.7863903726557633,0.04791040644131399,3.7341772151898738,1.024424612907425,0.9948962597520321,1.023955203220657,2.3182021852944295,1.0244246018268677
184,0.7863903726557633,0.04791040644131399,3.79746835443038,1.0244044839709798,0.9952092744945161,1.023955203220657,2.3182021852944295,1.024404421919453
184,0.7863903726557633,0.04791040644131399,3.8607594936708862,1.024384559892459,0.9955030861747439,1.023955203220657,2.3182021852944295,1.0243844737279995
184,0.7863903726557633,0.04791040644131399,3.924050632911393,1.0243649505314465,0.9957788809054848,1.023955203220657,2.3182021852944295,1.0243648677103276
184,0.7863903726557633,0.04791040644131399,3.987341772151899,1.0243457444537791,0.9960377636877881,1.023955203220657,2.3182021852944295,1.0243457084331742
184,0.7863903726557633,0.04791040644131399,4.050632911392405,1.0243270119682266,0.9962807655385065,1.023955203220657,2.3182021852944295,1.0243270199517978
184,0.7863903726557633,0.04791040644131399,4.113924050632912,1.0243088077711682,0.9965088650163407,1.023955203220657,2.3182021852944295,1.0243088469402502
184,0.7863903726557633,0.04791040644131399,4.177215189873418,1.02429117324772,0.9967229772769013,1.023955203220657,2.3182021852944295,1.0242912129628663
184,0.7863903726557633,0.04791040644131399,4.2405063291139244,1.0242741384719576,0.9969239560074972,1.023955203220657,2.3182021852944295,1.024274147965989
184,0.7863903726557633,0.04791040644131399,4.30379746835443,1.0242577239437016,0.9971126085276427,1.023955203220657,2.3182021852944295,1.0242576863142732
184,0.7863903726557633,0.04791040644131399,4.367088607594937,1.0242419420947717,0.9972896927625319,1.023955203220657,2.3182021852944295,1.0242418883913276
184,0.7863903726557633,0.04791040644131399,4.4303797468354436,1.0242267985935805,0.9974559155686501,1.023955203220657,2.3182021852944295,1.0242267527243811
184,0.7863903726557633,0.04791040644131399,4.493670886075949,1.0242122934734172,0.9976119429878931,1.023955203220657,2.3182021852944295,1.024212287413674
184,0.7863903726557633,0.04791040644131399,4.556962025316456,1.024198422106681,0.9977584027266956,1.023955203220657,2.3182021852944295,1.0241984576036274
184,0.7863903726557633,0.04791040644131399,4.620253164556963,1.0241851760446217,0.9978958800636176,1.023955203220657,2.3182021852944295,1.024185224511273
184,0.7863903726557633,0.04791040644131399,4.6835443037974684,1.02417254373979,0.9980249244826681,1.023955203220657,2.3182021852944295,1.0241725657995853
184,0.7863903726557633,0.04791040644131399,4.746835443037975,1.0241605111663072,0.9981460558447626,1.023955203220657,2.3182021852944295,1.0241604931280004
184,0.7863903726557633,0.04791040644131399,4.810126582278482,1.0241490623511162,0.9982597587624896,1.023955203220657,2.3182021852944295,1.0241490342337047
184,0.7863903726557633,0.04791040644131399,4.8734177215189876,1.0241381798263949,0.998366486556919,1.023955203220657,2.3182021852944295,1.024138189239429
184,0.7863903726557633,0.04791040644131399,4.936708860759494,1.0241278450152387,0.9984666697671846,1.023955203220657,2.3182021852944295,1.0241278818065462
184,0.7863903726557633,0.04791040644131399,5.0,1.0241180385591386,0.9985607096513226,1.023955203220657,2.3182021852944295,1.024118012400287
186,0.3654085118507558,0.11226893636067593,0.0,0.3654085118507558,0.3654085118507558,1.056134468180338,,0.36541171641961434
186,0.3654085118507558,0.11226893636067593,0.06329113924050633,0.4433179790577393,0.4043275099749783,1.056134468180338,,0.4433195043086148
186,0.3654085118507558,0.11226893636067593,0.12658227848101267,0.5122227493240914,0.4408599861220378,1.056134468180338,,0.5122230259530801
186,0.3654085118507558,0.11226893636067593,0.189873417721519,0.5731776057597167,0.4751522614447093,1.056134468180338,,0.5731773469624291
186,0.3654085118507558,0.11226893636067593,0.25316455696202533,0.6271128921978325,0.5073408681403283,1.056134468180338,,0.6271126655347361
186,0.3654085118507558,0.11226893636067593,0.31645569620253167,0.6748492491756669,0.5375555090805276,1.056134468180338,,0.6748491344234672
186,0.3654085118507558,0.11226893636067593,0.379746835443038,0.7171106015174543,0.5659173667043699,1.056134468180338,,0.7171105164696319
186,0.3654085118507558,0.11226893636067593,0.44303797468354433,0.7545356050826157,0.5925394904334295,1.056134468180338,,0.7545355583208269
186,0.3654085118507558,0.11226893636067593,0.5063291139240507,0.7876877357635204,0.6175288864219823,1.056134468180338,,0.787687710719437
186,0.3654085118507558,0.11226893636067593,0.569620253164557,0.8170641819480711,0.6409859171300368,1.056134468180338,,0.8170642066627074
186,0.3654085118507558,0.11226893636067593,0.6329113924050633,0.8431036825221779,0.6630041879601617,1.056134468180338,,0.843103782649856
186,0.3654085118507558,0.11226893636067593,0.6962025316455697,0.8661934356117816,0.6836719795569979,1.056134468180338,,0.8661936007054898
186,0.3654085118507558,0.11226893636067593,0.759493670886076,0.886675188388952,0.7030724112329912,1.056134468180338,,0.8866752965589304
186,0.3654085118507558,0.11226893636067593,0.8227848101265823,0.9048506051602903,0.721282988536666,1.056134468180338,,0.904850554573144
186,0.3654085118507558,0.11226893636067593,0.8860759493670887,0.9209859994026738,0.7383765430594305,1.056134468180338,,0.9209858814862802
186,0.3654085118507558,0.11226893636067593,0.949367088607595,0.9353165052381963,0.7544219133372043,1.056134468180338,,0.9353163983059184
186,0.3654085118507558,0.11226893636067593,1.0126582278481013,0.9480497548705207,0.769483274090011,1.056134468180338,,0.9480496675498155
186,0.3654085118507558,0.11226893636067593,1.0759493670886076,0.9593691206033457,0.7836207110914497,1.056134468180338,,0.9593692102229099
186,0.3654085118507558,0.11226893636067593,1.139240506329114,0.9694365731000503,0.7968912355636965,1.056134468180338,,0.9694368151221555
186,0.3654085118507558,0.11226893636067593,1.2025316455696204,0.9783952014089854,0.8093479841949787,1.056134468180338,,0.978395447068203
186,0.3654085118507558,0.11226893636067593,1.2658227848101267,0.9863714348744886,0.8210405272287781,1.056134468180338,,0.9863715621013172
186,0.3654085118507558,0.11226893636067593,1.3291139240506329,0.9934770022759873,0.8320160805480451,1.056134468180338,,0.9934769808460122
186,0.3654085118507558,0.11226893636067593,1.3924050632911393,0.9998106593496333,0.8423186038574448,1.056134468180338,,0.9998104260839127
186,0.3654085118507558,0.11226893636067593,1.4556962025316458,1.005459712174467,0.8519891042094444,1.056134468180338,,1.005459390227305
186,0.3654085118507558,0.11226893636067593,1.518987341772152,1.0105013606093434,0.8610665727778725,1.056134468180338,,1.0105010543282036
186,0.3654085118507558,0.11226893636067593,1.5822784810126582,1.0150038830524841,0.8695874042966799,1.056134468180338,,1.0150037412123445
186,0.3654085118507558,0.11226893636067593,1.6455696202531647,1.019027681422341,0.8775855528466661,1.056134468180338,,1.019027723539508
186,0.3654085118507558,0.11226893636067593,1.708860759493671,1.0226262028220054,0.8850931865789542,1.056134468180338,,1.022626421657216
186,0.3654085118507558,0.11226893636067593,1.7721518987341773,1.0258467525445323,0.8921404473759438,1.056134468180338,,1.0258470526017929
186,0.3654085118507558,0.11226893636067593,1.8354430379746836,1.028731211259358,0.8987554493744767,1.056134468180338,,1.0287314764507316
186,0.3654085118507558,0.11226893636067593,1.89873417721519,1.0313166677431638,0.9049647315047472,1.056134468180338,,1.0313168610333117
186,0.3654085118507558,0.11226893636067593,1.9620253164556964,1.033635977098724,0.9107932570258896,1.056134468180338,,1.0336360457050209
186,0.3654085118507558,0.11226893636067593,2.0253164556962027,1.0357182533504916,0.9162643045344366,1.056134468180338,,1.035718219313112
186,0.3654085118507558,0.11226893636067593,2.088607594936709,1.0375893041045563,0.9213997686968399,1.056134468180338,,1.0375892562338376
186,0.3654085118507558,0.11226893636067593,2.151898734177215,1.0392720141560357,0.9262203238311982,1.056134468180338,,1.0392719736164413
186,0.3654085118507558,0.11226893636067593,2.2151898734177218,1.040786684073416,0.9307452446608799,1.056134468180338,,1.0407867114094467
186,0.3654085118507558,0.11226893636067593,2.278481012658228,1.0421513290757076,0.9349925942249696,1.056134468180338,,1.0421514094356692
186,0.3654085118507558,0.11226893636067593,2.3417721518987342,1.0433819428833129,0.9389794947467105,1.056134468180338,,1.043382052414502
186,0.3654085118507558,0.11226893636067593,2.405063291139241,1.0444927306813803,0.9427219057091589,1.056134468180338,,1.0444928157662392
186,0.3654085118507558,0.11226893636067593,2.468354430379747,1.0454963148377652,0.9462347289845197,1.056134468180338,,1.0454963221196805
186,0.3654085118507558,0.11226893636067593,2.5316455696202533,1.0464039165868648,0.9495321449624492,1.056134468180338,,1.0464038754827107
186,0.3654085118507558,0.11226893636067593,2.5949367088607596,1.0472255165112294,0.9526273605889733,1.056134468180338,,1.0472254332596531
186,0.3654085118507558,0.11226893636067593,2.6582278481012658,1.0479699963180538,0.9555326922125575,1.056134468180338,,1.0479699327154925
186,0.3654085118507558,0.11226893636067593,2.7215189873417724,1.0486452641063888,0.958259861325054,1.056134468180338,,1.0486452335378105
186,0.3654085118507558,0.11226893636067593,2.7848101265822787,1.0492583650722236,0.9608197983596195,1.056134468180338,,1.049258401099728
186,0.3654085118507558,0.11226893636067593,2.848101265822785,1.0498155793628252,0.9632227013298327,1.056134468180338,,1.0498156730770973
186,0.3654085118507558,0.11226893636067593,2.9113924050632916,1.0503225085946752,0.9654782406076275,1.056134468180338,,1.0503226185077656
186,0.3654085118507558,0.11226893636067593,2.9746835443037978,1.0507841523345152,0.9675954687137946,1.056134468180338,,1.0507842556132474
186,0.3654085118507558,0.11226893636067593,3.037974683544304,1.0512049757656463,0.9695828296530388,1.056134468180338,,1.0512050439439478
186,0.3654085118507558,0.11226893636067593,3.1012658227848102,1.0515889695497367,0.9714483015562466,1.056134468180338,,1.051588957035862
186,0.3654085118507558,0.11226893636067593,3.1645569620253164,1.0519397027691892,0.9731993816508551,1.056134468180338,,1.051939639506142
186,0.3654085118507558,0.11226893636067593,3.227848101265823,1.0522603698329103,0.9748430616008845,1.056134468180338,,1.0522602892314215
186,0.3654085118507558,0.11226893636067593,3.2911392405063293,1.0525538319508998,0.976385923391537,1.056134468180338,,1.052553767314712
186,0.3654085118507558,0.11226893636067593,3.3544303797468356,1.0528226539156578,0.9778341761516869,1.056134468180338,,1.0528226334319069
186,0.3654085118507558,0.11226893636067593,3.417721518987342,1.0530691366463112,0.9791936089951807,1.056134468180338,,1.0530691595776425
186,0.3654085118507558,0.11226893636067593,3.4810126582278484,1.0532953460446681,0.9804696520513646,1.056134468180338,,1.0532954046856922
186,0.3654085118507558,0.11226893636067593,3.5443037974683547,1.0535031385845604,0.9816674476467174,1.056134468180338,,1.0535032136471199
186,0.3654085118507558,0.11226893636067593,3.607594936708861,1.0536941839799416,0.9827917891740217,1.056134468180338,,1.0536942187830498
186,0.3654085118507558,0.11226893636067593,3.670886075949367,1.0538699853084743,0.9838471564546877,1.056134468180338,,1.0538699866308388
186,0.3654085118507558,0.11226893636067593,3.7341772151898738,1.0540318968756148,0.9848378082985773,1.056134468180338,,1.0540318711579035
186,0.3654085118507558,0.11226893636067593,3.79746835443038,1.0541811400627616,0.9857677125060637,1.056134468180338,,1.0541811050735204
186,0.3654085118507558,0.11226893636067593,3.8607594936708862,1.05431881740762,0.9866405682555457,1.056134468180338,,1.054318778228185
186,0.3654085118507558,0.11226893636067593,3.924050632911393,1.054445925116532,0.9874598992509278,1.056134468180338,,1.0544459058519984
186,0.3654085118507558,0.11226893636067593,3.987341772151899,1.054563364189658,0.9882289882293572,1.056134468180338,,1.05456339124447
186,0.3654085118507558,0.11226893636067593,4.050632911392405,1.0546719503161417,0.9889508981357151,1.056134468180338,,1.054672001228336
186,0.3654085118507558,0.11226893636067593,4.113924050632912,1.0547724226789243,0.9896285360722022,1.056134468180338,,1.0547724864258516
186,0.3654085118507558,0.11226893636067593,4.177215189873418,1.054865451795147,0.9902646207831266,1.056134468180338,,1.054865496819925
186,0.3654085118507558,0.11226893636067593,4.2405063291139244,1.054951646501504,0.9908616884027679,1.056134468180338,,1.0549516666839076
186,0.3654085118507558,0.11226893636067593,4.30379746835443,1.0550315601813705,0.9914221373159613,1.056134468180338,,1.0550315510069816
186,0.3654085118507558,0.11226893636067593,4.367088607594937,1.0551056963193903,0.991948219166901,1.056134468180338,,1.0551056743410636
186,0.3654085118507558,0.11226893636067593,4.4303797468354436,1.0551745134593489,0.9924420338848834,1.056134468180338,,1.0551745018363083
186,0.3654085118507558,0.11226893636067593,4.493670886075949,1.0552384296324493,0.9929055601472607,1.056134468180338,,1.0552384470958884
186,0.3654085118507558,0.11226893636067593,4.556962025316456,1.055297826315479,0.9933406627444282,1.056134468180338,,1.0552978655485237
186,0.3654085118507558,0.11226893636067593,4.620253164556963,1.0553530519711445,0.9937490804220058,1.056134468180338,,1.0553530897949848
186,0.3654085118507558,0.11226893636067593,4.6835443037974684,1.0554044252146348,0.9941324455868185,1.056134468180338,,1.0554044316945181
186,0.3654085118507558,0.11226893636067593,4.746835443037975,1.055452237652533,0.9944923026407885,1.056134468180338,,1.055452206297374
186,0.3654085118507558,0.11226893636067593,4.810126582278482,1.05549675642654,0.9948300912721197,1.056134468180338,,1.0554967259537222
186,0.3654085118507558,0.11226893636067593,4.8734177215189876,1.0555382264973885,0.9951471582074068,1.056134468180338,,1.055538225570528
186,0.3654085118507558,0.11226893636067593,4.936708860759494,1.0555768726981944,0.9954447824929552,1.056134468180338,,1.0555768888759656
186,0.3654085118507558,0.11226893636067593,5.0,1.0556129015694793,0.9957241561834617,1.056134468180338,,1.0556128669517877
214,0.6895613396528792,0.169288564197683,0.0,0.6895613396528792,0.6895613396528792,1.0846442820988416,0.5522111578760606,0.6895593590830633
214,0.6895613396528792,0.169288564197683,0.06329113924050633,0.7673930044633799,0.7086002991494401,1.0846442820988416,0.5522111578760606,0.7673926404720758
214,0.6895613396528792,0.169288564197683,0.12658227848101267,0.8340781603718022,0.7264717852409573,1.0846442820988416,0.5522111578760606,0.8340787032064021
214,0.6895613396528792,0.169288564197683,0.189873417721519,0.8910581727209911,0.74324737742936,1.0846442820988416,0.5522111578760606,0.8910586045580948
214,0.6895613396528792,0.169288564197683,0.25316455696202533,0.9395959127287332,0.7589938665134979,1.0846442820988416,0.5522111578760606,0.9395960330494066
214,0.6895613396528792,0.169288564197683,0.31645569620253167,0.9807974166485743,0.7737747024237016,1.0846442820988416,0.5522111578760606,0.9807973970484062
214,0.6895613396528792,0.169288564197683,0.379746835443038,1.0156309430192534,0.7876491669416246,1.0846442820988416,0.5522111578760606,1.0156309590090258
214,0.6895613396528792,0.169288564197683,0.44303797468354433,1.0449437388670122,0.8006725632215663,1.0846442820988416,0.5522111578760606,1.0449437703731723
214,0.6895613396528792,0.169288564197683,0.5063291139240507,1.0694767888167476,0.8128972380847537,1.0846442820988416,0.5522111578760606,1.069476917695495
214,0.6895613396528792,0.169288564197683,0.569620253164557,1.0898777884320352,0.824372288293775,1.0846442820988416,0.5522111578760606,1.0898778703549419
214,0.6895613396528792,0.169288564197683,0.6329113924050633,1.1067125542631073,0.83514350509594,1.0846442820988416,0.5522111578760606,1.106712641715333
214,0.6895613396528792,0.169288564197683,0.6962025316455697,1.1204750577472828,0.8452540748963124,1.0846442820988416,0.5522111578760606,1.1204751048924764
214,0.6895613396528792,0.169288564197683,0.759493670886076,1.1315962477801589,0.854744659204677,1.0846442820988416,0.5522111578760606,1.1315962928117282
214,0.6895613396528792,0.169288564197683,0.8227848101265823,1.1404518071062595,0.8636531733084312,1.0846442820988416,0.5522111578760606,1.1404518465015592
214,0.6895613396528792,0.169288564197683,0.8860759493670887,1.1473689703508079,0.8720152460208976,1.0846442820988416,0.5522111578760606,1.147369005846279
214,0.6895613396528792,0.169288564197683,0.949367088607595,1.1526325162515931,0.8798645527746508,1.0846442820988416,0.5522111578760606,1.152632579217581
214,0.6895613396528792,0.169288564197683,1.0126582278481013,1.1564900332059995,0.8872324874892196,1.0846442820988416,0.5522111578760606,1.1564900687174098
214,0.6895613396528792,0.169288564197683,1.0759493670886076,1.159156545406837,0.8941484437940705,1.0846442820988416,0.5522111578760606,1.1591565774507333
214,0.6895613396528792,0.169288564197683,1.139240506329114,1.160818576411107,0.9006403112650402,1.0846442820988416,0.5522111578760606,1.1608185719643693
214,0.6895613396528792,0.169288564197683,1.2025316455696204,1.16163771780056,0.9067340840773029,1.0846442820988416,0.5522111578760606,1.161637676104926
214,0.6895613396528792,0.169288564197683,1.2658227848101267,1.1617537624988146,0.9124540117209075,1.0846442820988416,0.5522111578760606,1.1617537009995493
214,0.6895613396528792,0.169288564197683,1.3291139240506329,1.1612874551622405,0.9178231919457108,1.0846442820988416,0.5522111578760606,1.1612873608455339
214,0.6895613396528792,0.169288564197683,1.3924050632911393,1.1603429058426071,0.9228631295970922,1.0846442820988416,0.5522111578760606,1.1603428178585076
214,0.6895613396528792,0.169288564197683,1.4556962025316458,1.1590097075540093,0.9275938850992106,1.0846442820988416,0.5522111578760606,1.1590096125842106
214,0.6895613396528792,0.169288564197683,1.518987341772152,1.1573647934786293,0.9320345327195286,1.0846442820988416,0.5522111578760606,1.157364802361898
214,0.6895613396528792,0.169288564197683,1.5822784810126582,1.1554740652848177,0.9362028765614238,1.0846442820988416,0.5522111578760606,1.1554741454321769
214,0.6895613396528792,0.169288564197683,1.6455696202531647,1.1533938203632677,0.9401155267741628,1.0846442820988416,0.5522111578760606,1.1533939350277482
214,0.6895613396528792,0.169288564197683,1.708860759493671,1.1511720021859293,0.9437882198401085,1.0846442820988416,0.5522111578760606,1.1511720990423766
214,0.6895613396528792,0.169288564197683,1.7721518987341773,1.148849295438955,0.9472357010020621,1.0846442820988416,0.5522111578760606,1.148849350755917
214,0.6895613396528792,0.169288564197683,1.8354430379746836,1.1464600846148298,0.9504717235409215,1.0846442820988416,0.5522111578760606,1.1464600764242674
214,0.6895613396528792,0.169288564197683,1.89873417721519,1.1440332928522168,0.9535092701551429,1.0846442820988416,0.5522111578760606,1.1440332336696428
214,0.6895613396528792,0.169288564197683,1.9620253164556964,1.1415931154596297,0.9563605527335692,1.0846442820988416,0.5522111578760606,1.1415930161911918
214,0.6895613396528792,0.169288564197683,2.0253164556962027,1.1391596611117558,0.9590369590374125,1.0846442820988416,0.5522111578760606,1.1391595631496667
214,0.6895613396528792,0.169288564197683,2.088607594936709,1.1367495119469302,0.9615491998168961,1.0846442820988416,0.5522111578760606,1.136749476110022
214,0.6895613396528792,0.169288564197683,2.151898734177215,1.1343762125073336,0.9639073888345364,1.0846442820988416,0.5522111578760606,1.1343762353446685
214,0.6895613396528792,0.169288564197683,2.2151898734177218,1.1320506962832937,0.9661209551788309,1.0846442820988416,0.5522111578760606,1.1320507452496429
214,0.6895613396528792,0.169288564197683,2.278481012658228,1.1297816575329898,0.968198735189002,1.0846442820988416,0.5522111578760606,1.1297817054828856
214,0.6895613396528792,0.169288564197683,2.3417721518987342,1.127575875129095,0.9701491049623439,1.0846442820988416,0.5522111578760606,1.1275759084639703
214,0.6895613396528792,0.169288564197683,2.405063291139241,1.1254384943654792,0.9719798717900551,1.0846442820988416,0.5522111578760606,1.125438482872232
214,0.6895613396528792,0.169288564197683,2.468354430379747,1.1233732719423284,0.9736983255859308,1.0846442820988416,0.5522111578760606,1.123373237293321
214,0.6895613396528792,0.169288564197683,2.5316455696202533,1.1213827887104961,0.9753114033184763,1.0846442820988416,0.5522111578760606,1.1213827628222433
214,0.6895613396528792,0.169288564197683,2.5949367088607596,1.11946863419979,0.9768255657529324,1.0846442820988416,0.5522111578760606,1.1194686191234242
214,0.6895613396528792,0.169288564197683,2.6582278481012658,1.1176315664624978,0.97824683797912,1.0846442820988416,0.5522111578760606,1.1176315651648214
214,0.6895613396528792,0.169288564197683,2.7215189873417724,1.1158716503369142,0.979580954086308,1.0846442820988416,0.5522111578760606,1.11587167163944
214,0.6895613396528792,0.169288564197683,2.7848101265822787,1.1141883768555438,0.9808332611821869,1.0846442820988416,0.5522111578760606,1.1141884220956033
214,0.6895613396528792,0.169288564197683,2.848101265822785,1.1125807661928857,0.9820087480787868,1.0846442820988416,0.5522111578760606,1.1125807983576688
214,0.6895613396528792,0.169288564197683,2.9113924050632916,1.1110474562397086,0.9831121454687995,1.0846442820988416,0.5522111578760606,1.1110474660951652
214,0.6895613396528792,0.169288564197683,2.9746835443037978,1.109586778633856,0.984147881795585,1.0846442820988416,0.5522111578760606,1.1095867689317092
214,0.6895613396528792,0.169288564197683,3.037974683544304,1.1081968239041797,0.9851200878196313,1.0846442820988416,0.5522111578760606,1.108196806010941
214,0.6895613396528792,0.169288564197683,3.1012658227848102,1.1068754970818777,0.9860326663987313,1.0846442820988416,0.5522111578760606,1.1068754742159592
214,0.6895613396528792,0.169288564197683,3.1645569620253164,1.105620565055192,0.9868892851351387,1.0846442820988416,0.5522111578760606,1.1056205634085068
214,0.6895613396528792,0.169288564197683,3.227848101265823,1.1044296967511729,0.9876933643124932,1.0846442820988416,0.5522111578760606,1.1044297132276915
214,0.6895613396528792,0.169288564197683,3.2911392405063293,1.1033004970656957,0.9884481238015626,1.0846442820988416,0.5522111578760606,1.103300511274714
214,0.6895613396528792,0.169288564197683,3.3544303797468356,1.1022305354070618,0.9891566010741522,1.0846442820988416,0.5522111578760606,1.1022305500600118
214,0.6895613396528792,0.169288564197683,3.417721518987342,1.10121736955989,0.9898216281327262,1.0846442820988416,0.5522111578760606,1.101217374965352
214,0.6895613396528792,0.169288564197683,3.4810126582278484,1.1002585654928865,0.9904458613666735,1.0846442820988416,0.5522111578760606,1.1002585529731426
214,0.6895613396528792,0.169288564197683,3.5443037974683547,1.0993517137056563,0.9910318163738965,1.0846442820988416,0.5522111578760606,1.0993517050673924
214,0.6895613396528792,0.169288564197683,3.607594936708861,1.0984944425501588,0.9915818380556108,1.0846442820988416,0.5522111578760606,1.0984944321042407
214,0.6895613396528792,0.169288564197683,3.670886075949367,1.0976844289760739,0.9920981179157752,1.0846442820988416,0.5522111578760606,1.097684436070098
214,0.6895613396528792,0.169288564197683,3.7341772151898738,1.0969194070710766,0.9925827393407484,1.0846442820988416,0.5522111578760606,1.0969194248424585
214,0.6895613396528792,0.169288564197683,3.79746835443038,1.0961971747017758,0.9930376433566998,1.0846442820988416,0.5522111578760606,1.0961971976106153
214,0.6895613396528792,0.169288564197683,3.8607594936708862,1.0955155985408869,0.993464639581249,1.0846442820988416,0.5522111578760606,1.0955156149293162
214,0.6895613396528792,0.169288564197683,3.924050632911393,1.0948726177245238,0.9938654517909137,1.0846442820988416,0.5522111578760606,1.0948726237558717
214,0.6895613396528792,0.169288564197683,3.987341772151899,1.0942662463485817,0.9942416858826268,1.0846442820988416,0.5522111578760606,1.094266238795055
214,0.6895613396528792,0.169288564197683,4.050632911392405,1.093694574987103,0.9945948402321612,1.0846442820988416,0.5522111578760606,1.093694561645125
214,0.6895613396528792,0.169288564197683,4.113924050632912,1.0931557713899256,0.994926336977908,1.0846442820988416,0.5522111578760606,1.093155758706262
214,0.6895613396528792,0.169288564197683,4.177215189873418,1.0926480804969076,0.9952375061146117,1.0846442820988416,0.5522111578760606,1.0926480813084367
214,0.6895613396528792,0.169288564197683,4.2405063291139244,1.0921698238869033,0.9955295883051941,1.0846442820988416,0.5522111578760606,1.0921698185827413
214,0.6895613396528792,0.169288564197683,4.30379746835443,1.091719398763207,0.9958037568263074,1.0846442820988416,0.5522111578760606,1.0917194039918194
214,0.6895613396528792,0.169288564197683,4.367088607594937,1.0912952765630017,0.9960611131698873,1.0846442820988416,0.5522111578760606,1.0912952857260245
214,0.6895613396528792,0.169288564197683,4.4303797468354436,1.0908960012659428,0.996302684609767,1.0846442820988416,0.5522111578760606,1.0908960113877482
214,0.6895613396528792,0.169288564197683,4.493670886075949,1.0905201874661152,0.9965294391039795,1.0846442820988416,0.5522111578760606,1.0905201865083725
214,0.6895613396528792,0.169288564197683,4.556962025316456,1.0901665182623261,0.9967422888976716,1.0846442820988416,0.5522111578760606,1.0901665165222414
214,0.6895613396528792,0.169288564197683,4.620253164556963,1.0898337430147627,0.9969420845755994,1.0846442820988416,0.5522111578760606,1.0898337409828927
214,0.6895613396528792,0.169288564197683,4.6835443037974684,1.0895206750051625,0.9971296247023114,1.0846442820988416,0.5522111578760606,1.089520668173174
214,0.6895613396528792,0.169288564197683,4.746835443037975,1.089226189036983,0.9973056647911116,1.0846442820988416,0.5522111578760606,1.0892261800144807
214,0.6895613396528792,0.169288564197683,4.810126582278482,1.0889492190014174,0.9974709091290612,1.0846442820988416,0.5522111578760606,1.0889492140253105
214,0.6895613396528792,0.169288564197683,4.8734177215189876,1.0886887554305265,0.9976260165272476,1.0846442820988416,0.5522111578760606,1.0886887635667264
214,0.6895613396528792,0.169288564197683,4.936708860759494,1.0884438430607972,0.9977716126878041,1.0846442820988416,0.5522111578760606,1.0884438655692645
214,0.6895613396528792,0.169288564197683,5.0,1.0882135784358664,0.9979082807584649,1.0846442820988416,0.5522111578760606,1.088213652509476
227,0.6651619547271821,0.12491148313015625,0.0,0.6651619547271821,0.6651619547271821,1.0624557415650782,0.8634410473888283,0.6651613807138843
227,0.6651619547271821,0.12491148313015625,0.06329113924050633,0.7290782394946037,0.6856973093596513,1.0624557415650782,0.8634410473888283,0.7290788383059637
227,0.6651619547271821,0.12491148313015625,0.12658227848101267,0.7843720807779628,0.7049734312908338,1.0624557415650782,0.8634410473888283,0.7843718513877518
227,0.6651619547271821,0.12491148313015625,0.189873417721519,0.8321314073303553,0.7230675259193117,1.0624557415650782,0.8634410473888283,0.8321308477807752
227,0.6651619547271821,0.12491148313015625,0.25316455696202533,0.8733109475072859,0.7400516335653986,1.0624557415650782,0.8634410473888283,0.8733107368157804
227,0.6651619547271821,0.12491148313015625,0.31645569620253167,0.9087483024961011,0.755994191100394,1.0624557415650782,0.8634410473888283,0.9087485393827285
227,0.6651619547271821,0.12491148313015625,0.379746835443038,0.9391780940475953,0.7709591396451202,1.0624557415650782,0.8634410473888283,0.9391784416134925
227,0.6651619547271821,0.12491148313015625,0.44303797468354433,0.9652444164689377,0.7850061289869532,1.0624557415650782,0.8634410473888283,0.9652447356291803
227,0.6651619547271821,0.12491148313015625,0.5063291139240507,0.9875117953569862,0.7981916202228335,1.0624557415650782,0.8634410473888283,0.9875119973691747
227,0.6651619547271821,0.12491148313015625,0.569620253164557,1.0064748313738174,0.8105685689479049,1.0624557415650782,0.8634410473888283,1.0064748756086455
227,0.6651619547271821,0.12491148313015625,0.6329113924050633,1.022566686159182,0.8221863654401779,1.0624557415650782,0.8634410473888283,1.0225668205809844
227,0.6651619547271821,0.12491148313015625,0.6962025316455697,1.036166548737674,0.8330915904039942,1.0624557415650782,0.8634410473888283,1.0361667232292016
227,0.6651619547271821,0.12491148313015625,0.759493670886076,1.0476062042835805,0.8433281012005438,1.0624557415650782,0.8634410473888283,1.0476063654631855
227,0.6651619547271821,0.12491148313015625,0.8227848101265823,1.0571758125783517,0.8529367931252255,1.0624557415650782,0.8634410473888283,1.0571759833064651
227,0.6651619547271821,0.12491148313015625,0.8860759493670887,1.0651289906967576,0.8619560952905573,1.0624557415650782,0.8634410473888283,1.0651290268918865
227,0.6651619547271821,0.12491148313015625,0.949367088607595,1.0716872831828115,0.8704223298994641,1.0624557415650782,0.8634410473888283,1.0716872130477837
227,0.6651619547271821,0.12491148313015625,1.0126582278481013,1.0770440930443184,0.8783693583229388,1.0624557415650782,0.8634410473888283,1.0770439342717801
227,0.6651619547271821,0.12491148313015625,1.0759493670886076,1.0813681381458773,0.8858288844261604,1.0624557415650782,0.8634410473888283,1.0813680427702557
227,0.6651619547271821,0.12491148313015625,1.139240506329114,1.0848064898685705,0.892830989807362,1.0624557415650782,0.8634410473888283,1.0848064719906199
227,0.6651619547271821,0.12491148313015625,1.2025316455696204,1.0874872441201497,0.8994037116923009,1.0624557415650782,0.8634410473888283,1.0874873392587572
227,0.6651619547271821,0.12491148313015625,1.2658227848101267,1.0895218688037618,0.905573205495505,1.0624557415650782,0.8634410473888283,1.0895220272952895
227,0.6651619547271821,0.12491148313015625,1.3291139240506329,1.0910072665766946,0.9113643843685886,1.0624557415650782,0.8634410473888283,1.0910073933719842
227,0.6651619547271821,0.12491148313015625,1.3924050632911393,1.092027587102815,0.9168004433620089,1.0624557415650782,0.8634410473888283,1.09202762107575
227,0.6651619547271821,0.12491148313015625,1.4556962025316458,1.0926558188689797,0.921903019578585,1.0624557415650782,0.8634410473888283,1.0926557932280003
227,0.6651619547271821,0.12491148313015625,1.518987341772152,1.0929551871235221,0.9266926864559971,1.0624557415650782,0.8634410473888283,1.092955097593128
227,0.6651619547271821,0.12491148313015625,1.5822784810126582,1.092980381277238,0.9311886474374175,1.0624557415650782,0.8634410473888283,1.0929802878672792
227,0.6651619547271821,0.12491148313015625,1.6455696202531647,1.092778632227892,0.9354088181713234,1.0624557415650782,0.8634410473888283,1.0927786223243645
227,0.6651619547271821,0.12491148313015625,1.708860759493671,1.092390657830001,0.9393701719721457,1.0624557415650782,0.8634410473888283,1.0923906669671446
227,0.6651619547271821,0.12491148313015625,1.7721518987341773,1.091851492294556,0.9430886130068179,1.0624557415650782,0.8634410473888283,1.0918515002538594
227,0.6651619547271821,0.12491148313015625,1.8354430379746836,1.0911912136514645,0.9465789755156587,1.0624557415650782,0.8634410473888283,1.0911912639145591
227,0.6651619547271821,0.12491148313015625,1.89873417721519,1.0904355814949995,0.9498552625914811,1.0624557415650782,0.8634410473888283,1.090435579254357
227,0.6651619547271821,0.12491148313015625,1.9620253164556964,1.0896065959851153,0.9529306459345649,1.0624557415650782,0.8634410473888283,1.0896065697473838
227,0.6651619547271821,0.12491148313015625,2.0253164556962027,1.0887229875495188,0.9558174083440301,1.0624557415650782,0.8634410473888283,1.08872292436594
227,0.6651619547271821,0.12491148313015625,2.088607594936709,1.0878006457532579,0.9585271023973297,1.0624557415650782,0.8634410473888283,1.0878005694095045
227,0.6651619547271821,0.12491148313015625,2.151898734177215,1.086852994729011,0.9610706367630805,1.0624557415650782,0.8634410473888283,1.0868529485766765
227,0.6651619547271821,0.12491148313015625,2.2151898734177218,1.0858913216471953,0.9634581816229136,1.0624557415650782,0.8634410473888283,1.0858913455020094
227,0.6651619547271821,0.12491148313015625,2.278481012658228,1.084925063966452,0.9656992678211812,1.0624557415650782,0.8634410473888283,1.0849251257813701
227,0.6651619547271821,0.12491148313015625,2.3417721518987342,1.083962060498047,0.9678029297869131,1.0624557415650782,0.8634410473888283,1.0839621466477218
227,0.6651619547271821,0.12491148313015625,2.405063291139241,1.0830087707094178,0.969777588436888,1.0624557415650782,0.8634410473888283,1.0830088622742455
227,0.6651619547271821,0.12491148313015625,2.468354430379747,1.082070466160156,0.9716311066464411,1.0624557415650782,0.8634410473888283,1.0820705132708677
227,0.6651619547271821,0.12491148313015625,2.5316455696202533,1.0811513974938651,0.9733709666053609,1.0624557415650782,0.8634410473888283,1.0811514138745943
227,0.6651619547271821,0.12491148313015625,2.5949367088607596,1.080254939995385,0.9750041368722727,1.0624557415650782,0.8634410473888283,1.0802549224940916
227,0.6651619547271821,0.12491148313015625,2.6582278481012658,1.0793837203589796,0.9765371160878293,1.0624557415650782,0.8634410473888283,1.0793836969899815
227,0.6651619547271821,0.12491148313015625,2.7215189873417724,1.078539726993837,0.9779760890205119,1.0624557415650782,0.8634410473888283,1.078539719711949
227,0.6651619547271821,0.12491148313015625,2.7848101265822787,1.0777244059099886,0.9793268230418365,1.0624557415650782,0.8634410473888283,1.0777244133567216
227,0.6651619547271821,0.12491148313015625,2.848101265822785,1.0769387439680176,0.9805946990668821,1.0624557415650782,0.8634410473888283,1.0769387754811495
227,0.6651619547271821,0.12491148313015625,2.9113924050632916,1.0761833410868422,0.9817848196041182,1.0624557415650782,0.8634410473888283,1.0761833873388296
227,0.6651619547271821,0.12491148313015625,2.9746835443037978,1.0754584727952414,0.9829019611569483,1.0624557415650782,0.8634410473888283,1.0754585248288515
227,0.6651619547271821,0.12491148313015625,3.037974683544304,1.0747641443090754,0.9839505791490836,1.0624557415650782,0.8634410473888283,1.0747641781327424
227,0.6651619547271821,0.12491148313015625,3.1012658227848102,1.0741001372453411,0.9849348831891853,1.0624557415650782,0.8634410473888283,1.0741001636450584
227,0.6651619547271821,0.12491148313015625,3.1645569620253164,1.073466049887353,0.9858588291401253,1.0624557415650782,0.8634410473888283,1.0734660493529906
227,0.6651619547271821,0.12491148313015625,3.227848101265823,1.0728613318087097,0.986726106107783,1.0624557415650782,0.8634410473888283,1.0728613129137792
227,0.6651619547271821,0.12491148313015625,3.2911392405063293,1.0722853136156336,0.9875401870334286,1.0624557415650782,0.8634410473888283,1.0722852729254022
227,0.6651619547271821,0.12491148313015625,3.3544303797468356,1.0717372323942644,0.9883043481234437,1.0624557415650782,0.8634410473888283,1.0717372136211838
227,0.6651619547271821,0.12491148313015625,3.417721518987342,1.0712162534474219,0.9890216439657128,1.0624557415650782,0.8634410473888283,1.0712162375926975
227,0.6651619547271821,0.12491148313015625,3.4810126582278484,1.0707214888023484,0.9896949397324704,1.0624557415650782,0.8634410473888283,1.070721495542035
227,0.6651619547271821,0.12491148313015625,3.5443037974683547,1.0702520128883686,0.990326948738747,1.0624557415650782,0.8634410473888283,1.0702520399865585
227,0.6651619547271821,0.12491148313015625,3.607594936708861,1.069806875795004,0.9909202001867364,1.0624557415650782,0.8634410473888283,1.0698069096977678
227,0.6651619547271821,0.12491148313015625,3.670886075949367,1.0693851144086164,0.9914770578248869,1.0624557415650782,0.8634410473888283,1.0693851478654763
227,0.6651619547271821,0.12491148313015625,3.7341772151898738,1.0689857617157876,0.9919997687863837,1.0624557415650782,0.8634410473888283,1.0689857898247184
227,0.6651619547271821,0.12491148313015625,3.79746835443038,1.0686078545285949,0.9924904266552109,1.0624557415650782,0.8634410473888283,1.0686078669831391
227,0.6651619547271821,0.12491148313015625,3.8607594936708862,1.06825043984892,0.9929509832785598,1.0624557415650782,0.8634410473888283,1.0682504377491846
227,0.6651619547271821,0.12491148313015625,3.924050632911393,1.0679125800552436,0.9933832979157101,1.0624557415650782,0.8634410473888283,1.0679125698588503
227,0.6651619547271821,0.12491148313015625,3.987341772151899,1.0675933570800913,0.9937891026814352,1.0624557415650782,0.8634410473888283,1.0675933541215425
227,0.6651619547271821,0.12491148313015625,4.050632911392405,1.067291875722943,0.994170013718564,1.0624557415650782,0.8634410473888283,1.0672918867468282
227,0.6651619547271821,0.12491148313015625,4.113924050632912,1.0670072662235843,0.9945275649405546,1.0624557415650782,0.8634410473888283,1.0670072830902961
227,0.6651619547271821,0.12491148313015625,4.177215189873418,1.0667386862049104,0.9948631908750517,1.0624557415650782,0.8634410473888283,1.0667386997451214
227,0.6651619547271821,0.12491148313015625,4.2405063291139244,1.0664853220800408,0.9951782296967119,1.0624557415650782,0.8634410473888283,1.0664853257054403
227,0.6651619547271821,0.12491148313015625,4.30379746835443,1.066246390006138,0.9954739468975977,1.0624557415650782,0.8634410473888283,1.066246389730204
227,0.6651619547271821,0.12491148313015625,4.367088607594937,1.0660211364563703,0.9957515305430307,1.0624557415650782,0.8634410473888283,1.0660211316241457
227,0.6651619547271821,0.12491148313015625,4.4303797468354436,1.0658088384718913,0.9960120886469479,1.0624557415650782,0.8634410473888283,1.0658088417571343
227,0.6651619547271821,0.12491148313015625,4.493670886075949,1.0656088036473614,0.996256665245475,1.0624557415650782,0.8634410473888283,1.0656088220357445
227,0.6651619547271821,0.12491148313015625,4.556962025316456,1.065420369896228,0.9964862442830149,1.0624557415650782,0.8634410473888283,1.0654203986672715
227,0.6651619547271821,0.12491148313015625,4.620253164556963,1.0652429050355652,0.99670174319729,1.0624557415650782,0.8634410473888283,1.0652429351692074
227,0.6651619547271821,0.12491148313015625,4.6835443037974684,1.0650758062245478,0.9969040233172021,1.0624557415650782,0.8634410473888283,1.065075822550769
227,0.6651619547271821,0.12491148313015625,4.746835443037975,1.0649184992854748,0.9970938995367216,1.0624557415650782,0.8634410473888283,1.064918497967995
227,0.6651619547271821,0.12491148313015625,4.810126582278482,1.064770437934013,0.9972721314974132,1.0624557415650782,0.8634410473888283,1.064770433800697
227,0.6651619547271821,0.12491148313015625,4.8734177215189876,1.0646311029393918,0.9974394297906032,1.0624557415650782,0.8634410473888283,1.0646311234156711
227,0.6651619547271821,0.12491148313015625,4.936708860759494,1.0645000012328656,0.9975964692964203,1.0624557415650782,0.8634410473888283,1.0645000335471066
227,0.6651619547271821,0.12491148313015625,5.0,1.0643766649779762,0.997743878995897,1.0624557415650782,0.8634410473888283,1.0643766774442078
228,1.2709723387323653,0.29149787788470466,0.0,1.2709723387323653,1.2709723387323653,1.1457489389423523,,1.2709689367744494
228,1.2709723387323653,0.29149787788470466,0.06329113924050633,1.35558843108962,1.2543538177786757,1.1457489389423523,,1.3555841830270086
228,1.2709723387323653,0.29149787788470466,0.12658227848101267,1.424041186222804,1.2387543483780978,1.1457489389423523,,1.4240397230981443
228,1.2709723387323653,0.29149787788470466,0.189873417721519,1.4786266712341387,1.224111450989516,1.1457489389423523,,1.4786260889009355
228,1.2709723387323653,0.29149787788470466,0.25316455696202533,1.521345000572128,1.210366825983141,1.1457489389423523,,1.5213444462416346
228,1.2709723387323653,0.29149787788470466,0.31645569620253167,1.5539369319778333,1.1974650898703487,1.1457489389423523,,1.5539367061124498
228,1.2709723387323653,0.29149787788470466,0.379746835443038,1.577916025067268,1.1853544974110297,1.1457489389423523,,1.577916645323349
228,1.2709723387323653,0.29149787788470466,0.44303797468354433,1.5945968952400051,1.1739867761862692,1.1457489389423523,,1.5945983015257736
228,1.2709723387323653,0.29149787788470466,0.5063291139240507,1.605120032099013,1.1633162342691747,1.1457489389423523,,1.605121587644821
228,1.2709723387323653,0.29149787788470466,0.569620253164557,1.610473595626991,1.1533000166088712,1.1457489389423523,,1.6104747290535868
228,1.2709723387323653,0.29149787788470466,0.6329113924050633,1.6115125538118835,1.1438981534368924,1.1457489389423523,,1.6115129716914862
228,1.2709723387323653,0.29149787788470466,0.6962025316455697,1.6089754819219948,1.1350729486712865,1.1457489389423523,,1.6089752832867092
228,1.2709723387323653,0.29149787788470466,0.759493670886076,1.6034993053149882,1.1267889101333717,1.1457489389423523,,1.6034988179305436
228,1.2709723387323653,0.29149787788470466,0.8227848101265823,1.5956322339141362,1.1190129427373479,1.1457489389423523,,1.5956317900590797
228,1.2709723387323653,0.29149787788470466,0.8860759493670887,1.5858451067601098,1.1117139471901647,1.1457489389423523,,1.5858449699213197
228,1.2709723387323653,0.29149787788470466,0.949367088607595,1.5745413388691523,1.1048625292446228,1.1457489389423523,,1.5745414392138808
228,1.2709723387323653,0.29149787788470466,1.0126582278481013,1.5620656395764505,1.0984312861159427,1.1457489389423523,,1.5620658420461904
228,1.2709723387323653,0.29149787788470466,1.0759493670886076,1.5487116512447738,1.0923945610108903,1.1457489389423523,,1.5487117154123768
228,1.2709723387323653,0.29149787788470466,1.139240506329114,1.5347286393453055,1.0867280099782892,1.1457489389423523,,1.5347284917261628
228,1.2709723387323653,0.29149787788470466,1.2025316455696204,1.5203273491814655,1.0814089435037844,1.1457489389423523,,1.5203270560765456
228,1.2709723387323653,0.29149787788470466,1.2658227848101267,1.5056851306716406,1.0764161949548947,1.1457489389423523,,1.5056847222298766
228,1.2709723387323653,0.29149787788470466,1.3291139240506329,1.4909504203686337,1.0717296030176546,1.1457489389423523,,1.4909501183019933
228,1.2709723387323653,0.29149787788470466,1.3924050632911393,1.4762466592124863,1.0673303967753225,1.1457489389423523,,1.4762465603855173
228,1.2709723387323653,0.29149787788470466,1.4556962025316458,1.4616757150591748,1.0632010661019247,1.1457489389423523,,1.4616757619689273
228,1.2709723387323653,0.29149787788470466,1.518987341772152,1.4473208706471676,1.0593249616572706,1.1457489389423523,,1.447320960138342
228,1.2709723387323653,0.29149787788470466,1.5822784810126582,1.4332494302779162,1.0556865427882545,1.1457489389423523,,1.4332494585620075
228,1.2709723387323653,0.29149787788470466,1.6455696202531647,1.4195149923434252,1.0522713110075161,1.1457489389423523,,1.41951476300816
228,1.2709723387323653,0.29149787788470466,1.708860759493671,1.4061594286917969,1.0490655304246053,1.1457489389423523,,1.406158917159736
228,1.2709723387323653,0.29149787788470466,1.7721518987341773,1.393214607265468,1.0460563303715393,1.1457489389423523,,1.3932138860372096
228,1.2709723387323653,0.29149787788470466,1.8354430379746836,1.3807038897334007,1.0432317060333052,1.1457489389423523,,1.380703149536747
228,1.2709723387323653,0.29149787788470466,1.89873417721519,1.3686434322152499,1.0405803252125534,1.1457489389423523,,1.368642812899497
228,1.2709723387323653,0.29149787788470466,1.9620253164556964,1.3570433135238693,1.038091528527891,1.1457489389423523,,1.357042921405115
228,1.2709723387323653,0.29149787788470466,2.0253164556962027,1.3459085126961006,1.035755375953532,1.1457489389423523,,1.3459083960722338
228,1.2709723387323653,0.29149787788470466,2.088607594936709,1.3352397546087722,1.0335625184057176,1.1457489389423523,,1.3352398436824806
228,1.2709723387323653,0.29149787788470466,2.151898734177215,1.3250342403850046,1.0315041278928587,1.1457489389423523,,1.3250344134422398
228,1.2709723387323653,0.29149787788470466,2.2151898734177218,1.315286277189507,1.0295719740542164,1.1457489389423523,,1.315286397873197
228,1.2709723387323653,0.29149787788470466,2.278481012658228,1.3059878202168982,1.0277583439216231,1.1457489389423523,,1.3059878322301106
228,1.2709723387323653,0.29149787788470466,2.3417721518987342,1.2971289380928082,1.026055926257907,1.1457489389423523,,1.2971288514023034
228,1.2709723387323653,0.29149787788470466,2.405063291139241,1.2886982115488121,1.0244579063192052,1.1457489389423523,,1.288698087561816
228,1.2709723387323653,0.29149787788470466,2.468354430379747,1.2806830740026238,1.0229579209644455,1.1457489389423523,,1.2806830128281124
228,1.2709723387323653,0.29149787788470466,2.5316455696202533,1.2730701016060004,1.02154991512762,1.1457489389423523,,1.273070139074004
228,1.2709723387323653,0.29149787788470466,2.5949367088607596,1.2658452593847045,1.020228249405875,1.1457489389423523,,1.2658453983914757
228,1.2709723387323653,0.29149787788470466,2.6582278481012658,1.2589941092693282,1.0189876646840026,1.1457489389423523,,1.2589942751501462
228,1.2709723387323653,0.29149787788470466,2.7215189873417724,1.2525019850836956,1.0178231558522064,1.1457489389423523,,1.2525020583320237
228,1.2709723387323653,0.29149787788470466,2.7848101265822787,1.2463541389381876,1.0167300555849832,1.1457489389423523,,1.2463540231732537
228,1.2709723387323653,0.29149787788470466,2.848101265822785,1.2405358629052499,1.015704009302073,1.1457489389423523,,1.2405354949841938
228,1.2709723387323653,0.29149787788470466,2.9113924050632916,1.2350325893669416,1.0147408877276267,1.1457489389423523,,1.235032014099759
228,1.2709723387323653,0.29149787788470466,2.9746835443037978,1.2298299729604694,1.0138368254099182,1.1457489389423523,,1.2298292808959728
228,1.2709723387323653,0.29149787788470466,3.037974683544304,1.2249139567604752,1.012988216735437,1.1457489389423523,,1.2249133011033668
228,1.2709723387323653,0.29149787788470466,3.1012658227848102,1.2202708249038108,1.012191655019896,1.1457489389423523,,1.2202703141321285
228,1.2709723387323653,0.29149787788470466,3.1645569620253164,1.215887243610185,1.011443938926333,1.1457489389423523,,1.2158869521313629
228,1.2709723387323653,0.29149787788470466,3.227848101265823,1.2117502923539254,1.010742082994566,1.1457489389423523,,1.2117502056244365
228,1.2709723387323653,0.29149787788470466,3.2911392405063293,1.20784748659773,1.0100832766986494,1.1457489389423523,,1.2078475266029436
228,1.2709723387323653,0.29149787788470466,3.3544303797468356,1.2041667934438487,1.0094648687230492,1.1457489389423523,,1.2041668481636527
228,1.2709723387323653,0.29149787788470466,3.417721518987342,1.2006966412676043,1.008884387100108,1.1457489389423523,,1.200696670911067
228,1.2709723387323653,0.29149787788470466,3.4810126582278484,1.1974259243273337,1.0083395131493986,1.1457489389423523,,1.1974258803338285
228,1.2709723387323653,0.29149787788470466,3.5443037974683547,1.1943440031818382,1.0078280510830353,1.1457489389423523,,1.1943439019365911
228,1.2709723387323653,0.29149787788470466,3.607594936708861,1.1914407016311153,1.007347954109027,1.1457489389423523,,1.1914406276014726
228,1.2709723387323653,0.29149787788470466,3.670886075949367,1.188706300812361,1.0068973093311118,1.1457489389423523,,1.188706278129434
228,1.2709723387323653,0.29149787788470466,3.7341772151898738,1.186131530977558,1.0064742982255457,1.1457489389423523,,1.186131578009097
228,1.2709723387323653,0.29149787788470466,3.79746835443038,1.183707561421126,1.0060772265304028,1.1457489389423523,,1.1837076523227803
228,1.2709723387323653,0.29149787788470466,3.8607594936708862,1.1814259889477514,1.0057045146862416,1.1457489389423523,,1.181426065038541
228,1.2709723387323653,0.29149787788470466,3.924050632911393,1.179278825216845,1.0053546580616692,1.1457489389423523,,1.1792788440472834
228,1.2709723387323653,0.29149787788470466,3.987341772151899,1.1772584832509436,1.0050262549187476,1.1457489389423523,,1.1772584433616364
228,1.2709723387323653,0.29149787788470466,4.050632911392405,1.175357763348255,1.0047179973714442,1.1457489389423523,,1.175357667022789
228,1.2709723387323653,0.29149787788470466,4.113924050632912,1.1735698386094398,1.004428644078988,1.1457489389423523,,1.1735697555030522
228,1.2709723387323653,0.29149787788470466,4.177215189873418,1.171888240248666,1.004157034129958,1.1457489389423523,,1.1718882197736655
228,1.2709723387323653,0.29149787788470466,4.2405063291139244,1.1703068428334222,1.0039020845879263,1.1457489389423523,,1.170306903652102
228,1.2709723387323653,0.29149787788470466,4.30379746835443,1.1688198495731472,1.0036627713358646,1.1457489389423523,,1.168819965883353
228,1.2709723387323653,0.29149787788470466,4.367088607594937,1.167421777755563,1.0034381329154112,1.1457489389423523,,1.1674218963404095
228,1.2709723387323653,0.29149787788470466,4.4303797468354436,1.166107444411332,1.0032272726508988,1.1457489389423523,,1.1661075106241023
228,1.2709723387323653,0.29149787788470466,4.493670886075949,1.164871952271778,1.0030293456415955,1.1457489389423523,,1.1648719485903312
228,1.2709723387323653,0.29149787788470466,4.556962025316456,1.1637106760705072,1.0028435556168311,1.1457489389423523,,1.1637106313942445
228,1.2709723387323653,0.29149787788470466,4.620253164556963,1.1626192492298058,1.002669160127389,1.1457489389423523,,1.162619222952734
228,1.2709723387323653,0.29149787788470466,4.6835443037974684,1.1615935509715185,1.002505462130877,1.1457489389423523,,1.1615935996298998
228,1.2709723387323653,0.29149787788470466,4.746835443037975,1.1606296938553342,1.0023518021629927,1.1457489389423523,,1.160629810226773
228,1.2709723387323653,0.29149787788470466,4.810126582278482,1.1597240117782714,1.0022075654733,1.1457489389423523,,1.1597241190598648
228,1.2709723387323653,0.29149787788470466,4.8734177215189876,1.158873048428459,1.002072177005917,1.1457489389423523,,1.158873040816747
228,1.2709723387323653,0.29149787788470466,4.936708860759494,1.1580735461895841,1.001945090604752,1.1457489389423523,,1.1580734035170082
228,1.2709723387323653,0.29149787788470466,5.0,1.1573224355536202,1.0018257972580382,1.1457489389423523,,1.1573223569806874
230,0.518468902529623,0.19809223419057068,0.0,0.518468902529623,0.518468902529623,1.0990461170952854,0.7611704287855443,0.5184663651012001
230,0.518468902529623,0.19809223419057068,0.06329113924050633,0.6167969155026682,0.5480008269710628,1.0990461170952854,0.7611704287855443,0.6167950960605346
230,0.518468902529623,0.19809223419057068,0.12658227848101267,0.7016370271998582,0.5757218469672601,1.0990461170952854,0.7611704287855443,0.7016376556709983
230,0.518468902529623,0.19809223419057068,0.189873417721519,0.7747031282063974,0.6017429917182548,1.0990461170952854,0.7611704287855443,0.774704107726002
230,0.518468902529623,0.19809223419057068,0.25316455696202533,0.8374985715914618,0.6261678625172453,1.0990461170952854,0.7611704287855443,0.8374987522454398
230,0.518468902529623,0.19809223419057068,0.31645569620253167,0.8913416201962647,0.6490948785319753,1.0990461170952854,0.7611704287855443,0.8913410977338705
230,0.518468902529623,0.19809223419057068,0.379746835443038,0.9373878425212298,0.6706159935846513,1.0990461170952854,0.7611704287855443,0.9373871986858902
230,0.518468902529623,0.19809223419057068,0.44303797468354433,0.976649822034869,0.690816990124385,1.0990461170952854,0.7611704287855443,0.9766495085383979
230,0.518468902529623,0.19809223419057068,0.5063291139240507,1.0100145007187296,0.7097790649397668,1.0990461170952854,0.7611704287855443,1.0100145548855664
230,0.518468902529623,0.19809223419057068,0.569620253164557,1.038258439426378,0.727578373551971,1.0990461170952854,0.7611704287855443,1.0382586431444474
230,0.518468902529623,0.19809223419057068,0.6329113924050633,1.062061244069204,0.7442859441942306,1.0990461170952854,0.7611704287855443,1.062061356955251
230,0.518468902529623,0.19809223419057068,0.6962025316455697,1.0820173769352468,0.7599687646476508,1.0990461170952854,0.7611704287855443,1.082017271619553
230,0.518468902529623,0.19809223419057068,0.759493670886076,1.0986465462734898,0.7746899062494474,1.0990461170952854,0.7611704287855443,1.0986462949159848
230,0.518468902529623,0.19809223419057068,0.8227848101265823,1.112402844250519,0.7885081805855582,1.0990461170952854,0.7611704287855443,1.1124025940558222
230,0.518468902529623,0.19809223419057068,0.8860759493670887,1.123682783097106,0.8014788526206035,1.0990461170952854,0.7611704287855443,1.1236826487944835
230,0.518468902529623,0.19809223419057068,0.949367088607595,1.1328323613879427,0.8136541573693432,1.0990461170952854,0.7611704287855443,1.1328324110619912
230,0.518468902529623,0.19809223419057068,1.0126582278481013,1.140153276652281,0.8250827909204272,1.0990461170952854,0.7611704287855443,1.1401535377295866
230,0.518468902529623,0.19809223419057068,1.0759493670886076,1.1459083866437134,0.8358103466501416,1.0990461170952854,0.7611704287855443,1.1459086827666416
230,0.518468902529623,0.19809223419057068,1.139240506329114,1.1503265093808743,0.8458800849502371,1.0990461170952854,0.7611704287855443,1.1503267226319516
230,0.518468902529623,0.19809223419057068,1.2025316455696204,1.1536066413088324,0.855332326197325,1.0990461170952854,0.7611704287855443,1.1536067032998532
230,0.518468902529623,0.19809223419057068,1.2658227848101267,1.1559216634326666,0.8642046845324528,1.0990461170952854,0.7611704287855443,1.1559215221875738
230,0.518468902529623,0.19809223419057068,1.3291139240506329,1.1574215969692057,0.8725329875964953,1.0990461170952854,0.7611704287855443,1.1574213783666198
230,0.518468902529623,0.19809223419057068,1.3924050632911393,1.15823646267753,0.8803505922264643,1.0990461170952854,0.7611704287855443,1.1582362527090382
230,0.518468902529623,0.19809223419057068,1.4556962025316458,1.158478791568557,0.8876886147725358,1.0990461170952854,0.7611704287855443,1.1584787022248129
230,0.518468902529623,0.19809223419057068,1.518987341772152,1.1582458289017379,0.8945766419264362,1.0990461170952854,0.7611704287855443,1.1582459042679292
230,0.518468902529623,0.19809223419057068,1.5822784810126582,1.157621468545093,0.9010422901887256,1.0990461170952854,0.7611704287855443,1.1576216909239647
230,0.518468902529623,0.19809223419057068,1.6455696202531647,1.156677950180438,0.9071113240804851,1.0990461170952854,0.7611704287855443,1.1566782338600448
230,0.518468902529623,0.19809223419057068,1.708860759493671,1.1554773479129476,0.9128081529507618,1.0990461170952854,0.7611704287855443,1.1554776005528011
230,0.518468902529623,0.19809223419057068,1.7721518987341773,1.1540728756782297,0.9181556486060017,1.0990461170952854,0.7611704287855443,1.1540730159621444
230,0.518468902529623,0.19809223419057068,1.8354430379746836,1.152510031395214,0.9231751441895517,1.0990461170952854,0.7611704287855443,1.1525100407480156
230,0.518468902529623,0.19809223419057068,1.89873417721519,1.1508275996143136,0.9278867775702886,1.0990461170952854,0.7611704287855443,1.1508275108982449
230,0.518468902529623,0.19809223419057068,1.9620253164556964,1.149058529667742,0.9323094909902399,1.0990461170952854,0.7611704287855443,1.1490583865355373
230,0.518468902529623,0.19809223419057068,2.0253164556962027,1.1472307045108063,0.9364609483613207,1.0990461170952854,0.7611704287855443,1.1472305855058245
230,0.518468902529623,0.19809223419057068,2.088607594936709,1.1453676135811903,0.9403577634625742,1.0990461170952854,0.7611704287855443,1.145367559722625
230,0.518468902529623,0.19809223419057068,2.151898734177215,1.1434889413014624,0.944015624066781,1.0990461170952854,0.7611704287855443,1.1434889647868993
230,0.518468902529623,0.19809223419057068,2.2151898734177218,1.141611081562659,0.9474491559274706,1.0990461170952854,0.7611704287855443,1.1416111528743897
230,0.518468902529623,0.19809223419057068,2.278481012658228,1.1397475872334364,0.9506720653662663,1.0990461170952854,0.7611704287855443,1.1397476562954132
230,0.518468902529623,0.19809223419057068,2.3417721518987342,1.1379095626479567,0.953697344809169,1.0990461170952854,0.7611704287855443,1.1379095925068694
230,0.518468902529623,0.19809223419057068,2.405063291139241,1.1361060060740427,0.9565371043892879,1.0990461170952854,0.7611704287855443,1.1361059704485958
230,0.518468902529623,0.19809223419057068,2.468354430379747,1.1343441083122574,0.95920265171949,1.0990461170952854,0.7611704287855443,1.134344031244379
230,0.518468902529623,0.19809223419057068,2.5316455696202533,1.1326295128374293,0.9617047469481869,1.0990461170952854,0.7611704287855443,1.132629437698482
230,0.518468902529623,0.19809223419057068,2.5949367088607596,1.1309665422340882,0.9640534115700394,1.0990461170952854,0.7611704287855443,1.130966488829277
230,0.518468902529623,0.19809223419057068,2.6582278481012658,1.1293583951057156,0.9662579912899653,1.0990461170952854,0.7611704287855443,1.129358413441588
230,0.518468902529623,0.19809223419057068,2.7215189873417724,1.127807317126087,0.9683273804328267,1.0990461170952854,0.7611704287855443,1.127807371599459
230,0.518468902529623,0.19809223419057068,2.7848101265822787,1.126314749460699,0.970269873064292,1.0990461170952854,0.7611704287855443,1.1263148105458005
230,0.518468902529623,0.19809223419057068,2.848101265822785,1.1248814573941943,0.9720932074864604,1.0990461170952854,0.7611704287855443,1.1248814833574863
230,0.518468902529623,0.19809223419057068,2.9113924050632916,1.1235076416218306,0.9738047216244456,1.0990461170952854,0.7611704287855443,1.1235076256778667
230,0.518468902529623,0.19809223419057068,2.9746835443037978,1.1221930344239903,0.975411284574966,1.0990461170952854,0.7611704287855443,1.122192971426325
230,0.518468902529623,0.19809223419057068,3.037974683544304,1.120936982643067,0.9769193036896187,1.0990461170952854,0.7611704287855443,1.120936885347663
230,0.518468902529623,0.19809223419057068,3.1012658227848102,1.1197385190741649,0.9783348328129129,1.0990461170952854,0.7611704287855443,1.119738438614341
230,0.518468902529623,0.19809223419057068,3.1645569620253164,1.1185964238546648,0.9796635608772557,1.0990461170952854,0.7611704287855443,1.118596360715962
230,0.518468902529623,0.19809223419057068,3.227848101265823,1.1175092770316823,0.980910793191319,1.0990461170952854,0.7611704287855443,1.1175092643023008
230,0.518468902529623,0.19809223419057068,3.2911392405063293,1.116475503538929,0.9820815241972387,1.0990461170952854,0.7611704287855443,1.1164755303071714
230,0.518468902529623,0.19809223419057068,3.3544303797468356,1.1154934114848094,0.983180465412275,1.0990461170952854,0.7611704287855443,1.1154934542436727
230,0.518468902529623,0.19809223419057068,3.417721518987342,1.1145612247176,0.9842120096439311,1.0990461170952854,0.7611704287855443,1.11456126780483
230,0.518468902529623,0.19809223419057068,3.4810126582278484,1.1136771103269705,0.9851802773007048,1.0990461170952854,0.7611704287855443,1.1136771202084956
230,0.518468902529623,0.19809223419057068,3.5443037974683547,1.1128392018365167,0.9860891704049752,1.0990461170952854,0.7611704287855443,1.1128391832550102
230,0.518468902529623,0.19809223419057068,3.607594936708861,1.11204561862093,0.9869423262062887,1.0990461170952854,0.7611704287855443,1.1120455806341965
230,0.518468902529623,0.19809223419057068,3.670886075949367,1.1112944820592805,0.9877431440148509,1.0990461170952854,0.7611704287855443,1.1112944429088083
230,0.518468902529623,0.19809223419057068,3.7341772151898738,1.1105839288885373,0.9884948554362657,1.0990461170952854,0.7611704287855443,1.110583921260393
230,0.518468902529623,0.19809223419057068,3.79746835443038,1.1099121221389232,0.9892004712567745,1.0990461170952854,0.7611704287855443,1.1099121310330715
230,0.518468902529623,0.19809223419057068,3.8607594936708862,1.1092772599798106,0.9898627984308003,1.0990461170952854,0.7611704287855443,1.1092772862466176
230,0.518468902529623,0.19809223419057068,3.924050632911393,1.108677582781229,0.9904845107619258,1.0990461170952854,0.7611704287855443,1.1086775940478741
230,0.518468902529623,0.19809223419057068,3.987341772151899,1.1081113786473034,0.991068099207016,1.0990461170952854,0.7611704287855443,1.1081113872601376
230,0.518468902529623,0.19809223419057068,4.050632911392405,1.10757698764461,0.9916158879435041,1.0990461170952854,0.7611704287855443,1.107576979560682
230,0.518468902529623,0.19809223419057068,4.113924050632912,1.1070728049203398,0.9921300828946407,1.0990461170952854,0.7611704287855443,1.1070727862479763
230,0.518468902529623,0.19809223419057068,4.177215189873418,1.1065972828796233,0.9926127470567914,1.0990461170952854,0.7611704287855443,1.1065972668036177
230,0.518468902529623,0.19809223419057068,4.2405063291139244,1.1061489325685583,0.9930658048609443,1.0990461170952854,0.7611704287855443,1.106148922928637
230,0.518468902529623,0.19809223419057068,4.30379746835443,1.1057263243905224,0.9934910762131407,1.0990461170952854,0.7611704287855443,1.105726327262532
230,0.518468902529623,0.19809223419057068,4.367088607594937,1.1053280882657897,0.9938902696719096,1.0990461170952854,0.7611704287855443,1.105328098100699
230,0.518468902529623,0.19809223419057068,4.4303797468354436,1.104952913329479,0.9942649786737705,1.0990461170952854,0.7611704287855443,1.104952922222384
230,0.518468902529623,0.19809223419057068,4.493670886075949,1.104599547250052,0.9946167046486635,1.0990461170952854,0.7611704287855443,1.104599550963292
230,0.518468902529623,0.19809223419057068,4.556962025316456,1.1042667952387606,0.994946862608541,1.0990461170952854,0.7611704287855443,1.1042667896607288
230,0.518468902529623,0.19809223419057068,4.620253164556963,1.1039535188107603,0.9952567719219862,1.0990461170952854,0.7611704287855443,1.1039535091903077
230,0.518468902529623,0.19809223419057068,4.6835443037974684,1.1036586343504071,0.9955476712673199,1.0990461170952854,0.7611704287855443,1.103658625838079
230,0.518468902529623,0.19809223419057068,4.746835443037975,1.1033811115245447,0.9958207325445788,1.0990461170952854,0.7611704287855443,1.103381102773301
230,0.518468902529623,0.19809223419057068,4.810126582278482,1.1031199715805602,0.9960770481957042,1.0990461170952854,0.7611704287855443,1.103119969930848
230,0.518468902529623,0.19809223419057068,4.8734177215189876,1.1028742855606324,0.996317640123241,1.0990461170952854,0.7611704287855443,1.1028742913647882
230,0.518468902529623,0.19809223419057068,4.936708860759494,1.1026431724683343,0.9965434788734673,1.0990461170952854,0.7611704287855443,1.102643187339947
230,0.518468902529623,0.19809223419057068,5.0,1.1024257974022003,0.9967554689842927,1.0990461170952854,0.7611704287855443,1.1024258648305385
237,1.2629180567773315,0.294087597580209,0.0,1.2629180567773315,1.2629180567773315,1.1470437987901045,,1.2629150987096152
237,1.2629180567773315,0.294087597580209,0.06329113924050633,1.3489275051189478,1.246793498617272,1.1470437987901045,,1.3489233074264226
237,1.2629180567773315,0.294087597580209,0.12658227848101267,1.4185906683041973,1.2316577020974349,1.1470437987901045,,1.4185892374213533
237,1.2629180567773315,0.294087597580209,0.189873417721519,1.4742264254387523,1.2174500447955645,1.1470437987901045,,1.474225842072271
237,1.2629180567773315,0.294087597580209,0.25316455696202533,1.5178549256640894,1.2041139599585862,1.1470437987901045,,1.5178542893784819
237,1.2629180567773315,0.294087597580209,0.31645569620253167,1.5512345183064367,1.1915957102962855,1.1470437987901045,,1.5512342499860323
237,1.2629180567773315,0.294087597580209,0.379746835443038,1.5758942056956897,1.1798450886250045,1.1470437987901045,,1.5758947193379322
237,1.2629180567773315,0.294087597580209,0.44303797468354433,1.5931621560742095,1.168815257357421,1.1470437987901045,,1.5931634063273323
237,1.2629180567773315,0.294087597580209,0.5063291139240507,1.6041907500157686,1.1584618826966426,1.1470437987901045,,1.6041922534723647
237,1.2629180567773315,0.294087597580209,0.569620253164557,1.6099785772917603,1.148743383399536,1.1470437987901045,,1.609979715031224
237,1.2629180567773315,0.294087597580209,0.6329113924050633,1.6113897511342243,1.1396209777443058,1.1470437987901045,,1.6113902015059596
237,1.2629180567773315,0.294087597580209,0.6962025316455697,1.6091708629679478,1.1310580901134508,1.1470437987901045,,1.6091707199903968
237,1.2629180567773315,0.294087597580209,0.759493670886076,1.603965862025504,1.1230202832847311,1.1470437987901045,,1.6039654055100772
237,1.2629180567773315,0.294087597580209,0.8227848101265823,1.5963291102065795,1.115475445878483,1.1470437987901045,,1.5963287288320425
237,1.2629180567773315,0.294087597580209,0.8860759493670887,1.5867368325522258,1.1083934029855842,1.1470437987901045,,1.5867366914876728
237,1.2629180567773315,0.294087597580209,0.949367088607595,1.5755971572932563,1.1017456340626082,1.1470437987901045,,1.5755972549546318
237,1.2629180567773315,0.294087597580209,1.0126582278481013,1.5632589161738566,1.0955055508350533,1.1470437987901045,,1.5632591615729479
237,1.2629180567773315,0.294087597580209,1.0759493670886076,1.5500193552712005,1.0896482591227543,1.1470437987901045,,1.55001948102331
237,1.2629180567773315,0.294087597580209,1.139240506329114,1.536130888498754,1.0841501385651702,1.1470437987901045,,1.5361307581753605
237,1.2629180567773315,0.294087597580209,1.2025316455696204,1.52180701010396,1.07898917406271,1.1470437987901045,,1.5218067117293839
237,1.2629180567773315,0.294087597580209,1.2658227848101267,1.5072274684930724,1.0741448281320782,1.1470437987901045,,1.5072270904330185
237,1.2629180567773315,0.294087597580209,1.3291139240506329,1.4925427913721385,1.0695975387267767,1.1470437987901045,,1.4925424546775745
237,1.2629180567773315,0.294087597580209,1.3924050632911393,1.4778782413952711,1.0653290928698769,1.1470437987901045,,1.4778780960324271
237,1.2629180567773315,0.294087597580209,1.4556962025316458,1.4633372720031774,1.0613225008999374,1.1470437987901045,,1.4633373283971436
237,1.2629180567773315,0.294087597580209,1.518987341772152,1.449004544669756,1.0575616083556216,1.1470437987901045,,1.4490046377675987
237,1.2629180567773315,0.294087597580209,1.5822784810126582,1.4349485612975414,1.0540313365084697,1.1470437987901045,,1.4349485826128787
237,1.2629180567773315,0.294087597580209,1.6455696202531647,1.4212239593313556,1.0507176178188187,1.1470437987901045,,1.4212237124048928
237,1.2629180567773315,0.294087597580209,1.708860759493671,1.4078735109785843,1.0476071246767644,1.1470437987901045,,1.407872972162393
237,1.2629180567773315,0.294087597580209,1.7721518987341773,1.3949298632514582,1.0446873689773173,1.1470437987901045,,1.39492912220216
237,1.2629180567773315,0.294087597580209,1.8354430379746836,1.3824170509085278,1.0419467027321623,1.1470437987901045,,1.3824162737481702
237,1.2629180567773315,0.294087597580209,1.89873417721519,1.3703518105873722,1.0393741305780086,1.1470437987901045,,1.370351152569061
237,1.2629180567773315,0.294087597580209,1.9620253164556964,1.3587447208272938,1.0369593099689887,1.1470437987901045,,1.358744317941546
237,1.2629180567773315,0.294087597580209,2.0253164556962027,1.3476011899301978,1.03469259633298,1.1470437987901045,,1.3476010580951454
237,1.2629180567773315,0.294087597580209,2.088607594936709,1.33692231062729,1.0325649184749444,1.1470437987901045,,1.3369223956238154
237,1.2629180567773315,0.294087597580209,2.151898734177215,1.3267055984245153,1.0305677108032634,1.1470437987901045,,1.3267057740426664
237,1.2629180567773315,0.294087597580209,2.2151898734177218,1.31694562835391,1.0286929875934068,1.1470437987901045,,1.31694574925392
237,1.2629180567773315,0.294087597580209,2.278481012658228,1.307634583052152,1.0269332651346315,1.1470437987901045,,1.3076346056560857
237,1.2629180567773315,0.294087597580209,2.3417721518987342,1.2987627234936816,1.0252814495062854,1.1470437987901045,,1.298762623697347
237,1.2629180567773315,0.294087597580209,2.405063291139241,1.2903187923321322,1.023730928523441,1.1470437987901045,,1.2903186422286002
237,1.2629180567773315,0.294087597580209,2.468354430379747,1.2822903585617211,1.022275528180687,1.1470437987901045,,1.282290269846083
237,1.2629180567773315,0.294087597580209,2.5316455696202533,1.27466411113258,1.020909373390567,1.1470437987901045,,1.274664125934885
237,1.2629180567773315,0.294087597580209,2.5949367088607596,1.2674261082071925,1.0196269923737595,1.1470437987901045,,1.2674262186801564
237,1.2629180567773315,0.294087597580209,2.6582278481012658,1.2605619879125862,1.0184232823350587,1.1470437987901045,,1.2605621537096567
237,1.2629180567773315,0.294087597580209,2.7215189873417724,1.2540571457032565,1.0172933869347083,1.1470437987901045,,1.2540572160780052
237,1.2629180567773315,0.294087597580209,2.7848101265822787,1.247896882823006,1.0162327775770685,1.1470437987901045,,1.247896758587283
237,1.2629180567773315,0.294087597580209,2.848101265822785,1.242066529782961,1.0152372291158185,1.1470437987901045,,1.242066175277159
237,1.2629180567773315,0.294087597580209,2.9113924050632916,1.2365515482795997,1.0143027350121827,1.1470437987901045,,1.236550955426488
237,1.2629180567773315,0.294087597580209,2.9746835443037978,1.2313376145050476,1.0134255447096985,1.1470437987901045,,1.2313369221422055
237,1.2629180567773315,0.294087597580209,3.037974683544304,1.2264106865109077,1.0126021597667825,1.1470437987901045,,1.2264100173347694
237,1.2629180567773315,0.294087597580209,3.1012658227848102,1.2217570578655381,1.011829274758176,1.1470437987901045,,1.221756546198136
237,1.2629180567773315,0.294087597580209,3.1645569620253164,1.217363399561321,1.0111037835022776,1.1470437987901045,,1.217363099643823
237,1.2629180567773315,0.294087597580209,3.227848101265823,1.213216791960034,1.0104227892776232,1.1470437987901045,,1.2132166907776853
237,1.2629180567773315,0.294087597580209,3.2911392405063293,1.2093047481897656,1.0097835650973053,1.1470437987901045,,1.2093047843553322
237,1.2629180567773315,0.294087597580209,3.3544303797468356,1.205615230372524,1.0091835384525154,1.1470437987901045,,1.2056152938365858
237,1.2629180567773315,0.294087597580209,3.417721518987342,1.202136659749538,1.0086203108514527,1.1470437987901045,,1.2021366658243484
237,1.2629180567773315,0.294087597580209,3.4810126582278484,1.1988579217171684,1.008091632533292,1.1470437987901045,,1.198857879082755
237,1.2629180567773315,0.294087597580209,3.5443037974683547,1.1957683666072223,1.0075953729769376,1.1470437987901045,,1.195768265840967
237,1.2629180567773315,0.294087597580209,3.607594936708861,1.192857806938393,1.0071295462284897,1.1470437987901045,,1.1928577248540324
237,1.2629180567773315,0.294087597580209,3.670886075949367,1.1901165117766932,1.0066922962499105,1.1470437987901045,,1.1901164764319887
237,1.2629180567773315,0.294087597580209,3.7341772151898738,1.1875351987377716,1.0062818585705855,1.1470437987901045,,1.1875352416269929
237,1.2629180567773315,0.294087597580209,3.79746835443038,1.185105024104686,1.0058965892882055,1.1470437987901045,,1.1851051082111654
237,1.2629180567773315,0.294087597580209,3.8607594936708862,1.1828175714550042,1.005534955793572,1.1470437987901045,,1.182817642116259
237,1.2629180567773315,0.294087597580209,3.924050632911393,1.1806648391398775,1.0051954981784015,1.1470437987901045,,1.1806648663239407
237,1.2629180567773315,0.294087597580209,3.987341772151899,1.1786392269024035,1.0048768563694974,1.1470437987901045,,1.178639179372468
237,1.2629180567773315,0.294087597580209,4.050632911392405,1.1767335218825714,1.0045777613559508,1.1470437987901045,,1.1767334319407756
237,1.2629180567773315,0.294087597580209,4.113924050632912,1.174940884219051,1.0042970086941456,1.1470437987901045,,1.1749408031357191
237,1.2629180567773315,0.294087597580209,4.177215189873418,1.1732548324208034,1.0040334719791637,1.1470437987901045,,1.1732548049103855
237,1.2629180567773315,0.294087597580209,4.2405063291139244,1.1716692286551118,1.0037861004633817,1.1470437987901045,,1.171669285991484
237,1.2629180567773315,0.294087597580209,4.30379746835443,1.1701782640738738,1.0035539004702478,1.1470437987901045,,1.170178372723045
237,1.2629180567773315,0.294087597580209,4.367088607594937,1.1687764442786015,1.0033359391194343,1.1470437987901045,,1.1687765574326785
237,1.2629180567773315,0.294087597580209,4.4303797468354436,1.1674585750061144,1.0031313463877312,1.1470437987901045,,1.1674586454118185
237,1.2629180567773315,0.294087597580209,4.493670886075949,1.1662197481008862,1.0029393024879247,1.1470437987901045,,1.1662197463245598
237,1.2629180567773315,0.294087597580209,4.556962025316456,1.1650553278259645,1.0027590348174018,1.1470437987901045,,1.1650552796078186
237,1.2629180567773315,0.294087597580209,4.620253164556963,1.1639609375528603,1.0025898229952321,1.1470437987901045,,1.1639609067238685
237,1.2629180567773315,0.294087597580209,4.6835443037974684,1.1629324468726356,1.002430990697654,1.1470437987901045,,1.1629324885727148
237,1.2629180567773315,0.294087597580209,4.746835443037975,1.1619659591332698,1.0022818980620356,1.1470437987901045,,1.1619660689234206
237,1.2629180567773315,0.294087597580209,4.810126582278482,1.1610577994327376,1.0021419486105605,1.1470437987901045,,1.1610578968738645
237,1.2629180567773315,0.294087597580209,4.8734177215189876,1.1602045030674466,1.0020105843800975,1.1470437987901045,,1.1602044861297711
237,1.2629180567773315,0.294087597580209,4.936708860759494,1.1594028044287037,1.0018872754482997,1.1470437987901045,,1.1594026467920158
237,1.2629180567773315,0.294087597580209,5.0,1.158649626394682,1.001771527933067,1.1470437987901045,,1.1586495333444122
251,0.30506510392386704,0.09920027091310094,0.0,0.30506510392386704,0.30506510392386704,1.0496001354565505,,0.30507108531494254
251,0.30506510392386704,0.09920027091310094,0.06329113924050633,0.3821367846106937,0.34768491591618156,1.0496001354565505,,0.3821398218537799
251,0.30506510392386704,0.09920027091310094,0.12658227848101267,0.4507471378534653,0.3876912711679755,1.0496001354565505,,0.4507478624464767
251,0.30506510392386704,0.09920027091310094,0.189873417721519,0.5118591254108311,0.42524440453425916,1.0496001354565505,,0.5118588313003527
251,0.30506510392386704,0.09920027091310094,0.25316455696202533,0.566323856295607,0.4604938310812376,1.0496001354565505,,0.5663234480388022
251,0.30506510392386704,0.09920027091310094,0.31645569620253167,0.6148937238868498,0.49358158714772793,1.0496001354565505,,0.6148933010551207
251,0.30506510392386704,0.09920027091310094,0.379746835443038,0.6582339909930595,0.5246403784306545,1.0496001354565505,,0.6582336704381528
251,0.30506510392386704,0.09920027091310094,0.44303797468354433,0.6969330067502365,0.5537940042394954,1.0496001354565505,,0.696932627733005
251,0.30506510392386704,0.09920027091310094,0.5063291139240507,0.7315112175265973,0.5811596459611592,1.0496001354565505,,0.7315109388528427
251,0.30506510392386704,0.09920027091310094,0.569620253164557,0.7624291146659806,0.6068472095383156,1.0496001354565505,,0.7624289664653612
251,0.30506510392386704,0.09920027091310094,0.6329113924050633,0.7900942449707202,0.630959201326504,1.0496001354565505,,0.7900942459264989
251,0.30506510392386704,0.09920027091310094,0.6962025316455697,0.814867394889552,0.6535922965912373,1.0496001354565505,,0.8148674882947875
251,0.30506510392386704,0.09920027091310094,0.759493670886076,0.8370680462133334,0.6748375184739145,1.0496001354565505,,0.8370682082800353
251,0.30506510392386704,0.09920027091310094,0.8227848101265823,0.856979189478291,0.694779742538288,1.0496001354565505,,0.856979207358068
251,0.30506510392386704,0.09920027091310094,0.8860759493670887,0.8748515710518555,0.7134987259436514,1.0496001354565505,,0.8748514987167507
251,0.30506510392386704,0.09920027091310094,0.949367088607595,0.8909074408688842,0.731069853093512,1.0496001354565505,,0.8909073195634827
251,0.30506510392386704,0.09920027091310094,1.0126582278481013,0.9053438598457034,0.7475634010924683,1.0496001354565505,,0.9053438444716599
251,0.30506510392386704,0.09920027091310094,1.0759493670886076,0.9183356190004883,0.7630451692801065,1.0496001354565505,,0.9183357617479729
251,0.30506510392386704,0.09920027091310094,1.139240506329114,0.9300378161445145,0.7775775900850084,1.0496001354565505,,0.9300380893704419
251,0.30506510392386704,0.09920027091310094,1.2025316455696204,0.9405881305743489,0.7912188529717383,1.0496001354565505,,0.94058837236266
251,0.30506510392386704,0.09920027091310094,1.2658227848101267,0.9501088314073787,0.8040232418263075,1.0496001354565505,,0.9501089547884285
251,0.30506510392386704,0.09920027091310094,1.3291139240506329,0.9587085509700739,0.8160424622976545,1.0496001354565505,,0.9587084505590024
251,0.30506510392386704,0.09920027091310094,1.3924050632911393,0.9664838509343343,0.8273246542259048,1.0496001354565505,,0.9664835696690558
251,0.30506510392386704,0.09920027091310094,1.4556962025316458,0.9735206056463572,0.8379147240308471,1.0496001354565505,,0.973520174664368
251,0.30506510392386704,0.09920027091310094,1.518987341772152,0.9798952241683605,0.8478553705633672,1.0496001354565505,,0.9798948515974942
251,0.30506510392386704,0.09920027091310094,1.5822784810126582,0.9856757299661426,0.8571864493385792,1.0496001354565505,,0.9856755148456964
251,0.30506510392386704,0.09920027091310094,1.6455696202531647,0.9909227150755998,0.8659451431363855,1.0496001354565505,,0.9909227168952336
251,0.30506510392386704,0.09920027091310094,1.708860759493671,0.9956901834179728,0.8741666789825944,1.0496001354565505,,0.9956904318555008
251,0.30506510392386704,0.09920027091310094,1.7721518987341773,1.000026296327235,0.8818840649561522,1.0496001354565505,,1.0000266691135877
251,0.30506510392386704,0.09920027091310094,1.8354430379746836,1.0039740317494945,0.8891280885717213,1.0496001354565505,,1.003974431617237
251,0.30506510392386704,0.09920027091310094,1.89873417721519,1.0075717672521254,0.8959278123506961,1.0496001354565505,,1.0075721164685385
251,0.30506510392386704,0.09920027091310094,1.9620253164556964,1.0108537957271067,0.9023105733126046,1.0496001354565505,,1.0108539724647698
251,0.30506510392386704,0.09920027091310094,2.0253164556962027,1.0138507817335722,0.9083018636194897,1.0496001354565505,,1.013850807028446
251,0.30506510392386704,0.09920027091310094,2.088607594936709,1.016590165353728,0.9139256599051991,1.0496001354565505,,1.0165901403573443
251,0.30506510392386704,0.09920027091310094,2.151898734177215,1.0190965197258506,0.9192046024121215,1.0496001354565505,,1.019096467577733
251,0.30506510392386704,0.09920027091310094,2.2151898734177218,1.0213918676558058,0.9241597987002075,1.0496001354565505,,1.0213918768172405
251,0.30506510392386704,0.09920027091310094,2.278481012658228,1.023495962073814,0.9288110294258654,1.0496001354565505,,1.023496055586864
251,0.30506510392386704,0.09920027091310094,2.3417721518987342,1.0254265345379803,0.9331770449673323,1.0496001354565505,,1.0254266187179653
251,0.30506510392386704,0.09920027091310094,2.405063291139241,1.0271995155034734,0.9372753223975062,1.0496001354565505,,1.0271995909402143
251,0.30506510392386704,0.09920027091310094,2.468354430379747,1.0288292296331965,0.9411221806100465,1.0496001354565505,,1.0288292350583144
251,0.30506510392386704,0.09920027091310094,2.5316455696202533,1.0303285690416484,0.9447331484101728,1.0496001354565505,,1.030328520784083
251,0.30506510392386704,0.09920027091310094,2.5949367088607596,1.0317091470251918,0.9481226885945643,1.0496001354565505,,1.031709066807463
251,0.30506510392386704,0.09920027091310094,2.6582278481012658,1.0329814345330837,0.9513042886752712,1.0496001354565505,,1.0329813435479882
251,0.30506510392386704,0.09920027091310094,2.7215189873417724,1.0341548813639214,0.9542907847426891,1.0496001354565505,,1.0341548572511496
251,0.30506510392386704,0.09920027091310094,2.7848101265822787,1.035238023850351,0.9570941466066389,1.0496001354565505,,1.0352380724224612
251,0.30506510392386704,0.09920027091310094,2.848101265822785,1.036238580583996,0.959725542011516,1.0496001354565505,,1.0362386965631734
251,0.30506510392386704,0.09920027091310094,2.9113924050632916,1.0371635375566919,0.9621955608864851,1.0496001354565505,,1.0371636929342891
251,0.30506510392386704,0.09920027091310094,2.9746835443037978,1.0380192238975523,0.9645141165579445,1.0496001354565505,,1.0380193738320551
251,0.30506510392386704,0.09920027091310094,3.037974683544304,1.0388113793224587,0.9666904559724985,1.0496001354565505,,1.0388114604806482
251,0.30506510392386704,0.09920027091310094,3.1012658227848102,1.0395452142193922,0.9687333159026726,1.0496001354565505,,1.0395452273637271
251,0.30506510392386704,0.09920027091310094,3.1645569620253164,1.0402254631738148,0.9706509064886033,1.0496001354565505,,1.040225411894481
251,0.30506510392386704,0.09920027091310094,3.227848101265823,1.0408564327534264,0.9724508842326557,1.0496001354565505,,1.0408563489287084
251,0.30506510392386704,0.09920027091310094,3.2911392405063293,1.0414420440971874,0.974140457002225,1.0496001354565505,,1.0414419746922075
251,0.30506510392386704,0.09920027091310094,3.3544303797468356,1.0419858710011973,0.9757264243530811,1.0496001354565505,,1.0419858375810953
251,0.30506510392386704,0.09920027091310094,3.417721518987342,1.0424911739108478,0.9772151258870059,1.0496001354565505,,1.0424912012557743
251,0.30506510392386704,0.09920027091310094,3.4810126582278484,1.04296093033718,0.9786125080851962,1.0496001354565505,,1.0429609935848725
251,0.30506510392386704,0.09920027091310094,3.5443037974683547,1.043397862085412,0.9799242022586737,1.0496001354565505,,1.0433979342853914
251,0.30506510392386704,0.09920027091310094,3.607594936708861,1.0438044596154454,0.9811554576048596,1.0496001354565505,,1.0438045074309827
251,0.30506510392386704,0.09920027091310094,3.670886075949367,1.0441830038913649,0.982311179932105,1.0496001354565505,,1.044183018890014
251,0.30506510392386704,0.09920027091310094,3.7341772151898738,1.0445355859855032,0.9833960330211564,1.0496001354565505,,1.0445355536152126
251,0.30506510392386704,0.09920027091310094,3.79746835443038,1.044864124664731,0.9844143619710917,1.0496001354565505,,1.0448640620462255
251,0.30506510392386704,0.09920027091310094,3.8607594936708862,1.0451703821959935,0.9853702177158645,1.0496001354565505,,1.0451703316360503
251,0.30506510392386704,0.09920027091310094,3.924050632911393,1.0454559785598128,0.9862674590289774,1.0496001354565505,,1.04545595543192
251,0.30506510392386704,0.09920027091310094,3.987341772151899,1.0457224042450985,0.9871096808035821,1.0496001354565505,,1.0457224332055746
251,0.30506510392386704,0.09920027091310094,4.050632911392405,1.0459710317749482,0.9879002372404778,1.0496001354565505,,1.0459711086150347
251,0.30506510392386704,0.09920027091310094,4.113924050632912,1.0462031260981537,0.9886423118786787,1.0496001354565505,,1.046203225169897
251,0.30506510392386704,0.09920027091310094,4.177215189873418,1.046419853968493,0.9893388819883276,1.0496001354565505,,1.0464199277041053
251,0.30506510392386704,0.09920027091310094,4.2405063291139244,1.0466222924181838,0.9899927248651236,1.0496001354565505,,1.0466223247232533
251,0.30506510392386704,0.09920027091310094,4.30379746835443,1.046811436420238,0.9906064669567044,1.0496001354565505,,1.0468114272845914
251,0.30506510392386704,0.09920027091310094,4.367088607594937,1.046988205824082,0.9911825740164781,1.0496001354565505,,1.0469881728068222
251,0.30506510392386704,0.09920027091310094,4.4303797468354436,1.047153451639564,0.9917233456563689,1.0496001354565505,,1.0471534331703425
251,0.30506510392386704,0.09920027091310094,4.493670886075949,1.047307961736318,0.9922309487065025,1.0496001354565505,,1.0473079771615823
251,0.30506510392386704,0.09920027091310094,4.556962025316456,1.0474524660182936,0.9927074252805296,1.0496001354565505,,1.0474525060649709
251,0.30506510392386704,0.09920027091310094,4.620253164556963,1.0475876411264389,0.9931546794616936,1.0496001354565505,,1.0475876750181146
251,0.30506510392386704,0.09920027091310094,4.6835443037974684,1.047714114713394,0.9935744988825679,1.0496001354565505,,1.0477141114214334
251,0.30506510392386704,0.09920027091310094,4.746835443037975,1.0478324693391226,0.9939685748021831,1.0496001354565505,,1.047832424756635
251,0.30506510392386704,0.09920027091310094,4.810126582278482,1.0479432460200557,0.994338483809305,1.0496001354565505,,1.0479431924726583
251,0.30506510392386704,0.09920027091310094,4.8734177215189876,1.0480469474695395,0.994685700691061,1.0496001354565505,,1.0480469326166815
251,0.30506510392386704,0.09920027091310094,4.936708860759494,1.048144041061515,0.9950116261186991,1.0496001354565505,,1.0481440502007127
251,0.30506510392386704,0.09920027091310094,5.0,1.0482349615259412,0.9953175654988069,1.0496001354565505,,1.0482349144607
253,0.34170651430964144,0.05415579532830235,0.0,0.34170651430964144,0.34170651430964144,1.0270778976641513,,0.34170839501028905
253,0.34170651430964144,0.05415579532830235,0.06329113924050633,0.40088741158750574,0.3820791373485839,1.0270778976641513,,0.40089019102883094
253,0.34170651430964144,0.05415579532830235,0.12658227848101267,0.4543999827316072,0.41997610179398887,1.0270778976641513,,0.45440034615889957
253,0.34170651430964144,0.05415579532830235,0.189873417721519,0.5028342717819428,0.4555491938949445,1.0270778976641513,,0.5028338677148795
253,0.34170651430964144,0.05415579532830235,0.25316455696202533,0.5467153137515569,0.4889400453275301,1.0270778976641513,,0.5467153252863494
253,0.34170651430964144,0.05415579532830235,0.31645569620253167,0.5865105484610323,0.5202832033667506,1.0270778976641513,,0.5865109785158471
253,0.34170651430964144,0.05415579532830235,0.379746835443038,0.6226363722511191,0.5497043766168104,1.0270778976641513,,0.6226367379167208
253,0.34170651430964144,0.05415579532830235,0.44303797468354433,0.6554639288789661,0.5773208368961525,1.0270778976641513,,0.6554638635148191
253,0.34170651430964144,0.05415579532830235,0.5063291139240507,0.685324228941347,0.6032435870398358,1.0270778976641513,,0.6853238367747585
253,0.34170651430964144,0.05415579532830235,0.569620253164557,0.7125126766140726,0.6275767380466126,1.0270778976641513,,0.7125123508273228
253,0.34170651430964144,0.05415579532830235,0.6329113924050633,0.7372930731984554,0.6504173914816432,1.0270778976641513,,0.737293039525482
253,0.34170651430964144,0.05415579532830235,0.6962025316455697,0.7599011587580848,0.6718571252724052,1.0270778976641513,,0.7599013734144517
253,0.34170651430964144,0.05415579532830235,0.759493670886076,0.7805477459011648,0.6919821632383791,1.0270778976641513,,0.7805480844150511
253,0.34170651430964144,0.05415579532830235,0.8227848101265823,0.7994214933901268,0.7108729057609936,1.0270778976641513,,0.7994217323725267
253,0.34170651430964144,0.05415579532830235,0.8860759493670887,0.8166913616401852,0.7286049046922224,1.0270778976641513,,0.8166913108792688
253,0.34170651430964144,0.05415579532830235,0.949367088607595,0.8325087872137513,0.7452495696878939,1.0270778976641513,,0.8325084760681665
253,0.34170651430964144,0.05415579532830235,1.0126582278481013,0.8470096090501701,0.7608734723943763,1.0270778976641513,,0.8470092334262571
253,0.34170651430964144,0.05415579532830235,1.0759493670886076,0.8603157753195269,0.775538942789427,1.0270778976641513,,0.86031560497143
253,0.34170651430964144,0.05415579532830235,1.139240506329114,0.8725368563902575,0.7893051214648636,1.0270778976641513,,0.8725369095812965
253,0.34170651430964144,0.05415579532830235,1.2025316455696204,0.8837713864096711,0.802227129764676,1.0270778976641513,,0.8837716638495499
253,0.34170651430964144,0.05415579532830235,1.2658227848101267,0.8941080533550636,0.8143563893813685,1.0270778976641513,,0.8941083656001043
253,0.34170651430964144,0.05415579532830235,1.3291139240506329,0.9036267550802415,0.8257418797115231,1.0270778976641513,,0.903626901856114
253,0.34170651430964144,0.05415579532830235,1.3924050632911393,0.9123995368220229,0.836429202355148,1.0270778976641513,,0.9123994678490392
253,0.34170651430964144,0.05415579532830235,1.4556962025316458,0.9204914238490979,0.8464608959784808,1.0270778976641513,,0.9204911423811597
253,0.34170651430964144,0.05415579532830235,1.518987341772152,0.9279611613127213,0.8558774080760252,1.0270778976641513,,0.9279607813066117
253,0.34170651430964144,0.05415579532830235,1.5822784810126582,0.9348618719206662,0.8647164927253533,1.0270778976641513,,0.9348615811117345
253,0.34170651430964144,0.05415579532830235,1.6455696202531647,0.9412416408988104,0.8730133721924852,1.0270778976641513,,0.9412415580565485
253,0.34170651430964144,0.05415579532830235,1.708860759493671,0.9471440365151758,0.8808014161092511,1.0270778976641513,,0.9471442403770982
253,0.34170651430964144,0.05415579532830235,1.7721518987341773,0.9526085735200467,0.8881118921576309,1.0270778976641513,,0.9526089471300822
253,0.34170651430964144,0.05415579532830235,1.8354430379746836,0.9576711260076682,0.8949739645377104,1.0270778976641513,,0.9576715098506138
253,0.34170651430964144,0.05415579532830235,1.89873417721519,0.9623642954246765,0.9014151634089568,1.0270778976641513,,0.9623645837978139
253,0.34170651430964144,0.05415579532830235,1.9620253164556964,0.9667177387895011,0.9074613844084538,1.0270778976641513,,0.9667178777070762
253,0.34170651430964144,0.05415579532830235,2.0253164556962027,0.9707584616429142,0.9131367755885074,1.0270778976641513,,0.9707584198706849
253,0.34170651430964144,0.05415579532830235,2.088607594936709,0.9745110796536108,0.9184640493815485,1.0270778976641513,,0.9745109128301481
253,0.34170651430964144,0.05415579532830235,2.151898734177215,0.977998052414663,0.9234646522916402,1.0270778976641513,,0.977997876480442
253,0.34170651430964144,0.05415579532830235,2.2151898734177218,0.9812398925324649,0.9281585789532338,1.0270778976641513,,0.981239803201882
253,0.34170651430964144,0.05415579532830235,2.278481012658228,0.9842553527542085,0.9325645670600785,1.0270778976641513,,0.9842553669935972
253,0.34170651430964144,0.05415579532830235,2.3417721518987342,0.9870615935648859,0.9367003783506018,1.0270778976641513,,0.9870617064910118
253,0.34170651430964144,0.05415579532830235,2.405063291139241,0.9896743334123081,0.9405825683946895,1.0270778976641513,,0.9896744782310614
253,0.34170651430964144,0.05415579532830235,2.468354430379747,0.9921079834682982,0.9442265956496012,1.0270778976641513,,0.9921080751132151
253,0.34170651430964144,0.05415579532830235,2.5316455696202533,0.9943757686174389,0.9476471701426704,1.0270778976641513,,0.9943757952772104
253,0.34170651430964144,0.05415579532830235,2.5949367088607596,0.9964898361731097,0.9508579920994716,1.0270778976641513,,0.9964897753374372
253,0.34170651430964144,0.05415579532830235,2.6582278481012658,0.9984613536512412,0.9538718378841929,1.0270778976641513,,0.998461261863714
253,0.34170651430964144,0.05415579532830235,2.7215189873417724,1.000300596777846,0.9567008667865,1.0270778976641513,,1.0003005338153519
253,0.34170651430964144,0.05415579532830235,2.7848101265822787,1.0020170287795827,0.9593564174913208,1.0270778976641513,,1.0020170306722267
253,0.34170651430964144,0.05415579532830235,2.848101265822785,1.0036193718883766,0.9618490689081431,1.0270778976641513,,1.003619468292759
253,0.34170651430964144,0.05415579532830235,2.9113924050632916,1.0051156718902938,0.9641888525973725,1.0270778976641513,,1.005115827131747
253,0.34170651430964144,0.05415579532830235,2.9746835443037978,1.0065133564281952,0.9663851591915067,1.0270778976641513,,1.0065135387913522
253,0.34170651430964144,0.05415579532830235,3.037974683544304,1.0078192877403023,0.9684467480789374,1.0270778976641513,,1.0078194153280937
253,0.34170651430964144,0.05415579532830235,3.1012658227848102,1.0090398104095557,0.970381895373767,1.0270778976641513,,1.0090398544589334
253,0.34170651430964144,0.05415579532830235,3.1645569620253164,1.0101807946015968,0.9721983783249816,1.0270778976641513,,1.0101807364673092
253,0.34170651430964144,0.05415579532830235,3.227848101265823,1.0112476753257742,0.9739034497352719,1.0270778976641513,,1.0112475724620777
253,0.34170651430964144,0.05415579532830235,3.2911392405063293,1.012245488033668,0.9755039374270927,1.0270778976641513,,1.0122453777192115
253,0.34170651430964144,0.05415579532830235,3.3544303797468356,1.0131789010206431,0.9770062824402761,1.0270778976641513,,1.0131788356502989
253,0.34170651430964144,0.05415579532830235,3.417721518987342,1.0140522448627376,0.978416490112172,1.0270778976641513,,1.0140522595104982
253,0.34170651430964144,0.05415579532830235,3.4810126582278484,1.014869539247293,0.9797401933874941,1.0270778976641513,,1.014869605162553
253,0.34170651430964144,0.05415579532830235,3.5443037974683547,1.015634517432125,0.9809827266586195,1.0270778976641513,,1.015634621299429
253,0.34170651430964144,0.05415579532830235,3.607594936708861,1.016350648545254,0.9821490623516381,1.0270778976641513,,1.0163507276952473
253,0.34170651430964144,0.05415579532830235,3.670886075949367,1.0170211579692028,0.9832438476093268,1.0270778976641513,,1.0170211831011737
253,0.34170651430964144,0.05415579532830235,3.7341772151898738,1.0176490459794303,0.9842715003081196,1.0270778976641513,,1.0176490027702456
253,0.34170651430964144,0.05415579532830235,3.79746835443038,1.018237104790908,0.9852361364457415,1.0270778976641513,,1.0182370227683688
253,0.34170651430964144,0.05415579532830235,3.8607594936708862,1.0187879341783441,0.9861415933649621,1.0270778976641513,,1.018787847936412
253,0.34170651430964144,0.05415579532830235,3.924050632911393,1.019303955797352,0.986991526380064,1.0270778976641513,,1.0193039162012039
253,0.34170651430964144,0.05415579532830235,3.987341772151899,1.0197874263310769,0.9877893408384535,1.0270778976641513,,1.019787454392405
253,0.34170651430964144,0.05415579532830235,4.050632911392405,1.0202404495642023,0.9885382140860259,1.0270778976641513,,1.0202405366624223
253,0.34170651430964144,0.05415579532830235,4.113924050632912,1.0206649874832738,0.9892411618052717,1.0270778976641513,,1.02066509283211
253,0.34170651430964144,0.05415579532830235,4.177215189873418,1.021062870491747,0.9899010042856209,1.0270778976641513,,1.0210629501192805
253,0.34170651430964144,0.05415579532830235,4.2405063291139244,1.0214358068181137,0.9905203723859896,1.0270778976641513,,1.0214358277385442
253,0.34170651430964144,0.05415579532830235,4.30379746835443,1.0217853911879304,0.9911017540709064,1.0270778976641513,,1.0217853447560874
253,0.34170651430964144,0.05415579532830235,4.367088607594937,1.022113112823775,0.9916474850834958,1.0270778976641513,,1.0221130463540873
253,0.34170651430964144,0.05415579532830235,4.4303797468354436,1.0224203628310382,0.9921597437854347,1.0270778976641513,,1.0224203054005219
253,0.34170651430964144,0.05415579532830235,4.493670886075949,1.0227084410220078,0.9926405827576991,1.0270778976641513,,1.0227084373253015
253,0.34170651430964144,0.05415579532830235,4.556962025316456,1.0229785622259466,0.9930919364406326,1.0270778976641513,,1.0229786019355416
253,0.34170651430964144,0.05415579532830235,4.620253164556963,1.0232318621284866,0.9935156085220259,1.0270778976641513,,1.0232319060186033
253,0.34170651430964144,0.05415579532830235,4.6835443037974684,1.0234694026746471,0.9939132923790838,1.0270778976641513,,1.0234694057967115
253,0.34170651430964144,0.05415579532830235,4.746835443037975,1.0236921770773553,0.9942865900970438,1.0270778976641513,,1.0236921313504084
253,0.34170651430964144,0.05415579532830235,4.810126582278482,1.0239011144603287,0.994636995136606,1.0270778976641513,,1.0239010592495572
253,0.34170651430964144,0.05415579532830235,4.8734177215189876,1.024097084166727,0.9949659045246442,1.0270778976641513,,1.0240970862889298
253,0.34170651430964144,0.05415579532830235,4.936708860759494,1.0242808997652562,0.9952746450799302,1.0270778976641513,,1.0242809493449192
253,0.34170651430964144,0.05415579532830235,5.0,1.024453322757062,0.9955644533801391,1.0270778976641513,,1.0244533228238848
260,0.8844217615994567,0.2924790225260452,0.0,0.8844217615994567,0.8844217615994567,1.1462395112630226,0.1776421668932311,0.8844229624329412
260,0.8844217615994567,0.2924790225260452,0.06329113924050633,0.9930856861616164,0.8915100842881686,1.1462395112630226,0.1776421668932311,0.9930842026548887
260,0.8844217615994567,0.2924790225260452,0.12658227848101267,1.0840744869758667,0.8981637493882167,1.1462395112630226,0.1776421668932311,1.084075961895012
260,0.8844217615994567,0.2924790225260452,0.189873417721519,1.1597813405716824,0.9044094063920624,1.1462395112630226,0.1776421668932311,1.1597827466345054
260,0.8844217615994567,0.2924790225260452,0.25316455696202533,1.2222969927414231,0.9102719219283139,1.1462395112630226,0.1776421668932311,1.222296842035808
260,0.8844217615994567,0.2924790225260452,0.31645569620253167,1.2734468142399304,0.915774918799511,1.1462395112630226,0.1776421668932311,1.2734456583534097
260,0.8844217615994567,0.2924790225260452,0.379746835443038,1.3148233830307237,0.9209404679805935,1.1462395112630226,0.1776421668932311,1.3148225177375743
260,0.8844217615994567,0.2924790225260452,0.44303797468354433,1.3478151294323395,0.9257891591788636,1.1462395112630226,0.1776421668932311,1.3478151160236698
260,0.8844217615994567,0.2924790225260452,0.5063291139240507,1.3736315161842096,0.9303404814404876,1.1462395112630226,0.1776421668932311,1.3736322446880984
260,0.8844217615994567,0.2924790225260452,0.569620253164557,1.3933251690278021,0.9346127137946458,1.1462395112630226,0.1776421668932311,1.3933259609601727
260,0.8844217615994567,0.2924790225260452,0.6329113924050633,1.4078113237174448,0.9386229046066812,1.1462395112630226,0.1776421668932311,1.4078116823088171
260,0.8844217615994567,0.2924790225260452,0.6962025316455697,1.4178849117995036,0.9423871324430148,1.1462395112630226,0.1776421668932311,1.4178847443153175
260,0.8844217615994567,0.2924790225260452,0.759493670886076,1.424235568907887,0.945920535835898,1.1462395112630226,0.1776421668932311,1.4242350478712402
260,0.8844217615994567,0.2924790225260452,0.8227848101265823,1.4274608154023471,0.9492372308819564,1.1462395112630226,0.1776421668932311,1.4274602905525526
260,0.8844217615994567,0.2924790225260452,0.8860759493670887,1.4280776293033284,0.9523504824093384,1.1462395112630226,0.1776421668932311,1.4280774188864502
260,0.8844217615994567,0.2924790225260452,0.949367088607595,1.4265326051634255,0.9552728279904262,1.1462395112630226,0.1776421668932311,1.4265327826160614
260,0.8844217615994567,0.2924790225260452,1.0126582278481013,1.4232108693397731,0.9580159557761468,1.1462395112630226,0.1776421668932311,1.4232113267548057
260,0.8844217615994567,0.2924790225260452,1.0759493670886076,1.418443901721099,0.9605908091970321,1.1462395112630226,0.1776421668932311,1.4184443324704517
260,0.8844217615994567,0.2924790225260452,1.139240506329114,1.4125163959890503,0.9630077717151202,1.1462395112630226,0.1776421668932311,1.4125166042073027
260,0.8844217615994567,0.2924790225260452,1.2025316455696204,1.4056722746581476,0.9652765211230289,1.1462395112630226,0.1776421668932311,1.4056722076017782
260,0.8844217615994567,0.2924790225260452,1.2658227848101267,1.3981199611837876,0.9674060856562836,1.1462395112630226,0.1776421668932311,1.3981196811278442
260,0.8844217615994567,0.2924790225260452,1.3291139240506329,1.3900369992088966,0.9694050647503947,1.1462395112630226,0.1776421668932311,1.3900367195086027
260,0.8844217615994567,0.2924790225260452,1.3924050632911393,1.3815740981562874,0.9712814647926573,1.1462395112630226,0.1776421668932311,1.381573965610536
260,0.8844217615994567,0.2924790225260452,1.4556962025316458,1.37285867488274,0.9730427544033878,1.1462395112630226,0.1776421668932311,1.3728587198625808
260,0.8844217615994567,0.2924790225260452,1.518987341772152,1.3639979526285315,0.9746960350506501,1.1462395112630226,0.1776421668932311,1.3639981999891415
260,0.8844217615994567,0.2924790225260452,1.5822784810126582,1.355081671385019,0.976247935312542,1.1462395112630226,0.1776421668932311,1.355081889588815
260,0.8844217615994567,0.2924790225260452,1.6455696202531647,1.3461844570089088,0.9777046392506409,1.1462395112630226,0.1776421668932311,1.346184542587107
260,0.8844217615994567,0.2924790225260452,1.708860759493671,1.3373678907771722,0.9790720056549198,1.1462395112630226,0.1776421668932311,1.3373677325914612
260,0.8844217615994567,0.2924790225260452,1.7721518987341773,1.3286823162838783,0.9803555242707135,1.1462395112630226,0.1776421668932311,1.328681913788727
260,0.8844217615994567,0.2924790225260452,1.8354430379746836,1.3201684156697993,0.9815603155297906,1.1462395112630226,0.1776421668932311,1.32016788978871
260,0.8844217615994567,0.2924790225260452,1.89873417721519,1.3118585838289003,0.9826912129712971,1.1462395112630226,0.1776421668932311,1.3118581175173778
260,0.8844217615994567,0.2924790225260452,1.9620253164556964,1.303778125337337,0.9837527631571796,1.1462395112630226,0.1776421668932311,1.3037778525417267
260,0.8844217615994567,0.2924790225260452,2.0253164556962027,1.2959462960814196,0.9847492058215579,1.1462395112630226,0.1776421668932311,1.2959462605209173
260,0.8844217615994567,0.2924790225260452,2.088607594936709,1.2883772089115209,0.9856845286431618,1.1462395112630226,0.1776421668932311,1.2883773794166227
260,0.8844217615994567,0.2924790225260452,2.151898734177215,1.2810806201369396,0.9865624970384952,1.1462395112630226,0.1776421668932311,1.2810808588240392
260,0.8844217615994567,0.2924790225260452,2.2151898734177218,1.2740626117818017,0.9873866215156792,1.1462395112630226,0.1776421668932311,1.2740628239975045
260,0.8844217615994567,0.2924790225260452,2.278481012658228,1.2673261826544377,0.9881601918986042,1.1462395112630226,0.1776421668932311,1.2673262464978512
260,0.8844217615994567,0.2924790225260452,2.3417721518987342,1.2608717596792713,0.9888863266602361,1.1462395112630226,0.1776421668932311,1.2608716751777163
260,0.8844217615994567,0.2924790225260452,2.405063291139241,1.2546976395569063,0.9895679325035046,1.1462395112630226,0.1776421668932311,1.2546974242052975
260,0.8844217615994567,0.2924790225260452,2.468354430379747,1.2488003695770218,0.9902077235085229,1.1462395112630226,0.1776421668932311,1.2488001498996382
260,0.8844217615994567,0.2924790225260452,2.5316455696202533,1.2431750753323862,0.9908082823516849,1.1462395112630226,0.1776421668932311,1.2431749498972038
260,0.8844217615994567,0.2924790225260452,2.5949367088607596,1.2378157421247036,0.9913720144159548,1.1462395112630226,0.1776421668932311,1.2378157711094329
260,0.8844217615994567,0.2924790225260452,2.6582278481012658,1.2327154560217126,0.9919011628796369,1.1462395112630226,0.1776421668932311,1.2327156065831182
260,0.8844217615994567,0.2924790225260452,2.7215189873417724,1.2278666097819317,0.9923978625797264,1.1462395112630226,0.1776421668932311,1.2278667910364425
260,0.8844217615994567,0.2924790225260452,2.7848101265822787,1.2232610782271975,0.9928641042775761,1.1462395112630226,0.1776421668932311,1.2232612085196815
260,0.8844217615994567,0.2924790225260452,2.848101265822785,1.2188903670695845,0.9933017453388406,1.1462395112630226,0.1776421668932311,1.2188903650719025
260,0.8844217615994567,0.2924790225260452,2.9113924050632916,1.2147457386685157,0.9937125470297465,1.1462395112630226,0.1776421668932311,1.2147455939270497
260,0.8844217615994567,0.2924790225260452,2.9746835443037978,1.2108183178346767,0.9940981580872221,1.1462395112630226,0.1776421668932311,1.2108180839875151
260,0.8844217615994567,0.2924790225260452,3.037974683544304,1.207099180352395,0.9944601164190084,1.1462395112630226,0.1776421668932311,1.2070989367712812
260,0.8844217615994567,0.2924790225260452,3.1012658227848102,1.2035794265035216,0.9947998750832706,1.1462395112630226,0.1776421668932311,1.2035792626329567
260,0.8844217615994567,0.2924790225260452,3.1645569620253164,1.2002502417583045,0.9951187995510663,1.1462395112630226,0.1776421668932311,1.2002502072736523
260,0.8844217615994567,0.2924790225260452,3.227848101265823,1.1971029462928144,0.995418163215211,1.1462395112630226,0.1776421668932311,1.1971030283250708
260,0.8844217615994567,0.2924790225260452,3.2911392405063293,1.1941290350103781,0.9956991648535524,1.1462395112630226,0.1776421668932311,1.194129179788373
260,0.8844217615994567,0.2924790225260452,3.3544303797468356,1.1913202093208626,0.9959629353356885,1.1462395112630226,0.1776421668932311,1.1913203336348193
260,0.8844217615994567,0.2924790225260452,3.417721518987342,1.1886684019640674,0.9962105290336917,1.1462395112630226,0.1776421668932311,1.1886684662083302
260,0.8844217615994567,0.2924790225260452,3.4810126582278484,1.1861657958141754,0.9964429349378061,1.1462395112630226,0.1776421668932311,1.1861657728047732
260,0.8844217615994567,0.2924790225260452,3.5443037974683547,1.1838048376319579,0.9966610896207375,1.1462395112630226,0.1776421668932311,1.183804747201593
260,0.8844217615994567,0.2924790225260452,3.607594936708861,1.1815782475097842,0.9968658661037431,1.1462395112630226,0.1776421668932311,1.1815781556388574
260,0.8844217615994567,0.2924790225260452,3.670886075949367,1.1794790246833302,0.9970580802973366,1.1462395112630226,0.1776421668932311,1.1794789941089014
260,0.8844217615994567,0.2924790225260452,3.7341772151898738,1.177500450308735,0.9972385078591813,1.1462395112630226,0.1776421668932311,1.1775004913018683
260,0.8844217615994567,0.2924790225260452,3.79746835443038,1.1756360877034755,0.9974078714453626,1.1462395112630226,0.1776421668932311,1.1756361827351804
260,0.8844217615994567,0.2924790225260452,3.8607594936708862,1.173879780485873,0.9975668447877378,1.1462395112630226,0.1776421668932311,1.1738799078079976
260,0.8844217615994567,0.2924790225260452,3.924050632911393,1.172225648993455,0.997716069658993,1.1462395112630226,0.1776421668932311,1.1722257361626691
260,0.8844217615994567,0.2924790225260452,3.987341772151899,1.1706680853029454,0.9978561439445148,1.1462395112630226,0.1776421668932311,1.1706681183982948
260,0.8844217615994567,0.2924790225260452,4.050632911392405,1.1692017471295226,0.9979876254988964,1.1462395112630226,0.1776421668932311,1.1692017245568442
260,0.8844217615994567,0.2924790225260452,4.113924050632912,1.1678215508449825,0.9981110437930806,1.1462395112630226,0.1776421668932311,1.167821504997689
260,0.8844217615994567,0.2924790225260452,4.177215189873418,1.1665226638162103,0.9982268939923588,1.1462395112630226,0.1776421668932311,1.1665226383596965
260,0.8844217615994567,0.2924790225260452,4.2405063291139244,1.1653004962386286,0.998335638003231,1.1462395112630226,0.1776421668932311,1.1653005281247641
260,0.8844217615994567,0.2924790225260452,4.30379746835443,1.1641506926113239,0.9984377126438707,1.1462395112630226,0.1776421668932311,1.1641507726714768
260,0.8844217615994567,0.2924790225260452,4.367088607594937,1.1630691229777186,0.9985335280065566,1.1462395112630226,0.1776421668932311,1.1630692128947016
260,0.8844217615994567,0.2924790225260452,4.4303797468354436,1.1620518740360823,0.9986234665517064,1.1462395112630226,0.1776421668932311,1.1620519285236584
260,0.8844217615994567,0.2924790225260452,4.493670886075949,1.1610952402088695,0.9987078886560959,1.1462395112630226,0.1776421668932311,1.1610952378764605
260,0.8844217615994567,0.2924790225260452,4.556962025316456,1.1601957147400639,0.9987871339542471,1.1462395112630226,0.1776421668932311,1.1601956686501556
260,0.8844217615994567,0.2924790225260452,4.620253164556963,1.15934998088361,0.9988615191241379,1.1462395112630226,0.1776421668932311,1.159349930429003
260,0.8844217615994567,0.2924790225260452,4.6835443037974684,1.1585549032310638,0.9989313414763131,1.1462395112630226,0.1776421668932311,1.1585548880518648
260,0.8844217615994567,0.2924790225260452,4.746835443037975,1.1578075192158077,0.9989968822930915,1.1462395112630226,0.1776421668932311,1.157807551671003
260,0.8844217615994567,0.2924790225260452,4.810126582278482,1.157105030821464,0.9990584037848743,1.1462395112630226,0.1776421668932311,1.1571050556423612
260,0.8844217615994567,0.2924790225260452,4.8734177215189876,1.1564447965197384,0.9991161512311002,1.1462395112630226,0.1776421668932311,1.1564447518010597
260,0.8844217615994567,0.2924790225260452,4.936708860759494,1.155824323488444,0.9991703575845322,1.1462395112630226,0.1776421668932311,1.1558242029566548
260,0.8844217615994567,0.2924790225260452,5.0,1.155241260082939,0.999221239954793,1.1462395112630226,0.1776421668932311,1.1552412520520092
263,0.916999023308672,0.06013272845114852,0.0,0.916999023308672,0.916999023308672,1.0300663642255743,0.4183562373889814,0.9169995795126832
263,0.916999023308672,0.06013272845114852,0.06329113924050633,0.9429730565021909,0.9220894080939761,1.0300663642255743,0.4183562373889814,0.9429769652922881
263,0.916999023308672,0.06013272845114852,0.12658227848101267,0.9650903255496837,0.9268676493055017,1.0300663642255743,0.4183562373889814,0.9650901850104713
263,0.916999023308672,0.06013272845114852,0.189873417721519,0.9838565249906697,0.9313528849222764,1.0300663642255743,0.4183562373889814,0.9838548066808287
263,0.916999023308672,0.06013272845114852,0.25316455696202533,0.999714332540417,0.9355629725833347,1.0300663642255743,0.4183562373889814,0.9997135609573666
263,0.916999023308672,0.06013272845114852,0.31645569620253167,1.0130510789693021,0.9395148766905402,1.0300663642255743,0.4183562373889814,1.0130514380184799
263,0.916999023308672,0.06013272845114852,0.379746835443038,1.0242054951668622,0.943224447221379,1.0300663642255743,0.4183562373889814,1.0242059851813616
263,0.916999023308672,0.06013272845114852,0.44303797468354433,1.033473646787143,0.9467064704006594,1.0300663642255743,0.4183562373889814,1.0334734454112797
263,0.916999023308672,0.06013272845114852,0.5063291139240507,1.0411141536954238,0.9499749420280138,1.0300663642255743,0.4183562373889814,1.041113320947795
263,0.916999023308672,0.06013272845114852,0.569620253164557,1.0473527798393125,0.9530429889454493,1.0300663642255743,0.4183562373889814,1.0473516998033903
263,0.916999023308672,0.06013272845114852,0.6329113924050633,1.0523864689510272,0.9559228542100852,1.0300663642255743,0.4183562373889814,1.0523857860068808
263,0.916999023308672,0.06013272845114852,0.6962025316455697,1.0563868924882316,0.9586260844308263,1.0300663642255743,0.4183562373889814,1.0563868608548497
263,0.916999023308672,0.06013272845114852,0.759493670886076,1.0595035682933729,0.9611635511435254,1.0300663642255743,0.4183562373889814,1.0595039982218049
263,0.916999023308672,0.06013272845114852,0.8227848101265823,1.0618666014685045,0.9635453916354707,1.0300663642255743,0.4183562373889814,1.0618671789797933
263,0.916999023308672,0.06013272845114852,0.8860759493670887,1.0635890928116998,0.9657811318668018,1.0300663642255743,0.4183562373889814,1.0635894078611652
263,0.916999023308672,0.06013272845114852,0.949367088607595,1.0647692547433187,0.9678797755285894,1.0300663642255743,0.4183562373889814,1.0647691994959188
263,0.916999023308672,0.06013272845114852,1.0126582278481013,1.065492269878389,0.9698497163111689,1.0300663642255743,0.4183562373889814,1.065491896050768
263,0.916999023308672,0.06013272845114852,1.0759493670886076,1.0658319231983555,0.9716988130938162,1.0300663642255743,0.4183562373889814,1.065831499356193
263,0.916999023308672,0.06013272845114852,1.139240506329114,1.0658520350737948,0.9734345226218714,1.0300663642255743,0.4183562373889814,1.0658517961034355
263,0.916999023308672,0.06013272845114852,1.2025316455696204,1.0656077191273505,0.9750637948735533,1.0300663642255743,0.4183562373889814,1.0656078011600216
263,0.916999023308672,0.06013272845114852,1.2658227848101267,1.0651464860525437,0.9765931133562835,1.0300663642255743,0.4183562373889814,1.0651468022552804
263,0.916999023308672,0.06013272845114852,1.3291139240506329,1.0645092119872324,0.9780286536404481,1.0300663642255743,0.4183562373889814,1.0645095951442394
263,0.916999023308672,0.06013272845114852,1.3924050632911393,1.063730987801421,0.9793761654067352,1.0300663642255743,0.4183562373889814,1.063731276940237
263,0.916999023308672,0.06013272845114852,1.4556962025316458,1.0628418636988934,0.9806410121456195,1.0300663642255743,0.4183562373889814,1.062841903952609
263,0.916999023308672,0.06013272845114852,1.518987341772152,1.0618675017934833,0.981828293682063,1.0300663642255743,0.4183562373889814,1.0618673125110252
263,0.916999023308672,0.06013272845114852,1.5822784810126582,1.0608297478502822,0.98294277024138,1.0300663642255743,0.4183562373889814,1.0608294194107624
263,0.916999023308672,0.06013272845114852,1.6455696202531647,1.0597471319681873,0.9839888828252497,1.0300663642255743,0.4183562373889814,1.0597468375309549
263,0.916999023308672,0.06013272845114852,1.708860759493671,1.0586353068513557,0.9849708388458697,1.0300663642255743,0.4183562373889814,1.0586351713706317
263,0.916999023308672,0.06013272845114852,1.7721518987341773,1.0575074312843287,0.9858925806909321,1.0300663642255743,0.4183562373889814,1.057507476553249
263,0.916999023308672,0.06013272845114852,1.8354430379746836,1.056374505458401,0.9867577855304973,1.0300663642255743,0.4183562373889814,1.0563746928213464
263,0.916999023308672,0.06013272845114852,1.89873417721519,1.0552456640605787,0.9875699245064997,1.0300663642255743,0.4183562373889814,1.0552458678977295
263,0.916999023308672,0.06013272845114852,1.9620253164556964,1.0541284322794506,0.9883322626720091,1.0300663642255743,0.4183562373889814,1.054128588516432
263,0.916999023308672,0.06013272845114852,2.0253164556962027,1.0530289492648262,0.9890478447357682,1.0300663642255743,0.4183562373889814,1.0530289843501042
263,0.916999023308672,0.06013272845114852,2.088607594936709,1.0519521630621258,0.9897195343962888,1.0300663642255743,0.4183562373889814,1.051952063310865
263,0.916999023308672,0.06013272845114852,2.151898734177215,1.050902000516363,0.9903500357374172,1.0300663642255743,0.4183562373889814,1.0509018551454667
263,0.916999023308672,0.06013272845114852,2.2151898734177218,1.0498815152382444,0.9909418697839307,1.0300663642255743,0.4183562373889814,1.0498813866436523
263,0.916999023308672,0.06013272845114852,2.278481012658228,1.0488930163512473,0.9914973990791579,1.0300663642255743,0.4183562373889814,1.0488929560644726
263,0.916999023308672,0.06013272845114852,2.3417721518987342,1.0479381804025507,0.992018863113037,1.0300663642255743,0.4183562373889814,1.0479382200297735
263,0.916999023308672,0.06013272845114852,2.405063291139241,1.0470181485329328,0.9925083492956671,1.0300663642255743,0.4183562373889814,1.047018255626035
263,0.916999023308672,0.06013272845114852,2.468354430379747,1.046133610746787,0.9929678067076311,1.0300663642255743,0.4183562373889814,1.0461337329640348
263,0.916999023308672,0.06013272845114852,2.5316455696202533,1.0452848788983105,0.9933990900636751,1.0300663642255743,0.4183562373889814,1.0452849485616553
263,0.916999023308672,0.06013272845114852,2.5949367088607596,1.0444719498133181,0.9938039267576249,1.0300663642255743,0.4183562373889814,1.0444719446383304
263,0.916999023308672,0.06013272845114852,2.6582278481012658,1.0436945597919145,0.9941839276981838,1.0300663642255743,0.4183562373889814,1.0436944600226796
263,0.916999023308672,0.06013272845114852,2.7215189873417724,1.042952231585551,0.9945406259901826,1.0300663642255743,0.4183562373889814,1.0429521078668702
263,0.916999023308672,0.06013272845114852,2.7848101265822787,1.0422443148086007,0.994875451272444,1.0300663642255743,0.4183562373889814,1.0422441940048652
263,0.916999023308672,0.06013272845114852,2.848101265822785,1.041570020622828,0.9951897373874418,1.0300663642255743,0.4183562373889814,1.041569950632082
263,0.916999023308672,0.06013272845114852,2.9113924050632916,1.0409284514298602,0.9954847491651216,1.0300663642255743,0.4183562373889814,1.0409284705216215
263,0.916999023308672,0.06013272845114852,2.9746835443037978,1.0403186262281685,0.9957616706240083,1.0300663642255743,0.4183562373889814,1.0403186873873234
263,0.916999023308672,0.06013272845114852,3.037974683544304,1.0397395021909464,0.9960216061921187,1.0300663642255743,0.4183562373889814,1.039739599744949
263,0.916999023308672,0.06013272845114852,3.1012658227848102,1.0391899929568496,0.9962655993638728,1.0300663642255743,0.4183562373889814,1.0391900745427218
263,0.916999023308672,0.06013272845114852,3.1645569620253164,1.0386689840882264,0.9964946307341735,1.0300663642255743,0.4183562373889814,1.0386690219301467
263,0.916999023308672,0.06013272845114852,3.227848101265823,1.0381753460446617,0.9967096147731568,1.0300663642255743,0.4183562373889814,1.038175311800989
263,0.916999023308672,0.06013272845114852,3.2911392405063293,1.0377079450395283,0.9969114123672104,1.0300663642255743,0.4183562373889814,1.0377078759053946
263,0.916999023308672,0.06013272845114852,3.3544303797468356,1.0372656520345527,0.9971008356353154,1.0300663642255743,0.4183562373889814,1.03726557628235
263,0.916999023308672,0.06013272845114852,3.417721518987342,1.0368473501573274,0.9972786417607702,1.0300663642255743,0.4183562373889814,1.0368473004988725
263,0.916999023308672,0.06013272845114852,3.4810126582278484,1.0364519407389476,0.9974455409737818,1.0300663642255743,0.4183562373889814,1.0364519263035061
263,0.916999023308672,0.06013272845114852,3.5443037974683547,1.0360783481766511,0.9976022058615986,1.0300663642255743,0.4183562373889814,1.0360783775916176
263,0.916999023308672,0.06013272845114852,3.607594936708861,1.0357255237907774,0.9977492633728403,1.0300663642255743,0.4183562373889814,1.035725562549017
263,0.916999023308672,0.06013272845114852,3.670886075949367,1.0353924488142365,0.9978872994428044,1.0300663642255743,0.4183562373889814,1.0353924895099385
263,0.916999023308672,0.06013272845114852,3.7341772151898738,1.0350781366479958,0.998016871099739,1.0300663642255743,0.4183562373889814,1.035078139807815
263,0.916999023308672,0.06013272845114852,3.79746835443038,1.0347816344931282,0.998138497309513,1.0300663642255743,0.4183562373889814,1.03478159296081
263,0.916999023308672,0.06013272845114852,3.8607594936708862,1.03450202445339,0.9982526619037103,1.0300663642255743,0.4183562373889814,1.034501962851741
263,0.916999023308672,0.06013272845114852,3.924050632911393,1.0342384241923641,0.9983598257628608,1.0300663642255743,0.4183562373889814,1.0342383643452733
263,0.916999023308672,0.06013272845114852,3.987341772151899,1.033989987217889,0.9984604182504134,1.0300663642255743,0.4183562373889814,1.0339899604165899
263,0.916999023308672,0.06013272845114852,4.050632911392405,1.0337559028559546,0.9985548399822342,1.0300663642255743,0.4183562373889814,1.0337559061860946
263,0.916999023308672,0.06013272845114852,4.113924050632912,1.0335353959679077,0.9986434711908475,1.0300663642255743,0.4183562373889814,1.0335354343401282
263,0.916999023308672,0.06013272845114852,4.177215189873418,1.0333277264574319,0.9987266674726307,1.0300663642255743,0.4183562373889814,1.0333277682374817
263,0.916999023308672,0.06013272845114852,4.2405063291139244,1.0331321886072704,0.9988047605396011,1.0300663642255743,0.4183562373889814,1.0331322053664171
263,0.916999023308672,0.06013272845114852,4.30379746835443,1.0329481102799176,0.9988780640869278,1.0300663642255743,0.4183562373889814,1.0329480991804918
263,0.916999023308672,0.06013272845114852,4.367088607594937,1.0327748520117153,0.9989468726169334,1.0300663642255743,0.4183562373889814,1.0327748252248274
263,0.916999023308672,0.06013272845114852,4.4303797468354436,1.032611806025323,0.9990114607884866,1.0300663642255743,0.4183562373889814,1.0326117757359494
263,0.916999023308672,0.06013272845114852,4.493670886075949,1.0324583951819086,0.9990720874013822,1.0300663642255743,0.4183562373889814,1.0324583898335917
263,0.916999023308672,0.06013272845114852,4.556962025316456,1.0323140718911876,0.9991289963596407,1.0300663642255743,0.4183562373889814,1.0323140965735536
263,0.916999023308672,0.06013272845114852,4.620253164556963,1.0321783169945704,0.999182415081345,1.0300663642255743,0.4183562373889814,1.032178353976129
263,0.916999023308672,0.06013272845114852,4.6835443037974684,1.0320506386341457,0.9992325570761146,1.0300663642255743,0.4183562373889814,1.0320506524625728
263,0.916999023308672,0.06013272845114852,4.746835443037975,1.0319305711178692,0.9992796243431121,1.0300663642255743,0.4183562373889814,1.031930554742647
263,0.916999023308672,0.06013272845114852,4.810126582278482,1.0318176737892208,0.9993238051852521,1.0300663642255743,0.4183562373889814,1.0318176488086812
263,0.916999023308672,0.06013272845114852,4.8734177215189876,1.0317115299120039,0.9993652757467048,1.0300663642255743,0.4183562373889814,1.0317115313668996
263,0.916999023308672,0.06013272845114852,4.936708860759494,1.0316117455734717,0.999404203319401,1.0300663642255743,0.4183562373889814,1.031611760217828
263,0.916999023308672,0.06013272845114852,5.0,1.0315179486110575,0.9994407438177386,1.0300663642255743,0.4183562373889814,1.0315179124307445
281,0.4541975921777131,0.15977520392835015,0.0,0.4541975921777131,0.4541975921777131,1.079887601964175,1.2448357479479635,0.4541971744622373
281,0.4541975921777131,0.15977520392835015,0.06329113924050633,0.5431601694839784,0.4876712256614889,1.079887601964175,1.2448357479479635,0.5431596831361374
281,0.4541975921777131,0.15977520392835015,0.12658227848101267,0.6206517244298339,0.5190922481887944,1.079887601964175,1.2448357479479635,0.6206521614023328
281,0.4541975921777131,0.15977520392835015,0.189873417721519,0.6880909420617054,0.5485865083393745,1.079887601964175,1.2448357479479635,0.6880913795582344
281,0.4541975921777131,0.15977520392835015,0.25316455696202533,0.7467244671846722,0.5762714353625088,1.079887601964175,1.2448357479479635,0.7467245350189602
281,0.4541975921777131,0.15977520392835015,0.31645569620253167,0.7976475659245179,0.6022585847091596,1.079887601964175,1.2448357479479635,0.7976473850731436
281,0.4541975921777131,0.15977520392835015,0.379746835443038,0.8418223178396097,0.6266521835368932,1.079887601964175,1.2448357479479635,0.841822089011943
281,0.4541975921777131,0.15977520392835015,0.44303797468354433,0.8800936331777728,0.6495494639196505,1.079887601964175,1.2448357479479635,0.8800935735597234
281,0.4541975921777131,0.15977520392835015,0.5063291139240507,0.9132033545938927,0.6710424602098398,1.079887601964175,1.2448357479479635,0.9132035084884257
281,0.4541975921777131,0.15977520392835015,0.569620253164557,0.9418026717450853,0.6912174926203074,1.079887601964175,1.2448357479479635,0.9418029155005047
281,0.4541975921777131,0.15977520392835015,0.6329113924050633,0.9664630499882325,0.7101550697224116,1.079887601964175,1.2448357479479635,0.9664632375753107
281,0.4541975921777131,0.15977520392835015,0.6962025316455697,0.9876858504568773,0.7279311203448702,1.079887601964175,1.2448357479479635,0.98768592572606
281,0.4541975921777131,0.15977520392835015,0.759493670886076,1.0059107976830064,0.7446171341337259,1.079887601964175,1.2448357479479635,1.0059107218635985
281,0.4541975921777131,0.15977520392835015,0.8227848101265823,1.0215234323164368,0.7602797724227562,1.079887601964175,1.2448357479479635,1.0215233034594264
281,0.4541975921777131,0.15977520392835015,0.8860759493670887,1.034861670109226,0.7749816765468961,1.079887601964175,1.2448357479479635,1.0348615457677328
281,0.4541975921777131,0.15977520392835015,0.949367088607595,1.0462215738959908,0.7887820534752865,1.079887601964175,1.2448357479479635,1.0462215916053614
281,0.4541975921777131,0.15977520392835015,1.0126582278481013,1.0558624325825903,0.8017360989005341,1.079887601964175,1.2448357479479635,1.0558625445818723
281,0.4541975921777131,0.15977520392835015,1.0759493670886076,1.0640112299513467,0.8138954916751314,1.079887601964175,1.2448357479479635,1.0640114529564009
281,0.4541975921777131,0.15977520392835015,1.139240506329114,1.0708665762142158,0.82530926627703,1.079887601964175,1.2448357479479635,1.0708668285783565
281,0.4541975921777131,0.15977520392835015,1.2025316455696204,1.076602166557711,0.8360231247569483,1.079887601964175,1.2448357479479635,1.0766023013230475
281,0.4541975921777131,0.15977520392835015,1.2658227848101267,1.0813698232639024,0.8460797017211672,1.079887601964175,1.2448357479479635,1.0813698002769103
281,0.4541975921777131,0.15977520392835015,1.3291139240506329,1.085302171237598,0.8555196068265867,1.079887601964175,1.2448357479479635,1.0853020083557423
281,0.4541975921777131,0.15977520392835015,1.3924050632911393,1.0885149908374951,0.8643806491410985,1.079887601964175,1.2448357479479635,1.0885147678305707
281,0.4541975921777131,0.15977520392835015,1.4556962025316458,1.0911092866142174,0.87269809820169,1.079887601964175,1.2448357479479635,1.091109099005685
281,0.4541975921777131,0.15977520392835015,1.518987341772152,1.09317310605499,0.8805054897190694,1.079887601964175,1.2448357479479635,1.0931730441278567
281,0.4541975921777131,0.15977520392835015,1.5822784810126582,1.0947831383156075,0.8878341262458214,1.079887601964175,1.2448357479479635,1.0947832147776693
281,0.4541975921777131,0.15977520392835015,1.6455696202531647,1.0960061192240704,0.8947132111661525,1.079887601964175,1.2448357479479635,1.0960062872229488
281,0.4541975921777131,0.15977520392835015,1.708860759493671,1.0969000659715333,0.9011704118135899,1.079887601964175,1.2448357479479635,1.0969002925661058
281,0.4541975921777131,0.15977520392835015,1.7721518987341773,1.0975153617866031,0.907231652758947,1.079887601964175,1.2448357479479635,1.0975155436079789
281,0.4541975921777131,0.15977520392835015,1.8354430379746836,1.0978957087583006,0.9129211145402251,1.079887601964175,1.2448357479479635,1.0978958219012143
281,0.4541975921777131,0.15977520392835015,1.89873417721519,1.0980789645353555,0.918261622884319,1.079887601964175,1.2448357479479635,1.0980789688223342
281,0.4541975921777131,0.15977520392835015,1.9620253164556964,1.098097877017875,0.9232746483075984,1.079887601964175,1.2448357479479635,1.0980978148902012
281,0.4541975921777131,0.15977520392835015,2.0253164556962027,1.097980729199308,0.9279802123739923,1.079887601964175,1.2448357479479635,1.0979806166880628
281,0.4541975921777131,0.15977520392835015,2.088607594936709,1.0977519050676512,0.9323971463503734,1.079887601964175,1.2448357479479635,1.0977518204952839
281,0.4541975921777131,0.15977520392835015,2.151898734177215,1.0974323860883417,0.936543231900698,1.079887601964175,1.2448357479479635,1.097432365923622
281,0.4541975921777131,0.15977520392835015,2.2151898734177218,1.0970401866213417,0.9404350469189675,1.079887601964175,1.2448357479479635,1.0970402156238424
281,0.4541975921777131,0.15977520392835015,2.278481012658228,1.0965907356784206,0.9440881271481137,1.079887601964175,1.2448357479479635,1.0965908049717779
281,0.4541975921777131,0.15977520392835015,2.3417721518987342,1.0960972115153906,0.9475171991497889,1.079887601964175,1.2448357479479635,1.096097248010798
281,0.4541975921777131,0.15977520392835015,2.405063291139241,1.0955708347736015,0.9507359894306399,1.079887601964175,1.2448357479479635,1.095570862985574
281,0.4541975921777131,0.15977520392835015,2.468354430379747,1.095021125201291,0.9537573148624366,1.079887601964175,1.2448357479479635,1.0950210874122872
281,0.4541975921777131,0.15977520392835015,2.5316455696202533,1.0944561263812782,0.9565933717808731,1.079887601964175,1.2448357479479635,1.0944560696416226
281,0.4541975921777131,0.15977520392835015,2.5949367088607596,1.0938826023590078,0.9592555192776997,1.079887601964175,1.2448357479479635,1.0938825485824761
281,0.4541975921777131,0.15977520392835015,2.6582278481012658,1.0933062095967252,0.961754350455364,1.079887601964175,1.2448357479479635,1.0933061796752563
281,0.4541975921777131,0.15977520392835015,2.7215189873417724,1.092731647268752,0.9640999467892838,1.079887601964175,1.2448357479479635,1.0927316664594202
281,0.4541975921777131,0.15977520392835015,2.7848101265822787,1.0921627885491045,0.9663017093774062,1.079887601964175,1.2448357479479635,1.0921628371575638
281,0.4541975921777131,0.15977520392835015,2.848101265822785,1.0916027952053236,0.9683684093747975,1.079887601964175,1.2448357479479635,1.0916028425176505
281,0.4541975921777131,0.15977520392835015,2.9113924050632916,1.091054217569966,0.9703083641200769,1.079887601964175,1.2448357479479635,1.0910542598888249
281,0.4541975921777131,0.15977520392835015,2.9746835443037978,1.0905190816966943,0.9721293595476072,1.079887601964175,1.2448357479479635,1.0905190755481604
281,0.4541975921777131,0.15977520392835015,3.037974683544304,1.0899989652379465,0.9738386582162675,1.079887601964175,1.2448357479479635,1.0899989350717205
281,0.4541975921777131,0.15977520392835015,3.1012658227848102,1.0894950634890521,0.9754431219941841,1.079887601964175,1.2448357479479635,1.0894950117670203
281,0.4541975921777131,0.15977520392835015,3.1645569620253164,1.0890082468056193,0.9769491991316197,1.079887601964175,1.2448357479479635,1.089008200096944
281,0.4541975921777131,0.15977520392835015,3.227848101265823,1.088539110432337,0.9783629030516775,1.079887601964175,1.2448357479479635,1.0885390852424783
281,0.4541975921777131,0.15977520392835015,3.2911392405063293,1.088088017758792,0.9796898948187885,1.079887601964175,1.2448357479479635,1.0880880079046336
281,0.4541975921777131,0.15977520392835015,3.3544303797468356,1.0876551377509625,0.9809355148096157,1.079887601964175,1.2448357479479635,1.0876551693621053
281,0.4541975921777131,0.15977520392835015,3.417721518987342,1.08724047734652,0.9821047421520916,1.079887601964175,1.2448357479479635,1.0872404979400405
281,0.4541975921777131,0.15977520392835015,3.4810126582278484,1.0868439094327045,0.98320224721722,1.079887601964175,1.2448357479479635,1.0868439317820604
281,0.4541975921777131,0.15977520392835015,3.5443037974683547,1.086465196939944,0.9842324528412408,1.079887601964175,1.2448357479479635,1.086465217571563
281,0.4541975921777131,0.15977520392835015,3.607594936708861,1.086104013597665,0.9851994817476799,1.079887601964175,1.2448357479479635,1.0861040175530796
281,0.4541975921777131,0.15977520392835015,3.670886075949367,1.0857599617391172,0.9861071869622389,1.079887601964175,1.2448357479479635,1.0857599561700204
281,0.4541975921777131,0.15977520392835015,3.7341772151898738,1.0854325875438877,0.9869592314220013,1.079887601964175,1.2448357479479635,1.0854325793180126
281,0.4541975921777131,0.15977520392835015,3.79746835443038,1.0851213940572524,0.9877590277712864,1.079887601964175,1.2448357479479635,1.0851213838003184
281,0.4541975921777131,0.15977520392835015,3.8607594936708862,1.0848258522774703,0.9885097576166507,1.079887601964175,1.2448357479479635,1.084825846783254
281,0.4541975921777131,0.15977520392835015,3.924050632911393,1.0845454105544947,0.9892144516417725,1.079887601964175,1.2448357479479635,1.0845454130321757
281,0.4541975921777131,0.15977520392835015,3.987341772151899,1.0842795025285157,0.9898759332785356,1.079887601964175,1.2448357479479635,1.084279514548424
281,0.4541975921777131,0.15977520392835015,4.050632911392405,1.0840275538036468,0.9904968369188711,1.079887601964175,1.2448357479479635,1.0840275646782416
281,0.4541975921777131,0.15977520392835015,4.113924050632912,1.0837889875262614,0.9910796629168093,1.079887601964175,1.2448357479479635,1.0837890047505183
281,0.4541975921777131,0.15977520392835015,4.177215189873418,1.0835632290165342,0.9916267496226426,1.079887601964175,1.2448357479479635,1.0835632387839478
281,0.4541975921777131,0.15977520392835015,4.2405063291139244,1.08334970958312,0.9921402783265763,1.079887601964175,1.2448357479479635,1.0833497169440454
281,0.4541975921777131,0.15977520392835015,4.30379746835443,1.0831478696344419,0.9926223118426305,1.079887601964175,1.2448357479479635,1.0831478685320723
281,0.4541975921777131,0.15977520392835015,4.367088607594937,1.0829571611855513,0.9930747867754485,1.079887601964175,1.2448357479479635,1.0829571640868756
281,0.4541975921777131,0.15977520392835015,4.4303797468354436,1.0827770498468063,0.993499509242009,1.079887601964175,1.2448357479479635,1.0827770552467422
281,0.4541975921777131,0.15977520392835015,4.493670886075949,1.082607016369493,0.9938981810723418,1.079887601964175,1.2448357479479635,1.082607027032767
281,0.4541975921777131,0.15977520392835015,4.556962025316456,1.0824465578137756,0.9942724061440412,1.079887601964175,1.2448357479479635,1.0824465769845975
281,0.4541975921777131,0.15977520392835015,4.620253164556963,1.0822951883958318,0.994623679925536,1.079887601964175,1.2448357479479635,1.0822952028873434
281,0.4541975921777131,0.15977520392835015,4.6835443037974684,1.0821524400634692,0.9949534064249816,1.079887601964175,1.2448357479479635,1.082152439099926
281,0.4541975921777131,0.15977520392835015,4.746835443037975,1.082017862842745,0.9952629139590612,1.079887601964175,1.2448357479479635,1.0820178487002996
281,0.4541975921777131,0.15977520392835015,4.810126582278482,1.0818910249924318,0.9955534407811966,1.079887601964175,1.2448357479479635,1.081891013053325
281,0.4541975921777131,0.15977520392835015,4.8734177215189876,1.0817715129988332,0.9958261451901947,1.079887601964175,1.2448357479479635,1.0817715200286009
281,0.4541975921777131,0.15977520392835015,4.936708860759494,1.081658931439785,0.9960821272739805,1.079887601964175,1.2448357479479635,1.0816589479227148
281,0.4541975921777131,0.15977520392835015,5.0,1.0815529027398638,0.9963224123012505,1.079887601964175,1.2448357479479635,1.0815529222222897
284,1.2465421737030733,0.12762166663841693,0.0,1.2465421737030733,1.2465421737030733,1.0638108333192084,,1.2465429679026394
284,1.2465421737030733,0.12762166663841693,0.06329113924050633,1.2757437211093778,1.2314219356048985,1.0638108333192084,,1.2757447559022737
284,1.2465421737030733,0.12762166663841693,0.12658227848101267,1.2983498460255558,1.2172288740081885,1.0638108333192084,,1.2983475050438404
284,1.2465421737030733,0.12762166663841693,0.189873417721519,1.3153362913487312,1.2039061423656139,1.0638108333192084,,1.3153333964484986
284,1.2465421737030733,0.12762166663841693,0.25316455696202533,1.327551037540622,1.1914006971911817,1.0638108333192084,,1.3275499881913584
284,1.2465421737030733,0.12762166663841693,0.31645569620253167,1.3357302138817357,1.179662148228319,1.0638108333192084,,1.335731171850105
284,1.2465421737030733,0.12762166663841693,0.379746835443038,1.340512073712804,1.1686434154538958,1.0638108333192084,,1.3405138992554835
284,1.2465421737030733,0.12762166663841693,0.44303797468354433,1.3424492665704464,1.1583005785654001,1.0638108333192084,,1.3424507069353686
284,1.2465421737030733,0.12762166663841693,0.5063291139240507,1.3420196122524655,1.1485920651018593,1.0638108333192084,,1.3420201884979939
284,1.2465421737030733,0.12762166663841693,0.569620253164557,1.3396355573172387,1.1394788837129155,1.0638108333192084,,1.3396353206969955
284,1.2465421737030733,0.12762166663841693,0.6329113924050633,1.3356524729147499,1.1309246682010217,1.0638108333192084,,1.3356518562620756
284,1.2465421737030733,0.12762166663841693,0.6962025316455697,1.3303759338170649,1.1228951210654512,1.0638108333192084,,1.3303753814173425
284,1.2465421737030733,0.12762166663841693,0.759493670886076,1.3240681017570446,1.115357950010531,1.0638108333192084,,1.3240677842912796
284,1.2465421737030733,0.12762166663841693,0.8227848101265823,1.3169533214254932,1.108283043717777,1.0638108333192084,,1.3169532186572022
284,1.2465421737030733,0.12762166663841693,0.8860759493670887,1.3092230244804823,1.101642106725943,1.0638108333192084,,1.3092229032028266
284,1.2465421737030733,0.12762166663841693,0.949367088607595,1.3010400254783814,1.0954083948971114,1.0638108333192084,,1.301039820651415
284,1.2465421737030733,0.12762166663841693,1.0126582278481013,1.292542283559206,1.0895569760106847,1.0638108333192084,,1.2925419951680395
284,1.2465421737030733,0.12762166663841693,1.0759493670886076,1.2838461948464486,1.0840645064235301,1.0638108333192084,,1.2838459582805262
284,1.2465421737030733,0.12762166663841693,1.139240506329114,1.2750494727101365,1.07890883697213,1.0638108333192084,,1.2750494037945366
284,1.2465421737030733,0.12762166663841693,1.2025316455696204,1.2662336661652223,1.0740693237700438,1.0638108333192084,,1.2662338466360366
284,1.2465421737030733,0.12762166663841693,1.2658227848101267,1.2574663606200946,1.0695267085136138,1.0638108333192084,,1.2574667809516473
284,1.2465421737030733,0.12762166663841693,1.3291139240506329,1.248803099845521,1.065262647580783,1.0638108333192084,,1.248803632021063
284,1.2465421737030733,0.12762166663841693,1.3924050632911393,1.2402890633840546,1.061260062392101,1.0638108333192084,,1.2402895923114894
284,1.2465421737030733,0.12762166663841693,1.4556962025316458,1.2319605294607479,1.0575030214892511,1.0638108333192084,,1.2319609018065143
284,1.2465421737030733,0.12762166663841693,1.518987341772152,1.2238461497983484,1.0539763765934822,1.0638108333192084,,1.2238462618662087
284,1.2465421737030733,0.12762166663841693,1.5822784810126582,1.2159680595701903,1.050665988156766,1.0638108333192084,,1.2159679663152094
284,1.2465421737030733,0.12762166663841693,1.6455696202531647,1.2083428429674121,1.0475586648378543,1.0638108333192084,,1.2083426378281883
284,1.2465421737030733,0.12762166663841693,1.708860759493671,1.2009823721991895,1.0446419091386443,1.0638108333192084,,1.2009821930857416
284,1.2465421737030733,0.12762166663841693,1.7721518987341773,1.1938945358238653,1.0419040107772806,1.0638108333192084,,1.1938944299190706
284,1.2465421737030733,0.12762166663841693,1.8354430379746836,1.1870838701130135,1.0393340472618136,1.0638108333192084,,1.18708390606331
284,1.2465421737030733,0.12762166663841693,1.89873417721519,1.1805521057326271,1.0369217080764903,1.0638108333192084,,1.180552209165533
284,1.2465421737030733,0.12762166663841693,1.9620253164556964,1.1742986402923512,1.0346572948621675,1.0638108333192084,,1.174298810010048
284,1.2465421737030733,0.12762166663841693,2.0253164556962027,1.1683209462161692,1.0325317637600673,1.0638108333192084,,1.1683210620274769
284,1.2465421737030733,0.12762166663841693,2.088607594936709,1.1626149221118198,1.030536608575636,1.0638108333192084,,1.1626149472532343
284,1.2465421737030733,0.12762166663841693,2.151898734177215,1.1571751948422235,1.0286637972261676,1.0638108333192084,,1.1571751354838284
284,1.2465421737030733,0.12762166663841693,2.2151898734177218,1.1519953786380024,1.0269058413789542,1.0638108333192084,,1.1519952380843845
284,1.2465421737030733,0.12762166663841693,2.278481012658228,1.1470682967839056,1.0252557234470847,1.0638108333192084,,1.1470681486896572
284,1.2465421737030733,0.12762166663841693,2.3417721518987342,1.142386170735673,1.0237067913556153,1.0638108333192084,,1.1423860581772014
284,1.2465421737030733,0.12762166663841693,2.405063291139241,1.1379407809186872,1.0222528447603596,1.0638108333192084,,1.1379407386667004
284,1.2465421737030733,0.12762166663841693,2.468354430379747,1.1337236029352422,1.0208880942045824,1.0638108333192084,,1.1337236377773083
284,1.2465421737030733,0.12762166663841693,2.5316455696202533,1.1297259224396887,1.019607030531362,1.0638108333192084,,1.1297260047950255
284,1.2465421737030733,0.12762166663841693,2.5949367088607596,1.1259389315329393,1.0184045227718168,1.0638108333192084,,1.125939030095015
284,1.2465421737030733,0.12762166663841693,2.6582278481012658,1.1223538091678131,1.0172757859589598,1.0638108333192084,,1.122353891288424
284,1.2465421737030733,0.12762166663841693,2.7215189873417724,1.118961787745785,1.0162162662307446,1.0638108333192084,,1.118961807223988
284,1.2465421737030733,0.12762166663841693,2.7848101265822787,1.1157542078070726,1.0152217170556617,1.0638108333192084,,1.1157541818286554
284,1.2465421737030733,0.12762166663841693,2.848101265822785,1.1127225624769221,1.0142881764511407,1.0638108333192084,,1.1127225113230208
284,1.2465421737030733,0.12762166663841693,2.9113924050632916,1.1098585331091682,1.0134118874261606,1.0638108333192084,,1.1098584981156108
284,1.2465421737030733,0.12762166663841693,2.9746835443037978,1.1071540173908374,1.0125893330281228,1.0638108333192084,,1.1071539928738925
284,1.2465421737030733,0.12762166663841693,3.037974683544304,1.1046011510189977,1.0118172327163029,1.0638108333192084,,1.104601184020802
284,1.2465421737030733,0.12762166663841693,3.1012658227848102,1.1021923238815359,1.011092486944255,1.0638108333192084,,1.102192389583119
284,1.2465421737030733,0.12762166663841693,3.1645569620253164,1.0999201915939454,1.0104121829992763,1.0638108333192084,,1.0999202830163417
284,1.2465421737030733,0.12762166663841693,3.227848101265823,1.097777683100264,1.0097736045825503,1.0638108333192084,,1.0977777645826943
284,1.2465421737030733,0.12762166663841693,3.2911392405063293,1.0957580049670208,1.0091741945578803,1.0638108333192084,,1.0957580565903124
284,1.2465421737030733,0.12762166663841693,3.3544303797468356,1.0938546429096154,1.0086115406454803,1.0638108333192084,,1.0938546601919636
284,1.2465421737030733,0.12762166663841693,3.417721518987342,1.092061361020273,1.0080833937439033,1.0638108333192084,,1.092061339675489
284,1.2465421737030733,0.12762166663841693,3.4810126582278484,1.0903721990991564,1.0075876442189506,1.0638108333192084,,1.0903721764654062
284,1.2465421737030733,0.12762166663841693,3.5443037974683547,1.0887814684353172,1.00712229424929,1.0638108333192084,,1.0887814660289425
284,1.2465421737030733,0.12762166663841693,3.607594936708861,1.0872837463388878,1.006685481576402,1.0638108333192084,,1.0872837802233377
284,1.2465421737030733,0.12762166663841693,3.670886075949367,1.0858738696803258,1.0062754657658035,1.0638108333192084,,1.0858739324402666
284,1.2465421737030733,0.12762166663841693,3.7341772151898738,1.0845469276514836,1.0058905922471466,1.0638108333192084,,1.084547008534027
284,1.2465421737030733,0.12762166663841693,3.79746835443038,1.0832982539388012,1.0055293195087756,1.0638108333192084,,1.0832983319659621
284,1.2465421737030733,0.12762166663841693,3.8607594936708862,1.0821234184693076,1.005190210400243,1.0638108333192084,,1.0821234598770706
284,1.2465421737030733,0.12762166663841693,3.924050632911393,1.0810182188603088,1.00487189594383,1.0638108333192084,,1.0810182149980443
284,1.2465421737030733,0.12762166663841693,3.987341772151899,1.0799786716872468,1.0045731007786645,1.0638108333192084,,1.0799786493209176
284,1.2465421737030733,0.12762166663841693,4.050632911392405,1.0790010036655635,1.0042926349343348,1.0638108333192084,,1.079000967514979
284,1.2465421737030733,0.12762166663841693,4.113924050632912,1.0780816428239512,1.0040293689861428,1.0638108333192084,,1.0780816187294933
284,1.2465421737030733,0.12762166663841693,4.177215189873418,1.0772172097370811,1.0037822466874364,1.0638108333192084,,1.0772172067546735
284,1.2465421737030733,0.12762166663841693,4.2405063291139244,1.076404508870383,1.0035502827365361,1.0638108333192084,,1.076404516040635
284,1.2465421737030733,0.12762166663841693,4.30379746835443,1.0756405200806434,1.0033325453481543,1.0638108333192084,,1.075640528143337
284,1.2465421737030733,0.12762166663841693,4.367088607594937,1.0749223903074498,1.0031281597465276,1.0638108333192084,,1.0749223846598472
284,1.2465421737030733,0.12762166663841693,4.4303797468354436,1.074247425482966,1.0029363100979476,1.0638108333192084,,1.074247399746896
284,1.2465421737030733,0.12762166663841693,4.493670886075949,1.0736130826809276,1.0027562276757473,1.0638108333192084,,1.0736130571753324
284,1.2465421737030733,0.12762166663841693,4.556962025316456,1.0730169625218333,1.0025871879989614,1.0638108333192084,,1.073016949701056
284,1.2465421737030733,0.12762166663841693,4.620253164556963,1.0724568018464662,1.0024285155556738,1.0638108333192084,,1.072456810484129
284,1.2465421737030733,0.12762166663841693,4.6835443037974684,1.071930466660395,1.0022795761470287,1.0638108333192084,,1.0719304960291793
284,1.2465421737030733,0.12762166663841693,4.746835443037975,1.071435945360028,1.0021397697643093,1.0638108333192084,,1.0714359802943179
284,1.2465421737030733,0.12762166663841693,4.810126582278482,1.0709713422351443,1.0020085370814,1.0638108333192084,,1.0709713692961162
284,1.2465421737030733,0.12762166663841693,4.8734177215189876,1.0705348712433298,1.0018853548879738,1.0638108333192084,,1.0705348813499302
284,1.2465421737030733,0.12762166663841693,4.936708860759494,1.0701248500675753,1.0017697262679663,1.0638108333192084,,1.0701248371286962
284,1.2465421737030733,0.12762166663841693,5.0,1.0697396944691882,1.0016611881007629,1.0638108333192084,,1.0697396985686294
286,0.6034184305748898,0.28399860207836874,0.0,0.6034184305748898,0.6034184305748898,1.1419993010391845,0.42282075325002466,0.6034204115080984
286,0.6034184305748898,0.28399860207836874,0.06329113924050633,0.7263710678226069,0.6277404671051482,1.1419993010391845,0.42282075325002466,0.7263688141006109
286,0.6034184305748898,0.28399860207836874,0.12658227848101267,0.831091514038626,0.6505710707232931,1.1419993010391845,0.42282075325002466,0.8310926581626297
286,0.6034184305748898,0.28399860207836874,0.189873417721519,0.9199691513445282,0.6720016833624323,1.1419993010391845,0.42282075325002466,0.9199706847680441
286,0.6034184305748898,0.28399860207836874,0.25316455696202533,0.9950956773009779,0.692117629446403,1.1419993010391845,0.42282075325002466,0.9950956425112154
286,0.6034184305748898,0.28399860207836874,0.31645569620253167,1.0583013326356039,0.7109999654806106,1.1419993010391845,0.42282075325002466,1.0583002200576814
286,0.6034184305748898,0.28399860207836874,0.379746835443038,1.111186770372965,0.7287244232118039,1.1419993010391845,0.42282075325002466,1.1111859242367408
286,0.6034184305748898,0.28399860207836874,0.44303797468354433,1.1551510879985496,0.7453616517392343,1.1419993010391845,0.42282075325002466,1.1551512512039854
286,0.6034184305748898,0.28399860207836874,0.5063291139240507,1.191416481371831,0.7609785234830226,1.1419993010391845,0.42282075325002466,1.1914174854607749
286,0.6034184305748898,0.28399860207836874,0.569620253164557,1.2210499251537859,0.7756377589533634,1.1419993010391845,0.42282075325002466,1.2210510624081814
286,0.6034184305748898,0.28399860207836874,0.6329113924050633,1.2449822357712919,0.7893978559053486,1.1419993010391845,0.42282075325002466,1.2449827634615716
286,0.6034184305748898,0.28399860207836874,0.6962025316455697,1.2640248305816641,0.8023139844401463,1.1419993010391845,0.42282075325002466,1.2640245488405977
286,0.6034184305748898,0.28399860207836874,0.759493670886076,1.2788844594213786,0.8144380891362691,1.1419993010391845,0.42282075325002466,1.278883635295687
286,0.6034184305748898,0.28399860207836874,0.8227848101265823,1.2901761517718893,0.8258186063069146,1.1419993010391845,0.42282075325002466,1.290175136410091
286,0.6034184305748898,0.28399860207836874,0.8860759493670887,1.2984345937211066,0.8365010513227797,1.1419993010391845,0.42282075325002466,1.298433895823464
286,0.6034184305748898,0.28399860207836874,0.949367088607595,1.3041241233028322,0.8465284441346864,1.1419993010391845,0.42282075325002466,1.3041239090384853
286,0.6034184305748898,0.28399860207836874,1.0126582278481013,1.3076475102605514,0.8559408900886094,1.1419993010391845,0.42282075325002466,1.3076477687918202
286,0.6034184305748898,0.28399860207836874,1.0759493670886076,1.3093536664300796,0.8647759391845767,1.1419993010391845,0.42282075325002466,1.3093541251298522
286,0.6034184305748898,0.28399860207836874,1.139240506329114,1.309544415442869,0.8730692200126089,1.1419993010391845,0.42282075325002466,1.309544805765252
286,0.6034184305748898,0.28399860207836874,1.2025316455696204,1.3084804350796342,0.8808539398116987,1.1419993010391845,0.42282075325002466,1.3084805736295049
286,0.6034184305748898,0.28399860207836874,1.2658227848101267,1.306386472005056,0.8881610770070549,1.1419993010391845,0.42282075325002466,1.3063863404820366
286,0.6034184305748898,0.28399860207836874,1.3291139240506329,1.303455916708167,0.8950201386899584,1.1419993010391845,0.42282075325002466,1.3034556951899288
286,0.6034184305748898,0.28399860207836874,1.3924050632911393,1.2998548159296759,0.9014585970358177,1.1419993010391845,0.42282075325002466,1.2998546484934956
286,0.6034184305748898,0.28399860207836874,1.4556962025316458,1.2957253905305885,0.9075020789897046,1.1419993010391845,0.42282075325002466,1.2957253974088045
286,0.6034184305748898,0.28399860207836874,1.518987341772152,1.2911891187839857,0.913174951693641,1.1419993010391845,0.42282075325002466,1.2911893198619206
286,0.6034184305748898,0.28399860207836874,1.5822784810126582,1.2863494377392892,0.9184999596706552,1.1419993010391845,0.42282075325002466,1.2863497140428541
286,0.6034184305748898,0.28399860207836874,1.6455696202531647,1.2812941088636711,0.9234983221820925,1.1419993010391845,0.42282075325002466,1.2812942873884485
286,0.6034184305748898,0.28399860207836874,1.708860759493671,1.2760972890334084,0.9281901423905694,1.1419993010391845,0.42282075325002466,1.2760972223890852
286,0.6034184305748898,0.28399860207836874,1.7721518987341773,1.2708213424424073,0.9325942571623653,1.1419993010391845,0.42282075325002466,1.2708210528988604
286,0.6034184305748898,0.28399860207836874,1.8354430379746836,1.2655184252840546,0.9367282361446245,1.1419993010391845,0.42282075325002466,1.2655179425007608
286,0.6034184305748898,0.28399860207836874,1.89873417721519,1.2602318706953364,0.9406086645749064,1.1419993010391845,0.42282075325002466,1.2602314056849682
286,0.6034184305748898,0.28399860207836874,1.9620253164556964,1.2549973986555059,0.9442511429909735,1.1419993010391845,0.42282075325002466,1.254997056507421
286,0.6034184305748898,0.28399860207836874,2.0253164556962027,1.2498441720752866,0.9476702191176731,1.1419993010391845,0.42282075325002466,1.2498440666330441
286,0.6034184305748898,0.28399860207836874,2.088607594936709,1.2447957180877252,0.9508795758066468,1.1419993010391845,0.42282075325002466,1.2447958386375295
286,0.6034184305748898,0.28399860207836874,2.151898734177215,1.2398707311382078,0.9538921332650866,1.1419993010391845,0.42282075325002466,1.2398709966912562
286,0.6034184305748898,0.28399860207836874,2.2151898734177218,1.2350837724037438,0.9567199370375462,1.1419993010391845,0.42282075325002466,1.2350840456242849
286,0.6034184305748898,0.28399860207836874,2.278481012658228,1.2304458784012027,0.9593742754386732,1.1419993010391845,0.42282075325002466,1.230446034655128
286,0.6034184305748898,0.28399860207836874,2.3417721518987342,1.2259650900510295,0.961865848829714,1.1419993010391845,0.42282075325002466,1.2259650770334303
286,0.6034184305748898,0.28399860207836874,2.405063291139241,1.221646912090432,0.9642046309291253,1.1419993010391845,0.42282075325002466,1.2216467727252276
286,0.6034184305748898,0.28399860207836874,2.468354430379747,1.2174947115307522,0.9663999345120965,1.1419993010391845,0.42282075325002466,1.2174945228495435
286,0.6034184305748898,0.28399860207836874,2.5316455696202533,1.213510062795146,0.9684606214705516,1.1419993010391845,0.42282075325002466,1.2135099248719237
286,0.6034184305748898,0.28399860207836874,2.5949367088607596,1.2096930462405893,0.9703949453526023,1.1419993010391845,0.42282075325002466,1.2096930411396711
286,0.6034184305748898,0.28399860207836874,2.6582278481012658,1.2060425059492395,0.9722106031363725,1.1419993010391845,0.42282075325002466,1.2060426232339527
286,0.6034184305748898,0.28399860207836874,2.7215189873417724,1.2025562719558656,0.9739149200503554,1.1419993010391845,0.42282075325002466,1.2025564615074356
286,0.6034184305748898,0.28399860207836874,2.7848101265822787,1.1992313514426483,0.9755147269588437,1.1419993010391845,0.42282075325002466,1.1992315220519838
286,0.6034184305748898,0.28399860207836874,2.848101265822785,1.1960640928516089,0.977016397007836,1.1419993010391845,0.42282075325002466,1.1960641789055444
286,0.6034184305748898,0.28399860207836874,2.9113924050632916,1.1930503264319163,0.978425973599045,1.1419993010391845,0.42282075325002466,1.1930502955454714
286,0.6034184305748898,0.28399860207836874,2.9746835443037978,1.1901854842791724,0.9797491140143741,1.1419993010391845,0.42282075325002466,1.1901853427102016
286,0.6034184305748898,0.28399860207836874,3.037974683544304,1.187464702477834,0.9809910952495434,1.1419993010391845,0.42282075325002466,1.1874645417489602
286,0.6034184305748898,0.28399860207836874,3.1012658227848102,1.1848829077670253,0.9821569031573509,1.1419993010391845,0.42282075325002466,1.1848827988379902
286,0.6034184305748898,0.28399860207836874,3.1645569620253164,1.1824348907493776,0.9832512230545729,1.1419993010391845,0.42282075325002466,1.1824348728764411
286,0.6034184305748898,0.28399860207836874,3.227848101265823,1.180115367399182,0.9842784243114623,1.1419993010391845,0.42282075325002466,1.1801154589433889
286,0.6034184305748898,0.28399860207836874,3.2911392405063293,1.177919030522643,0.9852426202733349,1.1419993010391845,0.42282075325002466,1.1779191716064306
286,0.6034184305748898,0.28399860207836874,3.3544303797468356,1.1758405924480095,0.9861476912730268,1.1419993010391845,0.42282075325002466,1.1758407354000606
286,0.6034184305748898,0.28399860207836874,3.417721518987342,1.1738748202116802,0.9869972551588684,1.1419993010391845,0.42282075325002466,1.1738749062778866
286,0.6034184305748898,0.28399860207836874,3.4810126582278484,1.1720165642652292,0.9877947054356199,1.1419993010391845,0.42282075325002466,1.172016562924428
286,0.6034184305748898,0.28399860207836874,3.5443037974683547,1.1702607815841284,0.9885432557486334,1.1419993010391845,0.42282075325002466,1.1702607008640316
286,0.6034184305748898,0.28399860207836874,3.607594936708861,1.168602554031455,0.9892459016803863,1.1419993010391845,0.42282075325002466,1.1686024727166118
286,0.6034184305748898,0.28399860207836874,3.670886075949367,1.1670371026227773,0.9899054428502244,1.1419993010391845,0.42282075325002466,1.167037041902403
286,0.6034184305748898,0.28399860207836874,3.7341772151898738,1.165559798306041,0.990524540758585,1.1419993010391845,0.42282075325002466,1.165559823194546
286,0.6034184305748898,0.28399860207836874,3.79746835443038,1.1641661697880696,0.9911056750425042,1.1419993010391845,0.42282075325002466,1.1641662431483504
286,0.6034184305748898,0.28399860207836874,3.8607594936708862,1.162851908859849,0.9916511574662418,1.1419993010391845,0.42282075325002466,1.1628520169822285
286,0.6034184305748898,0.28399860207836874,3.924050632911393,1.1616128736079978,0.9921631901330966,1.1419993010391845,0.42282075325002466,1.1616129654631775
286,0.6034184305748898,0.28399860207836874,3.987341772151899,1.1604450898586836,0.9926438245566437,1.1419993010391845,0.42282075325002466,1.1604451268373701
286,0.6034184305748898,0.28399860207836874,4.050632911392405,1.1593447511491755,0.993094974893497,1.1419993010391845,0.42282075325002466,1.15934474013875
286,0.6034184305748898,0.28399860207836874,4.113924050632912,1.1583082174814001,0.9935184579079542,1.1419993010391845,0.42282075325002466,1.1583081740051036
286,0.6034184305748898,0.28399860207836874,4.177215189873418,1.1573320130771447,0.9939159726519378,1.1419993010391845,0.42282075325002466,1.1573319659519519
286,0.6034184305748898,0.28399860207836874,4.2405063291139244,1.1564128233239344,0.9942891040570669,1.1419993010391845,0.42282075325002466,1.156412817463314
286,0.6034184305748898,0.28399860207836874,4.30379746835443,1.155547491073837,0.9946393509698296,1.1419993010391845,0.42282075325002466,1.1555475117619958
286,0.6034184305748898,0.28399860207836874,4.367088607594937,1.1547330124340858,0.9949681205326231,1.1419993010391845,0.42282075325002466,1.1547330524955206
286,0.6034184305748898,0.28399860207836874,4.4303797468354436,1.153966532168138,0.9952767250751335,1.1419993010391845,0.42282075325002466,1.1539665630967815
286,0.6034184305748898,0.28399860207836874,4.493670886075949,1.1532453388081751,0.995566401151846,1.1419993010391845,0.42282075325002466,1.153245335876406
286,0.6034184305748898,0.28399860207836874,4.556962025316456,1.1525668595646834,0.995838314144722,1.1419993010391845,0.42282075325002466,1.1525668361956074
286,0.6034184305748898,0.28399860207836874,4.620253164556963,1.1519286551052066,0.9960935506653282,1.1419993010391845,0.42282075325002466,1.1519286332459493
286,0.6034184305748898,0.28399860207836874,4.6835443037974684,1.1513284142621534,0.9963331308700214,1.1419993010391845,0.42282075325002466,1.1513284221409115
286,0.6034184305748898,0.28399860207836874,4.746835443037975,1.1507639487182564,0.99655801991767,1.1419993010391845,0.42282075325002466,1.1507639893057717
286,0.6034184305748898,0.28399860207836874,4.810126582278482,1.1502331877194236,0.9967691175264348,1.1419993010391845,0.42282075325002466,1.1502332227870025
286,0.6034184305748898,0.28399860207836874,4.8734177215189876,1.149734172849124,0.9969672653194124,1.1419993010391845,0.42282075325002466,1.149734151280701
286,0.6034184305748898,0.28399860207836874,4.936708860759494,1.1492650528828405,0.9971532626234392,1.1419993010391845,0.42282075325002466,1.149264956160219
286,0.6034184305748898,0.28399860207836874,5.0,1.1488240787468422,0.997327854402299,1.1419993010391845,0.42282075325002466,1.1488240405736652
300,0.4655866515803549,0.2146017121506844,0.0,0.4655866515803549,0.4655866515803549,1.1073008560753421,0.784567977614603,0.46558546019170943
300,0.4655866515803549,0.2146017121506844,0.06329113924050633,0.5728915292494582,0.4983618029858085,1.1073008560753421,0.784567977614603,0.5728895478838817
300,0.4655866515803549,0.2146017121506844,0.12658227848101267,0.665536433529045,0.5291271745175766,1.1073008560753421,0.784567977614603,0.6655372436398427
300,0.4655866515803549,0.2146017121506844,0.189873417721519,0.7453810359441777,0.5580059887190773,1.1073008560753421,0.784567977614603,0.7453821141259703
300,0.4655866515803549,0.2146017121506844,0.25316455696202533,0.8140567435339321,0.5851132244863553,1.1073008560753421,0.784567977614603,0.8140565904339061
300,0.4655866515803549,0.2146017121506844,0.31645569620253167,0.8729942778624156,0.610558109483541,1.1073008560753421,0.784567977614603,0.8729932702394253
300,0.4655866515803549,0.2146017121506844,0.379746835443038,0.9234479478310295,0.6344426959981893,1.1073008560753421,0.784567977614603,0.9234468561983542
300,0.4655866515803549,0.2146017121506844,0.44303797468354433,0.9665170114840013,0.6568621871980835,1.1073008560753421,0.784567977614603,0.9665164478075119
300,0.4655866515803549,0.2146017121506844,0.5063291139240507,1.003164474062759,0.6779066969884304,1.1073008560753421,0.784567977614603,1.0031644419651016
300,0.4655866515803549,0.2146017121506844,0.569620253164557,1.0342336287815779,0.6976607443697372,1.1073008560753421,0.784567977614603,1.034233823301543
300,0.4655866515803549,0.2146017121506844,0.6329113924050633,1.060462610064855,0.7162031579704227,1.1073008560753421,0.784567977614603,1.06046270926527
300,0.4655866515803549,0.2146017121506844,0.6962025316455697,1.0824971968206931,0.7336082822400801,1.1073008560753421,0.784567977614603,1.0824970238075922
300,0.4655866515803549,0.2146017121506844,0.759493670886076,1.1009020750187577,0.7499461150764315,1.1073008560753421,0.784567977614603,1.1009016531316367
300,0.4655866515803549,0.2146017121506844,0.8227848101265823,1.11617074389383,0.7652819268155615,1.1073008560753421,0.784567977614603,1.1161703034391717
300,0.4655866515803549,0.2146017121506844,0.8860759493670887,1.1287342281031485,0.779677051678558,1.1073008560753421,0.784567977614603,1.1287339624905786
300,0.4655866515803549,0.2146017121506844,0.949367088607595,1.1389687388006056,0.7931894611843724,1.1073008560753421,0.784567977614603,1.138968854531619
300,0.4655866515803549,0.2146017121506844,1.0126582278481013,1.1472024095364846,0.8058731992772626,1.1073008560753421,0.784567977614603,1.1472027771358662
300,0.4655866515803549,0.2146017121506844,1.0759493670886076,1.153721217858865,0.8177788664459905,1.1073008560753421,0.784567977614603,1.1537217031459024
300,0.4655866515803549,0.2146017121506844,1.139240506329114,1.1587741902566238,0.8289544739839732,1.1073008560753421,0.784567977614603,1.1587745720881095
300,0.4655866515803549,0.2146017121506844,1.2025316455696204,1.162577976427961,0.8394447702939368,1.1073008560753421,0.784567977614603,1.162578154244159
300,0.4655866515803549,0.2146017121506844,1.2658227848101267,1.1653208685898175,0.8492915003414119,1.1073008560753421,0.784567977614603,1.165320742396834
300,0.4655866515803549,0.2146017121506844,1.3291139240506329,1.1671663324917032,0.8585344263964273,1.1073008560753421,0.784567977614603,1.1671661008198417
300,0.4655866515803549,0.2146017121506844,1.3924050632911393,1.1682561087922814,0.8672105685788719,1.1073008560753421,0.784567977614603,1.168255860985209
300,0.4655866515803549,0.2146017121506844,1.4556962025316458,1.1687129365402544,0.8753544604691907,1.1073008560753421,0.784567977614603,1.1687128460982161
300,0.4655866515803549,0.2146017121506844,1.518987341772152,1.168642944255901,0.8829989380006718,1.1073008560753421,0.784567977614603,1.1686430387193727
300,0.4655866515803549,0.2146017121506844,1.5822784810126582,1.1681377485672069,0.8901746505469741,1.1073008560753421,0.784567977614603,1.168138055019596
300,0.4655866515803549,0.2146017121506844,1.6455696202531647,1.1672762957774718,0.896910192115955,1.1073008560753421,0.784567977614603,1.1672766342425547
300,0.4655866515803549,0.2146017121506844,1.708860759493671,1.1661264773696796,0.9032326527170055,1.1073008560753421,0.784567977614603,1.166126787968393
300,0.4655866515803549,0.2146017121506844,1.7721518987341773,1.1647465466782148,0.9091674159623904,1.1073008560753421,0.784567977614603,1.1647467171591026
300,0.4655866515803549,0.2146017121506844,1.8354430379746836,1.1631863609281268,0.9147381578236621,1.1073008560753421,0.784567977614603,1.1631863585680098
300,0.4655866515803549,0.2146017121506844,1.89873417721519,1.1614884696451664,0.9199672277316125,1.1073008560753421,0.784567977614603,1.161488337131649
300,0.4655866515803549,0.2146017121506844,1.9620253164556964,1.1596890681435055,0.9248756481851911,1.1073008560753421,0.784567977614603,1.159688920816255
300,0.4655866515803549,0.2146017121506844,2.0253164556962027,1.1578188324869654,0.9294830229656692,1.1073008560753421,0.784567977614603,1.1578187206748853
300,0.4655866515803549,0.2146017121506844,2.088607594936709,1.1559036502576736,0.9338077903947555,1.1073008560753421,0.784567977614603,1.1559036444665995
300,0.4655866515803549,0.2146017121506844,2.151898734177215,1.1539652598836028,0.9378673610929208,1.1073008560753421,0.784567977614603,1.1539653220418031
300,0.4655866515803549,0.2146017121506844,2.2151898734177218,1.152021809669345,0.9416779670293103,1.1073008560753421,0.784567977614603,1.1520219310758177
300,0.4655866515803549,0.2146017121506844,2.278481012658228,1.1500883463189733,0.9452548197681849,1.1073008560753421,0.784567977614603,1.1500884341850048
300,0.4655866515803549,0.2146017121506844,2.3417721518987342,1.148177241592227,0.9486123385774167,1.1073008560753421,0.784567977614603,1.1481772492830036
300,0.4655866515803549,0.2146017121506844,2.405063291139241,1.1462985646841304,0.9517639635376537,1.1073008560753421,0.784567977614603,1.146298498724482
300,0.4655866515803549,0.2146017121506844,2.468354430379747,1.1444604069971152,0.9547222440756864,1.1073008560753421,0.784567977614603,1.1444602901134624
300,0.4655866515803549,0.2146017121506844,2.5316455696202533,1.1426691651701208,0.9574991220307278,1.1073008560753421,0.784567977614603,1.1426690550406384
300,0.4655866515803549,0.2146017121506844,2.5949367088607596,1.1409297875200413,0.9601057194685119,1.1073008560753421,0.784567977614603,1.1409297292523521
300,0.4655866515803549,0.2146017121506844,2.6582278481012658,1.1392459884273012,0.9625524084490876,1.1073008560753421,0.784567977614603,1.139246001548884
300,0.4655866515803549,0.2146017121506844,2.7215189873417724,1.1376204346447367,0.9648490600814108,1.1073008560753421,0.784567977614603,1.1376204924806586
300,0.4655866515803549,0.2146017121506844,2.7848101265822787,1.1360549070173735,0.9670048792941531,1.1073008560753421,0.784567977614603,1.136054979191277
300,0.4655866515803549,0.2146017121506844,2.848101265822785,1.1345504407023552,0.9690284542178902,1.1073008560753421,0.784567977614603,1.1345504710197565
300,0.4655866515803549,0.2146017121506844,2.9113924050632916,1.1331074465875075,0.9709279286363764,1.1073008560753421,0.784567977614603,1.1331074048881422
300,0.4655866515803549,0.2146017121506844,2.9746835443037978,1.1317258162475357,0.9727109260177316,1.1073008560753421,0.784567977614603,1.131725719921902
300,0.4655866515803549,0.2146017121506844,3.037974683544304,1.1304050125309233,0.9743845573756647,1.1073008560753421,0.784567977614603,1.1304048878871924
300,0.4655866515803549,0.2146017121506844,3.1012658227848102,1.129144147647153,0.9759555413942158,1.1073008560753421,0.784567977614603,1.1291440329762277
300,0.4655866515803549,0.2146017121506844,3.1645569620253164,1.1279420502440298,0.9774301917703574,1.1073008560753421,0.784567977614603,1.1279419818814929
300,0.4655866515803549,0.2146017121506844,3.227848101265823,1.1267973230219457,0.9788143964472986,1.1073008560753421,0.784567977614603,1.1267973236884277
300,0.4655866515803549,0.2146017121506844,3.2911392405063293,1.125708391963992,0.9801136983620975,1.1073008560753421,0.784567977614603,1.1257084275486784
300,0.4655866515803549,0.2146017121506844,3.3544303797468356,1.1246735484071368,0.9813333264557407,1.1073008560753421,0.784567977614603,1.1246736037030536
300,0.4655866515803549,0.2146017121506844,3.417721518987342,1.1236909847576395,0.9824781559585072,1.1073008560753421,0.784567977614603,1.1236910229700463
300,0.4655866515803549,0.2146017121506844,3.4810126582278484,1.1227588248007296,0.9835527597864774,1.1073008560753421,0.784567977614603,1.1227588375130508
300,0.4655866515803549,0.2146017121506844,3.5443037974683547,1.121875149244917,0.9845614684861923,1.1073008560753421,0.784567977614603,1.121875117020289
300,0.4655866515803549,0.2146017121506844,3.607594936708861,1.1210380171574572,0.9855083187538027,1.1073008560753421,0.784567977614603,1.1210379748721873
300,0.4655866515803549,0.2146017121506844,3.670886075949367,1.1202454838704874,0.9863970832153313,1.1073008560753421,0.784567977614603,1.1202454360829155
300,0.4655866515803549,0.2146017121506844,3.7341772151898738,1.119495615806285,0.9872313483746941,1.1073008560753421,0.784567977614603,1.119495594886878
300,0.4655866515803549,0.2146017121506844,3.79746835443038,1.118786502656115,0.9880144556658146,1.1073008560753421,0.784567977614603,1.1187865072264342
300,0.4655866515803549,0.2146017121506844,3.8607594936708862,1.1181162672859752,0.9887495203058225,1.1073008560753421,0.784567977614603,1.118116291882171
300,0.4655866515803549,0.2146017121506844,3.924050632911393,1.1174830736887196,0.9894395097382254,1.1073008560753421,0.784567977614603,1.1174830961082458
300,0.4655866515803549,0.2146017121506844,3.987341772151899,1.1168851332607286,0.990087188479386,1.1073008560753421,0.784567977614603,1.1168851442338292
300,0.4655866515803549,0.2146017121506844,4.050632911392405,1.1163207096460028,0.9906951359503423,1.1073008560753421,0.784567977614603,1.1163207057530675
300,0.4655866515803549,0.2146017121506844,4.113924050632912,1.1157881223620445,0.9912658003311512,1.1073008560753421,0.784567977614603,1.115788105143555
300,0.4655866515803549,0.2146017121506844,4.177215189873418,1.1152857493914228,0.9918014711786046,1.1073008560753421,0.784567977614603,1.115285732666654
300,0.4655866515803549,0.2146017121506844,4.2405063291139244,1.114812028898855,0.9923042842667222,1.1073008560753421,0.784567977614603,1.1148120227668568
300,0.4655866515803549,0.2146017121506844,4.30379746835443,1.1143654602124828,0.992776259365538,1.1073008560753421,0.784567977614603,1.114365462172022
300,0.4655866515803549,0.2146017121506844,4.367088607594937,1.1139446041894414,0.9932192926692737,1.1073008560753421,0.784567977614603,1.1139446097757857
300,0.4655866515803549,0.2146017121506844,4.4303797468354436,1.113548083069564,0.993635152607324,1.1073008560753421,0.784567977614603,1.1135480934465556
300,0.4655866515803549,0.2146017121506844,4.493670886075949,1.1131745799068204,0.9940255054982515,1.1073008560753421,0.784567977614603,1.1131745862177154
300,0.4655866515803549,0.2146017121506844,4.556962025316456,1.1128228376555984,0.99439192175212,1.1073008560753421,0.784567977614603,1.1128228350066567
300,0.4655866515803549,0.2146017121506844,4.620253164556963,1.1124916579778792,0.994735865631963,1.1073008560753421,0.784567977614603,1.1124916500599227
300,0.4655866515803549,0.2146017121506844,4.6835443037974684,1.1121798998282393,0.9950587118490195,1.1073008560753421,0.784567977614603,1.1121798951347333
300,0.4655866515803549,0.2146017121506844,4.746835443037975,1.1118864778675528,0.995361761002502,1.1073008560753421,0.784567977614603,1.111886481730633
300,0.4655866515803549,0.2146017121506844,4.810126582278482,1.1116103607433472,0.9956462255076164,1.1073008560753421,0.784567977614603,1.111610369703146
300,0.4655866515803549,0.2146017121506844,4.8734177215189876,1.1113505692757482,0.9959132394933621,1.1073008560753421,0.784567977614603,1.1113505764685936
300,0.4655866515803549,0.2146017121506844,4.936708860759494,1.1111061745731992,0.9961638800925111,1.1073008560753421,0.784567977614603,1.1111061758381513
300,0.4655866515803549,0.2146017121506844,5.0,1.1108762961052265,0.996399151179933,1.1073008560753421,0.784567977614603,1.1108763469874818
315,0.5410901584912773,0.0432503252869865,0.0,0.5410901584912773,0.5410901584912773,1.0216251626434933,,0.5410862651512823
315,0.5410901584912773,0.0432503252869865,0.06329113924050633,0.5842555078976536,0.5692347390512119,1.0216251626434933,,0.5842568181538927
315,0.5410901584912773,0.0432503252869865,0.12658227848101267,0.6231453139759386,0.5956534874139748,1.0216251626434933,,0.6231448870921703
315,0.5410901584912773,0.0432503252869865,0.189873417721519,0.6582153876965272,0.6204522168756561,1.0216251626434933,,0.6582145911815538
315,0.5410901584912773,0.0432503252869865,0.25316455696202533,0.689870567379215,0.6437296617719859,1.0216251626434933,,0.6898707303514231
315,0.5410901584912773,0.0432503252869865,0.31645569620253167,0.718470581621396,0.665579617757923,1.0216251626434933,,0.7184714982038501
315,0.5410901584912773,0.0432503252869865,0.379746835443038,0.7443352272518614,0.6860897188703899,1.0216251626434933,,0.7443360068912535
315,0.5410901584912773,0.0432503252869865,0.44303797468354433,0.7677489430137259,0.7053417176905447,1.0216251626434933,,0.7677490510394636
315,0.5410901584912773,0.0432503252869865,0.5063291139240507,0.7889648501243389,0.723412996563118,1.0216251626434933,,0.7889644440648254
315,0.5410901584912773,0.0432503252869865,0.569620253164557,0.8082083224442509,0.7403761333929132,1.0216251626434933,,0.8082078439307071
315,0.5410901584912773,0.0432503252869865,0.6329113924050633,0.825680141568998,0.7562988196653336,1.0216251626434933,,0.8256799912798736
315,0.5410901584912773,0.0432503252869865,0.6962025316455697,0.8415592856185631,0.7712448962250757,1.0216251626434933,,0.8415595823196653
315,0.5410901584912773,0.0432503252869865,0.759493670886076,0.8560053947355374,0.7852744714587366,1.0216251626434933,,0.8560059060638275
315,0.5410901584912773,0.0432503252869865,0.8227848101265823,0.8691609512222999,0.798443594115241,1.0216251626434933,,0.8691613617889704
315,0.5410901584912773,0.0432503252869865,0.8860759493670887,0.8811532077688493,0.8108049329345484,1.0216251626434933,,0.8811532322507794
315,0.5410901584912773,0.0432503252869865,0.949367088607595,0.8920958932748442,0.8224082690470372,1.0216251626434933,,0.8920954942104243
315,0.5410901584912773,0.0432503252869865,1.0126582278481013,0.9020907222889896,0.8333000109078251,1.0216251626434933,,0.9020901478557941
315,0.5410901584912773,0.0432503252869865,1.0759493670886076,0.9112287310207058,0.8435236100181652,1.0216251626434933,,0.9112282850513516
315,0.5410901584912773,0.0432503252869865,1.139240506329114,0.9195914601742095,0.8531202944931809,1.0216251626434933,,0.9195913009376928
315,0.5410901584912773,0.0432503252869865,1.2025316455696204,0.9272520024698726,0.8621284905482036,1.0216251626434933,,0.9272521664056396
315,0.5410901584912773,0.0432503252869865,1.2658227848101267,0.9342759306099165,0.8705840452959057,1.0216251626434933,,0.9342763412142214
315,0.5410901584912773,0.0432503252869865,1.3291139240506329,0.9407221196042398,0.8785211032745784,1.0216251626434933,,0.940722524122008
315,0.5410901584912773,0.0432503252869865,1.3924050632911393,0.9466434757275131,0.8859714542914988,1.0216251626434933,,0.9466437211369633
315,0.5410901584912773,0.0432503252869865,1.4556962025316458,0.9520875829407494,0.8929647529201761,1.0216251626434933,,0.9520875813082205
315,0.5410901584912773,0.0432503252869865,1.518987341772152,0.9570972763186457,0.8995291959356108,1.0216251626434933,,0.957097054563768
315,0.5410901584912773,0.0432503252869865,1.5822784810126582,0.9617111509562404,0.9056911024768205,1.0216251626434933,,0.9617109101258206
315,0.5410901584912773,0.0432503252869865,1.6455696202531647,0.9659640137812285,0.9114750267052021,1.0216251626434933,,0.965963865132814
315,0.5410901584912773,0.0432503252869865,1.708860759493671,0.9698872848425281,0.9169042312730799,1.0216251626434933,,0.9698872925513041
315,0.5410901584912773,0.0432503252869865,1.7721518987341773,0.9735093539215239,0.9220005135204905,1.0216251626434933,,0.9735094587830114
315,0.5410901584912773,0.0432503252869865,1.8354430379746836,0.9768558975439856,0.9267842044073339,1.0216251626434933,,0.9768560420801917
315,0.5410901584912773,0.0432503252869865,1.89873417721519,0.9799501609744109,0.9312744957703634,1.0216251626434933,,0.9799502660768683
315,0.5410901584912773,0.0432503252869865,1.9620253164556964,0.982813209163372,0.9354894399873624,1.0216251626434933,,0.9828131408323421
315,0.5410901584912773,0.0432503252869865,2.0253164556962027,0.9854641501910439,0.9394458711591002,1.0216251626434933,,0.985463907117092
315,0.5410901584912773,0.0432503252869865,2.088607594936709,0.9879203343505036,0.9431596225863699,1.0216251626434933,,0.9879200113756685
315,0.5410901584912773,0.0432503252869865,2.151898734177215,0.9901975316126667,0.9466456450654082,1.0216251626434933,,0.9901972304213008
315,0.5410901584912773,0.0432503252869865,2.2151898734177218,0.9923100899248973,0.949917877264495,1.0216251626434933,,0.9923098756601326
315,0.5410901584912773,0.0432503252869865,2.278481012658228,0.9942710765053596,0.952989381612863,1.0216251626434933,,0.9942710154796349
315,0.5410901584912773,0.0432503252869865,2.3417721518987342,0.9960924040411087,0.9558725401813446,1.0216251626434933,,0.9960924914490857
315,0.5410901584912773,0.0432503252869865,2.405063291139241,0.9977849434809013,0.9585788941960309,1.0216251626434933,,0.997785106834251
315,0.5410901584912773,0.0432503252869865,2.468354430379747,0.9993586249184219,0.9611192200633805,1.0216251626434933,,0.9993587547284557
315,0.5410901584912773,0.0432503252869865,2.5316455696202533,1.0008225278896312,0.9635037724440533,1.0216251626434933,,1.0008225805483113
315,0.5410901584912773,0.0432503252869865,2.5949367088607596,1.0021849622567365,0.9657421020452639,1.0216251626434933,,1.0021849029950083
315,0.5410901584912773,0.0432503252869865,2.6582278481012658,1.0034535407168392,0.9678431155315761,1.0216251626434933,,1.003453416314859
315,0.5410901584912773,0.0432503252869865,2.7215189873417724,1.0046352438544808,0.9698152893923285,1.0216251626434933,,1.0046351038967352
315,0.5410901584912773,0.0432503252869865,2.7848101265822787,1.005736478555313,0.9716665280565003,1.0216251626434933,,1.00573637033053
315,0.5410901584912773,0.0432503252869865,2.848101265822785,1.0067631305025155,0.9734042062980306,1.0216251626434933,,1.006763100808918
315,0.5410901584912773,0.0432503252869865,2.9113924050632916,1.0077206113871402,0.9750353173226934,1.0216251626434933,,1.0077206680002868
315,0.5410901584912773,0.0432503252869865,2.9746835443037978,1.0086139014192361,0.9765664075323838,1.0216251626434933,,1.0086139948869641
315,0.5410901584912773,0.0432503252869865,3.037974683544304,1.0094475876362439,0.9780035832756153,1.0216251626434933,,1.0094476745505867
315,0.5410901584912773,0.0432503252869865,3.1012658227848102,1.0102258984355887,0.9793526140008076,1.0216251626434933,,1.0102259230434314
315,0.5410901584912773,0.0432503252869865,3.1645569620253164,1.0109527347781795,0.9806189213870137,1.0216251626434933,,1.010952680518685
315,0.5410901584912773,0.0432503252869865,3.227848101265823,1.0116316983524096,0.9818075615113578,1.0216251626434933,,1.011631596502736
315,0.5410901584912773,0.0432503252869865,3.2911392405063293,1.0122661170816862,0.9829232941882222,1.0216251626434933,,1.012265989639435
315,0.5410901584912773,0.0432503252869865,3.3544303797468356,1.0128590681843865,0.9839706095983191,1.0216251626434933,,1.0128589772939378
315,0.5410901584912773,0.0432503252869865,3.417721518987342,1.013413399106511,0.9849536941848492,1.0216251626434933,,1.0134133793316695
315,0.5410901584912773,0.0432503252869865,3.4810126582278484,1.0139317464833053,0.9858764747887204,1.0216251626434933,,1.0139318055027358
315,0.5410901584912773,0.0432503252869865,3.5443037974683547,1.0144165533709437,0.9867426701240214,1.0216251626434933,,1.014416653478226
315,0.5410901584912773,0.0432503252869865,3.607594936708861,1.0148700849150543,0.9875557465704237,1.0216251626434933,,1.0148701643245865
315,0.5410901584912773,0.0432503252869865,3.670886075949367,1.015294442595059,0.9883189437461279,1.0216251626434933,,1.0152944593228943
315,0.5410901584912773,0.0432503252869865,3.7341772151898738,1.0156915772018993,0.9890353414431247,1.0216251626434933,,1.0156915429143978
315,0.5410901584912773,0.0432503252869865,3.79746835443038,1.0160633006768496,0.9897078090076463,1.0216251626434933,,1.0160632045157891
315,0.5410901584912773,0.0432503252869865,3.8607594936708862,1.016411296910383,0.9903390215296569,1.0216251626434933,,1.0164111918152496
315,0.5410901584912773,0.0432503252869865,3.924050632911393,1.0167371316066374,0.9909315272034143,1.0216251626434933,,1.0167370522041133
315,0.5410901584912773,0.0432503252869865,3.987341772151899,1.017042261304845,0.9914876999661906,1.0216251626434933,,1.0170422393072975
315,0.5410901584912773,0.0432503252869865,4.050632911392405,1.0173280416370296,0.9920097548107526,1.0216251626434933,,1.0173280737094115
315,0.5410901584912773,0.0432503252869865,4.113924050632912,1.0175957348933355,0.9924997940310025,1.0216251626434933,,1.0175957940108153
315,0.5410901584912773,0.0432503252869865,4.177215189873418,1.0178465169593978,0.9929597837083425,1.0216251626434933,,1.017846557809468
315,0.5410901584912773,0.0432503252869865,4.2405063291139244,1.0180814836844825,0.9933915578682893,1.0216251626434933,,1.018081473610963
315,0.5410901584912773,0.0432503252869865,4.30379746835443,1.0183016567316936,0.9937968509217614,1.0216251626434933,,1.0183016008285293
315,0.5410901584912773,0.0432503252869865,4.367088607594937,1.0185079889575464,0.9941772911630223,1.0216251626434933,,1.0185079048635184
315,0.5410901584912773,0.0432503252869865,4.4303797468354436,1.0187013693626896,0.9945343971725001,1.0216251626434933,,1.01870130251584
315,0.5410901584912773,0.0432503252869865,4.493670886075949,1.0188826276523006,0.9948695998463056,1.0216251626434933,,1.0188826182917583
315,0.5410901584912773,0.0432503252869865,4.556962025316456,1.019052538440252,0.9951842477222843,1.0216251626434933,,1.0190525831765833
315,0.5410901584912773,0.0432503252869865,4.620253164556963,1.0192118251275057,0.9954795981880266,1.0216251626434933,,1.0192118839724962
315,0.5410901584912773,0.0432503252869865,4.6835443037974684,1.0193611634833053,0.995756831731523,1.0216251626434933,,1.019361186371962
315,0.5410901584912773,0.0432503252869865,4.746835443037975,1.019501184955009,0.9960170651996011,1.0216251626434933,,1.0195011633085689
315,0.5410901584912773,0.0432503252869865,4.810126582278482,1.0196324797307335,0.9962613397136715,1.0216251626434933,,1.0196324508966321
315,0.5410901584912773,0.0432503252869865,4.8734177215189876,1.0197555995710328,0.9964906291695643,1.0216251626434933,,1.019755622289509
315,0.5410901584912773,0.0432503252869865,4.936708860759494,1.019871060425133,0.9967058585194337,1.0216251626434933,,1.0198711269277976
315,0.5410901584912773,0.0432503252869865,5.0,1.0199793448600922,0.9969078898081317,1.0216251626434933,,1.0199793512911393
318,0.8468168121929678,0.021048975434809346,0.0,0.8468168121929678,0.8468168121929678,1.0105244877174047,,0.8468114049425637
318,0.8468168121929678,0.021048975434809346,0.06329113924050633,0.8635216479509974,0.856211416927285,1.0105244877174047,,0.8635258234254637
318,0.8468168121929678,0.021048975434809346,0.12658227848101267,0.8784095605464167,0.865029942323853,1.0105244877174047,,0.8784110721835241
318,0.8468168121929678,0.021048975434809346,0.189873417721519,0.8916861988076772,0.873307708649403,1.0105244877174047,,0.8916864527007382
318,0.8468168121929678,0.021048975434809346,0.25316455696202533,0.903533396880054,0.8810776732278475,1.0105244877174047,,0.9035343725672143
318,0.8468168121929678,0.021048975434809346,0.31645569620253167,0.9141119667102597,0.8883711448613288,1.0105244877174047,,0.9141135964902432
318,0.8468168121929678,0.021048975434809346,0.379746835443038,0.9235641609012327,0.8952173756162051,1.0105244877174047,,0.9235651687971702
318,0.8468168121929678,0.021048975434809346,0.44303797468354433,0.9320158449853992,0.9016436543406557,1.0105244877174047,,0.9320155592741226
318,0.8468168121929678,0.021048975434809346,0.5063291139240507,0.93957841352826,0.9076758111066773,1.0105244877174047,,0.9395771207068474
318,0.8468168121929678,0.021048975434809346,0.569620253164557,0.9463504803909621,0.913338072273821,1.0105244877174047,,0.9463490942923398
318,0.8468168121929678,0.021048975434809346,0.6329113924050633,0.9524193698824701,0.91865303312461,1.0105244877174047,,0.9524186523606686
318,0.8468168121929678,0.021048975434809346,0.6962025316455697,0.9578624323611955,0.9236420036053961,1.0105244877174047,,0.9578626244625171
318,0.8468168121929678,0.021048975434809346,0.759493670886076,0.962748205051725,0.9283250477754783,1.0105244877174047,,0.9627491056350499
318,0.8468168121929678,0.021048975434809346,0.8227848101265823,0.9671374363798552,0.9327208745952147,1.0105244877174047,,0.9671384009390076
318,0.8468168121929678,0.021048975434809346,0.8860759493670887,0.9710839899590888,0.9368470647847278,1.0105244877174047,,0.9710845159028989
318,0.8468168121929678,0.021048975434809346,0.949367088607595,0.9746356424493349,0.9407202351858328,1.0105244877174047,,0.9746354766052174
318,0.8468168121929678,0.021048975434809346,1.0126582278481013,0.9778347878231902,0.9443558768480849,1.0105244877174047,,0.9778341779905033
318,0.8468168121929678,0.021048975434809346,1.0759493670886076,0.9807190590899251,0.9477684937957508,1.0105244877174047,,0.9807182365922489
318,0.8468168121929678,0.021048975434809346,1.139240506329114,0.9833218772179764,0.950971847891249,1.0105244877174047,,0.9833212669343803
318,0.8468168121929678,0.021048975434809346,1.2025316455696204,0.9856729358418943,0.953978765728449,1.0105244877174047,,0.9856727087261328
318,0.8468168121929678,0.021048975434809346,1.2658227848101267,0.9877986293269622,0.9568012130019075,1.0105244877174047,,0.9877987753265374
318,0.8468168121929678,0.021048975434809346,1.3291139240506329,0.9897224308639849,0.9594505870902577,1.0105244877174047,,0.989722716879494
318,0.8468168121929678,0.021048975434809346,1.3924050632911393,0.9914652264812118,0.9619374993676271,1.0105244877174047,,0.9914653897852024
318,0.8468168121929678,0.021048975434809346,1.4556962025316458,0.9930456101546156,0.9642718484713754,1.0105244877174047,,0.9930455060893738
318,0.8468168121929678,0.021048975434809346,1.518987341772152,0.9944801445979881,0.9664630464286381,1.0105244877174047,,0.9944798651991931
318,0.8468168121929678,0.021048975434809346,1.5822784810126582,0.9957835917710361,0.968519878515413,1.0105244877174047,,0.9957832340979481
318,0.8468168121929678,0.021048975434809346,1.6455696202531647,0.996969116644361,0.9704505408616908,1.0105244877174047,,0.9969688284502036
318,0.8468168121929678,0.021048975434809346,1.708860759493671,0.9980484673823143,0.9722627984943238,1.0105244877174047,,0.998048428459782
318,0.8468168121929678,0.021048975434809346,1.7721518987341773,0.9990321346887077,0.9739639273218422,1.0105244877174047,,0.9990322747939502
318,0.8468168121929678,0.021048975434809346,1.8354430379746836,0.9999294927723772,0.9755607137780252,1.0105244877174047,,0.9999297529309825
318,0.8468168121929678,0.021048975434809346,1.89873417721519,1.0007489240680236,0.9770595640596192,1.0105244877174047,,1.000749160462353
318,0.8468168121929678,0.021048975434809346,1.9620253164556964,1.001497929630046,0.978466504014242,1.0105244877174047,,1.0014980070470827
318,0.8468168121929678,0.021048975434809346,2.0253164556962027,1.0021832268541218,0.9797871528310842,1.0105244877174047,,1.002183071358883
318,0.8468168121929678,0.021048975434809346,2.088607594936709,1.0028108360165622,0.9810267956343032,1.0105244877174047,,1.0028105058983543
318,0.8468168121929678,0.021048975434809346,2.151898734177215,1.0033861569333227,0.9821904229697961,1.0105244877174047,,1.003385748872191
318,0.8468168121929678,0.021048975434809346,2.2151898734177218,1.0039140368836927,0.9832826875371737,1.0105244877174047,,1.0039137048530835
318,0.8468168121929678,0.021048975434809346,2.278481012658228,1.0043988308172165,0.9843079495492049,1.0105244877174047,,1.004398644140372
318,0.8468168121929678,0.021048975434809346,2.3417721518987342,1.004844454739047,0.9852703421163835,1.0105244877174047,,1.0048444641768859
318,0.8468168121929678,0.021048975434809346,2.405063291139241,1.0052544330637982,0.9861737176769102,1.0105244877174047,,1.005254583263976
318,0.8468168121929678,0.021048975434809346,2.468354430379747,1.0056319406356395,0.98702167337372,1.0105244877174047,,1.005632135458202
318,0.8468168121929678,0.021048975434809346,2.5316455696202533,1.0059798400306392,0.9878176321920439,1.0105244877174047,,1.0059799744987215
318,0.8468168121929678,0.021048975434809346,2.5949367088607596,1.0063007146851903,0.9885647821388585,1.0105244877174047,,1.006300743027523
318,0.8468168121929678,0.021048975434809346,2.6582278481012658,1.0065968983307831,0.9892660962409919,1.0105244877174047,,1.0065968200605986
318,0.8468168121929678,0.021048975434809346,2.7215189873417724,1.006870501159583,0.989924403933646,1.0105244877174047,,1.0068703528979774
318,0.8468168121929678,0.021048975434809346,2.7848101265822787,1.0071234330957242,0.9905423436994144,1.0105244877174047,,1.007123280688064
318,0.8468168121929678,0.021048975434809346,2.848101265822785,1.0073574245002255,0.9911223772230907,1.0105244877174047,,1.0073573373731775
318,0.8468168121929678,0.021048975434809346,2.9113924050632916,1.0075740446059083,0.991666838822786,1.0105244877174047,,1.007574057580637
318,0.8468168121929678,0.021048975434809346,2.9746835443037978,1.007774717942055,0.992177913674377,1.0105244877174047,,1.0077748109874165
318,0.8468168121929678,0.021048975434809346,3.037974683544304,1.007960738968364,0.9926576400647743,1.0105244877174047,,1.0079608828316224
318,0.8468168121929678,0.021048975434809346,3.1012658227848102,1.0081332851300886,0.9931079438243484,1.0105244877174047,,1.008133405183184
318,0.8468168121929678,0.021048975434809346,3.1645569620253164,1.0082934285101695,0.9935306346987094,1.0105244877174047,,1.0082934865476951
318,0.8468168121929678,0.021048975434809346,3.227848101265823,1.0084421462288105,0.9939274003963172,1.0105244877174047,,1.0084421480463401
318,0.8468168121929678,0.021048975434809346,3.2911392405063293,1.0085803297448523,0.994299829733672,1.0105244877174047,,1.0085802969060182
318,0.8468168121929678,0.021048975434809346,3.3544303797468356,1.0087087931661316,0.994649421524152,1.0105244877174047,,1.0087087706424704
318,0.8468168121929678,0.021048975434809346,3.417721518987342,1.0088282806906024,0.9949775731941025,1.0105244877174047,,1.00882830073193
318,0.8468168121929678,0.021048975434809346,3.4810126582278484,1.008939473271547,0.9952855955151737,1.0105244877174047,,1.008939550903167
318,0.8468168121929678,0.021048975434809346,3.5443037974683547,1.0090429945856763,0.9955747297867189,1.0105244877174047,,1.0090431073190154
318,0.8468168121929678,0.021048975434809346,3.607594936708861,1.0091394163931198,0.9958461330793178,1.0105244877174047,,1.0091395212867302
318,0.8468168121929678,0.021048975434809346,3.670886075949367,1.0092292633464732,0.99610088677105,1.0105244877174047,,1.009229325458468
318,0.8468168121929678,0.021048975434809346,3.7341772151898738,1.0093130173105345,0.9963400188903325,1.0105244877174047,,1.0093130024121735
318,0.8468168121929678,0.021048975434809346,3.79746835443038,1.009391121247693,0.996564487219221,1.0105244877174047,,1.0093910612356678
318,0.8468168121929678,0.021048975434809346,3.8607594936708862,1.0094639827165977,0.9967751846973825,1.0105244877174047,,1.0094638946678685
318,0.8468168121929678,0.021048975434809346,3.924050632911393,1.0095319770226676,0.9969729619069616,1.0105244877174047,,1.0095319052661655
318,0.8468168121929678,0.021048975434809346,3.987341772151899,1.009595450058852,0.9971586112634752,1.0105244877174047,,1.009595433240646
318,0.8468168121929678,0.021048975434809346,4.050632911392405,1.009654720869816,0.9973328721270835,1.0105244877174047,,1.009654768727185
318,0.8468168121929678,0.021048975434809346,4.113924050632912,1.0097100839685258,0.9974964462392907,1.0105244877174047,,1.0097101832065591
318,0.8468168121929678,0.021048975434809346,4.177215189873418,1.0097618114311018,0.9976499898741401,1.0105244877174047,,1.009761908885653
318,0.8468168121929678,0.021048975434809346,4.2405063291139244,1.0098101547929883,0.9977941152256841,1.0105244877174047,,1.0098102128269308
318,0.8468168121929678,0.021048975434809346,4.30379746835443,1.009855346766986,0.997929401236821,1.0105244877174047,,1.009855349328841
318,0.8468168121929678,0.021048975434809346,4.367088607594937,1.009897602801421,0.9980563914289209,1.0105244877174047,,1.0098975736716798
318,0.8468168121929678,0.021048975434809346,4.4303797468354436,1.0099371224947358,0.9981755927010927,1.0105244877174047,,1.0099370940070735
318,0.8468168121929678,0.021048975434809346,4.493670886075949,1.0099740908810015,0.9982874826835907,1.0105244877174047,,1.0099741052317097
318,0.8468168121929678,0.021048975434809346,4.556962025316456,1.0100086795993073,0.998392511515641,1.0105244877174047,,1.010008737440355
318,0.8468168121929678,0.021048975434809346,4.620253164556963,1.0100410479586137,0.9984910989107022,1.0105244877174047,,1.0100411195004662
318,0.8468168121929678,0.021048975434809346,4.6835443037974684,1.010071343908507,0.998583638913341,1.0105244877174047,,1.0100713821204643
318,0.8468168121929678,0.021048975434809346,4.746835443037975,1.0100997049252798,0.9986705043248933,1.0105244877174047,,1.010099691355273
318,0.8468168121929678,0.021048975434809346,4.810126582278482,1.0101262588203264,0.9987520426694816,1.0105244877174047,,1.0101262304421432
318,0.8468168121929678,0.021048975434809346,4.8734177215189876,1.0101511244787216,0.9988285790315429,1.0105244877174047,,1.0101511427307794
318,0.8468168121929678,0.021048975434809346,4.936708860759494,1.0101744125361578,0.9989004221581884,1.0105244877174047,,1.010174478540856
318,0.8468168121929678,0.021048975434809346,5.0,1.0101962259995465,0.9989678597985885,1.0105244877174047,,1.0101962586138966
323,1.2024606086422616,0.2450151168153569,0.0,1.2024606086422616,1.2024606086422616,1.1225075584076785,,1.2024584918026848
323,1.2024606086422616,0.2450151168153569,0.06329113924050633,1.2751354393339478,1.1900438583467958,1.1225075584076785,,1.2751341254337618
323,1.2024606086422616,0.2450151168153569,0.12658227848101267,1.3341291970998594,1.1783885060547055,1.1225075584076785,,1.3341293037010027
323,1.2024606086422616,0.2450151168153569,0.189873417721519,1.3813776508895461,1.1674478693408357,1.1225075584076785,,1.3813778141220192
323,1.2024606086422616,0.2450151168153569,0.25316455696202533,1.4185674521832672,1.1571783888567087,1.1225075584076785,,1.4185673225897717
323,1.2024606086422616,0.2450151168153569,0.31645569620253167,1.4471669172403494,1.1475386840877368,1.1225075584076785,,1.4471668808063338
323,1.2024606086422616,0.2450151168153569,0.379746835443038,1.4684530781733165,1.1384900928853934,1.1225075584076785,,1.4684534440145818
323,1.2024606086422616,0.2450151168153569,0.44303797468354433,1.483535450796549,1.1299965478659746,1.1225075584076785,,1.4835361815371724
323,1.2024606086422616,0.2450151168153569,0.5063291139240507,1.4933769136413964,1.1220239096949196,1.1225075584076785,,1.493377641476792
323,1.2024606086422616,0.2450151168153569,0.569620253164557,1.4988120455100291,1.1145401586475427,1.1225075584076785,,1.4988124038510315
323,1.2024606086422616,0.2450151168153569,0.6329113924050633,1.5005632273762635,1.1075154307765178,1.1225075584076785,,1.5005632692905535
323,1.2024606086422616,0.2450151168153569,0.6962025316455697,1.4992547778354286,1.1009215609498197,1.1225075584076785,,1.4992545905616375
323,1.2024606086422616,0.2450151168153569,0.759493670886076,1.4954253590959259,1.0947320307112418,1.1225075584076785,,1.4954251976039474
323,1.2024606086422616,0.2450151168153569,0.8227848101265823,1.489538862133482,1.088922112624598,1.1225075584076785,,1.4895387835111968
323,1.2024606086422616,0.2450151168153569,0.8860759493670887,1.4819939546412606,1.0834685704369602,1.1225075584076785,,1.48199414716211
323,1.2024606086422616,0.2450151168153569,0.949367088607595,1.4731324534030485,1.0783494418432222,1.1225075584076785,,1.4731327455898018
323,1.2024606086422616,0.2450151168153569,1.0126582278481013,1.4632466633378787,1.0735442524860719,1.1225075584076785,,1.4632468806245051
323,1.2024606086422616,0.2450151168153569,1.0759493670886076,1.4525858084000016,1.0690338325491417,1.1225075584076785,,1.4525858688219628
323,1.2024606086422616,0.2450151168153569,1.139240506329114,1.4413616644926408,1.064799993123576,1.1225075584076785,,1.4413615358808782
323,1.2024606086422616,0.2450151168153569,1.2025316455696204,1.4297534913231151,1.0608257814351256,1.1225075584076785,,1.4297532044271648
323,1.2024606086422616,0.2450151168153569,1.2658227848101267,1.417912348454108,1.0570953825511114,1.1225075584076785,,1.4179120553796218
323,1.2024606086422616,0.2450151168153569,1.3291139240506329,1.4059648705966976,1.0535937326760343,1.1225075584076785,,1.4059647470390566
323,1.2024606086422616,0.2450151168153569,1.3924050632911393,1.394016568132332,1.0503068068682857,1.1225075584076785,,1.3940166414384894
323,1.2024606086422616,0.2450151168153569,1.4556962025316458,1.3821547109144023,1.0472215222029493,1.1225075584076785,,1.3821548971621267
323,1.2024606086422616,0.2450151168153569,1.518987341772152,1.3704508463030947,1.0443254389027246,1.1225075584076785,,1.3704511340789152
323,1.2024606086422616,0.2450151168153569,1.5822784810126582,1.3589629964417937,1.0416069455607009,1.1225075584076785,,1.3589632497600332
323,1.2024606086422616,0.2450151168153569,1.6455696202531647,1.3477375741868443,1.0390552094380494,1.1225075584076785,,1.34773771209232
323,1.2024606086422616,0.2450151168153569,1.708860759493671,1.3368110522733883,1.0366599675804267,1.1225075584076785,,1.3368109888479354
323,1.2024606086422616,0.2450151168153569,1.7721518987341773,1.3262114164270875,1.0344116034960331,1.1225075584076785,,1.326211220752146
323,1.2024606086422616,0.2450151168153569,1.8354430379746836,1.3159594289411054,1.0323011476266999,1.1225075584076785,,1.3159592102035507
323,1.2024606086422616,0.2450151168153569,1.89873417721519,1.3060697265178154,1.030320132969547,1.1225075584076785,,1.3060695415618406
323,1.2024606086422616,0.2450151168153569,1.9620253164556964,1.2965517728531206,1.0284605952251382,1.1225075584076785,,1.2965517210725075
323,1.2024606086422616,0.2450151168153569,2.0253164556962027,1.287410684216478,1.0267151075702046,1.1225075584076785,,1.2874107664661427
323,1.2024606086422616,0.2450151168153569,2.088607594936709,1.2786479439937826,1.025076684711719,1.1225075584076785,,1.278648127685736
323,1.2024606086422616,0.2450151168153569,2.151898734177215,1.2702620201158619,1.0235387306976436,1.1225075584076785,,1.270262216838753
323,1.2024606086422616,0.2450151168153569,2.2151898734177218,1.2622488977100204,1.0220950961038249,1.1225075584076785,,1.2622490228335392
323,1.2024606086422616,0.2450151168153569,2.278481012658228,1.254602537744777,1.0207400180828927,1.1225075584076785,,1.2546025900298772
323,1.2024606086422616,0.2450151168153569,2.3417721518987342,1.2473152711172757,1.0194680339461661,1.1225075584076785,,1.2473152389091637
323,1.2024606086422616,0.2450151168153569,2.405063291139241,1.2403781364756161,1.0182740519665827,1.1225075584076785,,1.2403780636255268
323,1.2024606086422616,0.2450151168153569,2.468354430379747,1.2337811690412996,1.0171533178381476,1.1225075584076785,,1.2337811504668488
323,1.2024606086422616,0.2450151168153569,2.5316455696202533,1.2275136468017886,1.0161013074372738,1.1225075584076785,,1.2275136956764396
323,1.2024606086422616,0.2450151168153569,2.5949367088607596,1.2215642996480771,1.0151138072086607,1.1225075584076785,,1.2215644526844813
323,1.2024606086422616,0.2450151168153569,2.6582278481012658,1.2159214863419257,1.0141868877340103,1.1225075584076785,,1.2159216614150206
323,1.2024606086422616,0.2450151168153569,2.7215189873417724,1.2105733435846888,1.0133168093785676,1.1225075584076785,,1.2105734606618335
323,1.2024606086422616,0.2450151168153569,2.7848101265822787,1.2055079109278963,1.0125000848876309,1.1225075584076785,,1.2055079052707525
323,1.2024606086422616,0.2450151168153569,2.848101265822785,1.2007132347958733,1.0117334606782933,1.1225075584076785,,1.2007130746337922
323,1.2024606086422616,0.2450151168153569,2.9113924050632916,1.1961774544529449,1.0110138515068516,1.1225075584076785,,1.196177157128017
323,1.2024606086422616,0.2450151168153569,2.9746835443037978,1.1918888724374492,1.010338369249326,1.1225075584076785,,1.1918885365181027
323,1.2024606086422616,0.2450151168153569,3.037974683544304,1.1878360116369924,1.0097043199233386,1.1225075584076785,,1.1878356967171482
323,1.2024606086422616,0.2450151168153569,3.1012658227848102,1.184007660853843,1.0091091581791394,1.1225075584076785,,1.1840074643029586
323,1.2024606086422616,0.2450151168153569,3.1645569620253164,1.1803929105885482,1.0085504920949833,1.1225075584076785,,1.180392841604004
323,1.2024606086422616,0.2450151168153569,3.227848101265823,1.176981180404348,1.008026091044346,1.1225075584076785,,1.1769812413609233
323,1.2024606086422616,0.2450151168153569,3.2911392405063293,1.1737622391839064,1.0075338551051636,1.1225075584076785,,1.1737623551589862
323,1.2024606086422616,0.2450151168153569,3.3544303797468356,1.1707262193144834,1.0070718033115553,1.1225075584076785,,1.1707263183784393
323,1.2024606086422616,0.2450151168153569,3.417721518987342,1.1678636257893136,1.0066380886998127,1.1225075584076785,,1.167863667975072
323,1.2024606086422616,0.2450151168153569,3.4810126582278484,1.165165341001227,1.0062309788368293,1.1225075584076785,,1.1651653257888124
323,1.2024606086422616,0.2450151168153569,3.5443037974683547,1.1626226259656387,1.005848833110302,1.1225075584076785,,1.1626225681064615
323,1.2024606086422616,0.2450151168153569,3.607594936708861,1.1602271185672441,1.005490122232211,1.1225075584076785,,1.1602270649355846
323,1.2024606086422616,0.2450151168153569,3.670886075949367,1.157970829361872,1.0051534169565184,1.1225075584076785,,1.1579708176572088
323,1.2024606086422616,0.2450151168153569,3.7341772151898738,1.155846135389037,1.0048373585488755,1.1225075584076785,,1.1558461732626084
323,1.2024606086422616,0.2450151168153569,3.79746835443038,1.1538457723782711,1.0045406811188118,1.1225075584076785,,1.1538458528268758
323,1.2024606086422616,0.2450151168153569,3.8607594936708862,1.1519628256902672,1.0042622044773566,1.1225075584076785,,1.151962892598085
323,1.2024606086422616,0.2450151168153569,3.924050632911393,1.1501907202753292,1.0040008044190334,1.1225075584076785,,1.1501907451275621
323,1.2024606086422616,0.2450151168153569,3.987341772151899,1.148523209891291,1.0037554336165853,1.1225075584076785,,1.1485231737213013
323,1.2024606086422616,0.2450151168153569,4.050632911392405,1.1469543657883179,1.003525114865463,1.1225075584076785,,1.1469543064415666
323,1.2024606086422616,0.2450151168153569,4.113924050632912,1.145478565036219,1.0033089206812988,1.1225075584076785,,1.145478497175499
323,1.2024606086422616,0.2450151168153569,4.177215189873418,1.1440904786389117,1.003105983673591,1.1225075584076785,,1.1440904611300438
323,1.2024606086422616,0.2450151168153569,4.2405063291139244,1.142785059561855,1.002915494711897,1.1225075584076785,,1.142785100063131
323,1.2024606086422616,0.2450151168153569,4.30379746835443,1.141557530773839,1.0027366886134756,1.1225075584076785,,1.1415576174052726
323,1.2024606086422616,0.2450151168153569,4.367088607594937,1.1404033733877383,1.0025688470118472,1.1225075584076785,,1.140403459839647
323,1.2024606086422616,0.2450151168153569,4.4303797468354436,1.1393183149693116,1.0024112999437895,1.1225075584076785,,1.1393183627125365
323,1.2024606086422616,0.2450151168153569,4.493670886075949,1.1382983180715658,1.0022634161304167,1.1225075584076785,,1.1382983188596763
323,1.2024606086422616,0.2450151168153569,4.556962025316456,1.1373395690388788,1.0021246006274456,1.1225075584076785,,1.1373395388414385
323,1.2024606086422616,0.2450151168153569,4.620253164556963,1.1364384671137098,1.00199429870401,1.1225075584076785,,1.136438453888375
323,1.2024606086422616,0.2450151168153569,4.6835443037974684,1.1355916138777382,1.0018719895555537,1.1225075584076785,,1.1355916506083712
323,1.2024606086422616,0.2450151168153569,4.746835443037975,1.1347958030424794,1.00175718045448,1.1225075584076785,,1.134795884732509
323,1.2024606086422616,0.2450151168153569,4.810126582278482,1.134048010600075,1.0016494120817985,1.1225075584076785,,1.134048095474583
323,1.2024606086422616,0.2450151168153569,4.8734177215189876,1.1333453853398494,1.0015482547768224,1.1225075584076785,,1.133345409703952
323,1.2024606086422616,0.2450151168153569,4.936708860759494,1.132685239773739,1.0014533004717332,1.1225075584076785,,1.132685207974769
323,1.2024606086422616,0.2450151168153569,5.0,1.1320650414372773,1.0013641688515127,1.1225075584076785,,1.1320651349581086
351,1.2817498173443336,0.24460297262278574,0.0,1.2817498173443336,1.2817498173443336,1.122301486311393,,1.2817456101881166
351,1.2817498173443336,0.24460297262278574,0.06329113924050633,1.3494187185270363,1.264470322082422,1.122301486311393,,1.3494159041407499
351,1.2817498173443336,0.24460297262278574,0.12658227848101267,1.4037290754395624,1.2482504094712592,1.122301486311393,,1.4037279339550763
351,1.2817498173443336,0.24460297262278574,0.189873417721519,1.4465950315915013,1.2330251149488554,1.122301486311393,,1.446594565946587
351,1.2817498173443336,0.24460297262278574,0.25316455696202533,1.4796831586593775,1.2187338201136386,1.122301486311393,,1.4796831064227731
351,1.2817498173443336,0.24460297262278574,0.31645569620253167,1.504443117856829,1.2053189386899141,1.122301486311393,,1.5044437516902915
351,1.2817498173443336,0.24460297262278574,0.379746835443038,1.52213460065731,1.192726667355847,1.122301486311393,,1.522135803377689
351,1.2817498173443336,0.24460297262278574,0.44303797468354433,1.5338509957541273,1.180906813736541,1.122301486311393,,1.5338524345515236
351,1.2817498173443336,0.24460297262278574,0.5063291139240507,1.5405401758350201,1.169811868583944,1.122301486311393,,1.5405413949120808
351,1.2817498173443336,0.24460297262278574,0.569620253164557,1.5430227506481242,1.1593972723580952,1.122301486311393,,1.5430234204301183
351,1.2817498173443336,0.24460297262278574,0.6329113924050633,1.5420080914652705,1.1496214655587973,1.122301486311393,,1.5420081608736553
351,1.2817498173443336,0.24460297262278574,0.6962025316455697,1.5381083954914925,1.1404452528045073,1.122301486311393,,1.5381081573860362
351,1.2817498173443336,0.24460297262278574,0.759493670886076,1.531851026624583,1.1318317302735736,1.122301486311393,,1.5318507051649255
351,1.2817498173443336,0.24460297262278574,0.8227848101265823,1.5236893406565684,1.1237464865776512,1.122301486311393,,1.5236890877590352
351,1.2817498173443336,0.24460297262278574,0.8860759493670887,1.5140121780743305,1.1161571855005141,1.122301486311393,,1.5140121108053413
351,1.2817498173443336,0.24460297262278574,0.949367088607595,1.5031521856580927,1.1090332636871787,1.122301486311393,,1.503152233688364
351,1.2817498173443336,0.24460297262278574,1.0126582278481013,1.4913931087399668,1.1023462284522194,1.122301486311393,,1.4913931336917146
351,1.2817498173443336,0.24460297262278574,1.0759493670886076,1.4789761789581286,1.096069402545696,1.122301486311393,,1.4789760781870267
351,1.2817498173443336,0.24460297262278574,1.139240506329114,1.4661057073505699,1.0901774737758574,1.122301486311393,,1.4661054642163847
351,1.2817498173443336,0.24460297262278574,1.2025316455696204,1.452953979423511,1.0846468501902733,1.122301486311393,,1.45295369434598
351,1.2817498173443336,0.24460297262278574,1.2658227848101267,1.439665537204542,1.0794555232885068,1.122301486311393,,1.4396653200616893
351,1.2817498173443336,0.24460297262278574,1.3291139240506329,1.426360923093262,1.0745825298735256,1.122301486311393,,1.426360853300265
351,1.2817498173443336,0.24460297262278574,1.3924050632911393,1.4131399512770788,1.0700083524462818,1.122301486311393,,1.4131400988390486
351,1.2817498173443336,0.24460297262278574,1.4556962025316458,1.4000845645534246,1.0657147844443708,1.122301486311393,,1.4000848151021348
351,1.2817498173443336,0.24460297262278574,1.518987341772152,1.3872613273712793,1.0616845143275104,1.122301486311393,,1.387261622392054
351,1.2817498173443336,0.24460297262278574,1.5822784810126582,1.3747235999510987,1.057901383338705,1.122301486311393,,1.3747238448352928
351,1.2817498173443336,0.24460297262278574,1.6455696202531647,1.3625134326655242,1.0543503163371317,1.122301486311393,,1.3625134789861184
351,1.2817498173443336,0.24460297262278574,1.708860759493671,1.3506632152628126,1.0510170311099143,1.122301486311393,,1.350663065227518
351,1.2817498173443336,0.24460297262278574,1.7721518987341773,1.339197111392858,1.0478881450794428,1.122301486311393,,1.3391968051134184
351,1.2817498173443336,0.24460297262278574,1.8354430379746836,1.328132304956637,1.044951175958953,1.122301486311393,,1.3281319899564987
351,1.2817498173443336,0.24460297262278574,1.89873417721519,1.3174800818738013,1.0421943408316046,1.122301486311393,,1.3174798314709981
351,1.2817498173443336,0.24460297262278574,1.9620253164556964,1.3072467677640613,1.0396065563566612,1.122301486311393,,1.307246662571957
351,1.2817498173443336,0.24460297262278574,2.0253164556962027,1.2974345396122455,1.0371774871601767,1.122301486311393,,1.2974345834307353
351,1.2817498173443336,0.24460297262278574,2.088607594936709,1.288042127363543,1.0348974123139791,1.122301486311393,,1.288042275917342
351,1.2817498173443336,0.24460297262278574,2.151898734177215,1.2790654192997715,1.0327571527076507,1.122301486311393,,1.2790655767537928
351,1.2817498173443336,0.24460297262278574,2.2151898734177218,1.27049798344299,1.0307481506314042,1.122301486311393,,1.270498078159191
351,1.2817498173443336,0.24460297262278574,2.278481012658228,1.262331515715936,1.0288623863464639,1.122301486311393,,1.2623315569169955
351,1.2817498173443336,0.24460297262278574,2.3417721518987342,1.2545562242499881,1.0270922578232367,1.122301486311393,,1.2545561918541954
351,1.2817498173443336,0.24460297262278574,2.405063291139241,1.2471611580806539,1.0254306792726433,1.122301486311393,,1.2471611257034236
351,1.2817498173443336,0.24460297262278574,2.468354430379747,1.2401344874523226,1.023871034470152,1.122301486311393,,1.2401345218046387
351,1.2817498173443336,0.24460297262278574,2.5316455696202533,1.2334637420553018,1.0224070275194752,1.122301486311393,,1.2334638753507159
351,1.2817498173443336,0.24460297262278574,2.5949367088607596,1.2271360127344761,1.0210327947197957,1.122301486311393,,1.2271362190844552
351,1.2817498173443336,0.24460297262278574,2.6582278481012658,1.2211381215147539,1.0197428677832572,1.122301486311393,,1.2211383289955902
351,1.2817498173443336,0.24460297262278574,2.7215189873417724,1.2154567641830578,1.0185320425300621,1.122301486311393,,1.2154568853437429
351,1.2817498173443336,0.24460297262278574,2.7848101265822787,1.210078629136852,1.017395465999521,1.122301486311393,,1.2100785850799392
351,1.2817498173443336,0.24460297262278574,2.848101265822785,1.2049904957328463,1.0163286104151126,1.122301486311393,,1.2049902635956735
351,1.2817498173443336,0.24460297262278574,2.9113924050632916,1.2001793149516287,1.0153271822658403,1.122301486311393,,1.200178933014953
351,1.2817498173443336,0.24460297262278574,2.9746835443037978,1.1956322748791084,1.014387162358001,1.122301486311393,,1.1956318371777461
351,1.2817498173443336,0.24460297262278574,3.037974683544304,1.1913368531317905,1.0135048016707424,1.122301486311393,,1.19133646342215
351,1.2817498173443336,0.24460297262278574,3.1012658227848102,1.1872808580848402,1.0126765580245198,1.122301486311393,,1.1872805946222962
351,1.2817498173443336,0.24460297262278574,3.1645569620253164,1.1834524605919077,1.011899102754464,1.122301486311393,,1.1834523572988702
351,1.2817498173443336,0.24460297262278574,3.227848101265823,1.1798402175404599,1.0111693316586303,1.122301486311393,,1.1798402530382224
351,1.2817498173443336,0.24460297262278574,3.2911392405063293,1.1764330885509044,1.0104843224270303,1.122301486311393,,1.1764332115121234
351,1.2817498173443336,0.24460297262278574,3.3544303797468356,1.1732204468241116,1.0098413182924213,1.122301486311393,,1.1732205512038718
351,1.2817498173443336,0.24460297262278574,3.417721518987342,1.1701920851175016,1.0092377489687019,1.122301486311393,,1.1701921306127774
351,1.2817498173443336,0.24460297262278574,3.4810126582278484,1.1673382176158147,1.008671203553748,1.122301486311393,,1.1673382107955401
351,1.2817498173443336,0.24460297262278574,3.5443037974683547,1.1646494784106862,1.0081393989258276,1.122301486311393,,1.1646494190379004
351,1.2817498173443336,0.24460297262278574,3.607594936708861,1.16211691717927,1.007640206885167,1.122301486311393,,1.1621168823858703
351,1.2817498173443336,0.24460297262278574,3.670886075949367,1.1597319925803566,1.0071716384532052,1.122301486311393,,1.1597319959297736
351,1.2817498173443336,0.24460297262278574,3.7341772151898738,1.1574865638122225,1.0067318027774108,1.122301486311393,,1.1574866118098484
351,1.2817498173443336,0.24460297262278574,3.79746835443038,1.1553728807060135,1.00631893820938,1.122301486311393,,1.1553729518318392
351,1.2817498173443336,0.24460297262278574,3.8607594936708862,1.1533835726847432,1.0059314023652948,1.122301486311393,,1.1533836320131783
351,1.2817498173443336,0.24460297262278574,3.924050632911393,1.1515116368654965,1.0055676307695258,1.122301486311393,,1.151511641964193
351,1.2817498173443336,0.24460297262278574,3.987341772151899,1.1497504255372917,1.0052261659323165,1.122301486311393,,1.149750368452441
351,1.2817498173443336,0.24460297262278574,4.050632911392405,1.1480936332140819,1.0049056479486211,1.122301486311393,,1.1480935394374139
351,1.2817498173443336,0.24460297262278574,4.113924050632912,1.1465352834310565,1.0046047861053833,1.122301486311393,,1.146535197560661
351,1.2817498173443336,0.24460297262278574,4.177215189873418,1.145069715426049,1.0043223733178412,1.122301486311393,,1.1450696780542249
351,1.2817498173443336,0.24460297262278574,4.2405063291139244,1.1436915708210322,1.0040572835775545,1.122301486311393,,1.1436916028495578
351,1.2817498173443336,0.24460297262278574,4.30379746835443,1.142395780402242,1.0038084520349264,1.122301486311393,,1.1423958584859573
351,1.2817498173443336,0.24460297262278574,4.367088607594937,1.1411775510777602,1.0035748789911711,1.122301486311393,,1.1411776346480726
351,1.2817498173443336,0.24460297262278574,4.4303797468354436,1.1400323530779648,1.0033556321068235,1.122301486311393,,1.1400323971651045
351,1.2817498173443336,0.24460297262278574,4.493670886075949,1.1389559074482867,1.0031498328766157,1.122301486311393,,1.1389559059295178
351,1.2817498173443336,0.24460297262278574,4.556962025316456,1.137944173876466,1.0029566533595224,1.122301486311393,,1.137944147885964
351,1.2817498173443336,0.24460297262278574,4.620253164556963,1.1369933388857802,1.002775321576631,1.122301486311393,,1.1369933385040514
351,1.2817498173443336,0.24460297262278574,4.6835443037974684,1.1360998044161787,1.002605112761838,1.122301486311393,,1.1360998650766656
351,1.2817498173443336,0.24460297262278574,4.746835443037975,1.1352601768076265,1.002445341221739,1.122301486311393,,1.1352602918746664
351,1.2817498173443336,0.24460297262278574,4.810126582278482,1.1344712561914616,1.0022953677552051,1.122301486311393,,1.1344713711926695
351,1.2817498173443336,0.24460297262278574,4.8734177215189876,1.133730026307107,1.0021545944344517,1.122301486311393,,1.1337300688770782
351,1.2817498173443336,0.24460297262278574,4.936708860759494,1.1330336447644758,1.0020224533809237,1.122301486311393,,1.1330336132957144
351,1.2817498173443336,0.24460297262278574,5.0,1.1323794337108728,1.0018984153377664,1.122301486311393,,1.1323795094518758
352,1.0588813398723669,0.1662307457244235,0.0,1.0588813398723669,1.0588813398723669,1.0831153728622118,0.026864261176190552,1.0588838379434662
352,1.0588813398723669,0.1662307457244235,0.06329113924050633,1.113000709639507,1.0552701934910504,1.0831153728622118,0.026864261176190552,1.113003056513767
352,1.0588813398723669,0.1662307457244235,0.12658227848101267,1.1575429578758871,1.0518804834420434,1.0831153728622118,0.026864261176190552,1.1575432550711098
352,1.0588813398723669,0.1662307457244235,0.189873417721519,1.1938395125068577,1.0486986331399546,1.0831153728622118,0.026864261176190552,1.1938387169581195
352,1.0588813398723669,0.1662307457244235,0.25316455696202533,1.2230516771818252,1.0457119742794798,1.0831153728622118,0.026864261176190552,1.2230509635951197
352,1.0588813398723669,0.1662307457244235,0.31645569620253167,1.246191583625652,1.0429084722225737,1.0831153728622118,0.026864261176190552,1.246191443007382
352,1.0588813398723669,0.1662307457244235,0.379746835443038,1.264140608375334,1.040276882909846,1.0831153728622118,0.026864261176190552,1.2641407858142362
352,1.0588813398723669,0.1662307457244235,0.44303797468354433,1.2776655580781495,1.0378067169137866,1.0831153728622118,0.026864261176190552,1.2776657794050754
352,1.0588813398723669,0.1662307457244235,0.5063291139240507,1.2874328911983224,1.0354880455387598,1.0831153728622118,0.026864261176190552,1.287432838884215
352,1.0588813398723669,0.1662307457244235,0.569620253164557,1.2940212120282601,1.033311556532351,1.0831153728622118,0.026864261176190552,1.2940209399634375
352,1.0588813398723669,0.1662307457244235,0.6329113924050633,1.2979322446598005,1.0312685646039033,1.0831153728622118,0.026864261176190552,1.2979319322859608
352,1.0588813398723669,0.1662307457244235,0.6962025316455697,1.2996004697699979,1.0293508785268748,1.0831153728622118,0.026864261176190552,1.299600346117199
352,1.0588813398723669,0.1662307457244235,0.759493670886076,1.2994015851992438,1.0275507859751827,1.0831153728622118,0.026864261176190552,1.2994016359346363
352,1.0588813398723669,0.1662307457244235,0.8227848101265823,1.2976599320351379,1.0258610955026286,1.0831153728622118,0.026864261176190552,1.2976601667737093
352,1.0588813398723669,0.1662307457244235,0.8860759493670887,1.294655010952264,1.0242750493417876,1.0831153728622118,0.026864261176190552,1.2946552663345208
352,1.0588813398723669,0.1662307457244235,0.949367088607595,1.2906271986183955,1.0227862602257236,1.0831153728622118,0.026864261176190552,1.2906273261809187
352,1.0588813398723669,0.1662307457244235,1.0126582278481013,1.2857827608209604,1.0213887736253084,1.0831153728622118,0.026864261176190552,1.285782805234303
352,1.0588813398723669,0.1662307457244235,1.0759493670886076,1.2802982473776263,1.0200770144092592,1.0831153728622118,0.026864261176190552,1.280298165017575
352,1.0588813398723669,0.1662307457244235,1.139240506329114,1.2743243436961242,1.0188456927222727,1.0831153728622118,0.026864261176190552,1.2743242172749518
352,1.0588813398723669,0.1662307457244235,1.2025316455696204,1.2679892448666328,1.01768987821237,1.0831153728622118,0.026864261176190552,1.2679891912629095
352,1.0588813398723669,0.1662307457244235,1.2658227848101267,1.2614016102488252,1.01660497144447,1.0831153728622118,0.026864261176190552,1.261401573252555
352,1.0588813398723669,0.1662307457244235,1.3291139240506329,1.25465314956865,1.0155865914356816,1.0831153728622118,0.026864261176190552,1.254653203275988
352,1.0588813398723669,0.1662307457244235,1.3924050632911393,1.2478208853740915,1.0146306593315593,1.0831153728622118,0.026864261176190552,1.2478209913953708
352,1.0588813398723669,0.1662307457244235,1.4556962025316458,1.2409691313112015,1.0137333702430744,1.0831153728622118,0.026864261176190552,1.2409692112982023
352,1.0588813398723669,0.1662307457244235,1.518987341772152,1.234151220994394,1.012891106326934,1.0831153728622118,0.026864261176190552,1.234151267622448
352,1.0588813398723669,0.1662307457244235,1.5822784810126582,1.2274110179488371,1.0121004906536633,1.0831153728622118,0.026864261176190552,1.2274109959223545
352,1.0588813398723669,0.1662307457244235,1.6455696202531647,1.2207842334451944,1.0113583727527538,1.0831153728622118,0.026864261176190552,1.2207841864954494
352,1.0588813398723669,0.1662307457244235,1.708860759493671,1.2142995759572,1.0106617678633336,1.0831153728622118,0.026864261176190552,1.2142994896457446
352,1.0588813398723669,0.1662307457244235,1.7721518987341773,1.207979752808544,1.0100078792343414,1.0831153728622118,0.026864261176190552,1.2079796537931733
352,1.0588813398723669,0.1662307457244235,1.8354430379746836,1.2018423424515525,1.0093940982615328,1.0831153728622118,0.026864261176190552,1.201842317824356
352,1.0588813398723669,0.1662307457244235,1.89873417721519,1.1959005532143467,1.0088179624981257,1.0831153728622118,0.026864261176190552,1.195900555036
352,1.0588813398723669,0.1662307457244235,1.9620253164556964,1.1901638827613636,1.0082771556978882,1.0831153728622118,0.026864261176190552,1.190163935002747
352,1.0588813398723669,0.1662307457244235,2.0253164556962027,1.1846386905410242,1.0077695179280401,1.0831153728622118,0.026864261176190552,1.1846387444928148
352,1.0588813398723669,0.1662307457244235,2.088607594936709,1.179328694114198,1.0072930176654358,1.0831153728622118,0.026864261176190552,1.1793287569908126
352,1.0588813398723669,0.1662307457244235,2.151898734177215,1.1742353989291414,1.0068457366184302,1.0831153728622118,0.026864261176190552,1.1742354101666392
352,1.0588813398723669,0.1662307457244235,2.2151898734177218,1.1693584699011637,1.0064258863584699,1.0831153728622118,0.026864261176190552,1.169358463222246
352,1.0588813398723669,0.1662307457244235,2.278481012658228,1.1646960521476715,1.0060317908845942,1.0831153728622118,0.026864261176190552,1.164695999346255
352,1.0588813398723669,0.1662307457244235,2.3417721518987342,1.1602450473418906,1.0056618614905795,1.0831153728622118,0.026864261176190552,1.160244975793905
352,1.0588813398723669,0.1662307457244235,2.405063291139241,1.156001351342731,1.0053146173564598,1.0831153728622118,0.026864261176190552,1.1560012796068853
352,1.0588813398723669,0.1662307457244235,2.468354430379747,1.1519600580640588,1.0049886757939726,1.0831153728622118,0.026864261176190552,1.1519600148036688
352,1.0588813398723669,0.1662307457244235,2.5316455696202533,1.1481156339351557,1.0046827210584885,1.0831153728622118,0.026864261176190552,1.1481156059644022
352,1.0588813398723669,0.1662307457244235,2.5949367088607596,1.1444620667661538,1.0043955277275245,1.0831153728622118,0.026864261176190552,1.1444621006398707
352,1.0588813398723669,0.1662307457244235,2.6582278481012658,1.1409929923597935,1.0041259530137703,1.0831153728622118,0.026864261176190552,1.1409930426931991
352,1.0588813398723669,0.1662307457244235,2.7215189873417724,1.1377018017961347,1.003872909324403,1.0831153728622118,0.026864261176190552,1.137701837547043
352,1.0588813398723669,0.1662307457244235,2.7848101265822787,1.134581731944522,1.0036353824659419,1.0831153728622118,0.026864261176190552,1.1345817467834303
352,1.0588813398723669,0.1662307457244235,2.848101265822785,1.131625941445781,1.0034124262033526,1.0831153728622118,0.026864261176190552,1.1316259249630334
352,1.0588813398723669,0.1662307457244235,2.9113924050632916,1.1288275741320724,1.0032031432594604,1.0831153728622118,0.026864261176190552,1.1288275462834712
352,1.0588813398723669,0.1662307457244235,2.9746835443037978,1.1261798115872217,1.0030066936851463,1.0831153728622118,0.026864261176190552,1.1261797937789872
352,1.0588813398723669,0.1662307457244235,3.037974683544304,1.1236759163257988,1.0028222939932276,1.0831153728622118,0.026864261176190552,1.1236759241223733
352,1.0588813398723669,0.1662307457244235,3.1012658227848102,1.1213092669407445,1.0026492039231432,1.0831153728622118,0.026864261176190552,1.1213093284994993
352,1.0588813398723669,0.1662307457244235,3.1645569620253164,1.1190733863025717,1.0024867278355876,1.0831153728622118,0.026864261176190552,1.1190734678073935
352,1.0588813398723669,0.1662307457244235,3.227848101265823,1.1169619638463104,1.0023342170005214,1.0831153728622118,0.026864261176190552,1.1169620680418528
352,1.0588813398723669,0.1662307457244235,3.2911392405063293,1.1149688727782143,1.002191060700505,1.0831153728622118,0.026864261176190552,1.1149689573107935
352,1.0588813398723669,0.1662307457244235,3.3544303797468356,1.1130881829775738,1.0020566828139588,1.0831153728622118,0.026864261176190552,1.113088222929816
352,1.0588813398723669,0.1662307457244235,3.417721518987342,1.1113141702202216,1.001930546190974,1.0831153728622118,0.026864261176190552,1.1113141692027735
352,1.0588813398723669,0.1662307457244235,3.4810126582278484,1.1096413223195014,1.0018121469904162,1.0831153728622118,0.026864261176190552,1.109641301712214
352,1.0588813398723669,0.1662307457244235,3.5443037974683547,1.1080643426482657,1.001701008075269,1.0831153728622118,0.026864261176190552,1.1080643067005873
352,1.0588813398723669,0.1662307457244235,3.607594936708861,1.1065781514847235,1.001596684684806,1.0831153728622118,0.026864261176190552,1.106578139927425
352,1.0588813398723669,0.1662307457244235,3.670886075949367,1.105177885543737,1.0014987611533706,1.0831153728622118,0.026864261176190552,1.1051779221026043
352,1.0588813398723669,0.1662307457244235,3.7341772151898738,1.1038588960097173,1.001406842322124,1.0831153728622118,0.026864261176190552,1.1038589467411257
352,1.0588813398723669,0.1662307457244235,3.79746835443038,1.1026167453461972,1.001320560033884,1.0831153728622118,0.026864261176190552,1.102616797984789
352,1.0588813398723669,0.1662307457244235,3.8607594936708862,1.101447203117621,1.001239571055919,1.0831153728622118,0.026864261176190552,1.1014472445626842
352,1.0588813398723669,0.1662307457244235,3.924050632911393,1.100346241021564,1.001163548437099,1.0831153728622118,0.026864261176190552,1.1003462574644443
352,1.0588813398723669,0.1662307457244235,3.987341772151899,1.0993100273070633,1.0010921875846812,1.0831153728622118,0.026864261176190552,1.0993100138676335
352,1.0588813398723669,0.1662307457244235,4.050632911392405,1.0983349207251365,1.0010252042996128,1.0831153728622118,0.026864261176190552,1.098334896155901
352,1.0588813398723669,0.1662307457244235,4.113924050632912,1.097417464136216,1.0009623288428928,1.0831153728622118,0.026864261176190552,1.097417449208622
352,1.0588813398723669,0.1662307457244235,4.177215189873418,1.0965543778804883,1.0009033089525365,1.0831153728622118,0.026864261176190552,1.096554380400899
352,1.0588813398723669,0.1662307457244235,4.2405063291139244,1.095742553000532,1.0008479093102522,1.0831153728622118,0.026864261176190552,1.0957425826769736
352,1.0588813398723669,0.1662307457244235,4.30379746835443,1.094979044391251,1.0007959073789974,1.0831153728622118,0.026864261176190552,1.0949790776030819
352,1.0588813398723669,0.1662307457244235,4.367088607594937,1.0942610639396493,1.000747094237238,1.0831153728622118,0.026864261176190552,1.0942610904787737
352,1.0588813398723669,0.1662307457244235,4.4303797468354436,1.093585973706278,1.000701275040494,1.0831153728622118,0.026864261176190552,1.0935859820985252
352,1.0588813398723669,0.1662307457244235,4.493670886075949,1.092951279190905,1.0006582661947971,1.0831153728622118,0.026864261176190552,1.0929512696159942
352,1.0588813398723669,0.1662307457244235,4.556962025316456,1.0923546227168552,1.0006178946733215,1.0831153728622118,0.026864261176190552,1.0923546046979171
352,1.0588813398723669,0.1662307457244235,4.620253164556963,1.091793776961248,1.0005799991444546,1.0831153728622118,0.026864261176190552,1.09179376272379
352,1.0588813398723669,0.1662307457244235,4.6835443037974684,1.0912666386516818,1.0005444281433218,1.0831153728622118,0.026864261176190552,1.0912666356674743
352,1.0588813398723669,0.1662307457244235,4.746835443037975,1.090771222449791,1.0005110383706293,1.0831153728622118,0.026864261176190552,1.0907712316062743
352,1.0588813398723669,0.1662307457244235,4.810126582278482,1.0903056550392187,1.0004796962432758,1.0831153728622118,0.026864261176190552,1.0903056607296129
352,1.0588813398723669,0.1662307457244235,4.8734177215189876,1.0898681694121928,1.0004502768036387,1.0831153728622118,0.026864261176190552,1.0898681640580643
352,1.0588813398723669,0.1662307457244235,4.936708860759494,1.0894570993719224,1.0004226613739216,1.0831153728622118,0.026864261176190552,1.0894570868721125
352,1.0588813398723669,0.1662307457244235,5.0,1.089070874230317,1.000396739347609,1.0831153728622118,0.026864261176190552,1.0890709326523862
364,0.45792499895438604,0.27735187001949324,0.0,0.45792499895438604,0.45792499895438604,1.1386759350097466,0.5910721754065079,0.4579308373088521
364,0.45792499895438604,0.27735187001949324,0.06329113924050633,0.5874923718177618,0.4911700335047399,1.1386759350097466,0.5910721754065079,0.5874912116519766
364,0.45792499895438604,0.27735187001949324,0.12658227848101267,0.698672098445345,0.5223764748381559,1.1386759350097466,0.5910721754065079,0.6986734037097432
364,0.45792499895438604,0.27735187001949324,0.189873417721519,0.793833343559557,0.5516693120862667,1.1386759350097466,0.5910721754065079,0.7938346756646575
364,0.45792499895438604,0.27735187001949324,0.25316455696202533,0.8750523647406664,0.5791651725477318,1.1386759350097466,0.5910721754065079,0.8750518701849332
364,0.45792499895438604,0.27735187001949324,0.31645569620253167,0.9441480263273447,0.6049748498363761,1.1386759350097466,0.5910721754065079,0.9441464475304642
364,0.45792499895438604,0.27735187001949324,0.379746835443038,1.0027130490791112,0.6292018593191842,1.1386759350097466,0.5910721754065079,1.0027118437458
364,0.45792499895438604,0.27735187001949324,0.44303797468354433,1.0521415042624898,0.6519427690505062,1.1386759350097466,0.5910721754065079,1.052141500436668
364,0.45792499895438604,0.27735187001949324,0.5063291139240507,1.0936530017769606,0.6732889848595637,1.1386759350097466,0.5910721754065079,1.0936540157702337
364,0.45792499895438604,0.27735187001949324,0.569620253164557,1.1283139674705054,0.6933262374591534,1.1386759350097466,0.5910721754065079,1.1283152969137256
364,0.45792499895438604,0.27735187001949324,0.6329113924050633,1.157056357777786,0.712134485609585,1.1386759350097466,0.5910721754065079,1.157057058037439
364,0.45792499895438604,0.27735187001949324,0.6962025316455697,1.1806941185003688,0.7297891396046138,1.1386759350097466,0.5910721754065079,1.1806939712232496
364,0.45792499895438604,0.27735187001949324,0.759493670886076,1.199937657810032,0.7463612008714929,1.1386759350097466,0.5910721754065079,1.1999368232183418
364,0.45792499895438604,0.27735187001949324,0.8227848101265823,1.2154065713433915,0.7619168754988347,1.1386759350097466,0.5910721754065079,1.2154055798952903
364,0.45792499895438604,0.27735187001949324,0.8860759493670887,1.2276408288728275,0.7765183770298804,1.1386759350097466,0.5910721754065079,1.227640164971643
364,0.45792499895438604,0.27735187001949324,0.949367088607595,1.237110607029983,0.7902245080961302,1.1386759350097466,0.5910721754065079,1.2371105494727055
364,0.45792499895438604,0.27735187001949324,1.0126582278481013,1.2442249305280633,0.8030900874464552,1.1386759350097466,0.5910721754065079,1.2442253625323008
364,0.45792499895438604,0.27735187001949324,1.0759493670886076,1.249339264924722,0.8151664410068999,1.1386759350097466,0.5910721754065079,1.2493399759233805
364,0.45792499895438604,0.27735187001949324,1.139240506329114,1.2527621868764742,0.8265022683879933,1.1386759350097466,0.5910721754065079,1.252762882138041
364,0.45792499895438604,0.27735187001949324,1.2025316455696204,1.2547612427834844,0.8371429595309231,1.1386759350097466,0.5910721754065079,1.254761622781479
364,0.45792499895438604,0.27735187001949324,1.2658227848101267,1.2555680934599118,0.8471308578807031,1.1386759350097466,0.5910721754065079,1.2555681749862413
364,0.45792499895438604,0.27735187001949324,1.3291139240506329,1.255383030755337,0.8565062957617997,1.1386759350097466,0.5910721754065079,1.25538286309184
364,0.45792499895438604,0.27735187001949324,1.3924050632911393,1.2543789418523057,0.8653068240355194,1.1386759350097466,0.5910721754065079,1.254378778921267
364,0.45792499895438604,0.27735187001949324,1.4556962025316458,1.2527047878488646,0.8735674713752889,1.1386759350097466,0.5910721754065079,1.2527047724878475
364,0.45792499895438604,0.27735187001949324,1.518987341772152,1.2504886552195482,0.8813215444689437,1.1386759350097466,0.5910721754065079,1.2504888000945102
364,0.45792499895438604,0.27735187001949324,1.5822784810126582,1.247840431737318,0.8886001320969333,1.1386759350097466,0.5910721754065079,1.2478406813609861
364,0.45792499895438604,0.27735187001949324,1.6455696202531647,1.244854152454701,0.8954322382070173,1.1386759350097466,0.5910721754065079,1.244854372200292
364,0.45792499895438604,0.27735187001949324,1.708860759493671,1.2416100554387015,0.9018453411863122,1.1386759350097466,0.5910721754065079,1.241610092481814
364,0.45792499895438604,0.27735187001949324,1.7721518987341773,1.2381763827304422,0.9078651885609356,1.1386759350097466,0.5910721754065079,1.2381761689586779
364,0.45792499895438604,0.27735187001949324,1.8354430379746836,1.2346109572137274,0.9135157957345842,1.1386759350097466,0.5910721754065079,1.2346105787316923
364,0.45792499895438604,0.27735187001949324,1.89873417721519,1.2309625628784133,0.9188198325521562,1.1386759350097466,0.5910721754065079,1.2309621363027277
364,0.45792499895438604,0.27735187001949324,1.9620253164556964,1.2272721521820793,0.9237986229030604,1.1386759350097466,0.5910721754065079,1.2272718342871936
364,0.45792499895438604,0.27735187001949324,2.0253164556962027,1.2235739018133776,0.9284720516194854,1.1386759350097466,0.5910721754065079,1.2235737678232657
364,0.45792499895438604,0.27735187001949324,2.088607594936709,1.2198961352484863,0.9328588213653692,1.1386759350097466,0.5910721754065079,1.2198962663963533
364,0.45792499895438604,0.27735187001949324,2.151898734177215,1.2162621284372166,0.9369765923697054,1.1386759350097466,0.5910721754065079,1.2162623815717413
364,0.45792499895438604,0.27735187001949324,2.2151898734177218,1.2126908129749239,0.9408418293123477,1.1386759350097466,0.5910721754065079,1.2126910922121432
364,0.45792499895438604,0.27735187001949324,2.278481012658228,1.2091973893545305,0.944469961839163,1.1386759350097466,0.5910721754065079,1.20919758037679
364,0.45792499895438604,0.27735187001949324,2.3417721518987342,1.205793861366353,0.9478756159408187,1.1386759350097466,0.5910721754065079,1.2057938815498004
364,0.45792499895438604,0.27735187001949324,2.405063291139241,1.2024895013902532,0.9510724243825762,1.1386759350097466,0.5910721754065079,1.2024893767911358
364,0.45792499895438604,0.27735187001949324,2.468354430379747,1.199291255140774,0.9540731165069205,1.1386759350097466,0.5910721754065079,1.1992910470350504
364,0.45792499895438604,0.27735187001949324,2.5316455696202533,1.1962040933836418,0.9568898053580392,1.1386759350097466,0.5910721754065079,1.1962039276853866
364,0.45792499895438604,0.27735187001949324,2.5949367088607596,1.193231317230237,0.9595337724539038,1.1386759350097466,0.5910721754065079,1.1932312401831129
364,0.45792499895438604,0.27735187001949324,2.6582278481012658,1.1903748228104531,0.9620155385542947,1.1386759350097466,0.5910721754065079,1.1903748706568793
364,0.45792499895438604,0.27735187001949324,2.7215189873417724,1.1876353304135279,0.9643451162859783,1.1386759350097466,0.5910721754065079,1.187635470562365
364,0.45792499895438604,0.27735187001949324,2.7848101265822787,1.1850125825807962,0.9665318425447008,1.1386759350097466,0.5910721754065079,1.1850127247265887
364,0.45792499895438604,0.27735187001949324,2.848101265822785,1.182505515075492,0.9685844285853463,1.1386759350097466,0.5910721754065079,1.182505589445878
364,0.45792499895438604,0.27735187001949324,2.9113924050632916,1.1801124041727389,0.970511134945568,1.1386759350097466,0.5910721754065079,1.18011235728779
364,0.45792499895438604,0.27735187001949324,2.9746835443037978,1.1778309932538715,0.972319694387842,1.1386759350097466,0.5910721754065079,1.1778308603335017
364,0.45792499895438604,0.27735187001949324,3.037974683544304,1.1756586014397887,0.9740173198734052,1.1386759350097466,0.5910721754065079,1.175658443667933
364,0.45792499895438604,0.27735187001949324,3.1012658227848102,1.1735922165077246,0.9756108264091539,1.1386759350097466,0.5910721754065079,1.1735920841832677
364,0.45792499895438604,0.27735187001949324,3.1645569620253164,1.171628574140849,0.977106618208804,1.1386759350097466,0.5910721754065079,1.1716285388378975
364,0.45792499895438604,0.27735187001949324,3.227848101265823,1.1697642253552432,0.9785106676284494,1.1386759350097466,0.5910721754065079,1.1697642877092762
364,0.45792499895438604,0.27735187001949324,3.2911392405063293,1.1679955935568138,0.9798285970718422,1.1386759350097466,0.5910721754065079,1.167995721526755
364,0.45792499895438604,0.27735187001949324,3.3544303797468356,1.1663190227124351,0.9810657104450219,1.1386759350097466,0.5910721754065079,1.166319181927319
364,0.45792499895438604,0.27735187001949324,3.417721518987342,1.1647308177396127,0.9822269528723391,1.1386759350097466,0.5910721754065079,1.164730902544753
364,0.45792499895438604,0.27735187001949324,3.4810126582278484,1.1632272781950634,0.983316962829789,1.1386759350097466,0.5910721754065079,1.1632272858905746
364,0.45792499895438604,0.27735187001949324,3.5443037974683547,1.1618047262044278,0.9843401329490765,1.1386759350097466,0.5910721754065079,1.1618046569103657
364,0.45792499895438604,0.27735187001949324,3.607594936708861,1.1604595293650994,0.9853005577987225,1.1386759350097466,0.5910721754065079,1.1604594362798195
364,0.45792499895438604,0.27735187001949324,3.670886075949367,1.1591881193686413,0.9862020640912542,1.1386759350097466,0.5910721754065079,1.1591880495838656
364,0.45792499895438604,0.27735187001949324,3.7341772151898738,1.157987006945263,0.9870482897487387,1.1386759350097466,0.5910721754065079,1.157986990154897
364,0.45792499895438604,0.27735187001949324,3.79746835443038,1.1568527936355046,0.987842624109786,1.1386759350097466,0.5910721754065079,1.1568528436189514
364,0.45792499895438604,0.27735187001949324,3.8607594936708862,1.1557821808661926,0.9885882270530473,1.1386759350097466,0.5910721754065079,1.1557822707133856
364,0.45792499895438604,0.27735187001949324,3.924050632911393,1.1547719767299587,0.9892881085649832,1.1386759350097466,0.5910721754065079,1.1547720647249402
364,0.45792499895438604,0.27735187001949324,3.987341772151899,1.1538191008146998,0.9899450727956298,1.1386759350097466,0.5910721754065079,1.1538191509988167
364,0.45792499895438604,0.27735187001949324,4.050632911392405,1.1529205873850283,0.9905617361460662,1.1386759350097466,0.5910721754065079,1.1529205938116094
364,0.45792499895438604,0.27735187001949324,4.113924050632912,1.1520735871763665,0.991140581894846,1.1386759350097466,0.5910721754065079,1.152073558079259
364,0.45792499895438604,0.27735187001949324,4.177215189873418,1.1512753680297123,0.991683932423144,1.1386759350097466,0.5910721754065079,1.1512753358669312
364,0.45792499895438604,0.27735187001949324,4.2405063291139244,1.1505233145628042,0.9921939541246471,1.1386759350097466,0.5910721754065079,1.1505232938601861
364,0.45792499895438604,0.27735187001949324,4.30379746835443,1.149814927046647,0.9926726957259565,1.1386759350097466,0.5910721754065079,1.1498149327667393
364,0.45792499895438604,0.27735187001949324,4.367088607594937,1.1491478196330007,0.9931220806062091,1.1386759350097466,0.5910721754065079,1.14914785074265
364,0.45792499895438604,0.27735187001949324,4.4303797468354436,1.148519718057977,0.9935439025480065,1.1386759350097466,0.5910721754065079,1.1485197426559357
364,0.45792499895438604,0.27735187001949324,4.493670886075949,1.1479284569289554,0.9939398517591994,1.1386759350097466,0.5910721754065079,1.1479284641521086
364,0.45792499895438604,0.27735187001949324,4.556962025316456,1.1473719766862593,0.9943115211641426,1.1386759350097466,0.5910721754065079,1.1473719673431768
364,0.45792499895438604,0.27735187001949324,4.620253164556963,1.1468483203195512,0.9946603960183753,1.1386759350097466,0.5910721754065079,1.1468483204445916
364,0.45792499895438604,0.27735187001949324,4.6835443037974684,1.1463556299042785,0.9949878707417701,1.1386759350097466,0.5910721754065079,1.1463556541418376
364,0.45792499895438604,0.27735187001949324,4.746835443037975,1.1458921430143953,0.9952952645796478,1.1386759350097466,0.5910721754065079,1.1458921936232016
364,0.45792499895438604,0.27735187001949324,4.810126582278482,1.1454561890604862,0.9955838073291089,1.1386759350097466,0.5910721754065079,1.1454562341563213
364,0.45792499895438604,0.27735187001949324,4.8734177215189876,1.1450461855877174,0.9958546493786758,1.1386759350097466,0.5910721754065079,1.1450461731209522
364,0.45792499895438604,0.27735187001949324,4.936708860759494,1.1446606345662544,0.9961088833035195,1.1386759350097466,0.5910721754065079,1.1446605340642275
364,0.45792499895438604,0.27735187001949324,5.0,1.1442981187303296,0.9963475273705745,1.1386759350097466,0.5910721754065079,1.144298023156877
372,0.5472100802894397,0.2570677157159114,0.0,0.5472100802894397,0.5472100802894397,1.1285338578579558,0.5295963196188828,0.547209300514276
372,0.5472100802894397,0.2570677157159114,0.06329113924050633,0.6642570946846562,0.5749793308466387,1.1285338578579558,0.5295963196188828,0.6642544837157695
372,0.5472100802894397,0.2570677157159114,0.12658227848101267,0.7644479598621411,0.6010457645293462,1.1285338578579558,0.5295963196188828,0.7644488619905758
372,0.5472100802894397,0.2570677157159114,0.189873417721519,0.8499671203160877,0.6255137835305581,1.1285338578579558,0.5295963196188828,0.849968499566958
372,0.5472100802894397,0.2570677157159114,0.25316455696202533,0.9227282373875868,0.6484808054863854,1.1285338578579558,0.5295963196188828,0.9227281164880958
372,0.5472100802894397,0.2570677157159114,0.31645569620253167,0.9844070630330002,0.6700393752133407,1.1285338578579558,0.5295963196188828,0.9844058861473208
372,0.5472100802894397,0.2570677157159114,0.379746835443038,1.0364703632635466,0.6902759580798968,1.1285338578579558,0.5295963196188828,1.0364692028884752
372,0.5472100802894397,0.2570677157159114,0.44303797468354433,1.0802013638255146,0.709271216432577,1.1285338578579558,0.5295963196188828,1.080201007295534
372,0.5472100802894397,0.2570677157159114,0.5063291139240507,1.1167221335730895,0.7271015006619991,1.1285338578579558,0.5295963196188828,1.1167225375580805
372,0.5472100802894397,0.2570677157159114,0.569620253164557,1.147013272180203,0.7438384207898194,1.1285338578579558,0.5295963196188828,1.1470138618618992
372,0.5472100802894397,0.2570677157159114,0.6329113924050633,1.1719312247392788,0.7595487655825202,1.1285338578579558,0.5295963196188828,1.1719315123663594
372,0.5472100802894397,0.2570677157159114,0.6962025316455697,1.192223507365954,0.774295524517183,1.1285338578579558,0.5295963196188828,1.1922232207685892
372,0.5472100802894397,0.2570677157159114,0.759493670886076,1.2085420940647746,0.7881380043880398,1.1285338578579558,0.5295963196188828,1.2085414403043966
372,0.5472100802894397,0.2570677157159114,0.8227848101265823,1.221455185208113,0.8011315064900943,1.1285338578579558,0.5295963196188828,1.2214544366952917
372,0.5472100802894397,0.2570677157159114,0.8860759493670887,1.2314575517002513,0.8133279971844497,1.1285338578579558,0.5295963196188828,1.2314571238152134
372,0.5472100802894397,0.2570677157159114,0.949367088607595,1.238979625711291,0.8247765937311607,1.1285338578579558,0.5295963196188828,1.238979605761979
372,0.5472100802894397,0.2570677157159114,1.0126582278481013,1.2443954884545823,0.8355230856922848,1.1285338578579558,0.5295963196188828,1.244395850496271
372,0.5472100802894397,0.2570677157159114,1.0759493670886076,1.2480298874963096,0.8456103451093091,1.1285338578579558,0.5295963196188828,1.2480303899675658
372,0.5472100802894397,0.2570677157159114,1.139240506329114,1.2501644002631698,0.8550790502881833,1.1285338578579558,0.5295963196188828,1.2501648061973507
372,0.5472100802894397,0.2570677157159114,1.2025316455696204,1.2510428464524948,0.8639671150005919,1.1285338578579558,0.5295963196188828,1.2510429880895322
372,0.5472100802894397,0.2570677157159114,1.2658227848101267,1.2508760397702576,0.8723099083099123,1.1285338578579558,0.5295963196188828,1.2508759621191172
372,0.5472100802894397,0.2570677157159114,1.3291139240506329,1.2498459586154367,0.8801411194103022,1.1285338578579558,0.5295963196188828,1.2498457215366565
372,0.5472100802894397,0.2570677157159114,1.3924050632911393,1.2481094057600735,0.8874921141670854,1.1285338578579558,0.5295963196188828,1.248109265688008
372,0.5472100802894397,0.2570677157159114,1.4556962025316458,1.245801218687277,0.8943921516868312,1.1285338578579558,0.5295963196188828,1.2458012333287771
372,0.5472100802894397,0.2570677157159114,1.518987341772152,1.2430370849714194,0.9008690527184834,1.1285338578579558,0.5295963196188828,1.2430373135618127
372,0.5472100802894397,0.2570677157159114,1.5822784810126582,1.239916010412815,0.9069487854147484,1.1285338578579558,0.5295963196188828,1.2399163744821387
372,0.5472100802894397,0.2570677157159114,1.6455696202531647,1.2365224819096603,0.9126555764880687,1.1285338578579558,0.5295963196188828,1.236522804882748
372,0.5472100802894397,0.2570677157159114,1.708860759493671,1.232928362296535,0.9180123783650992,1.1285338578579558,0.5295963196188828,1.2329285339144844
372,0.5472100802894397,0.2570677157159114,1.7721518987341773,1.2291945494000034,0.9230406977012918,1.1285338578579558,0.5295963196188828,1.2291945195665388
372,0.5472100802894397,0.2570677157159114,1.8354430379746836,1.2253724282905962,0.927760594327289,1.1285338578579558,0.5295963196188828,1.225372233219556
372,0.5472100802894397,0.2570677157159114,1.89873417721519,1.2215051416159142,0.9321910041416851,1.1285338578579558,0.5295963196188828,1.221504860444875
372,0.5472100802894397,0.2570677157159114,1.9620253164556964,1.2176287004633652,0.936349738779681,1.1285338578579558,0.5295963196188828,1.2176284635117236
372,0.5472100802894397,0.2570677157159114,2.0253164556962027,1.2137729550577674,0.9402534078461404,1.1285338578579558,0.5295963196188828,1.213772844430988
372,0.5472100802894397,0.2570677157159114,2.088607594936709,1.2099624425153934,0.9439176334924029,1.1285338578579558,0.5295963196188828,1.2099625314662825
372,0.5472100802894397,0.2570677157159114,2.151898734177215,1.2062171267610742,0.9473571671341389,1.1285338578579558,0.5295963196188828,1.2062173387869053
372,0.5472100802894397,0.2570677157159114,2.2151898734177218,1.2025530438225507,0.950585761556581,1.1285338578579558,0.5295963196188828,1.2025532660854201
372,0.5472100802894397,0.2570677157159114,2.278481012658228,1.1989828641661004,0.9536163049912476,1.1285338578579558,0.5295963196188828,1.1989829968651595
372,0.5472100802894397,0.2570677157159114,2.3417721518987342,1.195516382330782,0.9564610143843687,1.1285338578579558,0.5295963196188828,1.1955164112099719
372,0.5472100802894397,0.2570677157159114,2.405063291139241,1.1921609428589968,0.9591312770507553,1.1285338578579558,0.5295963196188828,1.192160863156082
372,0.5472100802894397,0.2570677157159114,2.468354430379747,1.188921810433227,0.9616377256850542,1.1285338578579558,0.5295963196188828,1.1889216743158186
372,0.5472100802894397,0.2570677157159114,2.5316455696202533,1.1858024911687055,0.9639904781940021,1.1285338578579558,0.5295963196188828,1.1858023886669864
372,0.5472100802894397,0.2570677157159114,2.5949367088607596,1.1828050111660835,0.9661989579186597,1.1285338578579558,0.5295963196188828,1.1828050027960553
372,0.5472100802894397,0.2570677157159114,2.6582278481012658,1.179930157684943,0.9682719527462501,1.1285338578579558,0.5295963196188828,1.1799302334515493
372,0.5472100802894397,0.2570677157159114,2.7215189873417724,1.1771776876468505,0.9702178261254952,1.1285338578579558,0.5295963196188828,1.1771778238804018
372,0.5472100802894397,0.2570677157159114,2.7848101265822787,1.1745465075914632,0.9720443770736288,1.1285338578579558,0.5295963196188828,1.174546638085294
372,0.5472100802894397,0.2570677157159114,2.848101265822785,1.1720348287016364,0.9737588820162085,1.1285338578579558,0.5295963196188828,1.172034895977084
372,0.5472100802894397,0.2570677157159114,2.9113924050632916,1.1696403001048645,0.9753682408991384,1.1285338578579558,0.5295963196188828,1.1696402597773672
372,0.5472100802894397,0.2570677157159114,2.9746835443037978,1.1673601232309094,0.9768789128229227,1.1285338578579558,0.5295963196188828,1.1673599930777372
372,0.5472100802894397,0.2570677157159114,3.037974683544304,1.1651911496137803,0.9782969227031384,1.1285338578579558,0.5295963196188828,1.165190993240748
372,0.5472100802894397,0.2570677157159114,3.1012658227848102,1.1631299643832516,0.9796279630480982,1.1285338578579558,0.5295963196188828,1.1631298424559728
372,0.5472100802894397,0.2570677157159114,3.1645569620253164,1.1611729572278655,0.9808773832345203,1.1285338578579558,0.5295963196188828,1.1611729167250524
372,0.5472100802894397,0.2570677157159114,3.227848101265823,1.1593163825189174,0.9820501719127877,1.1285338578579558,0.5295963196188828,1.1593164320085196
372,0.5472100802894397,0.2570677157159114,3.2911392405063293,1.1575564100285118,0.9831510254214302,1.1285338578579558,0.5295963196188828,1.1575565109914137
372,0.5472100802894397,0.2570677157159114,3.3544303797468356,1.1558891674920704,0.9841843740610906,1.1285338578579558,0.5295963196188828,1.1558892851954001
372,0.5472100802894397,0.2570677157159114,3.417721518987342,1.1543107761020979,0.9851543484454712,1.1285338578579558,0.5295963196188828,1.1543108478500999
372,0.5472100802894397,0.2570677157159114,3.4810126582278484,1.152817379944214,0.9860648230479839,1.1285338578579558,0.5295963196188828,1.1528173736784588
372,0.5472100802894397,0.2570677157159114,3.5443037974683547,1.1514051701376593,0.9869194669907587,1.1285338578579558,0.5295963196188828,1.1514051110419703
372,0.5472100802894397,0.2570677157159114,3.607594936708861,1.1500704044816223,0.9877217004265787,1.1285338578579558,0.5295963196188828,1.1500703220479895
372,0.5472100802894397,0.2570677157159114,3.670886075949367,1.1488094232174348,0.988474719770801,1.1285338578579558,0.5295963196188828,1.148809361588441
372,0.5472100802894397,0.2570677157159114,3.7341772151898738,1.1476186614530577,0.9891815637439811,1.1285338578579558,0.5295963196188828,1.1476186596665667
372,0.5472100802894397,0.2570677157159114,3.79746835443038,1.1464946587516038,0.9898450634273767,1.1285338578579558,0.5295963196188828,1.1464947155058436
372,0.5472100802894397,0.2570677157159114,3.8607594936708862,1.1454340663028508,0.9904678582365319,1.1285338578579558,0.5295963196188828,1.1454341358420268
372,0.5472100802894397,0.2570677157159114,3.924050632911393,1.1444336520391873,0.99105246238354,1.1285338578579558,0.5295963196188828,1.144433716416475
372,0.5472100802894397,0.2570677157159114,3.987341772151899,1.143490304014024,0.9916012181473622,1.1285338578579558,0.5295963196188828,1.1434903393731095
372,0.5472100802894397,0.2570677157159114,4.050632911392405,1.142601032320766,0.9921163109821043,1.1285338578579558,0.5295963196188828,1.1426010174415406
372,0.5472100802894397,0.2570677157159114,4.113924050632912,1.1417629697901925,0.9925998151459342,1.1285338578579558,0.5295963196188828,1.1417629332109613
372,0.5472100802894397,0.2570677157159114,4.177215189873418,1.1409733716722235,0.9930536705010202,1.1285338578579558,0.5295963196188828,1.1409733399635689
372,0.5472100802894397,0.2570677157159114,4.2405063291139244,1.1402296144800013,0.9934796866147143,1.1285338578579558,0.5295963196188828,1.1402296097850833
372,0.5472100802894397,0.2570677157159114,4.30379746835443,1.1395291941495918,0.9938795747682082,1.1285338578579558,0.5295963196188828,1.1395292114731834
372,0.5472100802894397,0.2570677157159114,4.367088607594937,1.1388697236471026,0.9942549415411874,1.1285338578579558,0.5295963196188828,1.1388697618390267
372,0.5472100802894397,0.2570677157159114,4.4303797468354436,1.1382489301362668,0.9946072852626215,1.1285338578579558,0.5295963196188828,1.1382489567324785
372,0.5472100802894397,0.2570677157159114,4.493670886075949,1.1376646518032214,0.9949380177465014,1.1285338578579558,0.5295963196188828,1.1376646567082869
372,0.5472100802894397,0.2570677157159114,4.556962025316456,1.1371148344209472,0.9952484695468642,1.1285338578579558,0.5295963196188828,1.1371148195240823
372,0.5472100802894397,0.2570677157159114,4.620253164556963,1.13659752772322,0.9955398812830526,1.1285338578579558,0.5295963196188828,1.1365975126589303
372,0.5472100802894397,0.2570677157159114,4.6835443037974684,1.1361108816465826,0.9958134177003293,1.1285338578579558,0.5295963196188828,1.1361108928172687
372,0.5472100802894397,0.2570677157159114,4.746835443037975,1.135653142489902,0.9960701807515048,1.1285338578579558,0.5295963196188828,1.1356531768416829
372,0.5472100802894397,0.2570677157159114,4.810126582278482,1.135222649042174,0.9963111976738095,1.1285338578579558,0.5295963196188828,1.135222687859727
372,0.5472100802894397,0.2570677157159114,4.8734177215189876,1.1348178287010346,0.9965374293754068,1.1285338578579558,0.5295963196188828,1.1348178358924403
372,0.5472100802894397,0.2570677157159114,4.936708860759494,1.1344371936193027,0.9967497884734832,1.1285338578579558,0.5295963196188828,1.1344371613010913
372,0.5472100802894397,0.2570677157159114,5.0,1.1340793368870337,0.996949125516878,1.1285338578579558,0.5295963196188828,1.1340793782339187
379,1.2412666299783068,0.06770445729309196,0.0,1.2412666299783068,1.2412666299783068,1.033852228646546,,1.241264093423122
379,1.2412666299783068,0.06770445729309196,0.06329113924050633,1.2499829779197107,1.22646993683805,1.033852228646546,,1.2499850613771013
379,1.2412666299783068,0.06770445729309196,0.12658227848101267,1.255615924645909,1.2125805803475174,1.033852228646546,,1.25561411365739
379,1.2412666299783068,0.06770445729309196,0.189873417721519,1.2586576262392162,1.1995429303697067,1.033852228646546,,1.258655377792925
379,1.2412666299783068,0.06770445729309196,0.25316455696202533,1.2595340225914997,1.1873050784505152,1.033852228646546,,1.259534017225945
379,1.2412666299783068,0.06770445729309196,0.31645569620253167,1.2586131826238567,1.17581771259109,1.033852228646546,,1.258615330205535
379,1.2412666299783068,0.06770445729309196,0.379746835443038,1.2562126283040222,1.1650347601931832,1.033852228646546,,1.256215243771494
379,1.2412666299783068,0.06770445729309196,0.44303797468354433,1.252605760666749,1.1549132407670264,1.033852228646546,,1.2526074184013494
379,1.2412666299783068,0.06770445729309196,0.5063291139240507,1.248027496274018,1.1454124714249483,1.033852228646546,,1.2480277016696775
379,1.2412666299783068,0.06770445729309196,0.569620253164557,1.242679209557047,1.1364942951589294,1.033852228646546,,1.242678515141808
379,1.2412666299783068,0.06770445729309196,0.6329113924050633,1.2367330650384138,1.128123123940376,1.033852228646546,,1.2367322103278742
379,1.2412666299783068,0.06770445729309196,0.6962025316455697,1.2303358133553963,1.1202653941712528,1.033852228646546,,1.230335378992427
379,1.2412666299783068,0.06770445729309196,0.759493670886076,1.2236121161319982,1.1128895045509206,1.033852228646546,,1.2236121659072035
379,1.2412666299783068,0.06770445729309196,0.8227848101265823,1.2166674569337492,1.105965988087077,1.033852228646546,,1.2166677544090168
379,1.2412666299783068,0.06770445729309196,0.8860759493670887,1.2095906886598082,1.0994671547886905,1.033852228646546,,1.209590842618629
379,1.2412666299783068,0.06770445729309196,0.949367088607595,1.2024562616698866,1.0933668327926274,1.033852228646546,,1.2024561118048462
379,1.2412666299783068,0.06770445729309196,1.0126582278481013,1.1953261716110348,1.087640623381414,1.033852228646546,,1.1953257816306313
379,1.2412666299783068,0.06770445729309196,1.0759493670886076,1.1882516612149714,1.0822656824224401,1.033852228646546,,1.188251263583944
379,1.2412666299783068,0.06770445729309196,1.139240506329114,1.18127470620441,1.07722033470307,1.033852228646546,,1.181274529672869
379,1.2412666299783068,0.06770445729309196,1.2025316455696204,1.174429311805464,1.0724843780776157,1.033852228646546,,1.1744295243220229
379,1.2412666299783068,0.06770445729309196,1.2658227848101267,1.1677426431662434,1.0680389663342813,1.033852228646546,,1.16774317763896
379,1.2412666299783068,0.06770445729309196,1.3291139240506329,1.1612360101654362,1.0638661483703848,1.033852228646546,,1.1612366975252109
379,1.2412666299783068,0.06770445729309196,1.3924050632911393,1.1549257246121079,1.059949211056295,1.033852228646546,,1.1549263021343628
379,1.2412666299783068,0.06770445729309196,1.4556962025316458,1.1488238456465516,1.0562725638372559,1.033852228646546,,1.1488241231715686
379,1.2412666299783068,0.06770445729309196,1.518987341772152,1.1429388272364067,1.052821382579492,1.033852228646546,,1.1429387930382295
379,1.2412666299783068,0.06770445729309196,1.5822784810126582,1.1372760800068196,1.0495818302949909,1.033852228646546,,1.1372758650626351
379,1.2412666299783068,0.06770445729309196,1.6455696202531647,1.1318384580829508,1.0465409979126592,1.033852228646546,,1.1318382435490781
379,1.2412666299783068,0.06770445729309196,1.708860759493671,1.1266266803893032,1.0436866553575959,1.033852228646546,,1.1266266010629544
379,1.2412666299783068,0.06770445729309196,1.7721518987341773,1.1216396946644627,1.0410073429261864,1.033852228646546,,1.121639886045813
379,1.2412666299783068,0.06770445729309196,1.8354430379746836,1.116874991433153,1.0384923718474828,1.033852228646546,,1.116875367980332
379,1.2412666299783068,0.06770445729309196,1.89873417721519,1.1123288743093294,1.0361316522315827,1.033852228646546,,1.1123293570843842
379,1.2412666299783068,0.06770445729309196,1.9620253164556964,1.1079966922160127,1.0339156932461797,1.033852228646546,,1.1079970958169103
379,1.2412666299783068,0.06770445729309196,2.0253164556962027,1.1038730383945023,1.0318356445542451,1.033852228646546,,1.103873287111765
379,1.2412666299783068,0.06770445729309196,2.088607594936709,1.0999519205184487,1.0298831819779588,1.033852228646546,,1.0999519657557184
379,1.2412666299783068,0.06770445729309196,2.151898734177215,1.0962269056572331,1.0280504453062382,1.033852228646546,,1.0962267875424867
379,1.2412666299783068,0.06770445729309196,2.2151898734177218,1.0926912433796396,1.0263301064427597,1.033852228646546,,1.0926910518552184
379,1.2412666299783068,0.06770445729309196,2.278481012658228,1.0893379698855363,1.0247152979639131,1.033852228646546,,1.089337819979093
379,1.2412666299783068,0.06770445729309196,2.3417721518987342,1.0861599956854995,1.02319951013678,1.033852228646546,,1.0861599259016421
379,1.2412666299783068,0.06770445729309196,2.405063291139241,1.0831501790337903,1.0217766752930009,1.033852228646546,,1.0831502335567396
379,1.2412666299783068,0.06770445729309196,2.468354430379747,1.0803013870430946,1.020441127859441,1.033852228646546,,1.0803015219484684
379,1.2412666299783068,0.06770445729309196,2.5316455696202533,1.0776065461657123,1.0191874765648852,1.033852228646546,,1.0776066957573651
379,1.2412666299783068,0.06770445729309196,2.5949367088607596,1.0750586835119549,1.018010700233637,1.033852228646546,,1.0750587981044348
379,1.2412666299783068,0.06770445729309196,2.6582278481012658,1.0726509602890366,1.0169061162880988,1.033852228646546,,1.0726510022054487
379,1.2412666299783068,0.06770445729309196,2.7215189873417724,1.0703766984795577,1.015869268310398,1.033852228646546,,1.0703766668453163
379,1.2412666299783068,0.06770445729309196,2.7848101265822787,1.0682294017345249,1.0148960006368963,1.033852228646546,,1.0682293098682085
379,1.2412666299783068,0.06770445729309196,2.848101265822785,1.0662027713271462,1.0139824360640786,1.033852228646546,,1.0662026700339378
379,1.2412666299783068,0.06770445729309196,2.9113924050632916,1.0642907179064136,1.0131248979935392,1.033852228646546,,1.0642906598892865
379,1.2412666299783068,0.06770445729309196,2.9746835443037978,1.062487369693842,1.0123199447289206,1.033852228646546,,1.062487382459413
379,1.2412666299783068,0.06770445729309196,3.037974683544304,1.0607870776734114,1.0115643659269655,1.033852228646546,,1.0607871184838347
379,1.2412666299783068,0.06770445729309196,3.1012658227848102,1.0591844182604673,1.0108551283657536,1.033852228646546,,1.059184475657218
379,1.2412666299783068,0.06770445729309196,3.1645569620253164,1.057674193865916,1.010189381659214,1.033852228646546,,1.0576742315338112
379,1.2412666299783068,0.06770445729309196,3.227848101265823,1.0562514317141436,1.0095644676322695,1.033852228646546,,1.0562514189481584
379,1.2412666299783068,0.06770445729309196,3.2911392405063293,1.0549113812255704,1.00897788386668,1.033852228646546,,1.0549113250332531
379,1.2412666299783068,0.06770445729309196,3.3544303797468356,1.0536495102337082,1.008427269700958,1.033852228646546,,1.0536494283823106
379,1.2412666299783068,0.06770445729309196,3.417721518987342,1.0524615002605866,1.0079104241602417,1.033852228646546,,1.0524614206494087
379,1.2412666299783068,0.06770445729309196,3.4810126582278484,1.0513432410530776,1.0074252827525783,1.033852228646546,,1.0513432045857933
379,1.2412666299783068,0.06770445729309196,3.5443037974683547,1.050290824547446,1.006969890406294,1.033852228646546,,1.050290827274263
379,1.2412666299783068,0.06770445729309196,3.607594936708861,1.0493005383978509,1.0065424247117376,1.033852228646546,,1.0493005886232931
379,1.2412666299783068,0.06770445729309196,3.670886075949367,1.0483688592014417,1.0061411824764843,1.033852228646546,,1.0483689255090576
379,1.2412666299783068,0.06770445729309196,3.7341772151898738,1.0474924455170618,1.0057645445349122,1.033852228646546,,1.0474924937596761
379,1.2412666299783068,0.06770445729309196,3.79746835443038,1.0466681307632257,1.0054110023608467,1.033852228646546,,1.046668145572727
379,1.2412666299783068,0.06770445729309196,3.8607594936708862,1.045892916067688,1.0050791495561855,1.033852228646546,,1.0458929103692247
379,1.2412666299783068,0.06770445729309196,3.924050632911393,1.0451639631330307,1.0047676464367856,1.033852228646546,,1.0451639353918596
379,1.2412666299783068,0.06770445729309196,3.987341772151899,1.044478587164698,1.004475244932124,1.033852228646546,,1.0444785559070782
379,1.2412666299783068,0.06770445729309196,4.050632911392405,1.0438342499023692,1.0042007805349416,1.033852228646546,,1.0438342397307117
379,1.2412666299783068,0.06770445729309196,4.113924050632912,1.0432285527878415,1.003943147988127,1.033852228646546,,1.0432285734821136
379,1.2412666299783068,0.06770445729309196,4.177215189873418,1.0426592302957494,1.003701313646741,1.033852228646546,,1.0426592674933963
379,1.2412666299783068,0.06770445729309196,4.2405063291139244,1.0421241434476132,1.003474313292726,1.033852228646546,,1.042124175937301
379,1.2412666299783068,0.06770445729309196,4.30379746835443,1.0416212735247674,1.003261235079266,1.033852228646546,,1.0416212816085642
379,1.2412666299783068,0.06770445729309196,4.367088607594937,1.041148715991586,1.003061222949171,1.033852228646546,,1.0411486964148409
379,1.2412666299783068,0.06770445729309196,4.4303797468354436,1.0407046746369741,1.0028734785260558,1.033852228646546,,1.0407046476308437
379,1.2412666299783068,0.06770445729309196,4.493670886075949,1.040287455939181,1.0026972495325737,1.033852228646546,,1.0402874393608357
379,1.2412666299783068,0.06770445729309196,4.556962025316456,1.0398954636565283,1.0025318269903039,1.033852228646546,,1.0398954775757365
379,1.2412666299783068,0.06770445729309196,4.620253164556963,1.0395271936444077,1.0023765498420287,1.033852228646546,,1.0395272264209177
379,1.2412666299783068,0.06770445729309196,4.6835443037974684,1.039181228896802,1.0022307974595663,1.033852228646546,,1.03918125755403
379,1.2412666299783068,0.06770445729309196,4.746835443037975,1.0388562348083545,1.0020939826732689,1.033852228646546,,1.0388562468312674
379,1.2412666299783068,0.06770445729309196,4.810126582278482,1.0385509546524065,1.0019655581255607,1.033852228646546,,1.038550950497572
379,1.2412666299783068,0.06770445729309196,4.8734177215189876,1.0382642052838946,1.0018450118018432,1.033852228646546,,1.0382642065366718
379,1.2412666299783068,0.06770445729309196,4.936708860759494,1.0379948730428505,1.001731857419132,1.033852228646546,,1.037994880301289
379,1.2412666299783068,0.06770445729309196,5.0,1.0377419098614338,1.0016256417667262,1.033852228646546,,1.0377419050757053
384,1.0775885945748453,0.1502809888175994,0.0,1.0775885945748453,1.0775885945748453,1.0751404944087997,,1.0775918266619589
384,1.0775885945748453,0.1502809888175994,0.06329113924050633,1.1250214334861384,1.072830146938672,1.0751404944087997,,1.125024150678407
384,1.0775885945748453,0.1502809888175994,0.12658227848101267,1.1638876856896867,1.0683634884134285,1.0751404944087997,,1.1638875752496285
384,1.0775885945748453,0.1502809888175994,0.189873417721519,1.195385410544989,1.0641707289819724,1.0751404944087997,,1.1953841053235348
384,1.0775885945748453,0.1502809888175994,0.25316455696202533,1.2205592110646963,1.0602351754779076,1.0751404944087997,,1.220558253614839
384,1.0775885945748453,0.1502809888175994,0.31645569620253167,1.2403191547762675,1.0565409697252097,1.0751404944087997,,1.240319041839198
384,1.0775885945748453,0.1502809888175994,0.379746835443038,1.255457403539683,1.0530732953021193,1.0751404944087997,,1.2554577839313859
384,1.0775885945748453,0.1502809888175994,0.44303797468354433,1.26666282724747,1.0498183301736714,1.0751404944087997,,1.2666631397279897
384,1.0775885945748453,0.1502809888175994,0.5063291139240507,1.2745338434954794,1.0467629911875134,1.0751404944087997,,1.2745337591968517
384,1.0775885945748453,0.1502809888175994,0.569620253164557,1.2795896963830222,1.0438950074853606,1.0751404944087997,,1.279589336073893
384,1.0775885945748453,0.1502809888175994,0.6329113924050633,1.2822803621400611,1.04120293436339,1.0751404944087997,,1.2822799923595425
384,1.0775885945748453,0.1502809888175994,0.6962025316455697,1.2829952468134738,1.0386759781515424,1.0751404944087997,,1.2829949912316143
384,1.0775885945748453,0.1502809888175994,0.759493670886076,1.282070821486669,1.0363039762322046,1.0751404944087997,,1.282070880486757
384,1.0775885945748453,0.1502809888175994,0.8227848101265823,1.2797973230967112,1.0340774523569645,1.0751404944087997,,1.2797975250102231
384,1.0775885945748453,0.1502809888175994,0.8860759493670887,1.2764246335782767,1.031987501740738,1.0751404944087997,,1.2764248658126331
384,1.0775885945748453,0.1502809888175994,0.949367088607595,1.2721674365607183,1.0300257078110466,1.0751404944087997,,1.272167546494422
384,1.0775885945748453,0.1502809888175994,1.0126582278481013,1.2672097389502457,1.028184224218818,1.0751404944087997,,1.267209643786096
384,1.0775885945748453,0.1502809888175994,1.0759493670886076,1.2617088342641507,1.0264557045517302,1.0751404944087997,,1.2617086774125787
384,1.0775885945748453,0.1502809888175994,1.139240506329114,1.2557987753546336,1.0248331783087825,1.0751404944087997,,1.2557986557835135
384,1.0775885945748453,0.1502809888175994,1.2025316455696204,1.2495934160434752,1.0233101487104934,1.0751404944087997,,1.2495933966008081
384,1.0775885945748453,0.1502809888175994,1.2658227848101267,1.2431890740436289,1.021880555030245,1.0751404944087997,,1.2431891778463278
384,1.0775885945748453,0.1502809888175994,1.3291139240506329,1.2366668612441931,1.0205386243982946,1.0751404944087997,,1.2366670353045595
384,1.0775885945748453,0.1502809888175994,1.3924050632911393,1.230094721863616,1.0192789820629025,1.0751404944087997,,1.2300948754979872
384,1.0775885945748453,0.1502809888175994,1.4556962025316458,1.2235292141647078,1.0180966142795984,1.0751404944087997,,1.2235293215600027
384,1.0775885945748453,0.1502809888175994,1.518987341772152,1.2170170670957134,1.0169867537761503,1.0751404944087997,,1.217017097639589
384,1.0775885945748453,0.1502809888175994,1.5822784810126582,1.2105965393661156,1.0159449507351381,1.0751404944087997,,1.21059645454359
384,1.0775885945748453,0.1502809888175994,1.6455696202531647,1.2042986052748021,1.014967053746632,1.0751404944087997,,1.2042984795209994
384,1.0775885945748453,0.1502809888175994,1.708860759493671,1.1981479886019761,1.0140491297581284,1.0751404944087997,,1.1981478719223215
384,1.0775885945748453,0.1502809888175994,1.7721518987341773,1.1921640632355244,1.0131874934597365,1.0751404944087997,,1.1921639888669395
384,1.0775885945748453,0.1502809888175994,1.8354430379746836,1.1863616371125758,1.012378707464713,1.0751404944087997,,1.1863616032292252
384,1.0775885945748453,0.1502809888175994,1.89873417721519,1.1807516338431738,1.0116195269796229,1.0751404944087997,,1.1807516704612746
384,1.0775885945748453,0.1502809888175994,1.9620253164556964,1.175341684793006,1.0109068998611177,1.0751404944087997,,1.175341739005077
384,1.0775885945748453,0.1502809888175994,2.0253164556962027,1.1701366427985553,1.0102379799418195,1.0751404944087997,,1.1701367136787852
384,1.0775885945748453,0.1502809888175994,2.088607594936709,1.1651390272766906,1.0096100902611467,1.0751404944087997,,1.1651390630919554
384,1.0775885945748453,0.1502809888175994,2.151898734177215,1.1603494093849769,1.0090207030649256,1.0751404944087997,,1.1603494094903097
384,1.0775885945748453,0.1502809888175994,2.2151898734177218,1.1557667447865845,1.0084674617210159,1.0751404944087997,,1.1557667079428666
384,1.0775885945748453,0.1502809888175994,2.278481012658228,1.151388660642096,1.0079481577443636,1.0751404944087997,,1.1513886027525082
384,1.0775885945748453,0.1502809888175994,2.3417721518987342,1.1472117026573074,1.0074606976791587,1.0751404944087997,,1.1472116392895335
384,1.0775885945748453,0.1502809888175994,2.405063291139241,1.1432315472946957,1.007003130232509,1.0751404944087997,,1.1432314856436858
384,1.0775885945748453,0.1502809888175994,2.468354430379747,1.1394431836244259,1.0065736334207565,1.0751404944087997,,1.1394431535397922
384,1.0775885945748453,0.1502809888175994,2.5316455696202533,1.1358410687390814,1.00617047347261,1.0751404944087997,,1.1358410788492432
384,1.0775885945748453,0.1502809888175994,2.5949367088607596,1.1324192601708303,1.0057920356352734,1.0751404944087997,,1.132419286049413
384,1.0775885945748453,0.1502809888175994,2.6582278481012658,1.1291715283233303,1.0054368140452346,1.0751404944087997,,1.1291715639743256
384,1.0775885945748453,0.1502809888175994,2.7215189873417724,1.126091451553569,1.0051033755693672,1.0751404944087997,,1.1260914825060586
384,1.0775885945748453,0.1502809888175994,2.7848101265822787,1.1231724962070138,1.0047903837936754,1.0751404944087997,,1.12317250254164
384,1.0775885945748453,0.1502809888175994,2.848101265822785,1.1204080836326429,1.0044965918537594,1.0751404944087997,,1.120408075159625
384,1.0775885945748453,0.1502809888175994,2.9113924050632916,1.1177916459412456,1.0042208173975344,1.0751404944087997,,1.1177916396564014
384,1.0775885945748453,0.1502809888175994,2.9746835443037978,1.115316672033122,1.0039619536147315,1.0751404944087997,,1.1153166775477903
384,1.0775885945748453,0.1502809888175994,3.037974683544304,1.1129767452528385,1.0037189680956011,1.0751404944087997,,1.1129767793346623
384,1.0775885945748453,0.1502809888175994,3.1012658227848102,1.110765573857403,1.0034908853905906,1.0751404944087997,,1.1107656464666327
384,1.0775885945748453,0.1502809888175994,3.1645569620253164,1.108677015280324,1.0032767888480736,1.0751404944087997,,1.1086771119608534
384,1.0775885945748453,0.1502809888175994,3.227848101265823,1.1067050951385269,1.0030758236292812,1.0751404944087997,,1.1067051924399203
384,1.0775885945748453,0.1502809888175994,3.2911392405063293,1.1048440217008055,1.002887184985071,1.0751404944087997,,1.1048440989321937
384,1.0775885945748453,0.1502809888175994,3.3544303797468356,1.1030881965443007,1.0027101137536478,1.0751404944087997,,1.1030882349081028
384,1.0775885945748453,0.1502809888175994,3.417721518987342,1.1014322219405792,1.002543902126619,1.0751404944087997,,1.1014322080623142
384,1.0775885945748453,0.1502809888175994,3.4810126582278484,1.0998709055128622,1.0023878861869349,1.0751404944087997,,1.0998708823516377
384,1.0775885945748453,0.1502809888175994,3.5443037974683547,1.0983992625854497,1.0022414372058563,1.0751404944087997,,1.0983992474093367
384,1.0775885945748453,0.1502809888175994,3.607594936708861,1.0970125166119715,1.0021039691172418,1.0751404944087997,,1.0970125236027883
384,1.0775885945748453,0.1502809888175994,3.670886075949367,1.0957060980140332,1.001974934193846,1.0751404944087997,,1.0957061365054546
384,1.0775885945748453,0.1502809888175994,3.7341772151898738,1.094475641709756,1.001853811730484,1.0751404944087997,,1.0944756987327058
384,1.0775885945748453,0.1502809888175994,3.79746835443038,1.0933169835794005,1.001740116602354,1.0751404944087997,,1.093317038415394
384,1.0775885945748453,0.1502809888175994,3.8607594936708862,1.0922261560765811,1.0016333965278792,1.0751404944087997,,1.0922261928178445
384,1.0775885945748453,0.1502809888175994,3.924050632911393,1.0911993831656914,1.0015332206799297,1.0751404944087997,,1.091199389191833
384,1.0775885945748453,0.1502809888175994,3.987341772151899,1.0902330747367686,1.0014391876932693,1.0751404944087997,,1.0902330644135336
384,1.0775885945748453,0.1502809888175994,4.050632911392405,1.0893238206315137,1.001350923075655,1.0751404944087997,,1.089323800181595
384,1.0775885945748453,0.1502809888175994,4.113924050632912,1.0884683843902005,1.0012680713890132,1.0751404944087997,,1.0884683794733618
384,1.0775885945748453,0.1502809888175994,4.177215189873418,1.087663696813268,1.001190300224929,1.0751404944087997,,1.0876637065243184
384,1.0775885945748453,0.1502809888175994,4.2405063291139244,1.0869068494166478,1.0011172995018796,1.0751404944087997,,1.0869068681935468
384,1.0775885945748453,0.1502809888175994,4.30379746835443,1.086195087846967,1.0010487759803364,1.0751404944087997,,1.0861951123630842
384,1.0775885945748453,0.1502809888175994,4.367088607594937,1.085525805311619,1.0009844543620772,1.0751404944087997,,1.0855258305101345
384,1.0775885945748453,0.1502809888175994,4.4303797468354436,1.0848965360690546,1.0009240778983686,1.0751404944087997,,1.0848965370882757
384,1.0775885945748453,0.1502809888175994,4.493670886075949,1.0843049490163024,1.000867404665403,1.0751404944087997,,1.0843049421841584
384,1.0775885945748453,0.1502809888175994,4.556962025316456,1.0837488414033831,1.0008142066638133,1.0751404944087997,,1.0837488307502894
384,1.0775885945748453,0.1502809888175994,4.620253164556963,1.083226132697707,1.0007642713051434,1.0751404944087997,,1.0832261261796434
384,1.0775885945748453,0.1502809888175994,4.6835443037974684,1.0827348586186019,1.0007173990024496,1.0751404944087997,,1.0827348624457476
384,1.0775885945748453,0.1502809888175994,4.746835443037975,1.0822731653609945,1.0006734009286629,1.0751404944087997,,1.0822731747751304
384,1.0775885945748453,0.1502809888175994,4.810126582278482,1.081839304006846,1.000632101059849,1.0751404944087997,,1.0818393106931044
384,1.0775885945748453,0.1502809888175994,4.8734177215189876,1.0814316251419942,1.000593334737962,1.0751404944087997,,1.081431622291719
384,1.0775885945748453,0.1502809888175994,4.936708860759494,1.0810485736695166,1.0005569455799537,1.0751404944087997,,1.0810485637751424
384,1.0775885945748453,0.1502809888175994,5.0,1.0806886838321197,1.000522787838393,1.0751404944087997,,1.0806887210378107
386,1.2786604817227722,0.2604163007513904,0.0,1.2786604817227722,1.2786604817227722,1.130208150375695,,1.2786561294957128
386,1.2786604817227722,0.2604163007513904,0.06329113924050633,1.3520106885518586,1.2615704529909137,1.130208150375695,,1.352007376176547
386,1.2786604817227722,0.2604163007513904,0.12658227848101267,1.4110586026461476,1.2455283887783075,1.130208150375695,,1.4110575182552545
386,1.2786604817227722,0.2604163007513904,0.189873417721519,1.4578470294264987,1.2304700368475978,1.130208150375695,,1.457846669456509
386,1.2786604817227722,0.2604163007513904,0.25316455696202533,1.4941548958035529,1.2163354434669864,1.130208150375695,,1.4941547932462103
386,1.2786604817227722,0.2604163007513904,0.31645569620253167,1.521529912264512,1.203067653783842,1.130208150375695,,1.5215303295711604
386,1.2786604817227722,0.2604163007513904,0.379746835443038,1.5413172726287814,1.1906134544199907,1.130208150375695,,1.5413182874738136
386,1.2786604817227722,0.2604163007513904,0.44303797468354433,1.554684867373753,1.1789232033508192,1.130208150375695,,1.5546862247716517
386,1.2786604817227722,0.2604163007513904,0.5063291139240507,1.5626454295133017,1.1679499122585595,1.130208150375695,,1.562646765743003
386,1.2786604817227722,0.2604163007513904,0.569620253164557,1.5660759820587131,1.1576495101905202,1.130208150375695,,1.5660767903505384
386,1.2786604817227722,0.2604163007513904,0.6329113924050633,1.5657349119200017,1.147980893338883,1.130208150375695,,1.5657351153473251
386,1.2786604817227722,0.2604163007513904,0.6962025316455697,1.562276956210292,1.138905296092351,1.130208150375695,,1.5622767506995223
386,1.2786604817227722,0.2604163007513904,0.759493670886076,1.5562663526918685,1.1303862192729808,1.130208150375695,,1.556266019029911
386,1.2786604817227722,0.2604163007513904,0.8227848101265823,1.5481883759567394,1.1223896288070563,1.130208150375695,,1.548188098214672
386,1.2786604817227722,0.2604163007513904,0.8860759493670887,1.53845945438472,1.114883543039094,1.130208150375695,,1.538459372017549
386,1.2786604817227722,0.2604163007513904,0.949367088607595,1.5274360395409758,1.1078377337357526,1.130208150375695,,1.5274361567485897
386,1.2786604817227722,0.2604163007513904,1.0126582278481013,1.5154223790856352,1.1012240206287323,1.130208150375695,,1.5154224971316528
386,1.2786604817227722,0.2604163007513904,1.0759493670886076,1.5026773261381485,1.0950160189792968,1.130208150375695,,1.5026772945157556
386,1.2786604817227722,0.2604163007513904,1.139240506329114,1.489420302075844,1.0891886941392845,1.130208150375695,,1.4894201056651877
386,1.2786604817227722,0.2604163007513904,1.2025316455696204,1.4758365156905595,1.0837187128377432,1.130208150375695,,1.4758362169463204
386,1.2786604817227722,0.2604163007513904,1.2658227848101267,1.4620815292271194,1.0785843078934496,1.130208150375695,,1.462081257046191
386,1.2786604817227722,0.2604163007513904,1.3291139240506329,1.4482852509759745,1.0737647459670225,1.130208150375695,,1.4482850850877815
386,1.2786604817227722,0.2604163007513904,1.3924050632911393,1.4345554244804337,1.0692407235652495,1.130208150375695,,1.4345554804121485
386,1.2786604817227722,0.2604163007513904,1.4556962025316458,1.4209806759817325,1.0649942337573797,1.130208150375695,,1.4209809153151762
386,1.2786604817227722,0.2604163007513904,1.518987341772152,1.4076331741896393,1.061008154821028,1.130208150375695,,1.4076334986257635
386,1.2786604817227722,0.2604163007513904,1.5822784810126582,1.3945709501377885,1.0572665051770371,1.130208150375695,,1.3945711770074531
386,1.2786604817227722,0.2604163007513904,1.6455696202531647,1.3818399189719255,1.053754374980768,1.130208150375695,,1.3818399323326744
386,1.2786604817227722,0.2604163007513904,1.708860759493671,1.3694756403481938,1.0504576386212174,1.130208150375695,,1.3694754714419348
386,1.2786604817227722,0.2604163007513904,1.7721518987341773,1.357504850040681,1.0473630602583104,1.130208150375695,,1.3575044671987986
386,1.2786604817227722,0.2604163007513904,1.8354430379746836,1.3459467908853686,1.0444582944712917,1.130208150375695,,1.3459463542885843
386,1.2786604817227722,0.2604163007513904,1.89873417721519,1.334814368314631,1.0417316875408664,1.130208150375695,,1.3348140390939598
386,1.2786604817227722,0.2604163007513904,1.9620253164556964,1.3241151521907457,1.0391722776531176,1.130208150375695,,1.3241150052549928
386,1.2786604817227722,0.2604163007513904,2.0253164556962027,1.3138522443121177,1.0367698427596,1.130208150375695,,1.313852274406728
386,1.2786604817227722,0.2604163007513904,2.088607594936709,1.304025028508226,1.0345147685203546,1.130208150375695,,1.3040251889569408
386,1.2786604817227722,0.2604163007513904,2.151898734177215,1.2946298180910973,1.032397976472243,1.130208150375695,,1.294630015676761
386,1.2786604817227722,0.2604163007513904,2.2151898734177218,1.285660413741399,1.0304110027392142,1.130208150375695,,1.285660574573864
386,1.2786604817227722,0.2604163007513904,2.278481012658228,1.2771085832401377,1.028545915517472,1.130208150375695,,1.2771086453772504
386,1.2786604817227722,0.2604163007513904,2.3417721518987342,1.2689644730610499,1.026795196132299,1.130208150375695,,1.2689644523243468
386,1.2786604817227722,0.2604163007513904,2.405063291139241,1.261216960605797,1.0251518364890069,1.130208150375695,,1.2612169285233892
386,1.2786604817227722,0.2604163007513904,2.468354430379747,1.2538539547780883,1.0236092929087655,1.130208150375695,,1.2538539766338797
386,1.2786604817227722,0.2604163007513904,2.5316455696202533,1.2468626516409929,1.022161338528648,1.130208150375695,,1.2468627722573993
386,1.2786604817227722,0.2604163007513904,2.5949367088607596,1.2402297510590115,1.0208021739422521,1.130208150375695,,1.2402299470521294
386,1.2786604817227722,0.2604163007513904,2.6582278481012658,1.23394163949281,1.0195263908205057,1.130208150375695,,1.2339418445040706
386,1.2786604817227722,0.2604163007513904,2.7215189873417724,1.2279845434675827,1.0183288420464987,1.130208150375695,,1.2279846686769078
386,1.2786604817227722,0.2604163007513904,2.7848101265822787,1.2223446576686485,1.0172047278713743,1.130208150375695,,1.222344607924769
386,1.2786604817227722,0.2604163007513904,2.848101265822785,1.2170082511227198,1.0161495701648602,1.130208150375695,,1.2170079968970295
386,1.2786604817227722,0.2604163007513904,2.9113924050632916,1.2119617544588652,1.0151591224935281,1.130208150375695,,1.2119613116290742
386,1.2786604817227722,0.2604163007513904,2.9746835443037978,1.2071918309088812,1.0142294097334046,1.130208150375695,,1.2071913128920033
386,1.2786604817227722,0.2604163007513904,3.037974683544304,1.2026854333479489,1.0133567239709707,1.130208150375695,,1.2026849548808336
386,1.2786604817227722,0.2604163007513904,3.1012658227848102,1.198429849325478,1.0125375618660377,1.130208150375695,,1.198429523654967
386,1.2786604817227722,0.2604163007513904,3.1645569620253164,1.1944127359034287,1.0117686312519432,1.130208150375695,,1.1944125909913677
386,1.2786604817227722,0.2604163007513904,3.227848101265823,1.1906221457477917,1.0110468619637527,1.130208150375695,,1.1906221420247103
386,1.2786604817227722,0.2604163007513904,3.2911392405063293,1.187046545843344,1.0103693637340774,1.130208150375695,,1.1870466390674541
386,1.2786604817227722,0.2604163007513904,3.3544303797468356,1.1836748299333972,1.0097334100231266,1.130208150375695,,1.1836749420802113
386,1.2786604817227722,0.2604163007513904,3.417721518987342,1.1804963257128995,1.0091364587275196,1.130208150375695,,1.1804963724918227
386,1.2786604817227722,0.2604163007513904,3.4810126582278484,1.1775007975992446,1.0085761253802366,1.130208150375695,,1.1775007897834453
386,1.2786604817227722,0.2604163007513904,3.5443037974683547,1.1746784458479604,1.0080501518935612,1.130208150375695,,1.1746783813732322
386,1.2786604817227722,0.2604163007513904,3.607594936708861,1.1720199026395077,1.007556433403044,1.130208150375695,,1.172019851621936
386,1.2786604817227722,0.2604163007513904,3.670886075949367,1.169516225694407,1.0070930027389136,1.130208150375695,,1.1695162185905197
386,1.2786604817227722,0.2604163007513904,3.7341772151898738,1.1671588898907714,1.006657989781493,1.130208150375695,,1.1671589367710677
386,1.2786604817227722,0.2604163007513904,3.79746835443038,1.1649397772852128,1.006249652198533,1.130208150375695,,1.1649398509399642
386,1.2786604817227722,0.2604163007513904,3.8607594936708862,1.162851165894018,1.005866365614657,1.130208150375695,,1.1628512373954778
386,1.2786604817227722,0.2604163007513904,3.924050632911393,1.160885717527007,1.0055065827084264,1.130208150375695,,1.160885727373674
386,1.2786604817227722,0.2604163007513904,3.987341772151899,1.1590364649255644,1.0051688619711956,1.130208150375695,,1.1590364160334643
386,1.2786604817227722,0.2604163007513904,4.050632911392405,1.1572967984207578,1.0048518584090311,1.130208150375695,,1.1572967107611993
386,1.2786604817227722,0.2604163007513904,4.113924050632912,1.1556604522912666,1.0045542954613107,1.130208150375695,,1.1556603773174916
386,1.2786604817227722,0.2604163007513904,4.177215189873418,1.1541214909714055,1.0042749792787382,1.130208150375695,,1.154121461780356
386,1.2786604817227722,0.2604163007513904,4.2405063291139244,1.1526742952377396,1.0040127961993512,1.130208150375695,,1.1526743357101847
386,1.2786604817227722,0.2604163007513904,4.30379746835443,1.151313548477639,1.0037666930494356,1.130208150375695,,1.1513136497574634
386,1.2786604817227722,0.2604163007513904,4.367088607594937,1.1500342231256797,1.0035356810917215,1.130208150375695,,1.150034325071607
386,1.2786604817227722,0.2604163007513904,4.4303797468354436,1.148831567337499,1.0033188382096765,1.130208150375695,,1.1488316301305097
386,1.2786604817227722,0.2604163007513904,4.493670886075949,1.1477010919577855,1.0031152955306841,1.130208150375695,,1.147701099247221
386,1.2786604817227722,0.2604163007513904,4.556962025316456,1.1466385578288387,1.0029242341919422,1.130208150375695,,1.1466385333063303
386,1.2786604817227722,0.2604163007513904,4.620253164556963,1.14563996346714,1.0027448906791467,1.130208150375695,,1.1456399636810788
386,1.2786604817227722,0.2604163007513904,4.6835443037974684,1.1447015331421873,1.0025765481731228,1.130208150375695,,1.1447015978635662
386,1.2786604817227722,0.2604163007513904,4.746835443037975,1.1438197053698327,1.002418528498968,1.130208150375695,,1.1438198364016159
386,1.2786604817227722,0.2604163007513904,4.810126582278482,1.1429911218289286,1.00227019946428,1.130208150375695,,1.1429912452843205
386,1.2786604817227722,0.2604163007513904,4.8734177215189876,1.1422126167029722,1.0021309696974443,1.130208150375695,,1.142212656213196
386,1.2786604817227722,0.2604163007513904,4.936708860759494,1.1414812064888287,1.0020002775465922,1.130208150375695,,1.1414811553109387
386,1.2786604817227722,0.2604163007513904,5.0,1.1407940802476986,1.0018775995580695,1.130208150375695,,1.140794128225034
391,0.3188496410265535,0.040676570098572104,0.0,0.3188496410265535,0.3188496410265535,1.0203382850492861,,0.31885136705676065
391,0.3188496410265535,0.040676570098572104,0.06329113924050633,0.37475112425148355,0.36062405817248055,1.0203382850492861,,0.3747546492872569
391,0.3188496410265535,0.040676570098572104,0.12658227848101267,0.42569285158495523,0.3998368583856281,1.0203382850492861,,0.4256938019338945
391,0.3188496410265535,0.040676570098572104,0.189873417721519,0.47216107627632736,0.4366450981465782,1.0203382850492861,,0.4721611271568127
391,0.3188496410265535,0.040676570098572104,0.25316455696202533,0.5145905816634296,0.4711953267818839,1.0203382850492861,,0.5145909509971889
391,0.3188496410265535,0.040676570098572104,0.31645569620253167,0.5533704117280777,0.503626763236684,1.0203382850492861,,0.5533710913536221
391,0.3188496410265535,0.040676570098572104,0.379746835443038,0.5888489441685085,0.5340694808942666,1.0203382850492861,,0.5888493617386017
391,0.3188496410265535,0.040676570098572104,0.44303797468354433,0.6213383826950373,0.5626448234151213,1.0203382850492861,,0.6213382527264016
391,0.3188496410265535,0.040676570098572104,0.5063291139240507,0.6511187362266929,0.5894676478084556,1.0203382850492861,,0.6511182505969306
391,0.3188496410265535,0.040676570098572104,0.569620253164557,0.6784413447056249,0.6146456799529467,1.0203382850492861,,0.678440930154705
391,0.3188496410265535,0.040676570098572104,0.6329113924050633,0.7035320042251947,0.638279392916312,1.0203382850492861,,0.7035319964917632
391,0.3188496410265535,0.040676570098572104,0.6962025316455697,0.7265937379764839,0.6604635443401373,1.0203382850492861,,0.7265941637639293
391,0.3188496410265535,0.040676570098572104,0.759493670886076,0.7478092540582891,0.6812873518558711,1.0203382850492861,,0.7478098140332818
391,0.3188496410265535,0.040676570098572104,0.8227848101265823,0.7673431263808742,0.7008340074589717,1.0203382850492861,,0.767343495087668
391,0.3188496410265535,0.040676570098572104,0.8860759493670887,0.7853437306473923,0.7191816862676985,1.0203382850492861,,0.7853437741683927
391,0.3188496410265535,0.040676570098572104,0.949367088607595,0.8019449636516595,0.736404277381304,1.0203382850492861,,0.8019447362691882
391,0.3188496410265535,0.040676570098572104,1.0126582278481013,0.8172677708275119,0.7525706639071053,1.0203382850492861,,0.8172674451249857
391,0.3188496410265535,0.040676570098572104,1.0759493670886076,0.8314215040710624,0.7677453400071222,1.0203382850492861,,0.8314213295802935
391,0.3188496410265535,0.040676570098572104,1.139240506329114,0.8445051292867592,0.7819894997174852,1.0203382850492861,,0.8445051732912682
391,0.3188496410265535,0.040676570098572104,1.2025316455696204,0.8566083008407475,0.7953601782725734,1.0203382850492861,,0.8566085325132063
391,0.3188496410265535,0.040676570098572104,1.2658227848101267,0.8678123181034157,0.8079105827981922,1.0203382850492861,,0.8678126649280831
391,0.3188496410265535,0.040676570098572104,1.3291139240506329,0.8781909774897656,0.8196913933242782,1.0203382850492861,,0.8781911737363769
391,0.3188496410265535,0.040676570098572104,1.3924050632911393,0.8878113318667877,0.8307497948023569,1.0203382850492861,,0.887811299768107
391,0.3188496410265535,0.040676570098572104,1.4556962025316458,0.8967343678109855,0.8411298029008414,1.0203382850492861,,0.8967340687599274
391,0.3188496410265535,0.040676570098572104,1.518987341772152,0.9050156099739752,0.8508732695079805,1.0203382850492861,,0.9050152830208931
391,0.3188496410265535,0.040676570098572104,1.5822784810126582,0.9127056607511034,0.8600192595758764,1.0203382850492861,,0.9127054016470899
391,0.3188496410265535,0.040676570098572104,1.6455696202531647,0.9198506825392175,0.8686042183370472,1.0203382850492861,,0.9198506342995193
391,0.3188496410265535,0.040676570098572104,1.708860759493671,0.9264928289397236,0.8766626740637357,1.0203382850492861,,0.9264930727716356
391,0.3188496410265535,0.040676570098572104,1.7721518987341773,0.9326706306550446,0.8842269800957185,1.0203382850492861,,0.9326710582002338
391,0.3188496410265535,0.040676570098572104,1.8354430379746836,0.9384193410370776,0.891327313255009,1.0203382850492861,,0.938419841848677
391,0.3188496410265535,0.040676570098572104,1.89873417721519,0.9437712458067854,0.8979921595868338,1.0203382850492861,,0.9437716027801488
391,0.3188496410265535,0.040676570098572104,1.9620253164556964,0.9487559408246464,0.9042483138611294,1.0203382850492861,,0.9487561253322847
391,0.3188496410265535,0.040676570098572104,2.0253164556962027,0.9534005814563628,0.9101207625844436,1.0203382850492861,,0.9534005256727012
391,0.3188496410265535,0.040676570098572104,2.088607594936709,0.9577301066075435,0.9156330067967224,1.0203382850492861,,0.9577299179823845
391,0.3188496410265535,0.040676570098572104,2.151898734177215,0.9617674401714281,0.9208072376547412,1.0203382850492861,,0.9617672396868718
391,0.3188496410265535,0.040676570098572104,2.2151898734177218,0.9655336723364436,0.9256641440347074,1.0203382850492861,,0.9655335489559815
391,0.3188496410265535,0.040676570098572104,2.278481012658228,0.9690482229103837,0.9302231142293813,1.0203382850492861,,0.969048225982508
391,0.3188496410265535,0.040676570098572104,2.3417721518987342,0.9723289885807794,0.9345025266896645,1.0203382850492861,,0.9723291173137738
391,0.3188496410265535,0.040676570098572104,2.405063291139241,0.9753924758140751,0.9385195118180529,1.0203382850492861,,0.9753926315817412
391,0.3188496410265535,0.040676570098572104,2.468354430379747,0.978253920909593,0.9422900648111281,1.0203382850492861,,0.9782540512395266
391,0.3188496410265535,0.040676570098572104,2.5316455696202533,0.980927398554124,0.9458294064490079,1.0203382850492861,,0.9809274397768326
391,0.3188496410265535,0.040676570098572104,2.5949367088607596,0.9834259200744818,0.9491517126483203,1.0203382850492861,,0.9834258729449848
391,0.3188496410265535,0.040676570098572104,2.6582278481012658,0.9857615224513766,0.9522702033865423,1.0203382850492861,,0.9857614392478556
391,0.3188496410265535,0.040676570098572104,2.7215189873417724,0.9879453490448449,0.9551974601409242,1.0203382850492861,,0.987945304252862
391,0.3188496410265535,0.040676570098572104,2.7848101265822787,0.9899877228751445,0.9579452152914388,1.0203382850492861,,0.9899877498648568
391,0.3188496410265535,0.040676570098572104,2.848101265822785,0.9918982132168845,0.9605244150621691,1.0203382850492861,,0.9918983510586424
391,0.3188496410265535,0.040676570098572104,2.9113924050632916,0.993685696169643,0.9629454393233657,1.0203382850492861,,0.9936858983130337
391,0.3188496410265535,0.040676570098572104,2.9746835443037978,0.9953584098002426,0.9652180047634343,1.0203382850492861,,0.9953586332542086
391,0.3188496410265535,0.040676570098572104,3.037974683544304,0.9969240044215242,0.9673511749090639,1.0203382850492861,,0.9969241966178021
391,0.3188496410265535,0.040676570098572104,3.1012658227848102,0.9983895884417386,0.9693535132326003,1.0203382850492861,,0.9983896812686592
391,0.3188496410265535,0.040676570098572104,3.1645569620253164,0.9997617702459137,0.9712330670200708,1.0203382850492861,,0.9997617696594568
391,0.3188496410265535,0.040676570098572104,3.227848101265823,1.0010466964841485,0.9729973409016023,1.0203382850492861,,1.0010466248456535
391,0.3188496410265535,0.040676570098572104,3.2911392405063293,1.0022500870948585,0.9746533997712797,1.0203382850492861,,1.0022499984886921
391,0.3188496410265535,0.040676570098572104,3.3544303797468356,1.0033772673907289,0.9762079083108053,1.0203382850492861,,1.003377222019374
391,0.3188496410265535,0.040676570098572104,3.417721518987342,1.00443319747805,0.9776670803713257,1.0203382850492861,,1.0044332527846822
391,0.3188496410265535,0.040676570098572104,3.4810126582278484,1.0054224992293805,0.9790367444812844,1.0203382850492861,,1.005422606300317
391,0.3188496410265535,0.040676570098572104,3.5443037974683547,1.006349481090749,0.9803224202506002,1.0203382850492861,,1.00634963116794
391,0.3188496410265535,0.040676570098572104,3.607594936708861,1.0072181608602113,0.9815292527550243,1.0203382850492861,,1.0072182812866004
391,0.3188496410265535,0.040676570098572104,3.670886075949367,1.008032286647668,0.9826620504926478,1.0203382850492861,,1.008032341677613
391,0.3188496410265535,0.040676570098572104,3.7341772151898738,1.0087953561895655,0.9837253847347569,1.0203382850492861,,1.0087953366818359
391,0.3188496410265535,0.040676570098572104,3.79746835443038,1.0095106346425842,0.9847235143922618,1.0203382850492861,,1.009510559906014
391,0.3188496410265535,0.040676570098572104,3.8607594936708862,1.010181170992564,0.9856604100458861,1.0203382850492861,,1.010181100732655
391,0.3188496410265535,0.040676570098572104,3.924050632911393,1.0108098132051564,0.9865398539275596,1.0203382850492861,,1.0108097804999556
391,0.3188496410265535,0.040676570098572104,3.987341772151899,1.0113992222219665,0.9873653696231254,1.0203382850492861,,1.0113992698325531
391,0.3188496410265535,0.040676570098572104,4.050632911392405,1.0119518849003477,0.9881402448003821,1.0203382850492861,,1.0119520002752684
391,0.3188496410265535,0.040676570098572104,4.113924050632912,1.0124701259855118,0.9888675998505437,1.0203382850492861,,1.0124702722963097
391,0.3188496410265535,0.040676570098572104,4.177215189873418,1.0129561191931054,0.9895503529874439,1.0203382850492861,,1.0129562317229355
391,0.3188496410265535,0.040676570098572104,4.2405063291139244,1.013411897476757,0.9901912264171099,1.0203382850492861,,1.0134119389616907
391,0.3188496410265535,0.040676570098572104,4.30379746835443,1.0138393625465298,0.9907927944896885,1.0203382850492861,,1.0138393302154372
391,0.3188496410265535,0.040676570098572104,4.367088607594937,1.0142402936983725,0.9913574740485823,1.0203382850492861,,1.0142402243562851
391,0.3188496410265535,0.040676570098572104,4.4303797468354436,1.014616356009402,0.9918875190912447,1.0203382850492861,,1.014616296415717
391,0.3188496410265535,0.040676570098572104,4.493670886075949,1.0149691079491892,0.9923850534671511,1.0203382850492861,,1.0149691077763903
391,0.3188496410265535,0.040676570098572104,4.556962025316456,1.0153000084520845,0.99285207878314,1.0203382850492861,,1.015300052906923
391,0.3188496410265535,0.040676570098572104,4.620253164556963,1.015610423489869,0.9932904613535792,1.0203382850492861,,1.0156104717834082
391,0.3188496410265535,0.040676570098572104,4.6835443037974684,1.0159016321888064,0.9937019533520752,1.0203382850492861,,1.0159016410527892
391,0.3188496410265535,0.040676570098572104,4.746835443037975,1.0161748325193072,0.9940882124903906,1.0203382850492861,,1.0161747812739819
391,0.3188496410265535,0.040676570098572104,4.810126582278482,1.0164311465953344,0.9944507840844178,1.0203382850492861,,1.0164310895642985
391,0.3188496410265535,0.040676570098572104,4.8734177215189876,1.0166716256153168,0.9947911136677944,1.0203382850492861,,1.0166716340508626
391,0.3188496410265535,0.040676570098572104,4.936708860759494,1.0168972544626882,0.9951105741283846,1.0203382850492861,,1.0168973292016974
391,0.3188496410265535,0.040676570098572104,5.0,1.0171089559725512,0.9954104449792794,1.0203382850492861,,1.0171089955956776
395,0.6269989466874104,0.04912571855373068,0.0,0.6269989466874104,0.6269989466874104,1.0245628592768654,,0.6269956214826227
395,0.6269989466874104,0.04912571855373068,0.06329113924050633,0.6669359981629372,0.6498748086636612,1.0245628592768654,,0.66693751890273
395,0.6269989466874104,0.04912571855373068,0.12658227848101267,0.7025743099478414,0.6713479174863302,1.0245628592768654,,0.702573721388496
395,0.6269989466874104,0.04912571855373068,0.189873417721519,0.7343974144573986,0.6915042780028328,1.0245628592768654,,0.7343963347306015
395,0.6269989466874104,0.04912571855373068,0.25316455696202533,0.7628330444182267,0.7104241412949599,1.0245628592768654,,0.7628328984417341
395,0.6269989466874104,0.04912571855373068,0.31645569620253167,0.7882596636201658,0.7281837442940896,1.0245628592768654,,0.7882603868989877
395,0.6269989466874104,0.04912571855373068,0.379746835443038,0.8110122275311257,0.7448543157800852,1.0245628592768654,,0.8110129580826999
395,0.6269989466874104,0.04912571855373068,0.44303797468354433,0.8313872649583336,0.760502304096662,1.0245628592768654,,0.8313873419543962
395,0.6269989466874104,0.04912571855373068,0.5063291139240507,0.8496473611149105,0.7751906054676129,1.0245628592768654,,0.8496468503211343
395,0.6269989466874104,0.04912571855373068,0.569620253164557,0.8660251129194492,0.7889782110770233,1.0245628592768654,,0.8660245678392078
395,0.6269989466874104,0.04912571855373068,0.6329113924050633,0.8807266189563556,0.8019201404365089,1.0245628592768654,,0.8807263584305564
395,0.6269989466874104,0.04912571855373068,0.6962025316455697,0.8939345591220613,0.8140682832641856,1.0245628592768654,,0.8939347435795746
395,0.6269989466874104,0.04912571855373068,0.759493670886076,0.9058109124584361,0.8254714955432673,1.0245628592768654,,0.9058114433539053
395,0.6269989466874104,0.04912571855373068,0.8227848101265823,0.9164993559254453,0.8361753335911278,1.0245628592768654,,0.9164997524748899
395,0.6269989466874104,0.04912571855373068,0.8860759493670887,0.9261273817983018,0.8462226064602315,1.0245628592768654,,0.9261274328396929
395,0.6269989466874104,0.04912571855373068,0.949367088607595,0.9348081669090093,0.8556537761594238,1.0245628592768654,,0.9348078288998275
395,0.6269989466874104,0.04912571855373068,1.0126582278481013,0.9426422230168541,0.8645065633934612,1.0245628592768654,,0.9426416605143123
395,0.6269989466874104,0.04912571855373068,1.0759493670886076,0.9497188541241794,0.8728162854605798,1.0245628592768654,,0.9497183621893794
395,0.6269989466874104,0.04912571855373068,1.139240506329114,0.9561174434972747,0.8806164524949616,1.0245628592768654,,0.9561172495130583
395,0.6269989466874104,0.04912571855373068,1.2025316455696204,0.9619085904576768,0.8879382972519259,1.0245628592768654,,0.9619087445005977
395,0.6269989466874104,0.04912571855373068,1.2658227848101267,0.9671551146293043,0.894810956197016,1.0245628592768654,,0.9671554634812667
395,0.6269989466874104,0.04912571855373068,1.3291139240506329,0.9719129432478154,0.9012621819465327,1.0245628592768654,,0.9719133521138248
395,0.6269989466874104,0.04912571855373068,1.3924050632911393,0.9762318952830478,0.907317813195852,1.0245628592768654,,0.9762321684553907
395,0.6269989466874104,0.04912571855373068,1.4556962025316458,0.9801563745033941,0.9130019531263667,1.0245628592768654,,0.9801563980431193
395,0.6269989466874104,0.04912571855373068,1.518987341772152,0.9837259821561114,0.9183375200235975,1.0245628592768654,,0.9837257958739073
395,0.6269989466874104,0.04912571855373068,1.5822784810126582,0.9869760587311123,0.923345906034081,1.0245628592768654,,0.9869757889617836
395,0.6269989466874104,0.04912571855373068,1.6455696202531647,0.9899381630990566,0.9280470687338677,1.0245628592768654,,0.9899379770800287
395,0.6269989466874104,0.04912571855373068,1.708860759493671,0.9926404963520263,0.9324599159628808,1.0245628592768654,,0.9926404459704612
395,0.6269989466874104,0.04912571855373068,1.7721518987341773,0.9951082768555379,0.9366021645579697,1.0245628592768654,,0.9951083397604095
395,0.6269989466874104,0.04912571855373068,1.8354430379746836,0.997364072164448,0.9404903394849845,1.0245628592768654,,0.997364185954166
395,0.6269989466874104,0.04912571855373068,1.89873417721519,0.9994280928892099,0.9441400398326267,1.0245628592768654,,0.9994281595499089
395,0.6269989466874104,0.04912571855373068,1.9620253164556964,1.0013184529199615,0.947565938539495,1.0245628592768654,,1.0013184075402326
395,0.6269989466874104,0.04912571855373068,2.0253164556962027,1.0030513999326434,0.9507817183309353,1.0245628592768654,,1.003051184407074
395,0.6269989466874104,0.04912571855373068,2.088607594936709,1.0046415196528522,0.9538002484839588,1.0245628592768654,,1.0046412269419167
395,0.6269989466874104,0.04912571855373068,2.151898734177215,1.0061019169063996,0.9566336809775355,1.0245628592768654,,1.006101637896887
395,0.6269989466874104,0.04912571855373068,2.2151898734177218,1.0074443761584386,0.959293345134944,1.0245628592768654,,1.007444197475807
395,0.6269989466874104,0.04912571855373068,2.278481012658228,1.0086795039195822,0.9617898580740188,1.0245628592768654,,1.0086794561187646
395,0.6269989466874104,0.04912571855373068,2.3417721518987342,1.009816855114084,0.9641332839185709,1.0245628592768654,,1.0098169232622554
395,0.6269989466874104,0.04912571855373068,2.405063291139241,1.0108650452626122,0.9663330033553912,1.0245628592768654,,1.0108651846699332
395,0.6269989466874104,0.04912571855373068,2.468354430379747,1.0118318501147254,0.9683977754273163,1.0245628592768654,,1.011831984171399
395,0.6269989466874104,0.04912571855373068,2.5316455696202533,1.012724294174652,0.970335935103182,1.0245628592768654,,1.0127243468840343
395,0.6269989466874104,0.04912571855373068,2.5949367088607596,1.0135487293958967,0.9721552451797911,1.0245628592768654,,1.0135486759249615
395,0.6269989466874104,0.04912571855373068,2.6582278481012658,1.0143109051708945,0.9738629449772955,1.0245628592768654,,1.0143107749935294
395,0.6269989466874104,0.04912571855373068,2.7215189873417724,1.015016030610402,0.9754659241702409,1.0245628592768654,,1.0150158788085815
395,0.6269989466874104,0.04912571855373068,2.7848101265822787,1.01566882999389,0.9769706074635875,1.0245628592768654,,1.0156687110374445
395,0.6269989466874104,0.04912571855373068,2.848101265822785,1.0162735921668975,0.9783829890596711,1.0245628592768654,,1.0162735495887747
395,0.6269989466874104,0.04912571855373068,2.9113924050632916,1.016834214563434,0.9797087530229528,1.0245628592768654,,1.0168342433039605
395,0.6269989466874104,0.04912571855373068,2.9746835443037978,1.0173542424778999,0.9809532202565515,1.0245628592768654,,1.017354321924021
395,0.6269989466874104,0.04912571855373068,3.037974683544304,1.0178369041152686,0.982121353988998,1.0245628592768654,,1.01783696859788
395,0.6269989466874104,0.04912571855373068,3.1012658227848102,1.018285141875939,0.9832178436171047,1.0245628592768654,,1.0182851504680575
395,0.6269989466874104,0.04912571855373068,3.1645569620253164,1.018701640339473,0.9842470958713531,1.0245628592768654,,1.0187015951063334
395,0.6269989466874104,0.04912571855373068,3.227848101265823,1.0190888512609004,0.9852132203217148,1.0245628592768654,,1.019088752221704
395,0.6269989466874104,0.04912571855373068,3.2911392405063293,1.019449015970656,0.9861200857363096,1.0245628592768654,,1.019448898718042
395,0.6269989466874104,0.04912571855373068,3.3544303797468356,1.0197841854060772,0.9869713417255831,1.0245628592768654,,1.019784107274983
395,0.6269989466874104,0.04912571855373068,3.417721518987342,1.0200962380955518,0.9877703910226405,1.0245628592768654,,1.0200962208198963
395,0.6269989466874104,0.04912571855373068,3.4810126582278484,1.0203868962668414,0.988520425356367,1.0245628592768654,,1.0203869291119732
395,0.6269989466874104,0.04912571855373068,3.5443037974683547,1.0206577403195893,0.9892244672905831,1.0245628592768654,,1.0206577942702568
395,0.6269989466874104,0.04912571855373068,3.607594936708861,1.0209102218337938,0.9898853342921173,1.0245628592768654,,1.020910289065687
395,0.6269989466874104,0.04912571855373068,3.670886075949367,1.0211456752579224,0.9905056595165311,1.0245628592768654,,1.0211457149368506
395,0.6269989466874104,0.04912571855373068,3.7341772151898738,1.0213653284327184,0.9910879462129502,1.0245628592768654,,1.0213653016474824
395,0.6269989466874104,0.04912571855373068,3.79746835443038,1.0215703120777684,0.991634526580598,1.0245628592768654,,1.0215702269234102
395,0.6269989466874104,0.04912571855373068,3.8607594936708862,1.0217616683415962,0.9921475749275331,1.0245628592768654,,1.0217615717785036
395,0.6269989466874104,0.04912571855373068,3.924050632911393,1.0219403585184743,0.9926291624212349,1.0245628592768654,,1.0219402724041569
395,0.6269989466874104,0.04912571855373068,3.987341772151899,1.0221072700211795,0.9930812185934399,1.0245628592768654,,1.0221072266997193
395,0.6269989466874104,0.04912571855373068,4.050632911392405,1.0222632226869321,0.9935055437860919,1.0245628592768654,,1.022263236343506
395,0.6269989466874104,0.04912571855373068,4.113924050632912,1.0224089744854943,0.9939038467397098,1.0245628592768654,,1.0224090112111095
395,0.6269989466874104,0.04912571855373068,4.177215189873418,1.0225452266910262,0.9942777254815488,1.0245628592768654,,1.022545249886879
395,0.6269989466874104,0.04912571855373068,4.2405063291139244,1.022672628573291,0.9946286707040894,1.0245628592768654,,1.0226726214997446
395,0.6269989466874104,0.04912571855373068,4.30379746835443,1.0227917816565948,0.9949580921332543,1.0245628592768654,,1.022791725467479
395,0.6269989466874104,0.04912571855373068,4.367088607594937,1.0229032435904324,0.9952673132435482,1.0245628592768654,,1.0229031690626327
395,0.6269989466874104,0.04912571855373068,4.4303797468354436,1.0230075316704965,0.9955575683342751,1.0245628592768654,,1.023007480764511
395,0.6269989466874104,0.04912571855373068,4.493670886075949,1.023105126045221,0.995830020435087,1.0245628592768654,,1.0231051188503386
395,0.6269989466874104,0.04912571855373068,4.556962025316456,1.0231964726386384,0.9960857656349893,1.0245628592768654,,1.0231965101782259
395,0.6269989466874104,0.04912571855373068,4.620253164556963,1.023281985817074,0.9963258259362376,1.0245628592768654,,1.0232820352139986
395,0.6269989466874104,0.04912571855373068,4.6835443037974684,1.0233620508248604,0.996551160837276,1.0245628592768654,,1.0233620784736033
395,0.6269989466874104,0.04912571855373068,4.746835443037975,1.0234370260116294,0.9967626781091957,1.0245628592768654,,1.0234370088861602
395,0.6269989466874104,0.04912571855373068,4.810126582278482,1.0235072448718603,0.9969612239733939,1.0245628592768654,,1.0235072205406264
395,0.6269989466874104,0.04912571855373068,4.8734177215189876,1.0235730179111895,0.9971475900105229,1.0245628592768654,,1.0235730353601833
395,0.6269989466874104,0.04912571855373068,4.936708860759494,1.0236346343541005,0.9973225280198796,1.0245628592768654,,1.0236346873926794
395,0.6269989466874104,0.04912571855373068,5.0,1.0236923637143107,0.9974867386701995,1.0245628592768654,,1.0236923478477364
