pair_id,c,gamma,t,y_clean,y_base,level,T_cross_true,Direct MLP,Direct MLP + $y_{\mathrm{base}}$ input,Residual MLP,Residual Neural ODE
0,0.9587666953866232,0.11269637684465651,0.0,0.9587666953866232,0.9587666953866232,1.0563481884223282,0.17130199948821925,0.9582716104508822,0.9590769108952271,0.9587868865826419,0.9587666988372803
0,0.9587666953866232,0.11269637684465651,0.06329113924050633,1.000434040822329,0.9612955016105826,1.0563481884223282,0.17130199948821925,1.0000150912760706,1.0010605453106818,1.0004314261869995,0.9973721504211426
0,0.9587666953866232,0.11269637684465651,0.12658227848101267,1.0353033216376004,0.9636692408513114,1.0563481884223282,0.17130199948821925,1.0350353047040681,1.0360148720858546,1.0353564680788254,1.0317678451538086
0,0.9587666953866232,0.11269637684465651,0.189873417721519,1.0642959017315992,0.9658974204923418,1.0563481884223282,0.17130199948821925,1.0642295817673981,1.0650286752306979,1.06430843694592,1.06171452999115
0,0.9587666953866232,0.11269637684465651,0.25316455696202533,1.0882166608716433,0.9679889118686783,1.0563481884223282,0.17130199948821925,1.0883657534894926,1.088951276993201,1.0882224120405708,1.0870959758758545
0,0.9587666953866232,0.11269637684465651,0.31645569620253167,1.1077682698050153,0.9699521425721103,1.0563481884223282,0.17130199948821925,1.1081008866200792,1.1084525086115224,1.1077944163823796,1.1080340147018433
0,0.9587666953866232,0.11269637684465651,0.379746835443038,1.1235637420029594,0.9717949865696182,1.0563481884223282,0.17130199948821925,1.124008969066489,1.124123566581459,1.1235945233323479,1.1248801946640015
0,0.9587666953866232,0.11269637684465651,0.44303797468354433,1.1361374685425336,0.9735247893761083,1.0563481884223282,0.17130199948821925,1.136607064078317,1.1365337487269096,1.1361576474895196,1.1381052732467651
0,0.9587666953866232,0.11269637684465651,0.5063291139240507,1.14595491797495,0.9751485038383138,1.0563481884223282,0.17130199948821925,1.1463694809409377,1.1462199722323811,1.145972161251255,1.1481906175613403
0,0.9587666953866232,0.11269637684465651,0.569620253164557,1.1534211613196796,0.9766726511213658,1.0563481884223282,0.17130199948821925,1.1537297387429568,1.1536384994013715,1.153450471345944,1.1555675268173218
0,0.9587666953866232,0.11269637684465651,0.6329113924050633,1.15888836319807,0.9781033133428939,1.0563481884223282,0.17130199948821925,1.159075474519897,1.1591332601195217,1.1589291699521826,1.1606240272521973
0,0.9587666953866232,0.11269637684465651,0.6962025316455697,1.1626623632730606,0.9794462266383172,1.0563481884223282,0.17130199948821925,1.1627427753867652,1.1629522671466241,1.1626956053374804,1.1637284755706787
0,0.9587666953866232,0.11269637684465651,0.759493670886076,1.1650084573221797,0.9807067917796181,1.0563481884223282,0.17130199948821925,1.1650146124437581,1.1652988257601093,1.1650154530318035,1.1652607917785645
0,0.9587666953866232,0.11269637684465651,0.8227848101265823,1.1661564742007187,0.9818900447780747,1.0563481884223282,0.17130199948821925,1.1661243009427125,1.1663798407944468,1.1661392265811221,1.1655954122543335
0,0.9587666953866232,0.11269637684465651,0.8860759493670887,1.1663052334396928,0.9830007179492798,1.0563481884223282,0.17130199948821925,1.1662630929746165,1.1664213217945887,1.1662856659824024,1.1650389432907104
0,0.9587666953866232,0.11269637684465651,0.949367088607595,1.1656264580844213,0.9840432841554972,1.0563481884223282,0.17130199948821925,1.1655898938137836,1.1656492127099147,1.165624787042947,1.1637935638427734
0,0.9587666953866232,0.11269637684465651,1.0126582278481013,1.1642682084495743,0.985021913222243,1.0563481884223282,0.17130199948821925,1.1642401337190287,1.1642558971550383,1.1642835326940513,1.1619997024536133
0,0.9587666953866232,0.11269637684465651,1.0759493670886076,1.1623578946025053,0.9859405092910827,1.0563481884223282,0.17130199948821925,1.1623325652748653,1.1623762232280686,1.1623716909567616,1.1598269939422607
0,0.9587666953866232,0.11269637684465651,1.139240506329114,1.1600049184612258,0.9868027767311008,1.0563481884223282,0.17130199948821925,1.1599735025053777,1.1600895205744641,1.1600021043065438,1.1574674844741821
0,0.9587666953866232,0.11269637684465651,1.2025316455696204,1.1573029902951233,0.9876121681591264,1.0563481884223282,0.17130199948821925,1.1572585919546763,1.1574426982279886,1.157286792920333,1.155032992362976
0,0.9587666953866232,0.11269637684465651,1.2658227848101267,1.154332159046356,0.9883719044581798,1.0563481884223282,0.17130199948821925,1.1542730012741693,1.1544813656101265,1.1543189179619535,1.152534008026123
0,0.9587666953866232,0.11269637684465651,1.3291139240506329,1.1511605911438616,0.9890850535340258,1.0563481884223282,0.17130199948821925,1.151090714070159,1.1512694251076354,1.151163039546778,1.1499329805374146
0,0.9587666953866232,0.11269637684465651,1.3924050632911393,1.147846128344046,0.9897544717185377,1.0563481884223282,0.17130199948821925,1.147774456108821,1.1478881619339778,1.1478631303183093,1.147201657295227
0,0.9587666953866232,0.11269637684465651,1.4556962025316458,1.144437651464807,0.9903828234916453,1.0563481884223282,0.17130199948821925,1.1443752279477528,1.1444189514965286,1.1444577252120818,1.1443345546722412
0,0.9587666953866232,0.11269637684465651,1.518987341772152,1.1409762736235107,0.9909726423492724,1.0563481884223282,0.17130199948821925,1.1409335512518486,1.1409243063758532,1.140988360901298,1.1413342952728271
0,0.9587666953866232,0.11269637684465651,1.5822784810126582,1.1374963837323209,0.9915262930807052,1.0563481884223282,0.17130199948821925,1.1374806249152654,1.1374397342752758,1.1374974407883554,1.138221263885498
0,0.9587666953866232,0.11269637684465651,1.6455696202531647,1.1340265586190477,0.9920459818910068,1.0563481884223282,0.17130199948821925,1.1340404425684965,1.1339796621210163,1.1340218264816697,1.1350260972976685
0,0.9587666953866232,0.11269637684465651,1.708860759493671,1.1305903597426388,0.9925337989424342,1.0563481884223282,0.17130199948821925,1.130631194683733,1.1305505059800078,1.1305883635124172,1.1317811012268066
0,0.9587666953866232,0.11269637684465651,1.7721518987341773,1.127207028737419,0.9929917027381172,1.0563481884223282,0.17130199948821925,1.1272677694060647,1.127161215548169,1.1272140136376176,1.1285122632980347
0,0.9587666953866232,0.11269637684465651,1.8354430379746836,1.1238920941410284,0.9934215200261166,1.0563481884223282,0.17130199948821925,1.123962355212801,1.1238270499955463,1.1239089346375102,1.1252484321594238
0,0.9587666953866232,0.11269637684465651,1.89873417721519,1.1206579003079062,0.9938249752036433,1.0563481884223282,0.17130199948821925,1.1207259885590108,1.1205666097666587,1.1206804282632827,1.1220134496688843
0,0.9587666953866232,0.11269637684465651,1.9620253164556964,1.1175140680338902,0.9942036902868858,1.0563481884223282,0.17130199948821925,1.1175687916614707,1.11739682569372,1.1175356846401376,1.118826985359192
0,0.9587666953866232,0.11269637684465651,2.0253164556962027,1.114467895417303,0.9945591778291659,1.0563481884223282,0.17130199948821925,1.1145001364875982,1.114329384037938,1.1144827525100858,1.11571204662323
0,0.9587666953866232,0.11269637684465651,2.088607594936709,1.111524706317076,0.9948928604613703,1.0563481884223282,0.17130199948821925,1.1115284848662417,1.1113700438855898,1.111530122938417,1.1126761436462402
0,0.9587666953866232,0.11269637684465651,2.151898734177215,1.108688152945073,0.9952060815208593,1.0563481884223282,0.17130199948821925,1.1086611425042852,1.1085203303337352,1.1086854073472596,1.1097322702407837
0,0.9587666953866232,0.11269637684465651,2.2151898734177218,1.105960478322555,0.9955000934047341,1.0563481884223282,0.17130199948821925,1.1059038449145973,1.1057798457092163,1.1059539338415938,1.106892704963684
0,0.9587666953866232,0.11269637684465651,2.278481012658228,1.1033427436263146,0.9957760697795295,1.0563481884223282,0.17130199948821925,1.1032605565295885,1.1031481841394284,1.1033378976563422,1.104158639907837
0,0.9587666953866232,0.11269637684465651,2.3417721518987342,1.100835024833777,0.9960351231811999,1.0563481884223282,0.17130199948821925,1.1007333149117295,1.1006257924942089,1.1008362275351786,1.101537823677063
0,0.9587666953866232,0.11269637684465651,2.405063291139241,1.0984365825450806,0.9962782905953315,1.0563481884223282,0.17130199948821925,1.0983223824433097,1.0982135440146163,1.0984453459065504,1.0990303754806519
0,0.9587666953866232,0.11269637684465651,2.468354430379747,1.0961460083829702,0.996506540288041,1.0563481884223282,0.17130199948821925,1.0960262709247786,1.0959123119417093,1.0961604191620729,1.0966382026672363
0,0.9587666953866232,0.11269637684465651,2.5316455696202533,1.0939613509531763,0.9967207936462945,1.0563481884223282,0.17130199948821925,1.0938421289985956,1.0937220183807455,1.0939768302956492,1.0943611860275269
0,0.9587666953866232,0.11269637684465651,2.5949367088607596,1.0918802239817673,0.9969219088064496,1.0563481884223282,0.17130199948821925,1.0917661439221105,1.0916412325283,1.0918913267369708,1.0921962261199951
0,0.9587666953866232,0.11269637684465651,2.6582278481012658,1.0898998989226254,0.9971106860372732,1.0563481884223282,0.17130199948821925,1.0897940663321444,1.0896670271819517,1.0899023420443315,1.0901435613632202
0,0.9587666953866232,0.11269637684465651,2.7215189873417724,1.0880173840436382,0.9972878869560498,1.0563481884223282,0.17130199948821925,1.0879212051203344,1.087795052535301,1.0880097331493717,1.0881998538970947
0,0.9587666953866232,0.11269637684465651,2.7848101265822787,1.0862294917568205,0.9974542217801218,1.0563481884223282,0.17130199948821925,1.0861431192614384,1.0860202823276073,1.0862138351880868,1.0863587856292725
0,0.9587666953866232,0.11269637684465651,2.848101265822785,1.0845328957345244,0.9976103531370292,1.0563481884223282,0.17130199948821925,1.084455552217761,1.0843371993562667,1.0845142542208412,1.0846203565597534
0,0.9587666953866232,0.11269637684465651,2.9113924050632916,1.0829241791605777,0.9977569093702027,1.0563481884223282,0.17130199948821925,1.0828546328255957,1.0827404104353058,1.082909040567158,1.0829792022705078
0,0.9587666953866232,0.11269637684465651,2.9746835443037978,1.081399875286585,0.997894478677498,1.0563481884223282,0.17130199948821925,1.0813368373727839,1.081225050218122,1.0813941889990977,1.08143150806427
0,0.9587666953866232,0.11269637684465651,3.037974683544304,1.0799565013540606,0.9980236097177216,1.0563481884223282,0.17130199948821925,1.0798988881305636,1.0797869123886308,1.0799639312244669,1.0799717903137207
0,0.9587666953866232,0.11269637684465651,3.1012658227848102,1.0785905867577747,0.9981448208790306,1.0563481884223282,0.17130199948821925,1.0785378619962365,1.0784225859770635,1.0786115455048535,1.0785964727401733
0,0.9587666953866232,0.11269637684465651,3.1645569620253164,1.0772986962476472,0.9982585993022982,1.0563481884223282,0.17130199948821925,1.077250944509771,1.077129246274081,1.0773302696095985,1.077300786972046
0,0.9587666953866232,0.11269637684465651,3.227848101265823,1.0760774488716025,0.9983653992788741,1.0563481884223282,0.17130199948821925,1.0760351818205447,1.0759046343321559,1.0761143954020016,1.0760802030563354
0,0.9587666953866232,0.11269637684465651,3.2911392405063293,1.074923533232111,0.9984656484807216,1.0563481884223282,0.17130199948821925,1.0748877389699096,1.074746810982177,1.0749597861838278,1.0749330520629883
0,0.9587666953866232,0.11269637684465651,3.3544303797468356,1.0738337196096814,0.9985597503530849,1.0563481884223282,0.17130199948821925,1.0738055821626387,1.0736539928445177,1.073863997951784,1.0738517045974731
0,0.9587666953866232,0.11269637684465651,3.417721518987342,1.0728048693875227,0.9986480810502074,1.0563481884223282,0.17130199948821925,1.0727856222572412,1.0726243227445327,1.0728259804944273,1.07283353805542
0,0.9587666953866232,0.11269637684465651,3.4810126582278484,1.0718339421808722,0.9987309934009311,1.0563481884223282,0.17130199948821925,1.0718245446274453,1.071655795917538,1.0718454051547708,1.0718741416931152
0,0.9587666953866232,0.11269637684465651,3.5443037974683547,1.0709180010240138,0.9988088215337927,1.0563481884223282,0.17130199948821925,1.0709192293838354,1.0707461452165599,1.0709219087270159,1.0709702968597412
0,0.9587666953866232,0.11269637684465651,3.607594936708861,1.070054215898958,0.9988818769049274,1.0563481884223282,0.17130199948821925,1.070066390598203,1.069892894408738,1.070054529503851,1.0701202154159546
0,0.9587666953866232,0.11269637684465651,3.670886075949367,1.0692398658768894,0.9989504505958325,1.0563481884223282,0.17130199948821925,1.0692627956387426,1.0690931531891603,1.0692413820383928,1.0693178176879883
0,0.9587666953866232,0.11269637684465651,3.7341772151898738,1.0684723400949274,0.9990148193275343,1.0563481884223282,0.17130199948821925,1.0685053307656227,1.068343924660109,1.068479531087454,1.0685606002807617
0,0.9587666953866232,0.11269637684465651,3.79746835443038,1.0677491377596167,0.999075240912394,1.0563481884223282,0.17130199948821925,1.0677911241226867,1.0676420069377033,1.0677652881849957,1.0678460597991943
0,0.9587666953866232,0.11269637684465651,3.8607594936708862,1.0670678673477352,0.9991319557087284,1.0563481884223282,0.17130199948821925,1.0671173079535001,1.0669839890521742,1.0670944983698853,1.0671710968017578
0,0.9587666953866232,0.11269637684465651,3.924050632911393,1.0664262451484467,0.9991851926732082,1.0563481884223282,0.17130199948821925,1.0664813711775545,1.0663665092304329,1.066463037542031,1.0665355920791626
0,0.9587666953866232,0.11269637684465651,3.987341772151899,1.0658220932719096,0.9992351651054182,1.0563481884223282,0.17130199948821925,1.0658809093071464,1.065786189300497,1.065867019520377,1.065933346748352
0,0.9587666953866232,0.11269637684465651,4.050632911392405,1.065253337229964,0.9992820720236918,1.0563481884223282,0.17130199948821925,1.0653138847798058,1.0652398355779316,1.0653031777829214,1.065363883972168
0,0.9587666953866232,0.11269637684465651,4.113924050632912,1.0647180031813948,0.9993261023203062,1.0563481884223282,0.17130199948821925,1.064778346127252,1.0647242174807927,1.0647688907532549,1.0648248195648193
0,0.9587666953866232,0.11269637684465651,4.177215189873418,1.0642142149197544,0.9993674326487699,1.0563481884223282,0.17130199948821925,1.064272571465707,1.064236457003338,1.0642622483647146,1.064314365386963
0,0.9587666953866232,0.11269637684465651,4.2405063291139244,1.0637401906701385,0.9994062277972965,1.0563481884223282,0.17130199948821925,1.0637951422909167,1.0637738688268192,1.0637819520599763,1.0638312101364136
0,0.9587666953866232,0.11269637684465651,4.30379746835443,1.063294239751318,0.999442643603672,1.0563481884223282,0.17130199948821925,1.0633446073008397,1.0633340423139483,1.0633271592208453,1.0633715391159058
0,0.9587666953866232,0.11269637684465651,4.367088607594937,1.0628747591508592,0.9994768263710421,1.0563481884223282,0.17130199948821925,1.062919966162996,1.0629148087111104,1.0628974086243412,1.062936782836914
0,0.9587666953866232,0.11269637684465651,4.4303797468354436,1.0624802300532186,0.9995089125447022,1.0563481884223282,0.17130199948821925,1.0625200627554208,1.0625143641400623,1.0624923823918744,1.0625240802764893
0,0.9587666953866232,0.11269637684465651,4.493670886075949,1.062109214354142,0.999539030691462,1.0563481884223282,0.17130199948821925,1.0621440771334583,1.0621310851103856,1.0621118128775635,1.062132716178894
0,0.9587666953866232,0.11269637684465651,4.556962025316456,1.0617603511888478,0.9995673019781941,1.0563481884223282,0.17130199948821925,1.061791185252729,1.061763782702329,1.0617553827729032,1.0617611408233643
0,0.9587666953866232,0.11269637684465651,4.620253164556963,1.0614323534987444,0.9995938393818714,1.0563481884223282,0.17130199948821925,1.0614606286644266,1.0614113786886699,1.0614226609227715,1.0614087581634521
0,0.9587666953866232,0.11269637684465651,4.6835443037974684,1.0611240046530017,0.999618748970007,1.0563481884223282,0.17130199948821925,1.061151882603971,1.0610731925153443,1.0611130560603454,1.061071515083313
0,0.9587666953866232,0.11269637684465651,4.746835443037975,1.060834155141151,0.999642131091939,1.0563481884223282,0.17130199948821925,1.0608642337195118,1.0607486994177722,1.0608258338468948,1.0607531070709229
0,0.9587666953866232,0.11269637684465651,4.810126582278482,1.060561719348694,0.9996640792929685,1.0563481884223282,0.17130199948821925,1.0605971121495128,1.0604376616120035,1.0605601052202474,1.0604510307312012
0,0.9587666953866232,0.11269637684465651,4.8734177215189876,1.0603056724212438,0.9996846810781645,1.0563481884223282,0.17130199948821925,1.06035008742303,1.0601398946104903,1.0603148113100869,1.0601640939712524
0,0.9587666953866232,0.11269637684465651,4.936708860759494,1.0600650472251458,0.9997040195549723,1.0563481884223282,0.17130199948821925,1.0601226757727165,1.0598554066126795,1.0600888888484734,1.0598920583724976
0,0.9587666953866232,0.11269637684465651,5.0,1.05983893143141,0.9997221721786977,1.0563481884223282,0.17130199948821925,1.059914278638973,1.0595844641005843,1.0598811368444303,1.0596340894699097
2,0.7834383285257762,0.12454794748172036,0.0,0.7834383285257762,0.7834383285257762,1.0622739737408602,0.5226475472967368,0.7830446162106408,0.7831321535021045,0.783457175094404,0.7834383249282837
2,0.7834383285257762,0.12454794748172036,0.06329113924050633,0.8399744881460357,0.796719885942288,1.0622739737408602,0.5226475472967368,0.8398358853498229,0.8405340026287487,0.8399803702820293,0.8367609977722168
2,0.7834383285257762,0.12454794748172036,0.12658227848101267,0.8883545120631043,0.8091870151825046,1.0622739737408602,0.5226475472967368,0.888463736298193,0.8893130185738802,0.8884073639911765,0.8847469091415405
2,0.7834383285257762,0.12454794748172036,0.189873417721519,0.9296361032179832,0.8208896500290412,1.0622739737408602,0.5226475472967368,0.9298872419208631,0.930608170060116,0.9296299885377747,0.9271623492240906
2,0.7834383285257762,0.12454794748172036,0.25316455696202533,0.9647458113725891,0.8318743836704586,1.0622739737408602,0.5226475472967368,0.9650423526436493,0.9654978646977876,0.9647275272109497,0.9639220237731934
2,0.7834383285257762,0.12454794748172036,0.31645569620253167,0.9944949577887513,0.8421854787090752,1.0622739737408602,0.5226475472967368,0.994792535784786,0.9949534663223993,0.994501351543509,0.9952281713485718
2,0.7834383285257762,0.12454794748172036,0.379746835443038,1.0195936462337165,0.8518642900512307,1.0622739737408602,0.5226475472967368,1.0198869747763681,1.0197994374849042,1.0196097950490173,1.0215383768081665
2,0.7834383285257762,0.12454794748172036,0.44303797468354433,1.0406630890641941,0.8609493971171539,1.0622739737408602,0.5226475472967368,1.0409560676681906,1.0407158238840122,1.0406725811241087,1.043416142463684
2,0.7834383285257762,0.12454794748172036,0.5063291139240507,1.0582464498727933,0.8694773169923413,1.0622739737408602,0.5226475472967368,1.0585333360489542,1.0582609053373084,1.0582580232263759,1.0614027976989746
2,0.7834383285257762,0.12454794748172036,0.569620253164557,1.0728183801883464,0.8774822995249215,1.0622739737408602,0.5226475472967368,1.073082895242099,1.072882342928851,1.0728487135068923,1.075984001159668
2,0.7834383285257762,0.12454794748172036,0.6329113924050633,1.0847934065232518,0.8849962886391635,1.0622739737408602,0.5226475472967368,1.0850174602904488,1.0849331669050297,1.0848410637590233,1.0875961780548096
2,0.7834383285257762,0.12454794748172036,0.6962025316455697,1.0945333054283735,0.8920494111242211,1.0622739737408602,0.5226475472967368,1.0947053195855085,1.0947075160122555,1.0945754999790918,1.096678376197815
2,0.7834383285257762,0.12454794748172036,0.759493670886076,1.1023535877885657,0.898670032405051,1.0622739737408602,0.5226475472967368,1.1024713433993925,1.102485098995926,1.1023679579135923,1.1036880016326904
2,0.7834383285257762,0.12454794748172036,0.8227848101265823,1.1085291991192148,0.904884602144862,1.0622739737408602,0.5226475472967368,1.1085976008931764,1.1085562521091101,1.1085171959734113,1.1090810298919678
2,0.7834383285257762,0.12454794748172036,0.8860759493670887,1.1132995298787964,0.910717974965038,1.0622739737408602,0.5226475472967368,1.113326410311018,1.11321591559412,1.1132860302288259,1.1132079362869263
2,0.7834383285257762,0.12454794748172036,0.949367088607595,1.1168728185854833,0.9161936428106792,1.0622739737408602,0.5226475472967368,1.1168654595345335,1.1167335642621163,1.1168811615720458,1.1162290573120117
2,0.7834383285257762,0.12454794748172036,1.0126582278481013,1.1194300206365884,0.9213335060458697,1.0622739737408602,0.5226475472967368,1.1193939638671628,1.1193220936682116,1.1194592289293406,1.1182475090026855
2,0.7834383285257762,0.12454794748172036,1.0759493670886076,1.1211282070151818,0.9261580696345239,1.0622739737408602,0.5226475472967368,1.1210679587769234,1.121125192963767,1.1211568163049823,1.1194815635681152
2,0.7834383285257762,0.12454794748172036,1.139240506329114,1.1221035494057108,0.9306867893143805,1.0622739737408602,0.5226475472967368,1.1220240839409976,1.1222300437892514,1.1221141525495175,1.1202328205108643
2,0.7834383285257762,0.12454794748172036,1.2025316455696204,1.1224739414713998,0.9349377985937409,1.0622739737408602,0.5226475472967368,1.1223821824702918,1.1226965513012253,1.1224701501224537,1.1206915378570557
2,0.7834383285257762,0.12454794748172036,1.2658227848101267,1.1223413001026883,0.9389280138904618,1.0622739737408602,0.5226475472967368,1.1222463012419162,1.1225888146731633,1.1223412117532705,1.120905876159668
2,0.7834383285257762,0.12454794748172036,1.3291139240506329,1.1217935852067789,0.942673548169696,1.0622739737408602,0.5226475472967368,1.121705904417276,1.1219930961825895,1.1218105861522711,1.1208499670028687
2,0.7834383285257762,0.12454794748172036,1.3924050632911393,1.120906571965095,0.9461894031881679,1.0622739737408602,0.5226475472967368,1.1208363900072043,1.1210148448119759,1.120937997209222,1.1204973459243774
2,0.7834383285257762,0.12454794748172036,1.4556962025316458,1.119745405448317,0.9494895730759293,1.0622739737408602,0.5226475472967368,1.1197008035562934,1.1197600425078205,1.1197772978012084,1.1198432445526123
2,0.7834383285257762,0.12454794748172036,1.518987341772152,1.1183659639244516,0.9525873640211961,1.0622739737408602,0.5226475472967368,1.1183512320488092,1.1183152170047297,1.1183858389952541,1.1188998222351074
2,0.7834383285257762,0.12454794748172036,1.5822784810126582,1.1168160539573988,0.955495196147101,1.0622739737408602,0.5226475472967368,1.1168307430778028,1.1167372704119611,1.1168212009274263,1.117700219154358
2,0.7834383285257762,0.12454794748172036,1.6455696202531647,1.1151364576713103,0.958224656675687,1.0622739737408602,0.5226475472967368,1.1151753773106243,1.1150574989920998,1.115133556795914,1.1162816286087036
2,0.7834383285257762,0.12454794748172036,1.708860759493671,1.1133618501785396,0.9607867233599195,1.0622739737408602,0.5226475472967368,1.113415899070763,1.1132940665691353,1.1133610971294141,1.114681363105774
2,0.7834383285257762,0.12454794748172036,1.7721518987341773,1.111521602814967,0.9631916824651214,1.0622739737408602,0.5226475472967368,1.111579169745146,1.1114634642799597,1.1115302572036931,1.112943410873413
2,0.7834383285257762,0.12454794748172036,1.8354430379746836,1.1096404862130704,0.9654491282650743,1.0622739737408602,0.5226475472967368,1.1096892301110846,1.1095860615996869,1.1096596457799237,1.1111007928848267
2,0.7834383285257762,0.12454794748172036,1.89873417721519,1.107739285275302,0.9675681174760867,1.0622739737408602,0.5226475472967368,1.1077679480925513,1.1076851634052993,1.1077644250797183,1.1091887950897217
2,0.7834383285257762,0.12454794748172036,1.9620253164556964,1.105835336899797,0.9695571690985194,1.0622739737408602,0.5226475472967368,1.1058350720565837,1.1057828016097009,1.1058593845435012,1.1072345972061157
2,0.7834383285257762,0.12454794748172036,2.0253164556962027,1.1039429998471495,0.9714242272221962,1.0622739737408602,0.5226475472967368,1.1039084235002776,1.1038958588733567,1.10395988156768,1.1052663326263428
2,0.7834383285257762,0.12454794748172036,2.088607594936709,1.1020740650547947,0.9731767636548121,1.0622739737408602,0.5226475472967368,1.1020037781588126,1.102035166665171,1.102081320884006,1.1033003330230713
2,0.7834383285257762,0.12454794748172036,2.151898734177215,1.1002381137289754,0.9748218337460867,1.0622739737408602,0.5226475472967368,1.1001343986369978,1.1002065547916478,1.1002377069960956,1.101355791091919
2,0.7834383285257762,0.12454794748172036,2.2151898734177218,1.0984428296253208,0.97636601521789,1.0622739737408602,0.5226475472967368,1.0983111574009703,1.0984134465217246,1.0984400869199242,1.0994468927383423
2,0.7834383285257762,0.12454794748172036,2.278481012658228,1.0966942711540741,0.9778154722908435,1.0622739737408602,0.5226475472967368,1.0965423317920318,1.096659068337623,1.0966955371258895,1.097583532333374
2,0.7834383285257762,0.12454794748172036,2.3417721518987342,1.094997108282655,0.9791760481213004,1.0622739737408602,0.5226475472967368,1.0948337803147483,1.0949476347548739,1.095007165480615,1.0957746505737305
2,0.7834383285257762,0.12454794748172036,2.405063291139241,1.0933548285943777,0.9804531890671009,1.0622739737408602,0.5226475472967368,1.0931890164319704,1.0932846148043327,1.0933749265982866,1.094027042388916
2,0.7834383285257762,0.12454794748172036,2.468354430379747,1.091769916334017,0.9816519805641714,1.0622739737408602,0.5226475472967368,1.091609550891727,1.091675936685861,1.0917971151274946,1.092344045639038
2,0.7834383285257762,0.12454794748172036,2.5316455696202533,1.0902440078060798,0.982777261834189,1.0622739737408602,0.5226475472967368,1.0900953826690867,1.0901272006214588,1.0902722173824726,1.0907280445098877
2,0.7834383285257762,0.12454794748172036,2.5949367088607596,1.0887780260822104,0.983833539899951,1.0622739737408602,0.5226475472967368,1.0886453710160473,1.0886427810158654,1.0888000776949605,1.089188575744629
2,0.7834383285257762,0.12454794748172036,2.6582278481012658,1.087372297614277,0.9848250178575569,1.0622739737408602,0.5226475472967368,1.087257631084831,1.087225219697514,1.0873824922812474,1.0877165794372559
2,0.7834383285257762,0.12454794748172036,2.7215189873417724,1.0860266530330183,0.9857556958014388,1.0622739737408602,0.5226475472967368,1.0859299008531182,1.0858751767218526,1.0860227752239335,1.0863158702850342
2,0.7834383285257762,0.12454794748172036,2.7848101265822787,1.0847405141254738,0.9866293038681004,1.0622739737408602,0.5226475472967368,1.0846598865257342,1.08459155028825,1.0847246858515154,1.084983468055725
2,0.7834383285257762,0.12454794748172036,2.848101265822785,1.0835129687535192,0.9874493222473802,1.0622739737408602,0.5226475472967368,1.0834454562465738,1.0833719359090026,1.083490957038815,1.083720088005066
2,0.7834383285257762,0.12454794748172036,2.9113924050632916,1.0823428352573983,0.9882190510653502,1.0622739737408602,0.5226475472967368,1.0822848020376703,1.0822130507306942,1.082322283526542,1.0825222730636597
2,0.7834383285257762,0.12454794748172036,2.9746835443037978,1.0812287176842825,0.9889415795992799,1.0622739737408602,0.5226475472967368,1.0811763619044545,1.0811113074954555,1.0812168138471772,1.0813878774642944
2,0.7834383285257762,0.12454794748172036,3.037974683544304,1.0801690530153367,0.9896197894631829,1.0622739737408602,0.5226475472967368,1.080119022772056,1.0800630779481841,1.080170397263657,1.0803195238113403
2,0.7834383285257762,0.12454794748172036,3.1012658227848102,1.0791621514707865,0.9902564032864128,1.0622739737408602,0.5226475472967368,1.079111679765051,1.079065164304722,1.0791775841069373,1.079307198524475
2,0.7834383285257762,0.12454794748172036,3.1645569620253164,1.0782062307385083,0.9908539795843022,1.0622739737408602,0.5226475472967368,1.0781535990329727,1.0781146967587734,1.078232807301142,1.078350305557251
2,0.7834383285257762,0.12454794748172036,3.227848101265823,1.0772994449852489,0.9914149043430014,1.0622739737408602,0.5226475472967368,1.0772437863929252,1.0772094573600444,1.0773315080573227,1.0774457454681396
2,0.7834383285257762,0.12454794748172036,3.2911392405063293,1.0764399092903476,0.991941423740844,1.0622739737408602,0.5226475472967368,1.0763814034514982,1.076347691426971,1.0764708210358658,1.0765957832336426
2,0.7834383285257762,0.12454794748172036,3.3544303797468356,1.075625720162347,0.9924356567148648,1.0622739737408602,0.5226475472967368,1.075565242840186,1.0755279640564055,1.075649762064966,1.0757911205291748
2,0.7834383285257762,0.12454794748172036,3.417721518987342,1.074854972617492,0.9928995788668905,1.0622739737408602,0.5226475472967368,1.0747939311516899,1.074749246217805,1.0748687624900288,1.0750313997268677
2,0.7834383285257762,0.12454794748172036,3.4810126582278484,1.0741257743407664,0.9933350432912679,1.0622739737408602,0.5226475472967368,1.0740660334828618,1.074010599074538,1.0741289923127681,1.0743145942687988
2,0.7834383285257762,0.12454794748172036,3.5443037974683547,1.0734362572882483,0.993743804866363,1.0622739737408602,0.5226475472967368,1.0733796475621005,1.0733112190808423,1.0734314590965335,1.0736384391784668
2,0.7834383285257762,0.12454794748172036,3.607594936708861,1.0727845871093975,0.9941274993927024,1.0622739737408602,0.5226475472967368,1.0727329162147599,1.0726501919984262,1.0727763740725997,1.0729926824569702
2,0.7834383285257762,0.12454794748172036,3.670886075949367,1.0721689707014619,0.9944876556610613,1.0622739737408602,0.5226475472967368,1.0721239043714523,1.0720265748909354,1.0721627671971552,1.0723857879638672
2,0.7834383285257762,0.12454794748172036,3.7341772151898738,1.07158766214948,0.9948257270394977,1.0622739737408602,0.5226475472967368,1.0715503264364494,1.071439207536682,1.0715884953847385,1.0718114376068115
2,0.7834383285257762,0.12454794748172036,3.79746835443038,1.0710389672963037,0.9951430675857603,1.0622739737408602,0.5226475472967368,1.0710102411907785,1.0708868969161915,1.0710504288029974,1.0712674856185913
2,0.7834383285257762,0.12454794748172036,3.8607594936708862,1.0705212471456513,0.9954409396871251,1.0622739737408602,0.5226475472967368,1.070501590573353,1.0703681261318507,1.070544913907612,1.0707522630691528
2,0.7834383285257762,0.12454794748172036,3.924050632911393,1.0700329202753076,0.9957205458482125,1.0622739737408602,0.5226475472967368,1.0700223759690743,1.0698813618871528,1.0700682606252019,1.0702614784240723
2,0.7834383285257762,0.12454794748172036,3.987341772151899,1.0695724644119904,0.9959830063409745,1.0622739737408602,0.5226475472967368,1.0695708836936118,1.0694248904977672,1.0696170527920306,1.0697968006134033
2,0.7834383285257762,0.12454794748172036,4.050632911392405,1.0691384173026324,0.9962293664307195,1.0622739737408602,0.5226475472967368,1.069145303719137,1.0689968916865578,1.0691884706535535,1.0693551301956177
2,0.7834383285257762,0.12454794748172036,4.113924050632912,1.06872937699748,0.9964606181996417,1.0622739737408602,0.5226475472967368,1.0687442523890436,1.0685954959797088,1.068780435294317,1.0689352750778198
2,0.7834383285257762,0.12454794748172036,4.177215189873418,1.0683440016445303,0.9966776894506272,1.0622739737408602,0.5226475472967368,1.0683663706450643,1.0682188380031283,1.0683915917033668,1.068535566329956
2,0.7834383285257762,0.12454794748172036,4.2405063291139244,1.0679810088812745,0.9968814456687797,1.0622739737408602,0.5226475472967368,1.06801055976136,1.067865035983831,1.0680211998062001,1.0681546926498413
2,0.7834383285257762,0.12454794748172036,4.30379746835443,1.0676391748978216,0.9970727053306144,1.0622739737408602,0.5226475472967368,1.0676757722586332,1.0675322368468947,1.0676690563595823,1.0677945613861084
2,0.7834383285257762,0.12454794748172036,4.367088607594937,1.0673173332350847,0.9972522368357069,1.0622739737408602,0.5226475472967368,1.067361106197762,1.0672187064093719,1.0673352700240504,1.067449688911438
2,0.7834383285257762,0.12454794748172036,4.4303797468354436,1.0670143733726223,0.9974207568091633,1.0622739737408602,0.5226475472967368,1.067065950719978,1.0669228252805674,1.0670200903528255,1.0671210289001465
2,0.7834383285257762,0.12454794748172036,4.493670886075949,1.0667292391528291,0.997578940497451,1.0622739737408602,0.5226475472967368,1.066789690866789,1.0666430601639747,1.0667237897428732,1.0668078660964966
2,0.7834383285257762,0.12454794748172036,4.556962025316456,1.0664609270812258,0.9977274242817875,1.0622739737408602,0.5226475472967368,1.0665318879678045,1.0663779966550622,1.0664465550187214,1.066509485244751
2,0.7834383285257762,0.12454794748172036,4.620253164556963,1.0662084845364521,0.9978668015291705,1.0622739737408602,0.5226475472967368,1.0662920459565075,1.0661265319282676,1.066188395707511,1.0662251710891724
2,0.7834383285257762,0.12454794748172036,4.6835443037974684,1.0659710079181095,0.9979976293173722,1.0622739737408602,0.5226475472967368,1.0660700090434132,1.0658875303602429,1.0659491040568012,1.0659531354904175
2,0.7834383285257762,0.12454794748172036,4.746835443037975,1.0657476407591926,0.9981204346916858,1.0622739737408602,0.5226475472967368,1.0658653713559172,1.0656600900118662,1.0657283021601072,1.065694808959961
2,0.7834383285257762,0.12454794748172036,4.810126582278482,1.0655375718208526,0.998235708961954,1.0622739737408602,0.5226475472967368,1.0656780222014908,1.0654435262293502,1.0655253778699418,1.0654488801956177
2,0.7834383285257762,0.12454794748172036,4.8734177215189876,1.0653400331871805,0.9983439117140572,1.0622739737408602,0.5226475472967368,1.0655076909983976,1.0652372527522656,1.065339570546885,1.0652151107788086
2,0.7834383285257762,0.12454794748172036,4.936708860759494,1.0651542983724387,0.9984454794370985,1.0622739737408602,0.5226475472967368,1.0653542998518952,1.0650408432093914,1.065169991363564,1.0649927854537964
2,0.7834383285257762,0.12454794748172036,5.0,1.0649796804473135,0.9985408189344199,1.0622739737408602,0.5226475472967368,1.0652176232772033,1.0648540557170543,1.0650156575844618,1.0647820234298706
3,1.0254101662830692,0.11784891463993936,0.0,1.0254101662830692,1.0254101662830692,1.0589244573199696,0.05309092484005948,1.0255353931230335,1.0259836158691809,1.0254320982379685,1.0254101753234863
3,1.0254101662830692,0.11784891463993936,0.06329113924050633,1.0647797111196227,1.0238517807194825,1.0589244573199696,0.05309092484005948,1.064860898155208,1.0653518851148835,1.0647706231908822,1.0615791082382202
3,1.0254101662830692,0.11784891463993936,0.12658227848101267,1.097298140616178,1.0223889557195187,1.0589244573199696,0.05309092484005948,1.0974201235434047,1.0978700323007506,1.097355296564838,1.0935875177383423
3,1.0254101662830692,0.11784891463993936,0.189873417721519,1.1239131355104734,1.021015832325262,1.0589244573199696,0.05309092484005948,1.1241369870256146,1.1245706209064716,1.1239342709846305,1.121169090270996
3,1.0254101662830692,0.11784891463993936,0.25316455696202533,1.1454515362184339,1.019726943545897,1.0589244573199696,0.05309092484005948,1.145799430817817,1.1462382815965473,1.1454678359979042,1.1441891193389893
3,1.0254101662830692,0.11784891463993936,0.31645569620253167,1.1626342111522423,1.018517095848896,1.0589244573199696,0.05309092484005948,1.1630831918095548,1.1634795981531725,1.162671778065998,1.1627612113952637
3,1.0254101662830692,0.11784891463993936,0.379746835443038,1.1760891265223106,1.0173814368749305,1.0589244573199696,0.05309092484005948,1.176579874419091,1.176844240975046,1.1761301564739626,1.1772375106811523
3,1.0254101662830692,0.11784891463993936,0.44303797468354433,1.1863628333483818,1.0163154399250869,1.0589244573199696,0.05309092484005948,1.1868208355812342,1.186901436140909,1.1863901122463556,1.1881040334701538
3,1.0254101662830692,0.11784891463993936,0.5063291139240507,1.193930561632875,1.0153148202835685,1.0589244573199696,0.05309092484005948,1.1942900394296825,1.1942322005336554,1.1939510671923008,1.1958651542663574
3,1.0254101662830692,0.11784891463993936,0.569620253164557,1.1992050889602888,1.0143755592598551,1.0589244573199696,0.05309092484005948,1.1994268615077464,1.1993602164061148,1.1992344067269545,1.200981616973877
3,1.0254101662830692,0.11784891463993936,0.6329113924050633,1.202544530798605,1.0134939087279662,1.0589244573199696,0.05309092484005948,1.2026231861642658,1.202684108052199,1.2025832137166428,1.2038609981536865
3,1.0254101662830692,0.11784891463993936,0.6962025316455697,1.2042591821725737,1.012666333774651,1.0589244573199696,0.05309092484005948,1.2042190034508096,1.2044668399225018,1.2042891700522609,1.2048757076263428
3,1.0254101662830692,0.11784891463993936,0.759493670886076,1.2046175248715982,1.0118895061555349,1.0589244573199696,0.05309092484005948,1.2045008512268285,1.2048870533592035,1.2046207078189,1.2044113874435425
3,1.0254101662830692,0.11784891463993936,0.8227848101265823,1.2038515006969381,1.0111603224112862,1.0589244573199696,0.05309092484005948,1.2037045947720382,1.2041089258807551,1.2038301869954315,1.2028398513793945
3,1.0254101662830692,0.11784891463993936,0.8860759493670887,1.2021611392239901,1.010475866236088,1.0589244573199696,0.05309092484005948,1.2020216419669119,1.2023247591073047,1.2021374835905352,1.2004815340042114
3,1.0254101662830692,0.11784891463993936,0.949367088607595,1.1997186179615145,1.0098333812131313,1.0589244573199696,0.05309092484005948,1.1996083726562228,1.1997525435250695,1.1997129362700998,1.1975347995758057
3,1.0254101662830692,0.11784891463993936,1.0126582278481013,1.1966718234599956,1.0092302976730512,1.0589244573199696,0.05309092484005948,1.1965954204225484,1.1966023981515703,1.196683234572145,1.1941421031951904
3,1.0254101662830692,0.11784891463993936,1.0759493670886076,1.1931474737053427,1.0086642096751317,1.0589244573199696,0.05309092484005948,1.193095609650541,1.1930397304222415,1.1931573880484978,1.1904606819152832
3,1.0254101662830692,0.11784891463993936,1.139240506329114,1.189253854899376,1.0081328343891396,1.0589244573199696,0.05309092484005948,1.1892097443361966,1.1891696572419697,1.1892471092422205,1.1866440773010254
3,1.0254101662830692,0.11784891463993936,1.2025316455696204,1.1850832193583027,1.007634044128037,1.0589244573199696,0.05309092484005948,1.1850294122975789,1.1850488285870306,1.1850632051605468,1.1827908754348755
3,1.0254101662830692,0.11784891463993936,1.2658227848101267,1.1807138856508164,1.0071658540115462,1.0589244573199696,0.05309092484005948,1.1806379035128345,1.1807148389198976,1.1806973400420795,1.1788982152938843
3,1.0254101662830692,0.11784891463993936,1.3291139240506329,1.176212077140395,1.006726373432151,1.0589244573199696,0.05309092484005948,1.176109537765574,1.17621365433798,1.1762121037250064,1.1749457120895386
3,1.0254101662830692,0.11784891463993936,1.3924050632911393,1.171633530777722,1.006313842165476,1.0589244573199696,0.05309092484005948,1.171508647913499,1.1716093535161367,1.1716490359963845,1.1709166765213013
3,1.0254101662830692,0.11784891463993936,1.4556962025316458,1.1670249041543348,1.0059266182165676,1.0589244573199696,0.05309092484005948,1.1668885959548159,1.1669740710854701,1.1670441158204137,1.166805624961853
3,1.0254101662830692,0.11784891463993936,1.518987341772152,1.162425005430523,1.005563140309819,1.0589244573199696,0.05309092484005948,1.162291928817719,1.162368646939448,1.1624363639429185,1.1626287698745728
3,1.0254101662830692,0.11784891463993936,1.5822784810126582,1.1578658677727223,1.0052219511356708,1.0589244573199696,0.05309092484005948,1.157750665341021,1.1578299252911834,1.1578659989010143,1.1584025621414185
3,1.0254101662830692,0.11784891463993936,1.6455696202531647,1.153373687437137,1.0049016911126374,1.0589244573199696,0.05309092484005948,1.153287919764572,1.1533716115155996,1.1533678291630811,1.1541589498519897
3,1.0254101662830692,0.11784891463993936,1.708860759493671,1.1489696421352307,1.0046010721710144,1.0589244573199696,0.05309092484005948,1.1489195662169103,1.1489959030643744,1.1489665477711473,1.1499232053756714
3,1.0254101662830692,0.11784891463993936,1.7721518987341773,1.1446706045123012,1.0043188873764883,1.0589244573199696,0.05309092484005948,1.144656345973028,1.144706001821389,1.1446767088182808,1.1457228660583496
3,1.0254101662830692,0.11784891463993936,1.8354430379746836,1.1404897635952571,1.0040540109892617,1.0589244573199696,0.05309092484005948,1.1405056959309539,1.1405123538815596,1.1405060089834458,1.1415834426879883
3,1.0254101662830692,0.11784891463993936,1.89873417721519,1.1364371656699568,1.0038053803436018,1.0589244573199696,0.05309092484005948,1.1364732983071535,1.1364313786366207,1.1364592013813428,1.1375253200531006
3,1.0254101662830692,0.11784891463993936,1.9620253164556964,1.1325201844956865,1.003571995866434,1.0589244573199696,0.05309092484005948,1.132564087118594,1.1324803277221323,1.1325410870273132,1.133566975593567
3,1.0254101662830692,0.11784891463993936,2.0253164556962027,1.128743929726046,1.0033529254415532,1.0589244573199696,0.05309092484005948,1.1287828344431723,1.1286722505572928,1.1287575356856154,1.129719853401184
3,1.0254101662830692,0.11784891463993936,2.088607594936709,1.125111601193382,1.0031472923677651,1.0589244573199696,0.05309092484005948,1.1251344251011763,1.1250140428766588,1.125115004256124,1.1259993314743042
3,1.0254101662830692,0.11784891463993936,2.151898734177215,1.1216247958489216,1.0029542688087854,1.0589244573199696,0.05309092484005948,1.1216232580956846,1.1215071641817174,1.121619225091834,1.1224111318588257
3,1.0254101662830692,0.11784891463993936,2.2151898734177218,1.118283773314199,1.0027730829705774,1.0589244573199696,0.05309092484005948,1.118253379853574,1.1181500063560126,1.1182736912122875,1.118967890739441
3,1.0254101662830692,0.11784891463993936,2.278481012658228,1.115087685262642,1.0026030115770885,1.0589244573199696,0.05309092484005948,1.115027664280864,1.1149398738314877,1.1150787911208777,1.1156665086746216
3,1.0254101662830692,0.11784891463993936,2.3417721518987342,1.1120347732096543,1.002443369024197,1.0589244573199696,0.05309092484005948,1.111947562679595,1.1118743344473074,1.1120316550157259,1.1125105619430542
3,1.0254101662830692,0.11784891463993936,2.405063291139241,1.1091225387342143,1.0022935162659556,1.0589244573199696,0.05309092484005948,1.1090130422519808,1.10895148593187,1.1091269060131326,1.109501600265503
3,1.0254101662830692,0.11784891463993936,2.468354430379747,1.1063478896591223,1.0021528566050288,1.0589244573199696,0.05309092484005948,1.106222303219502,1.1061693686174479,1.1063579914544421,1.1066380739212036
3,1.0254101662830692,0.11784891463993936,2.5316455696202533,1.1037072652812214,1.0020208222335183,1.0589244573199696,0.05309092484005948,1.103572147798,1.1035255554678596,1.1037186403103605,1.1039175987243652
3,1.0254101662830692,0.11784891463993936,2.5949367088607596,1.1011967433616852,1.001896884321932,1.0589244573199696,0.05309092484005948,1.101058066291868,1.1010164469260655,1.1012039981697483,1.1013370752334595
3,1.0254101662830692,0.11784891463993936,2.6582278481012658,1.0988121312497583,1.0017805497018804,1.0589244573199696,0.05309092484005948,1.098674794656415,1.098637303711955,1.0988110499893478,1.0988932847976685
3,1.0254101662830692,0.11784891463993936,2.7215189873417724,1.0965490432181806,1.0016713490240823,1.0589244573199696,0.05309092484005948,1.0964164743870746,1.0963823616145967,1.09653828645724,1.0965815782546997
3,1.0254101662830692,0.11784891463993936,2.7848101265822787,1.0944029658338623,1.0015688446146502,1.0589244573199696,0.05309092484005948,1.0942772551787265,1.0942451963676116,1.0943847492276726,1.0943961143493652
3,1.0254101662830692,0.11784891463993936,2.848101265822785,1.0923693129567447,1.001472628127075,1.0589244573199696,0.05309092484005948,1.0922513154243143,1.092219264812646,1.0923488104494767,1.0923333168029785
3,1.0254101662830692,0.11784891463993936,2.9113924050632916,1.090443471757459,1.001382312342549,1.0589244573199696,0.05309092484005948,1.0903332844863418,1.0902982738744655,1.0904272986214052,1.090387225151062
3,1.0254101662830692,0.11784891463993936,2.9746835443037978,1.0886208409624114,1.0012975347821134,1.0589244573199696,0.05309092484005948,1.0885179905638918,1.0884767053255364,1.0886150492059463,1.0885529518127441
3,1.0254101662830692,0.11784891463993936,3.037974683544304,1.0868968624154005,1.001217957332885,1.0589244573199696,0.05309092484005948,1.0868007845707652,1.086749627198753,1.0869051445656426,1.086823582649231
3,1.0254101662830692,0.11784891463993936,3.1012658227848102,1.0852670468566936,1.001143260536373,1.0589244573199696,0.05309092484005948,1.085177378196412,1.085113136557553,1.0852896733766404,1.0851949453353882
3,1.0254101662830692,0.11784891463993936,3.1645569620253164,1.0837269947413553,1.0010731441903327,1.0589244573199696,0.05309092484005948,1.083643679916999,1.0835639136510116,1.0837608968725982,1.0836611986160278
3,1.0254101662830692,0.11784891463993936,3.227848101265823,1.0822724128114312,1.001007328336152,1.0589244573199696,0.05309092484005948,1.082195850341675,1.0820992055149459,1.0823120550089882,1.0822168588638306
3,1.0254101662830692,0.11784891463993936,3.2911392405063293,1.0808991270158859,1.0009455494195074,1.0589244573199696,0.05309092484005948,1.080829947586507,1.0807165492405961,1.0809381167002459,1.0808582305908203
3,1.0254101662830692,0.11784891463993936,3.3544303797468356,1.0796030923364723,1.000887558815875,1.0589244573199696,0.05309092484005948,1.0795421896567694,1.0794136202848628,1.0796358612108303,1.0795786380767822
3,1.0254101662830692,0.11784891463993936,3.417721518987342,1.0783803999689792,1.000833124718903,1.0589244573199696,0.05309092484005948,1.0783287351117494,1.0781878768193125,1.0784035043864424,1.0783740282058716
3,1.0254101662830692,0.11784891463993936,3.4810126582278484,1.0772272822676918,1.0007820296966015,1.0589244573199696,0.05309092484005948,1.0771856892143314,1.0770366663229833,1.077240083005153,1.077239990234375
3,1.0254101662830692,0.11784891463993936,3.5443037974683547,1.0761401158109687,1.0007340678411047,1.0589244573199696,0.05309092484005948,1.0761092556207588,1.0759569058039693,1.0761446840397468,1.0761722326278687
3,1.0254101662830692,0.11784891463993936,3.607594936708861,1.075115422879737,1.0006890472164953,1.0589244573199696,0.05309092484005948,1.075095486297513,1.0749453154836468,1.0751157731324157,1.075163722038269
3,1.0254101662830692,0.11784891463993936,3.670886075949367,1.0741498716201563,1.0006467884427956,1.0589244573199696,0.05309092484005948,1.0741407222415678,1.0739982671069135,1.0741508893384053,1.074215054512024
3,1.0254101662830692,0.11784891463993936,3.7341772151898738,1.0732402751145504,1.0006071209897183,1.0589244573199696,0.05309092484005948,1.0732413372476817,1.0731118167399742,1.0732465640785858,1.0733206272125244
3,1.0254101662830692,0.11784891463993936,3.79746835443038,1.072383589555387,1.000569885979506,1.0589244573199696,0.05309092484005948,1.0723937666064636,1.0722819466540152,1.07239852834398,1.0724773406982422
3,1.0254101662830692,0.11784891463993936,3.8607594936708862,1.0715769116920373,1.0005349352905157,1.0589244573199696,0.05309092484005948,1.0715948289326485,1.0715044464332286,1.07160212612709,1.0716822147369385
3,1.0254101662830692,0.11784891463993936,3.924050632911393,1.0708174756937627,1.00050212782741,1.0589244573199696,0.05309092484005948,1.0708413469406948,1.070775216354335,1.0708526476786546,1.0709266662597656
3,1.0254101662830692,0.11784891463993936,3.987341772151899,1.0701026495538684,1.0004713321435827,1.0589244573199696,0.05309092484005948,1.0701305492176656,1.070090119796545,1.0701457685552989,1.0702158212661743
3,1.0254101662830692,0.11784891463993936,4.050632911392405,1.069429931138922,1.0004424255932993,1.0589244573199696,0.05309092484005948,1.069459828339555,1.0694451759285541,1.0694777200271406,1.0695438385009766
3,1.0254101662830692,0.11784891463993936,4.113924050632912,1.0687969439745075,1.0004152917710418,1.0589244573199696,0.05309092484005948,1.0688267716192132,1.0688366704010717,1.0688454632969746,1.0689080953598022
3,1.0254101662830692,0.11784891463993936,4.177215189873418,1.0682014328436016,1.0003898218134761,1.0589244573199696,0.05309092484005948,1.06822924105095,1.06826109385097,1.0682467184240885,1.0683066844940186
3,1.0254101662830692,0.11784891463993936,4.2405063291139244,1.0676412592619078,1.0003659141692969,1.0589244573199696,0.05309092484005948,1.0676652831166225,1.0677152689927079,1.067679837033599,1.0677368640899658
3,1.0254101662830692,0.11784891463993936,4.30379746835443,1.067114396884447,1.0003434728029303,1.0589244573199696,0.05309092484005948,1.0671332025806548,1.067196305521373,1.0671436955571272,1.0671977996826172
3,1.0254101662830692,0.11784891463993936,4.367088607594937,1.0666189268887936,1.000322407554558,1.0589244573199696,0.05309092484005948,1.0666313226562254,1.066701620611299,1.0666375409104645,1.066686749458313
3,1.0254101662830692,0.11784891463993936,4.4303797468354436,1.0661530333726177,1.000302634339296,1.0589244573199696,0.05309092484005948,1.066158280185344,1.0662290660074878,1.0661607862910643,1.0662022829055786
3,1.0254101662830692,0.11784891463993936,4.493670886075949,1.0657149987964605,1.0002840739274035,1.0589244573199696,0.05309092484005948,1.065712804253794,1.0657767681364008,1.0657129491901816,1.0657432079315186
3,1.0254101662830692,0.11784891463993936,4.556962025316456,1.0653031994968265,1.0002666516493777,1.0589244573199696,0.05309092484005948,1.0652937592382268,1.0653431978012544,1.0652934687937603,1.0653077363967896
3,1.0254101662830692,0.11784891463993936,4.620253164556963,1.0649161012926,1.0002502978827688,1.0589244573199696,0.05309092484005948,1.0649000095152943,1.0649271332845114,1.0649016843717698,1.0648949146270752
3,1.0254101662830692,0.11784891463993936,4.6835443037974684,1.0645522551973805,1.0002349472631058,1.0589244573199696,0.05309092484005948,1.0645307064422773,1.064527623450371,1.064536823440389,1.0645031929016113
3,1.0254101662830692,0.11784891463993936,4.746835443037975,1.0642102932530149,1.0002205379497628,1.0589244573199696,0.05309092484005948,1.0641848373875258,1.0641441107364673,1.0641979015892153,1.0641319751739502
3,1.0254101662830692,0.11784891463993936,4.810126582278482,1.0638889244929437,1.000207012295125,1.0589244573199696,0.05309092484005948,1.0638616644008496,1.0637760867771135,1.063883822589089,1.0637801885604858
3,1.0254101662830692,0.11784891463993936,4.8734177215189876,1.0635869310382984,1.0001943163738916,1.0589244573199696,0.05309092484005948,1.0635604085348258,1.0634233752842086,1.0635933723970263,1.0634469985961914
3,1.0254101662830692,0.11784891463993936,4.936708860759494,1.063303164333558,1.000182398970813,1.0589244573199696,0.05309092484005948,1.0632803400387103,1.0630859598588596,1.063325256814546,1.0631314516067505
3,1.0254101662830692,0.11784891463993936,5.0,1.063036541550351,1.0001712123537891,1.0589244573199696,0.05309092484005948,1.0630207865578853,1.062763897897192,1.0630780856876567,1.0628329515457153
4,0.8558565071474986,0.2699148750828412,0.0,0.8558565071474986,0.8558565071474986,1.1349574375414206,0.20826265354349108,0.8565896177170944,0.8573204015911111,0.8557915232371488,0.8558564782142639
4,0.8558565071474986,0.2699148750828412,0.06329113924050633,0.9584359939982667,0.864696714481994,1.1349574375414206,0.20826265354349108,0.9593114642634936,0.9584599845361285,0.9582524636317584,0.9537614583969116
4,0.8558565071474986,0.2699148750828412,0.12658227848101267,1.0445629736182263,0.8729948382556753,1.1349574375414206,0.20826265354349108,1.045220198050641,1.0452669225968576,1.0446565774107324,1.0403478145599365
4,0.8558565071474986,0.2699148750828412,0.189873417721519,1.1164546403799607,0.8807841144044695,1.1349574375414206,0.20826265354349108,1.1168728349367134,1.1172212611938603,1.116520578451994,1.1146982908248901
4,0.8558565071474986,0.2699148750828412,0.25316455696202533,1.1760485595614616,0.8880955553642181,1.1349574375414206,0.20826265354349108,1.176272928137155,1.1765159023370375,1.1760992015015308,1.1766438484191895
4,0.8558565071474986,0.2699148750828412,0.31645569620253167,1.2250368967285397,0.8949586223320827,1.1349574375414206,0.20826265354349108,1.2250991646950198,1.22526972958234,1.2251225475383793,1.2270214557647705
4,0.8558565071474986,0.2699148750828412,0.379746835443038,1.2648965169286426,0.9014008411421861,1.1349574375414206,0.20826265354349108,1.2648546897019806,1.2650289279413591,1.2649742801759853,1.2672955989837646
4,0.8558565071474986,0.2699148750828412,0.44303797468354433,1.296915448551809,0.9074478902645281,1.1349574375414206,0.20826265354349108,1.2968664769908047,1.2970346968364088,1.296935636009139,1.2991381883621216
4,0.8558565071474986,0.2699148750828412,0.5063291139240507,1.322216147706683,0.9131240754786882,1.1349574375414206,0.20826265354349108,1.3222629507958337,1.322372511800755,1.3221908338494628,1.324034333229065
4,0.8558565071474986,0.2699148750828412,0.569620253164557,1.3417759467018835,0.9184521934905899,1.1349574375414206,0.20826265354349108,1.3419852599920021,1.3419800451439905,1.3417570858242944,1.3429633378982544
4,0.8558565071474986,0.2699148750828412,0.6329113924050633,1.3564450244839796,0.9234535061827643,1.1349574375414206,0.20826265354349108,1.3568253399257635,1.3566585631827537,1.356467072911699,1.3568322658538818
4,0.8558565071474986,0.2699148750828412,0.6962025316455697,1.3669621965262677,0.9281480659522373,1.1349574375414206,0.20826265354349108,1.367467860783687,1.3671204994296617,1.367015073133897,1.366786003112793
4,0.8558565071474986,0.2699148750828412,0.759493670886076,1.3739687861456538,0.9325547528316651,1.1349574375414206,0.20826265354349108,1.3745199423867862,1.3740313209674428,1.3740192121150558,1.3736867904663086
4,0.8558565071474986,0.2699148750828412,0.8227848101265823,1.3780208078829386,0.9366911717222927,1.1349574375414206,0.20826265354349108,1.3785264707566929,1.3780095448478278,1.378052561927994,1.3779613971710205
4,0.8558565071474986,0.2699148750828412,0.8860759493670887,1.3795996660089644,0.9405738658651991,1.1349574375414206,0.20826265354349108,1.3799781663710693,1.379591447673561,1.379627045206093,1.3798354864120483
4,0.8558565071474986,0.2699148750828412,0.949367088607595,1.3791215469312335,0.944218471503851,1.1349574375414206,0.20826265354349108,1.3793156182913164,1.3791968903051424,1.3791633877571832,1.3795814514160156
4,0.8558565071474986,0.2699148750828412,1.0126582278481013,1.3769456628836394,0.9476395655250647,1.1349574375414206,0.20826265354349108,1.3769324163511591,1.377133368387427,1.3769940534688008,1.3775265216827393
4,0.8558565071474986,0.2699148750828412,1.0759493670886076,1.3733814854420345,0.9508507960370178,1.1349574375414206,0.20826265354349108,1.3731748395776766,1.3736377803303974,1.3734059133393304,1.373996376991272
4,0.8558565071474986,0.2699148750828412,1.139240506329114,1.3686950908149407,0.9538651127827312,1.1349574375414206,0.20826265354349108,1.368341036246647,1.3689289365649269,1.368677598979375,1.3692792654037476
4,0.8558565071474986,0.2699148750828412,1.2025316455696204,1.3631147242309285,0.9566945854290408,1.1349574375414206,0.20826265354349108,1.3626793183976629,1.3632384222596274,1.36307337412114,1.3636239767074585
4,0.8558565071474986,0.2699148750828412,1.2658227848101267,1.3568356779166546,0.9593504735471341,1.1349574375414206,0.20826265354349108,1.356389686931191,1.3568091050215767,1.356809548357055,1.3572393655776978
4,0.8558565071474986,0.2699148750828412,1.3291139240506329,1.3500245657864975,0.9618435019299144,1.1349574375414206,0.20826265354349108,1.3496281445174632,1.3498705037588539,1.3500382026960738,1.3503042459487915
4,0.8558565071474986,0.2699148750828412,1.3924050632911393,1.3428230680281956,0.9641836557497278,1.1349574375414206,0.20826265354349108,1.3425150098352856,1.3426095002574314,1.3428679629353475,1.3429710865020752
4,0.8558565071474986,0.2699148750828412,1.4556962025316458,1.3353512099008895,0.9663802495024002,1.1349574375414206,0.20826265354349108,1.3351442485422242,1.3351534319223703,1.3353970542518865,1.335365653038025
4,0.8558565071474986,0.2699148750828412,1.518987341772152,1.3277102314014781,0.9684421397895314,1.1349574375414206,0.20826265354349108,1.3275932798126897,1.3275742570966726,1.32773139228178,1.3275972604751587
4,0.8558565071474986,0.2699148750828412,1.5822784810126582,1.3199850977243333,0.9703775934476204,1.1349574375414206,0.20826265354349108,1.3199299622664036,1.3199092668632888,1.3199773151138192,1.3197627067565918
4,0.8558565071474986,0.2699148750828412,1.6455696202531647,1.3122466941550748,0.9721943229340303,1.1349574375414206,0.20826265354349108,1.3122176940241606,1.3121892583434938,1.3122257395086923,1.3119285106658936
4,0.8558565071474986,0.2699148750828412,1.708860759493671,1.3045537441122566,0.9738996350433814,1.1349574375414206,0.20826265354349108,1.3045165442314512,1.3044600336457668,1.3045418331611265,1.3041573762893677
4,0.8558565071474986,0.2699148750828412,1.7721518987341773,1.2969544841689922,0.9755003763159775,1.1349574375414206,0.20826265354349108,1.2968833842496093,1.2967878934949832,1.2969659976315624,1.296499252319336
4,0.8558565071474986,0.2699148750828412,1.8354430379746836,1.2894881258591069,0.9770029327024116,1.1349574375414206,0.20826265354349108,1.289369870591956,1.2892474692537235,1.2895225604311338,1.288995385169983
4,0.8558565071474986,0.2699148750828412,1.89873417721519,1.2821861304910411,0.9784133323549119,1.1349574375414206,0.20826265354349108,1.2820207066411313,1.2819024542228574,1.2822301170287167,1.2816742658615112
4,0.8558565071474986,0.2699148750828412,1.9620253164556964,1.2750733200572268,0.9797372455218616,1.1349574375414206,0.20826265354349108,1.2748718715686358,1.2747912546100677,1.2751083505628906,1.2745606899261475
4,0.8558565071474986,0.2699148750828412,2.0253164556962027,1.26816884437456,0.9809799597910736,1.1349574375414206,0.20826265354349108,1.2679500135757864,1.2679251692527127,1.2681800062153727,1.2676684856414795
4,0.8558565071474986,0.2699148750828412,2.088607594936709,1.2614870223826466,0.9821464483992786,1.1349574375414206,0.20826265354349108,1.2612722859047842,1.2612982125548038,1.2614690869175715,1.2610137462615967
4,0.8558565071474986,0.2699148750828412,2.151898734177215,1.2550380731710162,0.9832414073886938,1.1349574375414206,0.20826265354349108,1.2548479047335621,1.2549002172026085,1.2549971800962751,1.2546021938323975
4,0.8558565071474986,0.2699148750828412,2.2151898734177218,1.2488287504646565,0.9842692148923423,1.1349574375414206,0.20826265354349108,1.248679018317118,1.2487261651348323,1.2487796084894907,1.2484427690505981
4,0.8558565071474986,0.2699148750828412,2.278481012658228,1.24286289266291,0.985233973816731,1.1349574375414206,0.20826265354349108,1.242763117624805,1.2427788769610915,1.2428232791633547,1.2425322532653809
4,0.8558565071474986,0.2699148750828412,2.3417721518987342,1.2371418990164507,0.9861395733679243,1.1349574375414206,0.20826265354349108,1.2370944958418182,1.2370656665877169,1.2371263955067473,1.2368695735931396
4,0.8558565071474986,0.2699148750828412,2.405063291139241,1.2316651412413333,0.9869896386428155,1.1349574375414206,0.20826265354349108,1.2316661014441168,1.2315933559542454,1.2316802746807252,1.2314547300338745
4,0.8558565071474986,0.2699148750828412,2.468354430379747,1.226430318734514,0.9877875545085979,1.1349574375414206,0.20826265354349108,1.2264705221320114,1.226364404894645,1.226472691256066,1.2262825965881348
4,0.8558565071474986,0.2699148750828412,2.5316455696202533,1.221433764554398,0.98853654195221,1.1349574375414206,0.20826265354349108,1.2215010343593236,1.2213761567882302,1.2214916054547533,1.2213481664657593
4,0.8558565071474986,0.2699148750828412,2.5949367088607596,1.2166707084492843,0.9892396008489479,1.1349574375414206,0.20826265354349108,1.2167519641090345,1.2166216093076396,1.216728112521777,1.2166435718536377
4,0.8558565071474986,0.2699148750828412,2.6582278481012658,1.212135502443314,0.989899528780436,1.1349574375414206,0.20826265354349108,1.2122186376966058,1.2120918578539106,1.2121777948237416,1.212164044380188
4,0.8558565071474986,0.2699148750828412,2.7215189873417724,1.2078218138116545,0.9905189882103466,1.1349574375414206,0.20826265354349108,1.2078970865899028,1.2077780962214386,1.2078402971499973,1.2079015970230103
4,0.8558565071474986,0.2699148750828412,2.7848101265822787,1.2037227896820832,0.9911004619183003,1.1349574375414206,0.20826265354349108,1.2037838506224774,1.2036726989249236,1.203717071083279,1.2038465738296509
4,0.8558565071474986,0.2699148750828412,2.848101265822785,1.1998311969563868,0.9916462663193653,1.1349574375414206,0.20826265354349108,1.1998755024256682,1.199769524578893,1.199808686962946,1.199993371963501
4,0.8558565071474986,0.2699148750828412,2.9113924050632916,1.1961395407985205,0.9921585979781304,1.1349574375414206,0.20826265354349108,1.1961679832734282,1.1960634813270339,1.196112311896384,1.1963331699371338
4,0.8558565071474986,0.2699148750828412,2.9746835443037978,1.1926401645651188,0.9926395131181796,1.1349574375414206,0.20826265354349108,1.1926566276806656,1.192550067673185,1.1926205030757406,1.1928577423095703
4,0.8558565071474986,0.2699148750828412,3.037974683544304,1.1893253336191896,0.9930909297423883,1.1349574375414206,0.20826265354349108,1.1893356878353427,1.1892242491571594,1.1893215483585515,1.1895606517791748
4,0.8558565071474986,0.2699148750828412,3.1012658227848102,1.1861873052027698,0.9935146600334135,1.1349574375414206,0.20826265354349108,1.186198563182979,1.1860804337564037,1.186201061279461,1.1864320039749146
4,0.8558565071474986,0.2699148750828412,3.1645569620253164,1.1832183863288657,0.993912406939582,1.1349574375414206,0.20826265354349108,1.1832376364377217,1.1831119389219724,1.183244552465144,1.1834651231765747
4,0.8558565071474986,0.2699148750828412,3.227848101265823,1.1804109812410974,0.9942857585737659,1.1349574375414206,0.20826265354349108,1.18044456876242,1.1803112293624778,1.180439420000161,1.180652379989624
4,0.8558565071474986,0.2699148750828412,3.2911392405063293,1.1777576300167594,0.9946362099927211,1.1349574375414206,0.20826265354349108,1.1778106605442749,1.1776699744402157,1.1777765875915982,1.177986741065979
4,0.8558565071474986,0.2699148750828412,3.3544303797468356,1.1752510394488687,0.9949651715613747,1.1349574375414206,0.20826265354349108,1.1753268267964991,1.1751793269523494,1.1752505635442454,1.1754612922668457
4,0.8558565071474986,0.2699148750828412,3.417721518987342,1.1728841074149792,0.9952739582407042,1.1349574375414206,0.20826265354349108,1.172984228515702,1.172830357701576,1.1728588163914322,1.1730693578720093
4,0.8558565071474986,0.2699148750828412,3.4810126582278484,1.1706499416139728,0.9955638034506867,1.1349574375414206,0.20826265354349108,1.1707741086929584,1.170614133390869,1.1706003653266936,1.1708046197891235
4,0.8558565071474986,0.2699148750828412,3.5443037974683547,1.1685418735347144,0.995835875238724,1.1349574375414206,0.20826265354349108,1.1686882842806026,1.1685221511941475,1.1684739364219847,1.1686605215072632
4,0.8558565071474986,0.2699148750828412,3.607594936708861,1.1665534683900356,0.9960912623939786,1.1349574375414206,0.20826265354349108,1.166719105194995,1.166546428950186,1.1664769112187676,1.1666309833526611
4,0.8558565071474986,0.2699148750828412,3.670886075949367,1.164678531615691,0.9963309824799034,1.1349574375414206,0.20826265354349108,1.1648596511032399,1.1646795051626155,1.1646045376390242,1.164711594581604
4,0.8558565071474986,0.2699148750828412,3.7341772151898738,1.1629111124968916,0.9965560028585759,1.1349574375414206,0.20826265354349108,1.1631035182375744,1.1629147792769563,1.1628498371350857,1.1628963947296143
4,0.8558565071474986,0.2699148750828412,3.79746835443038,1.1612455053926802,0.9967672247911129,1.1349574375414206,0.20826265354349108,1.1614450079826406,1.1612461837027548,1.1612042467316206,1.161180853843689
4,0.8558565071474986,0.2699148750828412,3.8607594936708862,1.159676248959064,0.9969654885227417,1.1349574375414206,0.20826265354349108,1.1598790120832319,1.1596683887997477,1.159658395926778,1.159559965133667
4,0.8558565071474986,0.2699148750828412,3.924050632911393,1.1581981237250332,0.9971515944407833,1.1349574375414206,0.20826265354349108,1.1584009060514888,1.1581766798861632,1.1582028237499118,1.1580274105072021
4,0.8558565071474986,0.2699148750828412,3.987341772151899,1.156806148324569,0.997326288198478,1.1349574375414206,0.20826265354349108,1.1570063851779682,1.1567669449395526,1.1568289887559282,1.1565817594528198
4,0.8558565071474986,0.2699148750828412,4.050632911392405,1.1554955746439743,0.9974902655246297,1.1349574375414206,0.20826265354349108,1.1556915711244475,1.1554355065081334,1.1555295901529954,1.1552181243896484
4,0.8558565071474986,0.2699148750828412,4.113924050632912,1.154261882107426,0.99764418674935,1.1349574375414206,0.20826265354349108,1.1544527741399753,1.154179060214943,1.1542988353827373,1.1539329290390015
4,0.8558565071474986,0.2699148750828412,4.177215189873418,1.1531007712915367,0.9977886694184294,1.1349574375414206,0.20826265354349108,1.153286468462531,1.1529947075556226,1.1531324959982172,1.1527223587036133
4,0.8558565071474986,0.2699148750828412,4.2405063291139244,1.1520081570315706,0.9979242895989306,1.1349574375414206,0.20826265354349108,1.1521891939256672,1.151879763211424,1.1520277065259712,1.1515834331512451
4,0.8558565071474986,0.2699148750828412,4.30379746835443,1.1509801611574648,0.9980515920689897,1.1349574375414206,0.20826265354349108,1.151157851138584,1.1508317181517,1.1509826330323005,1.1505110263824463
4,0.8558565071474986,0.2699148750828412,4.367088607594937,1.150013104976588,0.998171088275521,1.1349574375414206,0.20826265354349108,1.1501891357243184,1.1498481740383326,1.149996066193856,1.1495051383972168
4,0.8558565071474986,0.2699148750828412,4.4303797468354436,1.149103501601862,0.998283255204342,1.1349574375414206,0.20826265354349108,1.149279858098159,1.1489268760235176,1.1490673062932601,1.148561954498291
4,0.8558565071474986,0.2699148750828412,4.493670886075949,1.1482480482080741,0.9983885422996385,1.1349574375414206,0.20826265354349108,1.1484270090632185,1.148065503663879,1.1481956387242267,1.147679090499878
4,0.8558565071474986,0.2699148750828412,4.556962025316456,1.1474436182854941,0.9984873731368775,1.1349574375414206,0.20826265354349108,1.1476275630237167,1.1472618267099528,1.1473802091372478,1.1468538045883179
4,0.8558565071474986,0.2699148750828412,4.620253164556963,1.146687253947841,0.9985801426612537,1.1349574375414206,0.20826265354349108,1.1468786747716977,1.1465136354108914,1.1466199194562599,1.1460844278335571
4,0.8558565071474986,0.2699148750828412,4.6835443037974684,1.1459761583407475,0.9986672216638506,1.1349574375414206,0.20826265354349108,1.1461774745008657,1.1458185929244253,1.1459133311330254,1.1453685760498047
4,0.8558565071474986,0.2699148750828412,4.746835443037975,1.1453076881866713,0.9987489609461349,1.1349574375414206,0.20826265354349108,1.1455212153966237,1.1451744731008138,1.1452586187007368,1.144703984260559
4,0.8558565071474986,0.2699148750828412,4.810126582278482,1.1446793464939187,0.9988256875240233,1.1349574375414206,0.20826265354349108,1.1449073884283245,1.1445789308983412,1.1446536165889734,1.1440892219543457
4,0.8558565071474986,0.2699148750828412,4.8734177215189876,1.1440887754752609,0.9988977072979662,1.1349574375414206,0.20826265354349108,1.1443334517675348,1.1440296704719706,1.14409594832101,1.143523097038269
4,0.8558565071474986,0.2699148750828412,4.936708860759494,1.143533749671359,0.9989653107951916,1.1349574375414206,0.20826265354349108,1.143797035774199,1.1435244082758356,1.143582943687004,1.1430035829544067
4,0.8558565071474986,0.2699148750828412,5.0,1.1430121693016244,0.9990287687841282,1.1349574375414206,0.20826265354349108,1.1432959757944254,1.1430608730632394,1.143111862107423,1.1425292491912842
6,0.9829805716781288,0.19470320702526567,0.0,0.9829805716781288,0.9829805716781288,1.097351603512633,0.112947309666592,0.983654423977944,0.9840623956409332,0.9829984062681262,0.9829805493354797
6,0.9829805716781288,0.19470320702526567,0.06329113924050633,1.0516431728355622,0.9840243598651814,1.097351603512633,0.112947309666592,1.0522670156090497,1.051945216029672,1.0516352673216156,1.0475865602493286
6,0.9829805716781288,0.19470320702526567,0.12658227848101267,1.1087648326578097,0.9850041427189014,1.097351603512633,0.112947309666592,1.1093653396728345,1.108783241487926,1.108860502464634,1.1047511100769043
6,0.9829805716781288,0.19470320702526567,0.189873417721519,1.1559248652821932,0.985923844499885,1.097351603512633,0.112947309666592,1.1564378683513539,1.1557745905208574,1.155945835216348,1.153911828994751
6,0.9829805716781288,0.19470320702526567,0.25316455696202533,1.1945021046991409,0.9867871269338091,1.097351603512633,0.112947309666592,1.1948906898873615,1.1943119647497813,1.1945155302670434,1.1948425769805908
6,0.9829805716781288,0.19470320702526567,0.31645569620253167,1.2256995204738104,0.9875974685872289,1.097351603512633,0.112947309666592,1.225994708248193,1.2255916890509255,1.2257606501107032,1.2278801202774048
6,0.9829805716781288,0.19470320702526567,0.379746835443038,1.25056585900087,0.9883581195129322,1.097351603512633,0.112947309666592,1.2508393429009088,1.2506007554049352,1.250641684888011,1.2538193464279175
6,0.9829805716781288,0.19470320702526567,0.44303797468354433,1.270014666808299,0.9890721116402206,1.097351603512633,0.112947309666592,1.2703319528011736,1.270160207193549,1.270065465476335,1.2736661434173584
6,0.9829805716781288,0.19470320702526567,0.5063291139240507,1.2848410099167056,0.9897423148209699,1.097351603512633,0.112947309666592,1.2852290516863063,1.2849848393699932,1.284871227773293,1.2884278297424316
6,0.9829805716781288,0.19470320702526567,0.569620253164557,1.2957361657611455,0.9903714207264777,1.097351603512633,0.112947309666592,1.2961767559451554,1.2957512210676367,1.2957739107886908,1.2989331483840942
6,0.9829805716781288,0.19470320702526567,0.6329113924050633,1.3033005311838244,0.9909619398071192,1.097351603512633,0.112947309666592,1.3037430904375416,1.3031316741065306,1.3033560031515306,1.3058111667633057
6,0.9829805716781288,0.19470320702526567,0.6962025316455697,1.3080549608725565,0.9915162397059085,1.097351603512633,0.112947309666592,1.3084378639527168,1.3077631970909498,1.308107393701008,1.3096814155578613
6,0.9829805716781288,0.19470320702526567,0.759493670886076,1.3104507249958919,0.9920365496414955,1.097351603512633,0.112947309666592,1.3107226561352732,1.3101752118863155,1.3104727361145154,1.3111958503723145
6,0.9829805716781288,0.19470320702526567,0.8227848101265823,1.3108782522141917,0.9925249482741713,1.097351603512633,0.112947309666592,1.3110133101168964,1.3107425479926254,1.310867765060082,1.3109296560287476
6,0.9829805716781288,0.19470320702526567,0.8860759493670887,1.3096748043648991,0.9929833889110202,1.097351603512633,0.112947309666592,1.3096787025993823,1.309707581050163,1.3096583109401654,1.3093031644821167
6,0.9829805716781288,0.19470320702526567,0.949367088607595,1.3071312116103124,0.9934137177673634,1.097351603512633,0.112947309666592,1.307037693660517,1.3072534210994842,1.307133968369451,1.3065385818481445
6,0.9829805716781288,0.19470320702526567,1.0126582278481013,1.30349778141525,0.993817655977297,1.097351603512633,0.112947309666592,1.3033577000503758,1.303577035245829,1.3035155806177252,1.3028048276901245
6,0.9829805716781288,0.19470320702526567,1.0759493670886076,1.2989894811415523,0.9941968150114071,1.097351603512633,0.112947309666592,1.298855908709413,1.2989197496003213,1.2989946656149765,1.298284649848938
6,0.9829805716781288,0.19470320702526567,1.139240506329114,1.2937904820874913,0.9945527238823374,1.097351603512633,0.112947309666592,1.2937053607578095,1.2935484561484565,1.2937642925745985,1.2931463718414307
6,0.9829805716781288,0.19470320702526567,1.2025316455696204,1.2880581422610522,0.9948868076896574,1.097351603512633,0.112947309666592,1.2880431345431387,1.2877087447135698,1.2880121148557673,1.2875277996063232
6,0.9829805716781288,0.19470320702526567,1.2658227848101267,1.281926495901829,0.9952003958826606,1.097351603512633,0.112947309666592,1.2819807589374959,1.2815826594081636,1.2818909069926447,1.281524896621704
6,0.9829805716781288,0.19470320702526567,1.3291139240506329,1.2755093096262722,0.9954947547678621,1.097351603512633,0.112947309666592,1.2756129211497444,1.2752721357518595,1.2755045871852864,1.2752362489700317
6,0.9829805716781288,0.19470320702526567,1.3924050632911393,1.2689027578529368,0.9957710633226938,1.097351603512633,0.112947309666592,1.2690242886650525,1.2688155635534466,1.2689238277442276,1.2687385082244873
6,0.9829805716781288,0.19470320702526567,1.4556962025316458,1.2621877638324042,0.9960304213359212,1.097351603512633,0.112947309666592,1.2622933301869894,1.2622251107916185,1.2622122578547523,1.2621052265167236
6,0.9829805716781288,0.19470320702526567,1.518987341772152,1.2554320469998523,0.9962738745314484,1.097351603512633,0.112947309666592,1.255493479958938,1.2555251462215486,1.2554400971272361,1.255406379699707
6,0.9829805716781288,0.19470320702526567,1.5822784810126582,1.248691912612164,0.9965023989979525,1.097351603512633,0.112947309666592,1.2486922522238642,1.2487715244731965,1.248679366581388,1.2486951351165771
6,0.9829805716781288,0.19470320702526567,1.6455696202531647,1.2420138150870639,0.9967169053670039,1.097351603512633,0.112947309666592,1.2419497653239393,1.2420443869372302,1.2419917082171092,1.242026686668396
6,0.9829805716781288,0.19470320702526567,1.708860759493671,1.2354357228043913,0.9969182563724303,1.097351603512633,0.112947309666592,1.2353166590411113,1.2354233174419507,1.2354204437891887,1.2354440689086914
6,0.9829805716781288,0.19470320702526567,1.7721518987341773,1.2289883088142184,0.9971072604045351,1.097351603512633,0.112947309666592,1.2288328974779088,1.2289642034151045,1.2289911251113663,1.2289811372756958
6,0.9829805716781288,0.19470320702526567,1.8354430379746836,1.222695988765562,0.9972846714704974,1.097351603512633,0.112947309666592,1.2225276870629749,1.2226912660218268,1.2227176035027463,1.2226665019989014
6,0.9829805716781288,0.19470320702526567,1.89873417721519,1.2165778250130794,0.9974512013312347,1.097351603512633,0.112947309666592,1.2164197389333573,1.21660609595475,1.2166095283846674,1.2165249586105347
6,0.9829805716781288,0.19470320702526567,1.9620253164556964,1.210648313398428,0.9976075194889495,1.097351603512633,0.112947309666592,1.2105191958044494,1.2107035275625422,1.2106772850004783,1.210573434829712
6,0.9829805716781288,0.19470320702526567,2.0253164556962027,1.2049180672408084,0.9977542502640325,1.097351603512633,0.112947309666592,1.2048293456543213,1.204983298462913,1.2049336480514066,1.2048224210739136
6,0.9829805716781288,0.19470320702526567,2.088607594936709,1.1993944113896422,0.9978919808605565,1.097351603512633,0.112947309666592,1.1993491799510463,1.1994533375206853,1.1993925667378038,1.199284315109253
6,0.9829805716781288,0.19470320702526567,2.151898734177215,1.1940818975058574,0.9980212657534571,1.097351603512633,0.112947309666592,1.1940752959243026,1.1941257717173197,1.1940663511706753,1.1939624547958374
6,0.9829805716781288,0.19470320702526567,2.2151898734177218,1.1889827504507013,0.9981426218812355,1.097351603512633,0.112947309666592,1.1890036594463829,1.189011186538324,1.1889631530630353,1.1888659000396729
6,0.9829805716781288,0.19470320702526567,2.278481012658228,1.1840972544509223,0.9982565336856227,1.097351603512633,0.112947309666592,1.1841307365558202,1.1841147394355838,1.1840851556281706,1.1839885711669922
6,0.9829805716781288,0.19470320702526567,2.3417721518987342,1.1794240866329462,0.9983634603761368,1.097351603512633,0.112947309666592,1.1794541248147732,1.1794354136777254,1.1794285169548706,1.1793293952941895
6,0.9829805716781288,0.19470320702526567,2.405063291139241,1.174960604594995,0.9984638299781814,1.097351603512633,0.112947309666592,1.1749726271040437,1.1749681092089899,1.1749847696207094,1.1748878955841064
6,0.9829805716781288,0.19470320702526567,2.468354430379747,1.1707030938701848,0.9985580421525628,1.097351603512633,0.112947309666592,1.1706859072463232,1.1707061393807077,1.1707432707009418,1.1706589460372925
6,0.9829805716781288,0.19470320702526567,2.5316455696202533,1.166646980410845,0.9986464772102839,1.097351603512633,0.112947309666592,1.166593883247146,1.1666429528350784,1.1666938907123665,1.1666373014450073
6,0.9829805716781288,0.19470320702526567,2.5949367088607596,1.162787012595257,0.9987294893550731,1.097351603512633,0.112947309666592,1.1626961205358444,1.1627731912337758,1.1628291768111942,1.1628167629241943
6,0.9829805716781288,0.19470320702526567,2.6582278481012658,1.159117416698953,0.9988074089052748,1.097351603512633,0.112947309666592,1.1589912908020759,1.1590922628867266,1.1591450897421909,1.1591906547546387
6,0.9829805716781288,0.19470320702526567,2.7215189873417724,1.1556320292866404,0.9988805502254762,1.097351603512633,0.112947309666592,1.1554766636301363,1.1555959819764627,1.1556405793764715,1.1557527780532837
6,0.9829805716781288,0.19470320702526567,2.7848101265822787,1.1523244095540448,0.9989492064644623,1.097351603512633,0.112947309666592,1.1521479343105823,1.1522797281148482,1.1523158019571214,1.152491807937622
6,0.9829805716781288,0.19470320702526567,2.848101265822785,1.1491879342633007,0.9990136511278866,1.097351603512633,0.112947309666592,1.1489994042280551,1.1491379830743487,1.149169951716529,1.1494046449661255
6,0.9829805716781288,0.19470320702526567,2.9113924050632916,1.146215877579412,0.999074143570319,1.097351603512633,0.112947309666592,1.1460239972601747,1.1461641790982704,1.1461995162572411,1.1464821100234985
6,0.9829805716781288,0.19470320702526567,2.9746835443037978,1.1434014778655537,0.9991309265758712,1.097351603512633,0.112947309666592,1.1432135549576143,1.1433508956874776,1.1433974253172505,1.14371657371521
6,0.9829805716781288,0.19470320702526567,3.037974683544304,1.1407379931849273,0.9991842266085469,1.097351603512633,0.112947309666592,1.1405593695081289,1.1406901014840656,1.140753281478274,1.1411020755767822
6,0.9829805716781288,0.19470320702526567,3.1012658227848102,1.138218747040685,0.999234257637858,1.097351603512633,0.112947309666592,1.1380525363127552,1.1381735068475631,1.1382548129100223,1.1386291980743408
6,0.9829805716781288,0.19470320702526567,3.1645569620253164,1.135837165764295,0.9992812207357115,1.097351603512633,0.112947309666592,1.1356842676146433,1.1357930681208963,1.1358895888518552,1.136291265487671
6,0.9829805716781288,0.19470320702526567,3.227848101265823,1.1335868086478078,0.9993253034150688,1.097351603512633,0.112947309666592,1.1334462614741527,1.1335411270209785,1.133646871741908,1.1340810060501099
6,0.9829805716781288,0.19470320702526567,3.2911392405063293,1.1314613919347563,0.9993666822014929,1.097351603512633,0.112947309666592,1.131330869857505,1.131410656622109,1.1315187150342356,1.131993293762207
6,0.9829805716781288,0.19470320702526567,3.3544303797468356,1.1294548074821618,0.9994055236207453,1.097351603512633,0.112947309666592,1.129331069938723,1.129395253156525,1.1295001467273424,1.130020022392273
6,0.9829805716781288,0.19470320702526567,3.417721518987342,1.1275611369443062,0.9994419829339727,1.097351603512633,0.112947309666592,1.1274406875345473,1.1274891032166166,1.1275886934929433,1.1281557083129883
6,0.9829805716781288,0.19470320702526567,3.4810126582278484,1.1257746620995936,0.999476205774547,1.097351603512633,0.112947309666592,1.125654147021318,1.1256870534502208,1.1257832505590204,1.1263943910598755
6,0.9829805716781288,0.19470320702526567,3.5443037974683547,1.1240898719395473,0.9995083300571163,1.097351603512633,0.112947309666592,1.123966475434697,1.1239844301727995,1.1240827875782524,1.1247307062149048
6,0.9829805716781288,0.19470320702526567,3.607594936708861,1.122501467023844,0.9995384843380842,1.097351603512633,0.112947309666592,1.1223731466801838,1.1223769450738021,1.1224852334888034,1.1231567859649658
6,0.9829805716781288,0.19470320702526567,3.670886075949367,1.1210043615336076,0.9995667887640348,1.097351603512633,0.112947309666592,1.1208700569347756,1.1208605312277355,1.1209869846022282,1.1216707229614258
6,0.9829805716781288,0.19470320702526567,3.7341772151898738,1.1195936834146223,0.999593357554134,1.097351603512633,0.112947309666592,1.1194532048685515,1.1194314332880757,1.1195826789097105,1.1202666759490967
6,0.9829805716781288,0.19470320702526567,3.79746835443038,1.1182647729376578,0.9996182971228214,1.097351603512633,0.112947309666592,1.1181188884313904,1.1180858661853048,1.1182656870652705,1.118939757347107
6,0.9829805716781288,0.19470320702526567,3.8607594936708862,1.1170131799579606,0.9996417066802181,1.097351603512633,0.112947309666592,1.1168633727753843,1.1168202570105847,1.1170286423548796,1.1176855564117432
6,0.9829805716781288,0.19470320702526567,3.924050632911393,1.115834660121137,0.9996636807303102,1.097351603512633,0.112947309666592,1.1156830542437708,1.1156310051819451,1.1158641277231405,1.1165035963058472
6,0.9829805716781288,0.19470320702526567,3.987341772151899,1.1147251702246195,0.9996843073144768,1.097351603512633,0.112947309666592,1.1145742184872587,1.1145144455467744,1.1147652855289403,1.1153850555419922
6,0.9829805716781288,0.19470320702526567,4.050632911392405,1.1136808629143538,0.9997036685793775,1.097351603512633,0.112947309666592,1.1135335037327585,1.1134670154455424,1.113726237957484,1.114328384399414
6,0.9829805716781288,0.19470320702526567,4.113924050632912,1.1126980808703322,0.9997218424920495,1.097351603512633,0.112947309666592,1.1125571956309792,1.1124850948225937,1.112742316911557,1.1133301258087158
6,0.9829805716781288,0.19470320702526567,4.177215189873418,1.1117733506123024,0.9997389019678642,1.097351603512633,0.112947309666592,1.111642039001637,1.1115650349242092,1.1118100448853883,1.1123874187469482
6,0.9829805716781288,0.19470320702526567,4.2405063291139244,1.1109033760357916,0.9997549150246825,1.097351603512633,0.112947309666592,1.1107845900771771,1.1107032238941796,1.11092698908606,1.1114970445632935
6,0.9829805716781288,0.19470320702526567,4.30379746835443,1.1100850317725273,0.999769945985994,1.097351603512633,0.112947309666592,1.109981589577592,1.1098960949732521,1.1100915892227603,1.1106590032577515
6,0.9829805716781288,0.19470320702526567,4.367088607594937,1.109315356454139,0.9997840552397768,1.097351603512633,0.112947309666592,1.1092300119071017,1.1091400937013431,1.1093027830567304,1.1098672151565552
6,0.9829805716781288,0.19470320702526567,4.4303797468354436,1.1085915459452917,0.9997972991050903,1.097351603512633,0.112947309666592,1.1085268068715861,1.1084318132084077,1.1085598967432988,1.1091207265853882
6,0.9829805716781288,0.19470320702526567,4.493670886075949,1.1079109465998118,0.9998097306490757,1.097351603512633,0.112947309666592,1.1078693260498067,1.1077679450177589,1.1078622896940622,1.108417272567749
6,0.9829805716781288,0.19470320702526567,4.556962025316456,1.1072710485863373,0.9998213998844818,1.097351603512633,0.112947309666592,1.1072547672809019,1.1071452995446853,1.1072092543768985,1.1077553033828735
6,0.9829805716781288,0.19470320702526567,4.620253164556963,1.106669479319892,0.9998323534436003,1.097351603512633,0.112947309666592,1.1066806481824263,1.1065608265950673,1.106599815194876,1.1071325540542603
6,0.9829805716781288,0.19470320702526567,4.6835443037974684,1.1061039970286906,0.9998426351067796,1.097351603512633,0.112947309666592,1.1061447549038086,1.106011701459565,1.106032847666373,1.1065483093261719
6,0.9829805716781288,0.19470320702526567,4.746835443037975,1.1055724844782873,0.9998522862941381,1.097351603512633,0.112947309666592,1.1056447342038864,1.1054952675174934,1.1055068598676732,1.1059999465942383
6,0.9829805716781288,0.19470320702526567,4.810126582278482,1.1050729428681763,0.9998613456173654,1.097351603512633,0.112947309666592,1.1051787063595364,1.1050090936329477,1.105020165398651,1.105486512184143
6,0.9829805716781288,0.19470320702526567,4.8734177215189876,1.104603485927493,0.9998698491949887,1.097351603512633,0.112947309666592,1.1047446686559361,1.1045509741548039,1.1045708198087136,1.1050066947937012
6,0.9829805716781288,0.19470320702526567,4.936708860759494,1.1041623342180191,0.9998778313303758,1.097351603512633,0.112947309666592,1.1043408746109686,1.104118908418101,1.1041567581805019,1.1045594215393066
6,0.9829805716781288,0.19470320702526567,5.0,1.1037478096407287,0.9998853239939216,1.097351603512633,0.112947309666592,1.1039656576871208,1.1037111417412757,1.1037758128661708,1.104143500328064
8,0.6673915210378225,0.26251178297718697,0.0,0.6673915210378225,0.6673915210378225,1.1312558914885935,0.3875424383243978,0.6679879158343285,0.6691459072729617,0.6675021742608955,0.6673915386199951
8,0.6673915210378225,0.26251178297718697,0.06329113924050633,0.7789585049460552,0.6877901381175794,1.1312558914885935,0.3875424383243978,0.7797483403005672,0.7798582128844577,0.77887194517568,0.7745369076728821
8,0.6673915210378225,0.26251178297718697,0.12658227848101267,0.8738004795377105,0.706937907274445,1.1312558914885935,0.3875424383243978,0.8744098848960802,0.8747021295703359,0.873927780814974,0.8701698184013367
8,0.6673915210378225,0.26251178297718697,0.189873417721519,0.9541182147456164,0.7249115198239754,1.1312558914885935,0.3875424383243978,0.9545476350093984,0.9545412394410824,0.9541864304716459,0.9533807039260864
8,0.6673915210378225,0.26251178297718697,0.25316455696202533,1.0218377986279283,0.741782536395859,1.1312558914885935,0.3875424383243978,1.0221267847951017,1.0221318438536287,1.0218757315921208,1.0239070653915405
8,0.6673915210378225,0.26251178297718697,0.31645569620253167,1.0786440950000378,0.7576189381648437,1.1312558914885935,0.3875424383243978,1.078747031927818,1.079130190015658,1.078713679932946,1.0824919939041138
8,0.6673915210378225,0.26251178297718697,0.379746835443038,1.1260101735918573,0.7724842404907879,1.1312558914885935,0.3875424383243978,1.1258906190600793,1.126658126205372,1.1260779523944469,1.1304973363876343
8,0.6673915210378225,0.26251178297718697,0.44303797468354433,1.165223195295711,0.7864376959745526,1.1312558914885935,0.3875424383243978,1.164936102742956,1.165878674221868,1.1652431453517078,1.1693933010101318
8,0.6673915210378225,0.26251178297718697,0.5063291139240507,1.1974071765850427,0.7995353897589073,1.1312558914885935,0.3875424383243978,1.1970892812882432,1.1979716073335631,1.1973885827093145,1.2005685567855835
8,0.6673915210378225,0.26251178297718697,0.569620253164557,1.22354300670447,0.811829924826703,1.1312558914885935,0.3875424383243978,1.223341908505176,1.2239942728723026,1.2235313382009692,1.2253012657165527
8,0.6673915210378225,0.26251178297718697,0.6329113924050633,1.244486046880264,0.8233703625838241,1.1312558914885935,0.3875424383243978,1.24449161015612,1.2448400210393047,1.244508984923663,1.2447614669799805
8,0.6673915210378225,0.26251178297718697,0.6962025316455697,1.260981601350106,0.8342029735704279,1.1312558914885935,0.3875424383243978,1.2611992944315162,1.2612662019154375,1.261024880340632,1.2601606845855713
8,0.6673915210378225,0.26251178297718697,0.759493670886076,1.273678515428338,0.8443713231172848,1.1312558914885935,0.3875424383243978,1.2740454985466343,1.2739266885659946,1.2737093619936903,1.2725415229797363
8,0.6673915210378225,0.26251178297718697,0.8227848101265823,1.2831411253526197,0.8539160342127059,1.1312558914885935,0.3875424383243978,1.283563219325595,1.2833850453518683,1.2831489824974474,1.2823323011398315
8,0.6673915210378225,0.26251178297718697,0.8860759493670887,1.2898597578109645,0.8628752800835476,1.1312558914885935,0.3875424383243978,1.2902484904874314,1.2901175617247773,1.289868395917197,1.2896345853805542
8,0.6673915210378225,0.26251178297718697,0.949367088607595,1.2942599533994972,0.8712851410762287,1.1312558914885935,0.3875424383243978,1.294556774889602,1.294522173225123,1.2942978953749968,1.2946569919586182
8,0.6673915210378225,0.26251178297718697,1.0126582278481013,1.2967105674317072,0.8791792530910311,1.1312558914885935,0.3875424383243978,1.2968955030316234,1.2969394028685004,1.2967751411455612,1.297654628753662
8,0.6673915210378225,0.26251178297718697,1.0759493670886076,1.2975308831743064,0.8865891088884799,1.1312558914885935,0.3875424383243978,1.297617939869043,1.297677681036672,1.2975895901665884,1.2988743782043457
8,0.6673915210378225,0.26251178297718697,1.139240506329114,1.2969968564276275,0.893544589764247,1.1312558914885935,0.3875424383243978,1.297021233345159,1.297029268802787,1.297023944132548,1.298573613166809
8,0.6673915210378225,0.26251178297718697,1.2025316455696204,1.2953465961397221,0.9000735462542712,1.1312558914885935,0.3875424383243978,1.2953489562194527,1.2952684704520294,1.2953502599952544,1.297000765800476
8,0.6673915210378225,0.26251178297718697,1.2658227848101267,1.2927851732113909,0.9062019596135665,1.1312558914885935,0.3875424383243978,1.2927985511650641,1.2926383011815152,1.2927965046035825,1.2943936586380005
8,0.6673915210378225,0.26251178297718697,1.3291139240506329,1.289488838575465,0.9119545771060168,1.1312558914885935,0.3875424383243978,1.2895304485533674,1.2893357608942706,1.2895289406551558,1.290968656539917
8,0.6673915210378225,0.26251178297718697,1.3924050632911393,1.2856087219787768,0.917354439334567,1.1312558914885935,0.3875424383243978,1.2856780369809835,1.2855047662762988,1.285669903364645,1.2868990898132324
8,0.6673915210378225,0.26251178297718697,1.4556962025316458,1.2812740743192639,0.9224230393283375,1.1312558914885935,0.3875424383243978,1.2813562070930975,1.2812427103538278,1.2813298682047682,1.2823349237442017
8,0.6673915210378225,0.26251178297718697,1.518987341772152,1.2765951088080318,0.9271808135338747,1.1312558914885935,0.3875424383243978,1.2766672387860858,1.2766190588381052,1.276624320770785,1.277414083480835
8,0.6673915210378225,0.26251178297718697,1.5822784810126582,1.2716654895429444,0.9316468375255187,1.1312558914885935,0.3875424383243978,1.2717043105706454,1.2716967998775972,1.2716668689467738,1.2722450494766235
8,0.6673915210378225,0.26251178297718697,1.6455696202531647,1.266564510509787,0.935838907657876,1.1312558914885935,0.3875424383243978,1.2665526146965236,1.2665491381311824,1.2665543485335071,1.2669174671173096
8,0.6673915210378225,0.26251178297718697,1.708860759493671,1.261359002436322,0.9397738842261719,1.1312558914885935,0.3875424383243978,1.261288652000116,1.2612631845191038,1.2613582570893236,1.261502742767334
8,0.6673915210378225,0.26251178297718697,1.7721518987341773,1.2561050008398524,0.9434675654972031,1.1312558914885935,0.3875424383243978,1.255979133178627,1.2559300184937385,1.2561263630633555,1.256066083908081
8,0.6673915210378225,0.26251178297718697,1.8354430379746836,1.2508492042691024,0.9469346869354085,1.1312558914885935,0.3875424383243978,1.250679929260909,1.250627961168618,1.2508910236679642,1.2506569623947144
8,0.6673915210378225,0.26251178297718697,1.89873417721519,1.2456302485160506,0.9501891583920341,1.1312558914885935,0.3875424383243978,1.2454357436296017,1.2454100137662996,1.2456787590101115,1.2453131675720215
8,0.6673915210378225,0.26251178297718697,1.9620253164556964,1.2404798191777295,0.9532440638617375,1.1312558914885935,0.3875424383243978,1.2402803908023148,1.240301151801002,1.2405164477628219,1.2400670051574707
8,0.6673915210378225,0.26251178297718697,2.0253164556962027,1.2354236225824131,0.9561116043568896,1.1312558914885935,0.3875424383243978,1.235237944354145,1.2353063441373402,1.2354331651157284,1.2349417209625244
8,0.6673915210378225,0.26251178297718697,2.088607594936709,1.2304822323598148,0.9588032555304787,1.1312558914885935,0.3875424383243978,1.2303246719870657,1.2304230817446666,1.230458629907082,1.2299567461013794
8,0.6673915210378225,0.26251178297718697,2.151898734177215,1.2256718270404392,0.961329853414214,1.1312558914885935,0.3875424383243978,1.2255507410148099,1.2256520041798133,1.2256201370288202,1.2251249551773071
8,0.6673915210378225,0.26251178297718697,2.2151898734177218,1.221004832153992,0.9637015004701392,1.1312558914885935,0.3875424383243978,1.2209221370333656,1.2210015814710757,1.2209388640638883,1.220456600189209
8,0.6673915210378225,0.26251178297718697,2.278481012658228,1.2164904786580042,0.9659276640801365,1.1312558914885935,0.3875424383243978,1.216442467799219,1.216486400433882,1.216427676302789,1.2159568071365356
8,0.6673915210378225,0.26251178297718697,2.3417721518987342,1.2121352880803486,0.9680173185162162,1.1312558914885935,0.3875424383243978,1.2121139143651543,1.212122695972419,1.2120907318781524,1.2116303443908691
8,0.6673915210378225,0.26251178297718697,2.405063291139241,1.2079434935215874,0.969978828623297,1.1312558914885935,0.3875424383243978,1.2079381986149496,1.2079230460377084,1.207924974416467,1.2074781656265259
8,0.6673915210378225,0.26251178297718697,2.468354430379747,1.2039174045389343,0.9718200049206493,1.1312558914885935,0.3875424383243978,1.2039170588312746,1.203893829799173,1.2039232184156612,1.2034991979599
8,0.6673915210378225,0.26251178297718697,2.5316455696202533,1.2000577229552287,0.9735482797768474,1.1312558914885935,0.3875424383243978,1.2000522004990144,1.2000354244313547,1.200077997130274,1.1996914148330688
8,0.6673915210378225,0.26251178297718697,2.5949367088607596,1.1963638157774912,0.9751705753493864,1.1312558914885935,0.3875424383243978,1.1963453209036061,1.1963437220115272,1.1963843854148586,1.1960543394088745
8,0.6673915210378225,0.26251178297718697,2.6582278481012658,1.192833950652679,0.9766933470068052,1.1312558914885935,0.3875424383243978,1.1927977647542856,1.1928128271376146,1.1928415259817364,1.1925817728042603
8,0.6673915210378225,0.26251178297718697,2.7215189873417724,1.1894654986146134,0.9781227383354318,1.1312558914885935,0.3875424383243978,1.1894102700012432,1.189437123188724,1.1894523906256664,1.1892707347869873
8,0.6673915210378225,0.26251178297718697,2.7848101265822787,1.1862551083105635,0.9794644783039267,1.1312558914885935,0.3875424383243978,1.186182574262189,1.186212305455412,1.1862216223381763,1.1861133575439453
8,0.6673915210378225,0.26251178297718697,2.848101265822785,1.1831988553685517,0.9807239119977874,1.1312558914885935,0.3875424383243978,1.1831134558195857,1.1831356435219744,1.1831526865106325,1.1831080913543701
8,0.6673915210378225,0.26251178297718697,2.9113924050632916,1.180292370120309,0.9819061079497116,1.1312558914885935,0.3875424383243978,1.1802003236483207,1.1802056286902445,1.1802456155721455,1.1802479028701782
8,0.6673915210378225,0.26251178297718697,2.9746835443037978,1.1775309464509383,0.9830158108580819,1.1312558914885935,0.3875424383243978,1.177439406002977,1.1774211048382572,1.177495620387855,1.1775274276733398
8,0.6673915210378225,0.26251178297718697,3.037974683544304,1.174909634313898,0.9840574464795426,1.1312558914885935,0.3875424383243978,1.1748258816089774,1.1747805386695063,1.1748935996847933,1.1749415397644043
8,0.6673915210378225,0.26251178297718697,3.1012658227848102,1.1724233180169565,0.9850351963924829,1.1312558914885935,0.3875424383243978,1.1723539780559449,1.1722815277461498,1.1724277807144068,1.172484278678894
8,0.6673915210378225,0.26251178297718697,3.1645569620253164,1.170066782150389,0.9859529901191039,1.1312558914885935,0.3875424383243978,1.17001704559272,1.1699205340069974,1.1700861294426863,1.170149803161621
8,0.6673915210378225,0.26251178297718697,3.227848101265823,1.167834766891478,0.9868144922008537,1.1312558914885935,0.3875424383243978,1.167808106490281,1.1676926459835606,1.1678584726627979,1.1679332256317139
8,0.6673915210378225,0.26251178297718697,3.2911392405063293,1.165722014010748,0.9876231524539334,1.1312558914885935,0.3875424383243978,1.1657199698339955,1.1655919149773604,1.1657380095512642,1.1658295392990112
8,0.6673915210378225,0.26251178297718697,3.3544303797468356,1.1637233049633446,0.9883822252696433,1.1312558914885935,0.3875424383243978,1.1637455595014834,1.1636116666388983,1.163721497095123,1.1638331413269043
8,0.6673915210378225,0.26251178297718697,3.417721518987342,1.161833492066876,0.9890947448964635,1.1312558914885935,0.3875424383243978,1.1618779223620623,1.1617446362585226,1.1618083393643375,1.1619397401809692
8,0.6673915210378225,0.26251178297718697,3.4810126582278484,1.1600475237826704,0.9897635574284755,1.1312558914885935,0.3875424383243978,1.1601106628474165,1.15998346893267,1.159999192040188,1.1601437330245972
8,0.6673915210378225,0.26251178297718697,3.5443037974683547,1.1583604649361625,0.9903913581137198,1.1312558914885935,0.3875424383243978,1.1584377789626645,1.1583209573478153,1.1582945476522248,1.1584408283233643
8,0.6673915210378225,0.26251178297718697,3.607594936708861,1.156767512570151,0.9909806593133403,1.1312558914885935,0.3875424383243978,1.1568539574664365,1.1567502795644213,1.1566931899375552,1.156827688217163
8,0.6673915210378225,0.26251178297718697,3.670886075949367,1.1552640081043977,0.9915338090364334,1.1312558914885935,0.3875424383243978,1.1553544672780678,1.1552651138091912,1.1551918185936156,1.155299186706543
8,0.6673915210378225,0.26251178297718697,3.7341772151898738,1.1538454463427796,0.9920530394533311,1.1312558914885935,0.3875424383243978,1.1539351020814734,1.153859687671747,1.1537849501231772,1.1538517475128174
8,0.6673915210378225,0.26251178297718697,3.79746835443038,1.1525074817968024,0.9925404302075942,1.1312558914885935,0.3875424383243978,1.152592262319614,1.1525289666919019,1.1524654472080722,1.1524816751480103
8,0.6673915210378225,0.26251178297718697,3.8607594936708862,1.1512459327532598,0.992997920149764,1.1312558914885935,0.3875424383243978,1.1513224550282557,1.1512685518665768,1.1512253426184806,1.151185393333435
8,0.6673915210378225,0.26251178297718697,3.924050632911393,1.1500567834448159,0.99342735615898,1.1312558914885935,0.3875424383243978,1.1501228513983355,1.1500745812564426,1.1500566755986994,1.149961233139038
8,0.6673915210378225,0.26251178297718697,3.987341772151899,1.148936184635736,0.9938304588164856,1.1312558914885935,0.3875424383243978,1.1489906308202371,1.1489438283792783,1.1489521712706616,1.1488033533096313
8,0.6673915210378225,0.26251178297718697,4.050632911392405,1.1478804528910846,0.9942088335037949,1.1312558914885935,0.3875424383243978,1.147923251465527,1.1478734972238072,1.1479057562653898,1.1477103233337402
8,0.6673915210378225,0.26251178297718697,4.113924050632912,1.1468860687632687,0.9945640039205869,1.1312558914885935,0.3875424383243978,1.1469181141096465,1.1468611525544012,1.1469128506603776,1.146679401397705
8,0.6673915210378225,0.26251178297718697,4.177215189873418,1.1459496740965618,0.994897395042502,1.1312558914885935,0.3875424383243978,1.1459727179213945,1.145904765008037,1.1459702278804869,1.1457079648971558
8,0.6673915210378225,0.26251178297718697,4.2405063291139244,1.1450680686216645,0.9952103361337722,1.1312558914885935,0.3875424383243978,1.1450846112662505,1.145002432313113,1.1450758454309196,1.1447936296463013
8,0.6673915210378225,0.26251178297718697,4.30379746835443,1.1442382059878935,0.9955040842600028,1.1312558914885935,0.3875424383243978,1.144251211318548,1.1441524981814242,1.1442287453531004,1.1439307928085327
8,0.6673915210378225,0.26251178297718697,4.367088607594937,1.1434571893591936,0.9957798195756149,1.1312558914885935,0.3875424383243978,1.143470025446533,1.1433533719203384,1.1434284834503852,1.1431225538253784
8,0.6673915210378225,0.26251178297718697,4.4303797468354436,1.1427222666815027,0.996038642716679,1.1312558914885935,0.3875424383243978,1.1427384954228794,1.142603569430028,1.1426749297898555,1.1423649787902832
8,0.6673915210378225,0.26251178297718697,4.493670886075949,1.1420308257126681,0.9962815907674584,1.1312558914885935,0.3875424383243978,1.1420539810257953,1.141901500017861,1.141967927803855,1.1416563987731934
8,0.6673915210378225,0.26251178297718697,4.556962025316456,1.1413803888917347,0.9965096411206237,1.1312558914885935,0.3875424383243978,1.1414141126152244,1.1412456754842863,1.1413072489274454,1.140994906425476
8,0.6673915210378225,0.26251178297718697,4.620253164556963,1.140768608113433,0.9967237051050086,1.1312558914885935,0.3875424383243978,1.1408162909666084,1.1406345338347352,1.140692241666844,1.1403788328170776
8,0.6673915210378225,0.26251178297718697,4.6835443037974684,1.1401932594655115,0.9969246383142358,1.1312558914885935,0.3875424383243978,1.1402581792376774,1.1400664187810023,1.1401219649849494,1.139804720878601
8,0.6673915210378225,0.26251178297718697,4.746835443037975,1.1396522379668959,0.997113250216191,1.1312558914885935,0.3875424383243978,1.1397373995889297,1.1395396740348829,1.1395950994652966,1.1392742395401
8,0.6673915210378225,0.26251178297718697,4.810126582278482,1.1391435523523954,0.9972902953942566,1.1312558914885935,0.3875424383243978,1.1392517299703473,1.1390525531142597,1.1391099508589797,1.1387851238250732
8,0.6673915210378225,0.26251178297718697,4.8734177215189876,1.1386653199256733,0.9974564797081852,1.1312558914885935,0.3875424383243978,1.1387990221269324,1.1386032644400597,1.1386644931625955,1.138336181640625
8,0.6673915210378225,0.26251178297718697,4.936708860759494,1.1382157615021606,0.9976124735443203,1.1312558914885935,0.3875424383243978,1.1383772999920636,1.1381899713362535,1.1382566033708825,1.1379263401031494
8,0.6673915210378225,0.26251178297718697,5.0,1.1377931964981394,0.9977589016955408,1.1312558914885935,0.3875424383243978,1.1379846694935862,1.137810833027089,1.1378838913826965,1.137554407119751
15,1.2011394166241294,0.22875375268151038,0.0,1.2011394166241294,1.2011394166241294,1.114376876340755,,1.2025817461613566,1.2007541059222504,1.2011412399727461,1.2011394500732422
15,1.2011394166241294,0.22875375268151038,0.06329113924050633,1.2682478394941576,1.1888036939986462,1.114376876340755,,1.2689353410687805,1.268473548238578,1.2680548527437159,1.2626395225524902
15,1.2011394166241294,0.22875375268151038,0.12658227848101267,1.322628758178035,1.177224400741052,1.114376876340755,,1.323132387311163,1.3237521670776642,1.3226604582445214,1.3158549070358276
15,1.2011394166241294,0.22875375268151038,0.189873417721519,1.3660866719869258,1.1663551590605006,1.114376876340755,,1.36665992011755,1.367106363583794,1.3661102375964824,1.3602650165557861
15,1.2011394166241294,0.22875375268151038,0.25316455696202533,1.4001936678157954,1.1561526938626405,1.114376876340755,,1.4008590409671302,1.4005572357381868,1.4002086666616071,1.3958317041397095
15,1.2011394166241294,0.22875375268151038,0.31645569620253167,1.426318148892475,1.1465758946686513,1.114376876340755,,1.4269971711123133,1.426104513764329,1.4263556701029096,1.423166036605835
15,1.2011394166241294,0.22875375268151038,0.379746835443038,1.4456500806436678,1.1375863516265998,1.114376876340755,,1.4462558672011432,1.4452520909533912,1.4456744956848493,1.4434854984283447
15,1.2011394166241294,0.22875375268151038,0.44303797468354433,1.4592231718060993,1.1291482327167859,1.114376876340755,,1.4597047962339196,1.4590358197880646,1.4592001888676294,1.4580702781677246
15,1.2011394166241294,0.22875375268151038,0.5063291139240507,1.4679343590559468,1.1212276213868315,1.114376876340755,,1.4682868289693545,1.468159573558759,1.4678806515197937,1.4675871133804321
15,1.2011394166241294,0.22875375268151038,0.569620253164557,1.4725609193577125,1.113792706862351,1.114376876340755,,1.472814989730451,1.4731370639912882,1.472522736242888,1.4724904298782349
15,1.2011394166241294,0.22875375268151038,0.6329113924050633,1.473775495537798,1.1068138200784143,1.114376876340755,,1.47397737607244,1.4744347084037144,1.4737817842662915,1.4736733436584473
15,1.2011394166241294,0.22875375268151038,0.6962025316455697,1.4721592863893747,1.1002629796994792,1.114376876340755,,1.472349753132694,1.4725893081633614,1.4722012119868473,1.4721665382385254
15,1.2011394166241294,0.22875375268151038,0.759493670886076,1.4682136225427238,1.0941138403201505,1.114376876340755,,1.4684124444906383,1.4682405184951892,1.4682631156814232,1.4686352014541626
15,1.2011394166241294,0.22875375268151038,0.8227848101265823,1.462370122848626,1.0883418358674402,1.114376876340755,,1.46257030601957,1.4620460334065881,1.4624123491459073,1.4634203910827637
15,1.2011394166241294,0.22875375268151038,0.8860759493670887,1.454999602694892,1.0829238817206426,1.114376876340755,,1.45517204378275,1.45454101437557,1.4550426287666147,1.4566106796264648
15,1.2011394166241294,0.22875375268151038,0.949367088607595,1.4464198851324066,1.077838158893504,1.114376876340755,,1.4465256945885065,1.4460527505109837,1.4464740133958218,1.4483140707015991
15,1.2011394166241294,0.22875375268151038,1.0126582278481013,1.4369026475959827,1.073064326637702,1.114376876340755,,1.436908662112823,1.4367315540671488,1.4369577708346113,1.4387850761413574
15,1.2011394166241294,0.22875375268151038,1.0759493670886076,1.426679421074908,1.0685833402328506,1.114376876340755,,1.4265702095310935,1.4266546966284372,1.4267100917350277,1.428360939025879
15,1.2011394166241294,0.22875375268151038,1.139240506329114,1.415946844561229,1.0643771294649909,1.114376876340755,,1.4157295572465185,1.4159247368724088,1.4159398736495743,1.417341709136963
15,1.2011394166241294,0.22875375268151038,1.2025316455696204,1.404871265242002,1.0604288521881595,1.114376876340755,,1.404572865493774,1.4047110097693998,1.4048434735786914,1.4059613943099976
15,1.2011394166241294,0.22875375268151038,1.2658227848101267,1.3935927640334465,1.056722796672779,1.114376876340755,,1.3932514632585522,1.3932311942266584,1.393578263356936,1.3943943977355957
15,1.2011394166241294,0.22875375268151038,1.3291139240506329,1.3822286764984417,1.0532439974247758,1.114376876340755,,1.3818830945934406,1.3816993613949466,1.38224953845125,1.382766604423523
15,1.2011394166241294,0.22875375268151038,1.3924050632911393,1.3708766707385285,1.049978521024744,1.114376876340755,,1.3705572154603978,1.3702766631969352,1.3709264597076687,1.3711867332458496
15,1.2011394166241294,0.22875375268151038,1.4556962025316458,1.3596174364186757,1.0469133699226763,1.114376876340755,,1.3593409957256348,1.3590493742093177,1.3596694836629395,1.3597311973571777
15,1.2011394166241294,0.22875375268151038,1.518987341772152,1.3485170325271647,1.044036185519209,1.114376876340755,,1.348286436279229,1.348039600140017,1.3485455177920487,1.348469614982605
15,1.2011394166241294,0.22875375268151038,1.5822784810126582,1.3376289358826101,1.0413354321796922,1.114376876340755,,1.3374356822764935,1.337239912290451,1.337625112742698,1.337443232536316
15,1.2011394166241294,0.22875375268151038,1.6455696202531647,1.326995827081476,1.038800347856224,1.114376876340755,,1.32682513926015,1.3266499334860775,1.3269694593023331,1.326703429222107
15,1.2011394166241294,0.22875375268151038,1.708860759493671,1.3166511463104984,1.0364207365671598,1.114376876340755,,1.3164875558197557,1.3162955411802373,1.3166207229937803,1.316275715827942
15,1.2011394166241294,0.22875375268151038,1.7721518987341773,1.3066204475333938,1.0341870445747947,1.114376876340755,,1.3064526959463192,1.306224718534193,1.3066009621447001,1.3061875104904175
15,1.2011394166241294,0.22875375268151038,1.8354430379746836,1.2969225759341383,1.0320903608533762,1.114376876340755,,1.296746732273257,1.296487793750924,1.296918508674085,1.2964520454406738
15,1.2011394166241294,0.22875375268151038,1.89873417721519,1.2875706907021776,1.030122273652929,1.114376876340755,,1.287391032558302,1.2871181713757118,1.2875760734964108,1.2870835065841675
15,1.2011394166241294,0.22875375268151038,1.9620253164556964,1.278573152398849,1.0282748706464417,1.114376876340755,,1.2784009461654122,1.278126133514541,1.2785767302280056,1.278087854385376
15,1.2011394166241294,0.22875375268151038,2.0253164556962027,1.269934291824164,1.0265407734756764,1.114376876340755,,1.2697845741477884,1.2695054321891341,1.2699261426322401,1.2694615125656128
15,1.2011394166241294,0.22875375268151038,2.088607594936709,1.2616550753460432,1.024913042431354,1.114376876340755,,1.261542851242338,1.2612446537698805,1.2616313406803492,1.2612099647521973
15,1.2011394166241294,0.22875375268151038,2.151898734177215,1.25373367968513,1.023385124604472,1.114376876340755,,1.253670201825401,1.2533354020235041,1.253697832409911,1.2533265352249146
15,1.2011394166241294,0.22875375268151038,2.2151898734177218,1.246165987635259,1.021950910700017,1.114376876340755,,1.2461560322120229,1.2457740035979463,1.2461269692092496,1.2458070516586304
15,1.2011394166241294,0.22875375268151038,2.278481012658228,1.238946014790202,1.0206046754770852,1.114376876340755,,1.238986829714275,1.2385589989917198,1.2389142147749597,1.2386417388916016
15,1.2011394166241294,0.22875375268151038,2.3417721518987342,1.2320662760895484,1.0193409918947227,1.114376876340755,,1.2321478517272437,1.2316874200051702,1.2320490780233915,1.2318192720413208
15,1.2011394166241294,0.22875375268151038,2.405063291139241,1.2255180999171775,1.0181548014528206,1.114376876340755,,1.2256250443995274,1.225152953064447,1.2255169004878421,1.2253326177597046
15,1.2011394166241294,0.22875375268151038,2.468354430379747,1.2192918965337396,1.017041380870437,1.114376876340755,,1.2194058953756768,1.2189457588336792,1.2193013509970179,1.2191697359085083
15,1.2011394166241294,0.22875375268151038,2.5316455696202533,1.2133773867814417,1.0159962355469427,1.114376876340755,,1.2134801881452792,1.213053808724765,1.213387057579595,1.2133193016052246
15,1.2011394166241294,0.22875375268151038,2.5949367088607596,1.2077637962653314,1.015015179423327,1.114376876340755,,1.2078395346745052,1.207464303401626,1.2077617863966934,1.2077664136886597
15,1.2011394166241294,0.22875375268151038,2.6582278481012658,1.2024400195640177,1.0140943087233971,1.114376876340755,,1.2024773180099813,1.2021645911182213,1.2024170789825799,1.202502727508545
15,1.2011394166241294,0.22875375268151038,2.7215189873417724,1.1973947584565419,1.0132299082160354,1.114376876340755,,1.19738752795738,1.1971425776908766,1.1973474909862114,1.1975151300430298
15,1.2011394166241294,0.22875375268151038,2.7848101265822787,1.1926166376543441,1.0124185134032309,1.114376876340755,,1.1925644003057703,1.1923865707087988,1.1925487536677515,1.1927895545959473
15,1.2011394166241294,0.22875375268151038,2.848101265822785,1.188094301079019,1.011656891933898,1.114376876340755,,1.1880014410934772,1.1878850827473586,1.1880156160291315,1.1883165836334229
15,1.2011394166241294,0.22875375268151038,2.9113924050632916,1.1838164913394784,1.0109419786976301,1.114376876340755,,1.1836912216219186,1.183626921562003,1.183739930151606,1.184083104133606
15,1.2011394166241294,0.22875375268151038,2.9746835443037978,1.1797721147627513,1.0102709044174047,1.114376876340755,,1.1796251488711005,1.1796007145203549,1.1797098782274378,1.1800780296325684
15,1.2011394166241294,0.22875375268151038,3.037974683544304,1.1759502939794957,1.0096409926908954,1.114376876340755,,1.1757933671062593,1.1757953513723265,1.1759104843159773,1.1762921810150146
15,1.2011394166241294,0.22875375268151038,3.1012658227848102,1.172340409821435,1.0090497147784754,1.114376876340755,,1.1721850366590434,1.1721998612584221,1.1723249765548638,1.1727123260498047
15,1.2011394166241294,0.22875375268151038,3.1645569620253164,1.1689321341224617,1.008494694367303,1.114376876340755,,1.168788563512019,1.1688035889978383,1.1689367033388478,1.1693285703659058
15,1.2011394166241294,0.22875375268151038,3.227848101265823,1.1657154546889468,1.0079737153871962,1.114376876340755,,1.1655921240632476,1.1655965066674334,1.1657310579120175,1.1661312580108643
15,1.2011394166241294,0.22875375268151038,3.2911392405063293,1.162680693681768,1.0074846916194986,1.114376876340755,,1.1625835257356962,1.1625689020227583,1.162696447917336,1.1631110906600952
15,1.2011394166241294,0.22875375268151038,3.3544303797468356,1.1598185203522107,1.0070256550254681,1.114376876340755,,1.1597511991102702,1.1597116736781325,1.159824653676269,1.1602585315704346
15,1.2011394166241294,0.22875375268151038,3.417721518987342,1.1571199590665844,1.0065947706940803,1.114376876340755,,1.157083787953485,1.1570162327132856,1.1571101729350661,1.1575651168823242
15,1.2011394166241294,0.22875375268151038,3.4810126582278484,1.1545763933400854,1.0061903174975222,1.114376876340755,,1.154570731378173,1.1544744001802747,1.1545491184745968,1.155022382736206
15,1.2011394166241294,0.22875375268151038,3.5443037974683547,1.1521795665592274,1.0058106655295933,1.114376876340755,,1.1522021326523373,1.1520783210092964,1.1521377586366897,1.1526223421096802
15,1.2011394166241294,0.22875375268151038,3.607594936708861,1.1499215799549143,1.005454295481909,1.114376876340755,,1.1499689477864232,1.1498205665017684,1.1498716359494894,1.1503571271896362
15,1.2011394166241294,0.22875375268151038,3.670886075949367,1.1477948883155336,1.0051197874352267,1.114376876340755,,1.1478627805471544,1.1476940031391842,1.1477446873376127,1.148220181465149
15,1.2011394166241294,0.22875375268151038,3.7341772151898738,1.145792293865115,1.0048057915218551,1.114376876340755,,1.1458760628453573,1.1456917638850508,1.1457492684006787,1.1462042331695557
15,1.2011394166241294,0.22875375268151038,3.79746835443038,1.143906938664925,1.0045110501121122,1.114376876340755,,1.1440017267580975,1.1438072563843347,1.143876486573272,1.1443030834197998
15,1.2011394166241294,0.22875375268151038,3.8607594936708862,1.1421322958503943,1.0042343907185574,1.114376876340755,,1.1422334833098646,1.1420341260659526,1.1421168910387591,1.1425107717514038
15,1.2011394166241294,0.22875375268151038,3.924050632911393,1.1404621599711882,1.0039746964719125,1.114376876340755,,1.140565355104117,1.1403663422369603,1.1404609900896492,1.1408213376998901
15,1.2011394166241294,0.22875375268151038,3.987341772151899,1.1388906366576255,1.003730926879437,1.114376876340755,,1.1389918895088929,1.1387979971961124,1.138900119020693,1.139229416847229
15,1.2011394166241294,0.22875375268151038,4.050632911392405,1.1374121318053814,1.0035021111135007,1.114376876340755,,1.137507888075074,1.1373234661230691,1.137426583542597,1.1377296447753906
15,1.2011394166241294,0.22875375268151038,4.113924050632912,1.1360213404407882,1.0032873277421976,1.114376876340755,,1.1361087283646627,1.1359373783803346,1.136034186397078,1.1363178491592407
15,1.2011394166241294,0.22875375268151038,4.177215189873418,1.1347132354038871,1.003085715035333,1.114376876340755,,1.1347897981889694,1.134634580615746,1.1347179052428955,1.1349889039993286
15,1.2011394166241294,0.22875375268151038,4.2405063291139244,1.1334830559624653,1.0028964691425866,1.114376876340755,,1.133546786688966,1.1334101080644123,1.1334740945752788,1.1337387561798096
15,1.2011394166241294,0.22875375268151038,4.30379746835443,1.132326296452112,1.002718829874551,1.114376876340755,,1.1323757089336244,1.1322592788423482,1.132299903176073,1.1325652599334717
15,1.2011394166241294,0.22875375268151038,4.367088607594937,1.1312386950211133,1.0025520835525719,1.114376876340755,,1.131272739881125,1.1311776324506257,1.1311932447939077,1.1314619779586792
15,1.2011394166241294,0.22875375268151038,4.4303797468354436,1.130216222544311,1.0023955645853884,1.114376876340755,,1.1302341200852208,1.1301609297753736,1.1301523386221906,1.1304265260696411
15,1.2011394166241294,0.22875375268151038,4.493670886075949,1.129255071756151,1.0022486458136362,1.114376876340755,,1.1292564754736525,1.1292050997913756,1.1291755495184685,1.1294556856155396
15,1.2011394166241294,0.22875375268151038,4.556962025316456,1.1283516466461798,1.002110736175444,1.114376876340755,,1.128336403276098,1.1283064035510004,1.1282612033752122,1.1285468339920044
15,1.2011394166241294,0.22875375268151038,4.620253164556963,1.1275025521484614,1.0019812845599394,1.114376876340755,,1.1274708860962241,1.1274613111925047,1.1274074730178516,1.1276968717575073
15,1.2011394166241294,0.22875375268151038,4.6835443037974684,1.1267045841488936,1.0018597735611665,1.114376876340755,,1.1266569024379731,1.1266664527433528,1.1266122540032284,1.1269015073776245
15,1.2011394166241294,0.22875375268151038,4.746835443037975,1.125954719826329,1.0017457136669086,1.114376876340755,,1.1258916521903457,1.1259187657102547,1.1258731695316413,1.1261606216430664
15,1.2011394166241294,0.22875375268151038,4.810126582278482,1.125250108335494,1.0016386485555417,1.114376876340755,,1.1251724213365306,1.1252153474891287,1.1251876829759433,1.1254713535308838
15,1.2011394166241294,0.22875375268151038,4.8734177215189876,1.124588061856582,1.0015381513702044,1.114376876340755,,1.124496631150585,1.1245535865562455,1.1245529976466935,1.124831199645996
15,1.2011394166241294,0.22875375268151038,4.936708860759494,1.1239660470154804,1.0014438167059971,1.114376876340755,,1.1238620759813847,1.1239310353768075,1.1239662096277196,1.1242387294769287
15,1.2011394166241294,0.22875375268151038,5.0,1.123381676656454,1.0013552667297119,1.114376876340755,,1.1232663492913644,1.1233455251971995,1.123424378235196,1.1236913204193115
16,0.4617231861909728,0.17255795057271048,0.0,0.4617231861909728,0.4617231861909728,1.0862789752863553,1.0731560059404976,0.46180371432389433,0.46273812325375707,0.4617275383480484,0.4617231786251068
16,0.4617231861909728,0.17255795057271048,0.06329113924050633,0.5546635613917384,0.4947352808978263,1.0862789752863553,1.0731560059404976,0.5547815025685183,0.5550600869648066,0.5545756167786883,0.5503943562507629
16,0.4617231861909728,0.17255795057271048,0.12658227848101267,0.6354077321239482,0.5257230663128852,1.0862789752863553,1.0731560059404976,0.6352373256127529,0.6352196148081855,0.635453625810521,0.6305402517318726
16,0.4617231861909728,0.17255795057271048,0.189873417721519,0.7054760755291317,0.5548106557994417,1.0862789752863553,1.0731560059404976,0.7052498087548753,0.7056929068469232,0.7054830806921442,0.7019293308258057
16,0.4617231861909728,0.17255795057271048,0.25316455696202533,0.7662038887503807,0.5821138594771366,1.0862789752863553,1.0731560059404976,0.7660821587317637,0.7669559901504486,0.7661970240774929,0.7645943760871887
16,0.4617231861909728,0.17255795057271048,0.31645569620253167,0.8187636591273894,0.6077426946559824,1.0862789752863553,1.0731560059404976,0.8186965641982226,0.8193581939399608,0.8187865411916461,0.8189793229103088
16,0.4617231861909728,0.17255795057271048,0.379746835443038,0.8641846700204314,0.6317999513960504,1.0862789752863553,1.0731560059404976,0.8640259745826275,0.864460397660216,0.8642212501304732,0.8658159971237183
16,0.4617231861909728,0.17255795057271048,0.44303797468354433,0.9033702604028002,0.6543815211229023,1.0862789752863553,1.0731560059404976,0.903017852333763,0.9035381564146103,0.9033964509811964,0.9059237837791443
16,0.4617231861909728,0.17255795057271048,0.5063291139240507,0.9371130180503024,0.6755781692074216,1.0862789752863553,1.0731560059404976,0.9365726442738445,0.9373050024416005,0.9371349348024954,0.9400686025619507
16,0.4617231861909728,0.17255795057271048,0.569620253164557,0.9661081528788514,0.6954750256682238,1.0862789752863553,1.0731560059404976,0.9654729219813551,0.966330338108029,0.9661460073334307,0.9689487814903259
16,0.4617231861909728,0.17255795057271048,0.6329113924050633,0.9909652676076341,0.7141514890140993,1.0862789752863553,1.0731560059404976,0.9903535358055718,0.9911723817356322,0.9910204990212728,0.9932456612586975
16,0.4617231861909728,0.17255795057271048,0.6962025316455697,1.0122187171053307,0.7316824411572794,1.0862789752863553,1.0731560059404976,1.0117201702141272,1.0123500598982356,1.0122662123702155,1.0137035846710205
16,0.4617231861909728,0.17255795057271048,0.759493670886076,1.0303367249410402,0.7481383860353444,1.0862789752863553,1.0731560059404976,1.0299918169261855,1.0303414987235868,1.0303489906491472,1.031152606010437
16,0.4617231861909728,0.17255795057271048,0.8227848101265823,1.0457294055843445,0.7635850658470017,1.0862789752863553,1.0731560059404976,1.0455363359121697,1.0455934696557927,1.045706239032091,1.0463697910308838
16,0.4617231861909728,0.17255795057271048,0.8860759493670887,1.058755823009084,0.7780842582203789,1.0862789752863553,1.0731560059404976,1.05868925672472,1.0585137762691876,1.0587277097047556,1.0596859455108643
16,0.4617231861909728,0.17255795057271048,0.949367088607595,1.0697302008701084,0.7916943537712878,1.0862789752863553,1.0731560059404976,1.0697571095238596,1.0694540436300077,1.0697293939774903,1.070961833000183
16,0.4617231861909728,0.17255795057271048,1.0126582278481013,1.0789273856922421,0.804469787147005,1.0862789752863553,1.0731560059404976,1.0790160065727392,1.0786982390712072,1.0789570706045013,1.0802143812179565
16,0.4617231861909728,0.17255795057271048,1.0759493670886076,1.0865876524156797,0.8164615246453379,1.0862789752863553,1.0731560059404976,1.0867108919882773,1.0864655573727164,1.0866226355393716,1.0877963304519653
16,0.4617231861909728,0.17255795057271048,1.139240506329114,1.0929209309876347,0.8277179246505298,1.0862789752863553,1.0731560059404976,1.0930567634586972,1.09292513056857,1.0929369946120748,1.0940781831741333
16,0.4617231861909728,0.17255795057271048,1.2025316455696204,1.0981105232931936,0.8382840590675276,1.0862789752863553,1.0731560059404976,1.0982422492520885,1.0982162006353016,1.0981072980142015,1.0992915630340576
16,0.4617231861909728,0.17255795057271048,1.2658227848101267,1.1023163714662383,0.8482019746511603,1.0862789752863553,1.0731560059404976,1.102432596914678,1.102468341377021,1.102311802325843,1.1035666465759277
16,0.4617231861909728,0.17255795057271048,1.3291139240506329,1.105677931334574,0.8575117211271398,1.0862789752863553,1.0731560059404976,1.1057728874538801,1.1058148921936712,1.1056861929259025,1.106999397277832
16,0.4617231861909728,0.17255795057271048,1.3924050632911393,1.108316698339642,0.8662505862470526,1.0862789752863553,1.0731560059404976,1.1083897859201386,1.108394485227948,1.1083339656198756,1.109683871269226
16,0.4617231861909728,0.17255795057271048,1.4556962025316458,1.11033842759144,0.8744533532469587,1.0862789752863553,1.0731560059404976,1.1103933780829545,1.1103436986611843,1.110348564707591,1.111703872680664
16,0.4617231861909728,0.17255795057271048,1.518987341772152,1.1118350847465588,0.8821530954428614,1.0862789752863553,1.0731560059404976,1.1118785684365242,1.1117850096764939,1.1118251219277266,1.1131516695022583
16,0.4617231861909728,0.17255795057271048,1.5822784810126582,1.1128865601215392,0.8893806837837124,1.0862789752863553,1.0731560059404976,1.1129263962109144,1.1128164385577657,1.112856048959123,1.114109754562378
16,0.4617231861909728,0.17255795057271048,1.6455696202531647,1.1135621743784256,0.8961649189936879,1.0862789752863553,1.0731560059404976,1.1136058761478114,1.113508754728251,1.1135217135807727,1.1146541833877563
16,0.4617231861909728,0.17255795057271048,1.708860759493671,1.113922000906499,0.9025330869255526,1.0862789752863553,1.0731560059404976,1.1139754989992443,1.1139105358090882,1.113885640140433,1.1148520708084106
16,0.4617231861909728,0.17255795057271048,1.7721518987341773,1.1140180269735547,0.9085107546987914,1.0862789752863553,1.0731560059404976,1.11408496571053,1.1140570722182672,1.1139954300567754,1.1147679090499878
16,0.4617231861909728,0.17255795057271048,1.8354430379746836,1.1138951729985151,0.9141217694470294,1.0862789752863553,1.0731560059404976,1.1139766592209324,1.1139790954814912,1.1138878080714676,1.114454984664917
16,0.4617231861909728,0.17255795057271048,1.89873417721519,1.113592187109347,0.9193886421730939,1.0862789752863553,1.0731560059404976,1.113687190059337,1.1137084071522392,1.1135944196338703,1.1139601469039917
16,0.4617231861909728,0.17255795057271048,1.9620253164556964,1.1131424300173198,0.9243325473551042,1.0862789752863553,1.0731560059404976,1.1132481506933358,1.1132785183685978,1.1131453775116043,1.1133216619491577
16,0.4617231861909728,0.17255795057271048,2.0253164556962027,1.1125745634062782,0.9289732304970837,1.0862789752863553,1.0731560059404976,1.1126872347536816,1.112722550794942,1.112570467617601,1.1125801801681519
16,0.4617231861909728,0.17255795057271048,2.088607594936709,1.1119131535767912,0.9333292632179683,1.0862789752863553,1.0731560059404976,1.1120287986963782,1.1120701372311361,1.1118986316044084,1.1117571592330933
16,0.4617231861909728,0.17255795057271048,2.151898734177215,1.1111792005503944,0.9374181820058368,1.0862789752863553,1.0731560059404976,1.111294181581095,1.1113452938561514,1.1111564858062275,1.1108784675598145
16,0.4617231861909728,0.17255795057271048,2.2151898734177218,1.1103906016698073,0.9412563361765497,1.0862789752863553,1.0731560059404976,1.1105022011376853,1.1105658421670836,1.110366262227643,1.1099662780761719
16,0.4617231861909728,0.17255795057271048,2.278481012658228,1.109562557657224,0.9448590472642108,1.0862789752863553,1.0731560059404976,1.1096691045695055,1.1097443314168918,1.1095446251684211,1.109033465385437
16,0.4617231861909728,0.17255795057271048,2.3417721518987342,1.108707928114657,0.9482408387787409,1.0862789752863553,1.0731560059404976,1.1088089744260206,1.1088901950688415,1.1087026239345543,1.1080951690673828
16,0.4617231861909728,0.17255795057271048,2.405063291139241,1.107837542615927,0.9514152479639418,1.0862789752863553,1.0731560059404976,1.1079336773562634,1.1080113250902461,1.1078464681924673,1.1071609258651733
16,0.4617231861909728,0.17255795057271048,2.468354430379747,1.1069604728026832,0.9543949149709027,1.0862789752863553,1.0731560059404976,1.107053173637941,1.1071154043625313,1.1069795857905735,1.1062394380569458
16,0.4617231861909728,0.17255795057271048,2.5316455696202533,1.1060842702437936,0.9571918679706667,1.0862789752863553,1.0731560059404976,1.106175467980757,1.1062106282325328,1.1061051545777438,1.1053372621536255
16,0.4617231861909728,0.17255795057271048,2.5949367088607596,1.1052151742446974,0.959817309434362,1.0862789752863553,1.0731560059404976,1.1053068801081465,1.105305573321351,1.1052278178979573,1.1044559478759766
16,0.4617231861909728,0.17255795057271048,2.6582278481012658,1.1043582932871963,0.9622816864053727,1.0862789752863553,1.0731560059404976,1.1044524731783598,1.1044089023442762,1.104354435345373,1.1036027669906616
16,0.4617231861909728,0.17255795057271048,2.7215189873417724,1.1035177633380158,0.9645949413544342,1.0862789752863553,1.0731560059404976,1.1036156807096436,1.1035287204542312,1.1034939362497669,1.1027789115905762
16,0.4617231861909728,0.17255795057271048,2.7848101265822787,1.1026968858763289,0.9667663457559421,1.0862789752863553,1.0731560059404976,1.102799208519362,1.102672017679408,1.1026555314184112,1.101987361907959
16,0.4617231861909728,0.17255795057271048,2.848101265822785,1.1018982481330863,0.9688045498271433,1.0862789752863553,1.0731560059404976,1.1020048686852049,1.1018443532445736,1.1018468660165432,1.101226568222046
16,0.4617231861909728,0.17255795057271048,2.9113924050632916,1.101123827733161,0.9707177562261196,1.0862789752863553,1.0731560059404976,1.10123370868647,1.101049589089057,1.1010725673864445,1.1004976034164429
16,0.4617231861909728,0.17255795057271048,2.9746835443037978,1.1003750837079618,0.9725136435337689,1.0862789752863553,1.0731560059404976,1.1004865074705805,1.1002900005592786,1.1003334506351286,1.0997998714447021
16,0.4617231861909728,0.17255795057271048,3.037974683544304,1.0996530355438008,0.974199374171867,1.0862789752863553,1.0731560059404976,1.0997637201068204,1.0995663256054284,1.0996270826677004,1.0991343259811401
16,0.4617231861909728,0.17255795057271048,3.1012658227848102,1.0989583317408822,0.9757817153962224,1.0862789752863553,1.0731560059404976,1.0990657094207,1.098878129656839,1.0989490720337538,1.0984987020492554
16,0.4617231861909728,0.17255795057271048,3.1645569620253164,1.0982913092705113,0.9772670265477859,1.0862789752863553,1.0731560059404976,1.0983925758554396,1.0982240762037214,1.0982948317029566,1.0978926420211792
16,0.4617231861909728,0.17255795057271048,3.227848101265823,1.09765204496053,0.9786612381358131,1.0862789752863553,1.0731560059404976,1.0977446002420836,1.0976022465755806,1.0976609979812728,1.0973149538040161
16,0.4617231861909728,0.17255795057271048,3.2911392405063293,1.097040399955124,0.9799699331692413,1.0862789752863553,1.0731560059404976,1.097121864575098,1.0970104105229526,1.0970463996045774,1.0967620611190796
16,0.4617231861909728,0.17255795057271048,3.3544303797468356,1.0964560579970102,0.9811983783909392,1.0862789752863553,1.0731560059404976,1.0965245656412,1.0964462517021842,1.0964521051508056,1.0962363481521606
16,0.4617231861909728,0.17255795057271048,3.417721518987342,1.0958985584368508,0.9823514842759739,1.0862789752863553,1.0731560059404976,1.095952707540113,1.095907584960768,1.0958808572564853,1.0957343578338623
16,0.4617231861909728,0.17255795057271048,3.4810126582278484,1.0953673245511055,0.9834338567996727,1.0862789752863553,1.0731560059404976,1.0954063189698997,1.0953924342320829,1.0953359676649794,1.0952550172805786
16,0.4617231861909728,0.17255795057271048,3.5443037974683547,1.0948616878169102,0.9844498578156446,1.0862789752863553,1.0731560059404976,1.0948852523405224,1.094899143227924,1.0948204311973853,1.0947965383529663
16,0.4617231861909728,0.17255795057271048,3.607594936708861,1.0943809086751433,0.9854035532027653,1.0862789752863553,1.0731560059404976,1.0943893908098672,1.0944263221420998,1.0943358870476454,1.0943628549575806
16,0.4617231861909728,0.17255795057271048,3.670886075949367,1.0939241942004914,0.9862987428607208,1.0862789752863553,1.0731560059404976,1.0939181932144617,1.0939728722487712,1.0938823494869518,1.093945860862732
16,0.4617231861909728,0.17255795057271048,3.7341772151898738,1.0934907131097709,0.9871390392215474,1.0862789752863553,1.0731560059404976,1.0934712516318392,1.09353813349249,1.0934582459305344,1.0935474634170532
16,0.4617231861909728,0.17255795057271048,3.79746835443038,1.0930796084612322,0.9879278078755885,1.0862789752863553,1.0731560059404976,1.0930479203555834,1.0931215114133812,1.0930607781890083,1.0931663513183594
16,0.4617231861909728,0.17255795057271048,3.8607594936708862,1.092690008341433,0.988668186560995,1.0862789752863553,1.0731560059404976,1.0926474163385478,1.0927227354297078,1.0926864267948593,1.0928022861480713
16,0.4617231861909728,0.17255795057271048,3.924050632911393,1.0923210348107861,0.9893631641739864,1.0862789752863553,1.0731560059404976,1.0922688929878752,1.092341612854476,1.0923316609507885,1.092450737953186
16,0.4617231861909728,0.17255795057271048,3.987341772151899,1.0919718113474368,0.990015525216604,1.0862789752863553,1.0731560059404976,1.0919115426580794,1.091978131388516,1.0919933036028526,1.0921156406402588
16,0.4617231861909728,0.17255795057271048,4.050632911392405,1.0916414689938627,0.9906278677574432,1.0862789752863553,1.0731560059404976,1.0915744326621148,1.091632270533211,1.0916689134039372,1.0917943716049194
16,0.4617231861909728,0.17255795057271048,4.113924050632912,1.091329151385331,0.9912026576753309,1.0862789752863553,1.0731560059404976,1.091256640562243,1.0913040466874546,1.0913569279358812,1.0914862155914307
16,0.4617231861909728,0.17255795057271048,4.177215189873418,1.0910340188168084,0.9917422010790842,1.0862789752863553,1.0731560059404976,1.0909574919539846,1.0909934475520766,1.0910566927518843,1.0911906957626343
16,0.4617231861909728,0.17255795057271048,4.2405063291139244,1.0907552514850407,0.9922486491829978,1.0862789752863553,1.0731560059404976,1.0906760664494637,1.0907004608279074,1.090768199316651,1.090907335281372
16,0.4617231861909728,0.17255795057271048,4.30379746835443,1.0904920520248824,0.9927240363587463,1.0862789752863553,1.0731560059404976,1.0904117019433703,1.0904249143265692,1.090492066435645,1.0906397104263306
16,0.4617231861909728,0.17255795057271048,4.367088607594937,1.0902436474432853,0.9931702725088182,1.0862789752863553,1.0731560059404976,1.0901638183248605,1.0901666563583008,1.0902291928926335,1.0903810262680054
16,0.4617231861909728,0.17255795057271048,4.4303797468354436,1.090009290541143,0.9935891388472174,1.0862789752863553,1.0731560059404976,1.0899318805800462,1.0899253835435792,1.08998063998509,1.090133786201477
16,0.4617231861909728,0.17255795057271048,4.493670886075949,1.0897882609011331,0.9939823137389207,1.0862789752863553,1.0731560059404976,1.089715476686738,1.0897006982092463,1.0897473499835617,1.0898977518081665
16,0.4617231861909728,0.17255795057271048,4.556962025316456,1.0895798655094286,0.9943513789470491,1.0862789752863553,1.0731560059404976,1.0895144057584951,1.0894921739840813,1.0895301685567405,1.0896729230880737
16,0.4617231861909728,0.17255795057271048,4.620253164556963,1.0893834390701662,0.9946978093203186,1.0862789752863553,1.0731560059404976,1.0893283152191156,1.0892992246076552,1.0893295756125199,1.0894588232040405
16,0.4617231861909728,0.17255795057271048,4.6835443037974684,1.0891983440635526,0.9950229895082447,1.0862789752863553,1.0731560059404976,1.0891570369799448,1.08912116542618,1.0891458314363964,1.0892547369003296
16,0.4617231861909728,0.17255795057271048,4.746835443037975,1.089023970591319,0.9953282295125278,1.0862789752863553,1.0731560059404976,1.0890005669412595,1.0889573732817175,1.08897883046386,1.0890620946884155
16,0.4617231861909728,0.17255795057271048,4.810126582278482,1.0888597360467211,0.9956147505133688,1.0862789752863553,1.0731560059404976,1.0888588743551353,1.088806970833486,1.0888282327078047,1.0888800621032715
16,0.4617231861909728,0.17255795057271048,4.8734177215189876,1.0887050846432271,0.9958836948387947,1.0862789752863553,1.0731560059404976,1.0887319838199114,1.088669248829358,1.0886934009273075,1.0887086391448975
16,0.4617231861909728,0.17255795057271048,4.936708860759494,1.0885594868294997,0.9961361474085632,1.0862789752863553,1.0731560059404976,1.088620028576595,1.0885433176293815,1.088573575761577,1.088547945022583
16,0.4617231861909728,0.17255795057271048,5.0,1.0884224386159225,0.9963731193548869,1.0862789752863553,1.0731560059404976,1.0885229696778147,1.0884283326905615,1.088467786550131,1.088397741317749
18,1.0633586509426196,0.02112646061611873,0.0,1.0633586509426196,1.0633586509426196,1.0105632303080594,,1.0633934760023311,1.0618614135125068,1.0633848216796487,1.0633586645126343
18,1.0633586509426196,0.02112646061611873,0.06329113924050633,1.0668099182104283,1.0594729145858641,1.0105632303080594,,1.0682638140173661,1.0670711614682662,1.0668016722541123,1.0660005807876587
18,1.0633586509426196,0.02112646061611873,0.12658227848101267,1.0692541846425971,1.055825452482297,1.0105632303080594,,1.0708411542537006,1.069840540942459,1.0692621154194983,1.0681453943252563
18,1.0633586509426196,0.02112646061611873,0.189873417721519,1.0708477734839288,1.0524016556889715,1.0105632303080594,,1.0720214194889115,1.071182044194529,1.0708534255920894,1.069750189781189
18,1.0633586509426196,0.02112646061611873,0.25316455696202533,1.0717261771891107,1.0491878926082452,1.0105632303080594,,1.072375049319831,1.0717361299951995,1.0717267799346948,1.0707943439483643
18,1.0633586509426196,0.02112646061611873,0.31645569620253167,1.0720066718085561,1.0461712134935124,1.0105632303080594,,1.0722230151817342,1.071835470389985,1.0720043416492278,1.0712858438491821
18,1.0633586509426196,0.02112646061611873,0.379746835443038,1.0717906120844392,1.0433395192920754,1.0105632303080594,,1.0717260385263472,1.0716067673268383,1.0717852391388516,1.0712674856185913
18,1.0633586509426196,0.02112646061611873,0.44303797468354433,1.0711654457401187,1.0406815229649888,1.0105632303080594,,1.070958328444752,1.0710666820811674,1.071158046946656,1.0708035230636597
18,1.0633586509426196,0.02112646061611873,0.5063291139240507,1.070206480836411,1.0381865408429887,1.0105632303080594,,1.0699559420031919,1.070198446784759,1.0702005810729425,1.069961428642273
18,1.0633586509426196,0.02112646061611873,0.569620253164557,1.0689784360107193,1.0358445525741,1.0105632303080594,,1.068743346350199,1.0690047303574681,1.0689771164021404,1.0688025951385498
18,1.0633586509426196,0.02112646061611873,0.6329113924050633,1.067536799842026,1.0336462124420025,1.0105632303080594,,1.0673446663074113,1.0675280100321936,1.0675394943265144,1.0673749446868896
18,1.0633586509426196,0.02112646061611873,0.6962025316455697,1.0659290224382472,1.0315827063629064,1.0105632303080594,,1.0657872798268893,1.0658412649830338,1.065931754167655,1.0657278299331665
18,1.0633586509426196,0.02112646061611873,0.759493670886076,1.0641955595716897,1.0296457355688604,1.0105632303080594,,1.0641012276309638,1.0640237141629183,1.0641945615014972,1.063908576965332
18,1.0633586509426196,0.02112646061611873,0.8227848101265823,1.0623707872485222,1.027827561779275,1.0105632303080594,,1.0623171838492116,1.06213912876746,1.0623661089827907,1.0619672536849976
18,1.0633586509426196,0.02112646061611873,0.8860759493670887,1.0604838024498515,1.0261209133690752,1.0105632303080594,,1.0604642729158107,1.0602276614864579,1.0604791614237066,1.0599581003189087
18,1.0633586509426196,0.02112646061611873,0.949367088607595,1.0585591238904417,1.0245189173863696,1.0105632303080594,,1.0585686592647303,1.0583109875568906,1.05855815148043,1.0579322576522827
18,1.0633586509426196,0.02112646061611873,1.0126582278481013,1.0566173049757408,1.0230151665222653,1.0105632303080594,,1.0566524486038937,1.0564021195004478,1.0566200933628767,1.0559288263320923
18,1.0633586509426196,0.02112646061611873,1.0759493670886076,1.0546754696717144,1.0216036617149598,1.0105632303080594,,1.0547336428182215,1.0545114583150892,1.054678771022339,1.0539737939834595
18,1.0633586509426196,0.02112646061611873,1.139240506329114,1.0527477807108903,1.0202787108708897,1.0105632303080594,,1.0528262178643728,1.0526465474916489,1.0527482337841088,1.0520637035369873
18,1.0633586509426196,0.02112646061611873,1.2025316455696204,1.0508458484210346,1.0190350087362905,1.0105632303080594,,1.0509409601142965,1.0508094040939808,1.0508428682963227,1.0502041578292847
18,1.0633586509426196,0.02112646061611873,1.2658227848101267,1.0489790874658136,1.0178676061370688,1.0105632303080594,,1.0490861961059732,1.0489959652963148,1.0489747156418294,1.0484026670455933
18,1.0633586509426196,0.02112646061611873,1.3291139240506329,1.0471550279026787,1.0167717889623298,1.0105632303080594,,1.0472683378066117,1.0472003069985119,1.0471514904649573,1.0466673374176025
18,1.0633586509426196,0.02112646061611873,1.3924050632911393,1.0453795861918123,1.0157431682033387,1.0105632303080594,,1.0454926779589662,1.0454204408347816,1.0453774375329112,1.0449994802474976
18,1.0633586509426196,0.02112646061611873,1.4556962025316458,1.0436573011003527,1.0147776496489858,1.0105632303080594,,1.0437635007738637,1.0436621269163315,1.0436554781964944,1.043395757675171
18,1.0633586509426196,0.02112646061611873,1.518987341772152,1.041991538858113,1.0138713403567725,1.0105632303080594,,1.042084885475967,1.0419385294546124,1.0419886578286737,1.0418521165847778
18,1.0633586509426196,0.02112646061611873,1.5822784810126582,1.0403846713888387,1.0130206066169987,1.0105632303080594,,1.0404599601541387,1.040266051442465,1.0403802552863992,1.040360450744629
18,1.0633586509426196,0.02112646061611873,1.6455696202531647,1.0388382309607391,1.0122220583987702,1.0105632303080594,,1.0388915372185485,1.0386596609695835,1.0388329770660407,1.0389199256896973
18,1.0633586509426196,0.02112646061611873,1.708860759493671,1.0373530442240444,1.0114724839813165,1.0105632303080594,,1.0373817649241948,1.0371292916654735,1.0373482254365154,1.0375231504440308
18,1.0633586509426196,0.02112646061611873,1.7721518987341773,1.0359293482068739,1.0107688739498626,1.0105632303080594,,1.0359322011659235,1.0356791908434528,1.0359260471693927,1.03617262840271
18,1.0633586509426196,0.02112646061611873,1.8354430379746836,1.0345668905567673,1.0101084213430487,1.0105632303080594,,1.0345436986861773,1.0343086041544378,1.034565500111766,1.034866213798523
18,1.0633586509426196,0.02112646061611873,1.89873417721519,1.0332650160089303,1.009488476470728,1.0105632303080594,,1.0332163722772076,1.0330141657256162,1.033265181162782,1.0336036682128906
18,1.0633586509426196,0.02112646061611873,1.9620253164556964,1.032022740846135,1.008906546960327,1.0105632303080594,,1.0319499103600454,1.0317914232575065,1.032023645728595,1.032384991645813
18,1.0633586509426196,0.02112646061611873,2.0253164556962027,1.0308388168712277,1.0083603086387334,1.0105632303080594,,1.0307433863972293,1.0306360884395582,1.0308396369740156,1.0312138795852661
18,1.0633586509426196,0.02112646061611873,2.088607594936709,1.0297117862469605,1.0078475755066771,1.0105632303080594,,1.029595619668455,1.0295442665346561,1.0297120399514696,1.030086874961853
18,1.0633586509426196,0.02112646061611873,2.151898734177215,1.0286400283820967,1.0073662834064652,1.0105632303080594,,1.0285051588716816,1.0285124973763518,1.0286397248881685,1.029005527496338
18,1.0633586509426196,0.02112646061611873,2.2151898734177218,1.0276217998943555,1.0069145079182265,1.0105632303080594,,1.027470347718704,1.0275373043993046,1.0276213784034418,1.0279690027236938
18,1.0633586509426196,0.02112646061611873,2.278481012658228,1.026655268558061,1.0064904455986277,1.0105632303080594,,1.0264895791179967,1.0266150962459215,1.0266553680112374,1.0269794464111328
18,1.0633586509426196,0.02112646061611873,2.3417721518987342,1.0257385420290603,1.0060923869369258,1.0105632303080594,,1.02556104099187,1.025741797791263,1.025739689327356,1.0260330438613892
18,1.0633586509426196,0.02112646061611873,2.405063291139241,1.0248696920404317,1.0057187385122595,1.0105632303080594,,1.024683159046585,1.0249130961264388,1.0248720748814129,1.025132179260254
18,1.0633586509426196,0.02112646061611873,2.468354430379747,1.0240467746757924,1.0053680124973612,1.0105632303080594,,1.0238540310105397,1.024124637345326,1.0240501587867699,1.0242745876312256
18,1.0633586509426196,0.02112646061611873,2.5316455696202533,1.0232678472507206,1.0050387930989606,1.0105632303080594,,1.023071984196636,1.0233723217246455,1.0232716443435612,1.0234589576721191
18,1.0633586509426196,0.02112646061611873,2.5949367088607596,1.0225309822657636,1.0047297617139914,1.0105632303080594,,1.022335017939914,1.0226525005106781,1.0225344767554208,1.0226891040802002
18,1.0633586509426196,0.02112646061611873,2.6582278481012658,1.0218342788357477,1.0044396886581013,1.0105632303080594,,1.021641180772092,1.0219622465010025,1.0218368965065983,1.021957516670227
18,1.0633586509426196,0.02112646061611873,2.7215189873417724,1.0211758719485933,1.0041674036383883,1.0105632303080594,,1.020988324438172,1.0212995098339788,1.021177380248316,1.0212655067443848
18,1.0633586509426196,0.02112646061611873,2.7848101265822787,1.0205539398614365,1.0039118153425486,1.0105632303080594,,1.0203742186886897,1.020663101589856,1.0205545259493898,1.0206116437911987
18,1.0633586509426196,0.02112646061611873,2.848101265822785,1.0199667099015048,1.0036719055842538,1.0105632303080594,,1.019796543080269,1.0200525134029474,1.0199669066610435,1.0199942588806152
18,1.0633586509426196,0.02112646061611873,2.9113924050632916,1.0194124629066337,1.0034467088577685,1.0105632303080594,,1.0192530509645528,1.0194679666583104,1.0194129312308398,1.0194123983383179
18,1.0633586509426196,0.02112646061611873,2.9746835443037978,1.018889536508034,1.0032353213446144,1.0105632303080594,,1.0187412169120007,1.018909977921078,1.0188908181523064,1.0188645124435425
18,1.0633586509426196,0.02112646061611873,3.037974683544304,1.0183963274299483,1.00303689998159,1.0105632303080594,,1.0182589336648473,1.0183793179392264,1.0183986295424097,1.018347978591919
18,1.0633586509426196,0.02112646061611873,3.1012658227848102,1.0179312929618825,1.0028506482190467,1.0105632303080594,,1.0178038643808232,1.0178767656601793,1.0179343767308555,1.0178627967834473
18,1.0633586509426196,0.02112646061611873,3.1645569620253164,1.0174929517340605,1.002675817521575,1.0105632303080594,,1.0173739427993955,1.0174029032446419,1.0174961713019743,1.0174070596694946
18,1.0633586509426196,0.02112646061611873,3.227848101265823,1.0170798839115442,1.0025117098299894,1.0105632303080594,,1.016967389640661,1.0169580094737976,1.0170823471401478,1.0169789791107178
18,1.0633586509426196,0.02112646061611873,3.2911392405063293,1.0166907309060453,1.0023576679881658,1.0105632303080594,,1.0165823436302508,1.0165420269515202,1.0166915360258055,1.0165776014328003
18,1.0633586509426196,0.02112646061611873,3.3544303797468356,1.0163241946911488,1.0022130720664948,1.0105632303080594,,1.0162174846572687,1.0161544391126767,1.01632266247337,1.016201138496399
18,1.0633586509426196,0.02112646061611873,3.417721518987342,1.0159790367941655,1.0020773440704251,1.0105632303080594,,1.0158715090097121,1.0157944916081836,1.0159748801064041,1.0158485174179077
18,1.0633586509426196,0.02112646061611873,3.4810126582278484,1.0156540770278057,1.0019499418469653,1.0105632303080594,,1.0155434245545472,1.0154609791193965,1.0156474739577503,1.015518069267273
18,1.0633586509426196,0.02112646061611873,3.5443037974683547,1.0153481920170917,1.0018303519778116,1.0105632303080594,,1.015232337552099,1.0151525241392938,1.0153397345219703,1.0152086019515991
18,1.0633586509426196,0.02112646061611873,3.607594936708861,1.0150603135656893,1.0017180958828271,1.0105632303080594,,1.0149378134317,1.0148676343686016,1.0150508673007668,1.0149199962615967
18,1.0633586509426196,0.02112646061611873,3.670886075949367,1.0147894269026414,1.0016127262893237,1.0105632303080594,,1.0146592454343049,1.014604710915241,1.0147799526297192,1.014649748802185
18,1.0633586509426196,0.02112646061611873,3.7341772151898738,1.0145345688432161,1.0015138179907588,1.0105632303080594,,1.0143965023687684,1.0143620974910068,1.0145259384176588,1.014397144317627
18,1.0633586509426196,0.02112646061611873,3.79746835443038,1.014294825891645,1.0014209748354401,1.0105632303080594,,1.0141493300522477,1.0141383591927517,1.014287680806902,1.0141613483428955
18,1.0633586509426196,0.02112646061611873,3.8607594936708862,1.0140693323088936,1.0013338274913715,1.0105632303080594,,1.0139177448836354,1.0139320939151137,1.014064003339117,1.0139412879943848
18,1.0633586509426196,0.02112646061611873,3.924050632911393,1.013857268166732,1.0012520241462033,1.0105632303080594,,1.013701910851863,1.0137420307438763,1.0138537619307053,1.0137333869934082
18,1.0633586509426196,0.02112646061611873,3.987341772151899,1.0136578574044575,1.0011752370460947,1.0105632303080594,,1.0135017295635718,1.01356712014988,1.0136558999382765,1.0135407447814941
18,1.0633586509426196,0.02112646061611873,4.050632911392405,1.013470365901697,1.0011031603816227,1.0105632303080594,,1.0133175043982845,1.0134065175901288,1.0134694787257472,1.0133603811264038
18,1.0633586509426196,0.02112646061611873,4.113924050632912,1.0132940995786188,1.001035503902952,1.0105632303080594,,1.013149341948806,1.0132595835077918,1.0132937059413778,1.0131916999816895
18,1.0633586509426196,0.02112646061611873,4.177215189873418,1.0131284025327008,1.0009719961662078,1.0105632303080594,,1.0129973242096024,1.0131257767393955,1.0131279258897379,1.013033390045166
18,1.0633586509426196,0.02112646061611873,4.2405063291139244,1.0129726552193359,1.0009123839595997,1.0105632303080594,,1.0128618037568753,1.013004785705971,1.0129715991510477,1.0128848552703857
18,1.0633586509426196,0.02112646061611873,4.30379746835443,1.0128262726819548,1.0008564278244665,1.0105632303080594,,1.0127428215878578,1.0128964628174801,1.0128242911698515,1.012752890586853
18,1.0633586509426196,0.02112646061611873,4.367088607594937,1.0126887028360125,1.0008039029529734,1.0105632303080594,,1.0126403695031032,1.0128006686833315,1.01268563353915,1.0126252174377441
18,1.0633586509426196,0.02112646061611873,4.4303797468354436,1.0125594248100436,1.0007545996847518,1.0105632303080594,,1.0125546688876685,1.0127174525002043,1.0125553076612783,1.0125060081481934
18,1.0633586509426196,0.02112646061611873,4.493670886075949,1.0124379473460328,1.0007083204654292,1.0105632303080594,,1.0124856213481952,1.0126469618581366,1.0124330110059232,1.0123945474624634
18,1.0633586509426196,0.02112646061611873,4.556962025316456,1.0123238072605178,1.0006648791112966,1.0105632303080594,,1.0124332022863436,1.0125892705521475,1.0123184494424178,1.012290596961975
18,1.0633586509426196,0.02112646061611873,4.620253164556963,1.012216567967092,1.0006241020231568,1.0105632303080594,,1.012397329707648,1.0125445999672942,1.0122113176564695,1.0121936798095703
18,1.0633586509426196,0.02112646061611873,4.6835443037974684,1.0121158180602527,1.0005858262188132,1.0105632303080594,,1.0123779052187498,1.0125131304914008,1.0121113051053623,1.0121028423309326
18,1.0633586509426196,0.02112646061611873,4.746835443037975,1.0120211699598507,1.0005498975025566,1.0105632303080594,,1.0123747156340384,1.0124949933156122,1.0120180783420163,1.0120182037353516
18,1.0633586509426196,0.02112646061611873,4.810126582278482,1.0119322586177373,1.0005161721336862,1.0105632303080594,,1.012387514970117,1.0124904672211117,1.0119312945675791,1.0119388103485107
18,1.0633586509426196,0.02112646061611873,4.8734177215189876,1.0118487402841112,1.0004845156528566,1.0105632303080594,,1.0124159834485698,1.012499626002918,1.0118506034287904,1.011864423751831
18,1.0633586509426196,0.02112646061611873,4.936708860759494,1.0117702913310291,1.0004548003580642,1.0105632303080594,,1.0124599406815726,1.0125226336499626,1.0117756494456622,1.0117950439453125
18,1.0633586509426196,0.02112646061611873,5.0,1.0116966071311368,1.000426907232323,1.0105632303080594,,1.0125189275001178,1.012559514760585,1.0117060719584776,1.0117295980453491
20,0.640114217277912,0.1366493293558172,0.0,0.640114217277912,0.640114217277912,1.0683246646779085,0.8433975302831612,0.6404455812692386,0.6397550566778265,0.6401040324993121,0.6401141881942749
20,0.640114217277912,0.1366493293558172,0.06329113924050633,0.7096431322565784,0.6621857299979206,1.0683246646779085,0.8433975302831612,0.7099358580589118,0.7094904313240411,0.7096143540175158,0.7061480283737183
20,0.640114217277912,0.1366493293558172,0.12658227848101267,0.7697634943520597,0.6829038124469976,1.0683246646779085,0.8433975302831612,0.7702193042853549,0.7699818483130065,0.7698016609819475,0.7657971382141113
20,0.640114217277912,0.1366493293558172,0.189873417721519,0.8216639840069165,0.7023514454144869,1.0683246646779085,0.8433975302831612,0.8222552879937564,0.8221888396788424,0.8216448234037197,0.8188485503196716
20,0.640114217277912,0.1366493293558172,0.25316455696202533,0.8663876552895979,0.7206060582350461,1.0683246646779085,0.8433975302831612,0.8669483229318248,0.8669341378892778,0.866355324310468,0.865269124507904
20,0.640114217277912,0.1366493293558172,0.31645569620253167,0.9048495139530177,0.7377412072364058,1.0683246646779085,0.8433975302831612,0.9052260944832445,0.9052410830715544,0.904844706784754,0.9053514003753662
20,0.640114217277912,0.1366493293558172,0.379746835443038,0.9378519893865364,0.7538256166888215,1.0683246646779085,0.8433975302831612,0.9379893774480933,0.9380766851550535,0.9378604272473792,0.9396456480026245
20,0.640114217277912,0.1366493293558172,0.44303797468354433,0.9660985518325522,0.7689233985136301,1.0683246646779085,0.8433975302831612,0.9660409796389622,0.9662021971572051,0.9661025446882455,0.9687947630882263
20,0.640114217277912,0.1366493293558172,0.5063291139240507,0.9902056962835152,0.7830952374100546,1.0683246646779085,0.8433975302831612,0.9900470240943036,0.9902475497593504,0.9902137759387694,0.9934006929397583
20,0.640114217277912,0.1366493293558172,0.569620253164557,1.0107134881520112,0.7963980503446006,1.0683246646779085,0.8433975302831612,1.0105438448129878,1.0107507906446902,1.0107431088458112,1.0139989852905273
20,0.640114217277912,0.1366493293558172,0.6329113924050633,1.028094842543294,0.8088849222612043,1.0683246646779085,0.8433975302831612,1.0279703417704247,1.0281483353563272,1.0281443927907898,1.0310859680175781
20,0.640114217277912,0.1366493293558172,0.6962025316455697,1.0427636884679208,0.8206059183584841,1.0683246646779085,0.8433975302831612,1.0427027301730802,1.0427973886838806,1.0428085003237046,1.0451654195785522
20,0.640114217277912,0.1366493293558172,0.759493670886076,1.0550821512942374,0.8316081767707793,1.0683246646779085,0.8433975302831612,1.055076506775809,1.0550287531990494,1.0550975684794321,1.0567859411239624
20,0.640114217277912,0.1366493293558172,0.8227848101265823,1.0653668708478703,0.8419356519877367,1.0683246646779085,0.8433975302831612,1.065396117029346,1.065180143606982,1.0653538126282864,1.0664827823638916
20,0.640114217277912,0.1366493293558172,0.8860759493670887,1.0738945585644601,0.8516296478320046,1.0683246646779085,0.8433975302831612,1.073936679013947,1.0735881430892025,1.0738798431541685,1.0746372938156128
20,0.640114217277912,0.1366493293558172,0.949367088607595,1.0809068847680532,0.8607292036081491,1.0683246646779085,0.8433975302831612,1.08094432371642,1.0805539583150547,1.0809166701869404,1.0813573598861694
20,0.640114217277912,0.1366493293558172,1.0126582278481013,1.0866147762826672,0.8692707137049679,1.0683246646779085,0.8433975302831612,1.0866364492129683,1.0863134166418145,1.0866490178467847,1.086671233177185
20,0.640114217277912,0.1366493293558172,1.0759493670886076,1.091202195013975,0.8772882536120785,1.0683246646779085,0.8433975302831612,1.0912037295335977,1.0910298694936917,1.0912378836002428,1.090814471244812
20,0.640114217277912,0.1366493293558172,1.139240506329114,1.0948294597079744,0.8848141551976139,1.0683246646779085,0.8433975302831612,1.0948124453548018,1.0948115608395041,1.0948470757248736,1.094140887260437
20,0.640114217277912,0.1366493293558172,1.2025316455696204,1.0976361656612945,0.8918785530268646,1.0683246646779085,0.8433975302831612,1.0976067019498545,1.0977414096324414,1.097638358931512,1.0969029664993286
20,0.640114217277912,0.1366493293558172,1.2658227848101267,1.099743750617778,0.8985095590840055,1.0683246646779085,0.8433975302831612,1.0997109464189052,1.0999051390364158,1.0997486455363228,1.0991885662078857
20,0.640114217277912,0.1366493293558172,1.3291139240506329,1.101257749341384,0.9047339501621616,1.0683246646779085,0.8433975302831612,1.10123154608244,1.1014064659008138,1.1012786529996181,1.1010247468948364
20,0.640114217277912,0.1366493293558172,1.3924050632911393,1.1022697742619878,0.9105766564298334,1.0683246646779085,0.8433975302831612,1.102259344658748,1.1023630215358324,1.102302955444736,1.1024097204208374
20,0.640114217277912,0.1366493293558172,1.4556962025316458,1.1028592551160947,0.9160609335647852,1.0683246646779085,0.8433975302831612,1.1028711689122253,1.1028907010188598,1.1028894112407364,1.1033581495285034
20,0.640114217277912,0.1366493293558172,1.518987341772152,1.1030949665485605,0.9212088940116068,1.0683246646779085,0.8433975302831612,1.1031322064928775,1.10308675593567,1.103109033729142,1.1039032936096191
20,0.640114217277912,0.1366493293558172,1.5822784810126582,1.1030363692817826,0.9260411777372153,1.0683246646779085,0.8433975302831612,1.1030977483187132,1.1030207298922539,1.1030321901054392,1.104081392288208
20,0.640114217277912,0.1366493293558172,1.6455696202531647,1.1027347872341022,0.9305770405796686,1.0683246646779085,0.8433975302831612,1.1028152671354479,1.1027373775177916,1.1027203111494472,1.1039438247680664
20,0.640114217277912,0.1366493293558172,1.708860759493671,1.1022344404013207,0.934834725551179,1.0683246646779085,0.8433975302831612,1.1023260492063671,1.1022666534404246,1.1022211508024031,1.1035412549972534
20,0.640114217277912,0.1366493293558172,1.7721518987341773,1.1015733509498757,0.9388313265383179,1.0683246646779085,0.8433975302831612,1.1016662622902431,1.101634324420965,1.1015694697931289,1.1029162406921387
20,0.640114217277912,0.1366493293558172,1.8354430379746836,1.1007841377679692,0.942582787464613,1.0683246646779085,0.8433975302831612,1.1008682716525056,1.1008675613754473,1.1007911344304482,1.1021130084991455
20,0.640114217277912,0.1366493293558172,1.89873417721519,1.0998947130387964,0.9461041589316571,1.0683246646779085,0.8433975302831612,1.0999609393450422,1.0999956240289175,1.0999081182455268,1.1011708974838257
20,0.640114217277912,0.1366493293558172,1.9620253164556964,1.0989288926712109,0.9494095979557515,1.0683246646779085,0.8433975302831612,1.0989702535137218,1.0990463577018899,1.0989415444225228,1.1001238822937012
20,0.640114217277912,0.1366493293558172,2.0253164556962027,1.0979069310107887,0.9525123061573139,1.0683246646779085,0.8433975302831612,1.0979194083429982,1.0980428725344908,1.097912719357835,1.0990010499954224
20,0.640114217277912,0.1366493293558172,2.088607594936709,1.0968459890798732,0.9554247003104767,1.0683246646779085,0.8433975302831612,1.0968285724215445,1.0970019650929967,1.096842593781575,1.0978279113769531
20,0.640114217277912,0.1366493293558172,2.151898734177215,1.095760544386897,0.9581585051125948,1.0683246646779085,0.8433975302831612,1.0957152905151357,1.0959346390346894,1.095750351795666,1.0966264009475708
20,0.640114217277912,0.1366493293558172,2.2151898734177218,1.094662749428518,0.9607246515311268,1.0683246646779085,0.8433975302831612,1.0945943216275777,1.0948482656620255,1.0946515812908142,1.0954086780548096
20,0.640114217277912,0.1366493293558172,2.278481012658228,1.0935627451526988,0.9631333833702883,1.0683246646779085,0.8433975302831612,1.0934776533497401,1.0937489412635217,1.0935574164595865,1.0941951274871826
20,0.640114217277912,0.1366493293558172,2.3417721518987342,1.092468934881062,0.9653944108843608,1.0683246646779085,0.8433975302831612,1.092374593078398,1.0926431311027898,1.0924744728161766,1.092995047569275
20,0.640114217277912,0.1366493293558172,2.405063291139241,1.0913882235300916,0.9675167849212662,1.0683246646779085,0.8433975302831612,1.0912921790134913,1.0915385221609788,1.0914056445573972,1.0918173789978027
20,0.640114217277912,0.1366493293558172,2.468354430379747,1.0903262263891456,0.9695089565428964,1.0683246646779085,0.8433975302831612,1.090235372845119,1.090443727956699,1.0903518616859826,1.0906689167022705
20,0.640114217277912,0.1366493293558172,2.5316455696202533,1.0892874511965536,0.9713789676482131,1.0683246646779085,0.8433975302831612,1.0892073149613137,1.089367607991957,1.0893141510897921,1.0895544290542603
20,0.640114217277912,0.1366493293558172,2.5949367088607596,1.0882754568048365,0.9731343080825627,1.0683246646779085,0.8433975302831612,1.0882099435062553,1.0883184642063943,1.0882948988953314,1.0884815454483032
20,0.640114217277912,0.1366493293558172,2.6582278481012658,1.0872929913254794,0.9747819626208573,1.0683246646779085,0.8433975302831612,1.0872439790063102,1.087303077542315,1.0872984683564133,1.0874483585357666
20,0.640114217277912,0.1366493293558172,2.7215189873417724,1.086342112295562,0.9763285786864611,1.0683246646779085,0.8433975302831612,1.0863096848686993,1.086326539856032,1.0863309207774514,1.0864583253860474
20,0.640114217277912,0.1366493293558172,2.7848101265822787,1.0854242911023342,0.9777803550821733,1.0683246646779085,0.8433975302831612,1.0854068499576734,1.085391802948307,1.085398599088856,1.0855112075805664
20,0.640114217277912,0.1366493293558172,2.848101265822785,1.0845405036214915,0.9791430752452791,1.0683246646779085,0.8433975302831612,1.084535224190113,1.084500007567142,1.0845066125309766,1.0846081972122192
20,0.640114217277912,0.1366493293558172,2.9113924050632916,1.0836913087841316,0.9804222233800978,1.0683246646779085,0.8433975302831612,1.0836944057931361,1.083650700693115,1.0836576876665127,1.0837482213974
20,0.640114217277912,0.1366493293558172,2.9746835443037978,1.0828769166133874,0.9816229332988995,1.0683246646779085,0.8433975302831612,1.0828842902237996,1.082842345954927,1.0828515423124032,1.082930564880371
20,0.640114217277912,0.1366493293558172,3.037974683544304,1.0820972470357506,0.9827499937157317,1.0683246646779085,0.8433975302831612,1.082104844684317,1.0820727254022837,1.0820852415441735,1.0821549892425537
20,0.640114217277912,0.1366493293558172,3.1012658227848102,1.0813519806173204,0.9838079291412581,1.0683246646779085,0.8433975302831612,1.0813561409198456,1.0813392808078586,1.0813543579464375,1.0814188718795776
20,0.640114217277912,0.1366493293558172,3.1645569620253164,1.0806406023091775,0.9848009913587742,1.0683246646779085,0.8433975302831612,1.0806383839165492,1.0806394539443251,1.080654221803381,1.0807205438613892
20,0.640114217277912,0.1366493293558172,3.227848101265823,1.0799624390084626,0.985733145439675,1.0683246646779085,0.8433975302831612,1.0799516782173721,1.0799709079694146,1.0799812394939203,1.0800583362579346
20,0.640114217277912,0.1366493293558172,3.2911392405063293,1.0793166918231425,0.9866081241204487,1.0683246646779085,0.8433975302831612,1.0792961960106915,1.0793316627167824,1.0793336380798104,1.0794306993484497
20,0.640114217277912,0.1366493293558172,3.3544303797468356,1.0787024636292017,0.9874294486858254,1.0683246646779085,0.8433975302831612,1.0786718081552242,1.0787200864965636,1.0787115694625238,1.0788360834121704
20,0.640114217277912,0.1366493293558172,3.417721518987342,1.0781187826182634,0.9882004022237607,1.0683246646779085,0.8433975302831612,1.0780782727672968,1.0781349985884536,1.0781166544582381,1.0782725811004639
20,0.640114217277912,0.1366493293558172,3.4810126582278484,1.0775646222903308,0.9889240642372161,1.0683246646779085,0.8433975302831612,1.0775153090158647,1.077575484754161,1.0775511494411152,1.0777382850646973
20,0.640114217277912,0.1366493293558172,3.5443037974683547,1.0770389183952525,0.9896033510121859,1.0683246646779085,0.8433975302831612,1.0769819883136047,1.077040930035194,1.0770171251484992,1.077231764793396
20,0.640114217277912,0.1366493293558172,3.607594936708861,1.07654058323015,0.9902409809491801,1.0683246646779085,0.8433975302831612,1.0764775932089434,1.0765309490575645,1.0765155768552421,1.0767467021942139
20,0.640114217277912,0.1366493293558172,3.670886075949367,1.0760685176214206,0.9908394946181026,1.0683246646779085,0.8433975302831612,1.0760010823721675,1.0760452220428562,1.076046213824404,1.0762884616851807
20,0.640114217277912,0.1366493293558172,3.7341772151898738,1.0756216209219414,0.9914013072501261,1.0683246646779085,0.8433975302831612,1.0755511889887839,1.0755835440049057,1.075607390091368,1.0758525133132935
20,0.640114217277912,0.1366493293558172,3.79746835443038,1.0751987992948677,0.9919286690408902,1.0683246646779085,0.8433975302831612,1.0751266831418085,1.0751456484616995,1.0751963978619619,1.0754375457763672
20,0.640114217277912,0.1366493293558172,3.8607594936708862,1.0747989725123828,0.9924236778465534,1.0683246646779085,0.8433975302831612,1.0747262590693767,1.0747312279339916,1.0748099414168635,1.075042724609375
20,0.640114217277912,0.1366493293558172,3.924050632911393,1.0744210794782107,0.9928883320092724,1.0683246646779085,0.8433975302831612,1.0743485987104546,1.0743399790422594,1.0744446703624502,1.074663758277893
20,0.640114217277912,0.1366493293558172,3.987341772151899,1.074064082656511,0.9933244932155842,1.0683246646779085,0.8433975302831612,1.0739925520926619,1.0739713647227533,1.0740975140181332,1.0743036270141602
20,0.640114217277912,0.1366493293558172,4.050632911392405,1.0737269715632756,0.9937338985047384,1.0683246646779085,0.8433975302831612,1.0736568810995681,1.0736248110142141,1.0737660585479702,1.0739597082138062
20,0.640114217277912,0.1366493293558172,4.113924050632912,1.0734087654566462,0.9941181965354013,1.0683246646779085,0.8433975302831612,1.073340609997033,1.073299625063408,1.0734486152557285,1.073630928993225
20,0.640114217277912,0.1366493293558172,4.177215189873418,1.073108515345022,0.9944789291458187,1.0683246646779085,0.8433975302831612,1.0730426667074189,1.0729949295295524,1.073144304635792,1.0733165740966797
20,0.640114217277912,0.1366493293558172,4.2405063291139244,1.072825305416375,0.9948175346135112,1.0683246646779085,0.8433975302831612,1.0727622968816424,1.0727099003682687,1.0728528418400227,1.0730159282684326
20,0.640114217277912,0.1366493293558172,4.30379746835443,1.0725582539784204,0.9951353730963459,1.0683246646779085,0.8433975302831612,1.072498842514117,1.0724435085490136,1.0725744852507744,1.0727262496948242
20,0.640114217277912,0.1366493293558172,4.367088607594937,1.0723065139873709,0.9954337215335001,1.0683246646779085,0.8433975302831612,1.0722517439926151,1.0721947127420741,1.0723097815606626,1.0724501609802246
20,0.640114217277912,0.1366493293558172,4.4303797468354436,1.0720692732326025,0.9957137708244818,1.0683246646779085,0.8433975302831612,1.0720205769957776,1.0719624634182907,1.0720594220268111,1.0721858739852905
20,0.640114217277912,0.1366493293558172,4.493670886075949,1.071845754235349,0.9959766431050937,1.0683246646779085,0.8433975302831612,1.0718049561496157,1.0717456495526545,1.0718240996050261,1.0719325542449951
20,0.640114217277912,0.1366493293558172,4.556962025316456,1.0716352139116923,0.9962233959242238,1.0683246646779085,0.8433975302831612,1.0716046559693495,1.0715431683196035,1.071604301739424,1.0716898441314697
20,0.640114217277912,0.1366493293558172,4.620253164556963,1.0714369430431339,0.9964550153490108,1.0683246646779085,0.8433975302831612,1.0714195760117582,1.0713539947883177,1.0714003931469986,1.071457862854004
20,0.640114217277912,0.1366493293558172,4.6835443037974684,1.0712502655918799,0.996672427140514,1.0683246646779085,0.8433975302831612,1.0712496650303012,1.0711770466318513,1.0712124156061298,1.0712368488311768
20,0.640114217277912,0.1366493293558172,4.746835443037975,1.0710745378923792,0.9968765071512576,1.0683246646779085,0.8433975302831612,1.0710948123324495,1.0710113809138502,1.0710402456845736,1.0710253715515137
20,0.640114217277912,0.1366493293558172,4.810126582278482,1.0709091477455495,0.9970680718482237,1.0683246646779085,0.8433975302831612,1.0709551388600405,1.0708561612907652,1.0708834763660378,1.0708234310150146
20,0.640114217277912,0.1366493293558172,4.8734177215189876,1.0707535134417256,0.9972478849789085,1.0683246646779085,0.8433975302831612,1.0708306261643188,1.070710502222368,1.070741513395641,1.0706313848495483
20,0.640114217277912,0.1366493293558172,4.936708860759494,1.0706070827307772,0.997416671908222,1.0683246646779085,0.8433975302831612,1.0707214054364298,1.0705737436532106,1.0706135960224845,1.0704487562179565
20,0.640114217277912,0.1366493293558172,5.0,1.0704693317565386,0.9975751086683856,1.0683246646779085,0.8433975302831612,1.0706275443218074,1.0704451763311655,1.0704988949459646,1.0702756643295288
24,1.289645178920228,0.1744039224615491,0.0,1.289645178920228,1.289645178920228,1.0872019612307746,,1.291454760267404,1.289765575882893,1.2896629690762862,1.2896451950073242
24,1.289645178920228,0.1744039224615491,0.06329113924050633,1.3324503133021575,1.2718814673268646,1.0872019612307746,,1.3333684288053709,1.3329790862849638,1.3322838645060104,1.3273967504501343
24,1.289645178920228,0.1744039224615491,0.12658227848101267,1.3660645358552053,1.255207030641821,1.0872019612307746,,1.3665024251480449,1.3662915353825476,1.366074827756484,1.3595703840255737
24,1.289645178920228,0.1744039224615491,0.189873417721519,1.391832172231894,1.2395550838273697,1.0872019612307746,,1.391999112588918,1.3913870730999687,1.3918552164223683,1.3858006000518799
24,1.289645178920228,0.1744039224615491,0.25316455696202533,1.4109222830202148,1.2248633097969035,1.0872019612307746,,1.4109383582398096,1.4099968321903336,1.4109502931598004,1.4060152769088745
24,1.289645178920228,0.1744039224615491,0.31645569620253167,1.424350448573369,1.211072508557733,1.0872019612307746,,1.4243074246631013,1.4233920056514693,1.4243986536406874,1.420540452003479
24,1.289645178920228,0.1744039224615491,0.379746835443038,1.4329979056568107,1.19812736907922,1.0872019612307746,,1.432979192141678,1.4323762048417297,1.4330374102814973,1.4300817251205444
24,1.289645178920228,0.1744039224615491,0.44303797468354433,1.437628354323399,1.1859762924657762,1.0872019612307746,,1.4377067634430891,1.4374405438122118,1.4376342354568772,1.4355101585388184
24,1.289645178920228,0.1744039224615491,0.5063291139240507,1.4389027153533123,1.1745704381368394,1.0872019612307746,,1.4391294658144331,1.4389513738351718,1.4388866120667032,1.4374628067016602
24,1.289645178920228,0.1744039224615491,0.569620253164557,1.4373920850611641,1.1638639978784187,1.0872019612307746,,1.437786101287994,1.4373245380422952,1.4373846863586477,1.4363017082214355
24,1.289645178920228,0.1744039224615491,0.6329113924050633,1.4335891047522962,1.1538142475851945,1.0872019612307746,,1.434132985463673,1.43312346960333,1.4336068149792167,1.4324721097946167
24,1.289645178920228,0.1744039224615491,0.6962025316455697,1.427917936084507,1.1443808935192419,1.0872019612307746,,1.4285626422471422,1.4270159314460402,1.4279509673008155,1.4266047477722168
24,1.289645178920228,0.1744039224615491,0.759493670886076,1.420743010681519,1.1355259977179906,1.0872019612307746,,1.421420629114184,1.4196148813973901,1.4207721190677125,1.4192777872085571
24,1.289645178920228,0.1744039224615491,0.8227848101265823,1.4123767021748528,1.1272141844966281,1.0872019612307746,,1.4130170491336589,1.411329275053956,1.412397730700446,1.4109160900115967
24,1.289645178920228,0.1744039224615491,0.8860759493670887,1.4030860510802963,1.1194122114941738,1.0872019612307746,,1.4036324873668162,1.4023393362511043,1.4031143111486508,1.401739478111267
24,1.289645178920228,0.1744039224615491,0.949367088607595,1.3930986572702078,1.112088658891066,1.0872019612307746,,1.3935183388451544,1.3926912442718558,1.393149390837259,1.3918390274047852
24,1.289645178920228,0.1744039224615491,1.0126582278481013,1.3826078410236127,1.1052142355628385,1.0872019612307746,,1.3828944143320268,1.382421175074428,1.382676667706039,1.3813095092773438
24,1.289645178920228,0.1744039224615491,1.0759493670886076,1.3717771615142902,1.0987615166937286,1.0872019612307746,,1.3719461689097048,1.3716318677242054,1.3718432962004803,1.370330810546875
24,1.289645178920228,0.1744039224615491,1.139240506329114,1.3607443709052383,1.0927044807786368,1.0872019612307746,,1.3608241444170115,1.3604985935908334,1.3607925690657676,1.3591092824935913
24,1.289645178920228,0.1744039224615491,1.2025316455696204,1.3496248728219873,1.0870188747573588,1.0872019612307746,,1.349646626070007,1.349226289641607,1.3496616254490765,1.3478153944015503
24,1.289645178920228,0.1744039224615491,1.2658227848101267,1.3385147457010582,1.08168207339412,1.0872019612307746,,1.3385046441243893,1.337994080986054,1.338561313048004,1.3365637063980103
24,1.289645178920228,0.1744039224615491,1.3291139240506329,1.3274933842171197,1.0766725260486667,1.0872019612307746,,1.3274677134880852,1.326919498491151,1.3275649249990973,1.3254512548446655
24,1.289645178920228,0.1744039224615491,1.3924050632911393,1.3166258055447322,1.0719701682909406,1.0872019612307746,,1.3165903932784986,1.3160574784488435,1.31671818498297,1.3145275115966797
24,1.289645178920228,0.1744039224615491,1.4556962025316458,1.3059646616415779,1.0675562833633783,1.0872019612307746,,1.3059163865457886,1.3054250757079737,1.306058827951292,1.3038383722305298
24,1.289645178920228,0.1744039224615491,1.518987341772152,1.295551993726681,1.0634130746113803,1.0872019612307746,,1.2954829515751196,1.2950336219036869,1.2956284603080126,1.2934231758117676
24,1.289645178920228,0.1744039224615491,1.5822784810126582,1.2854207606718533,1.0595239304676165,1.0872019612307746,,1.2853223613881475,1.2849079121623768,1.285471443237063,1.2833025455474854
24,1.289645178920228,0.1744039224615491,1.6455696202531647,1.2755961693341513,1.055873353346669,1.0872019612307746,,1.2754631992555772,1.2750852867636733,1.2756264744289854,1.2735013961791992
24,1.289645178920228,0.1744039224615491,1.708860759493671,1.2660968313702021,1.052446660810966,1.0872019612307746,,1.265929604348078,1.2656009213333144,1.2661189803651782,1.2640390396118164
24,1.289645178920228,0.1744039224615491,1.7721518987341773,1.2569357680384012,1.049230095268319,1.0872019612307746,,1.2567407961683847,1.256474937313156,1.2569603675897345,1.2549210786819458
24,1.289645178920228,0.1744039224615491,1.8354430379746836,1.2481212820578036,1.0462108246458721,1.0872019612307746,,1.2479099266287776,1.2477094665593034,1.2481520211945125,1.2461546659469604
24,1.289645178920228,0.1744039224615491,1.89873417721519,1.2396577130557591,1.0433767358388564,1.0872019612307746,,1.2394432437075347,1.2392956044727934,1.2396908354129983,1.2377458810806274
24,1.289645178920228,0.1744039224615491,1.9620253164556964,1.2315460912809275,1.0407164349225437,1.0872019612307746,,1.2313403210334348,1.2312234297232898,1.2315736980846128,1.2296937704086304
24,1.289645178920228,0.1744039224615491,2.0253164556962027,1.2237847024192843,1.0382192968989707,1.0872019612307746,,1.223594992622666,1.2234875470749569,1.223799392148308,1.2219992876052856
24,1.289645178920228,0.1744039224615491,2.088607594936709,1.2163695747161472,1.0358753284343125,1.0872019612307746,,1.2161967959814184,1.2160872513753902,1.2163678329555,1.2146555185317993
24,1.289645178920228,0.1744039224615491,2.151898734177215,1.2092948983306633,1.0336750931956393,1.0872019612307746,,1.2091332187542432,1.2090230017935972,1.209278286974777,1.207658052444458
24,1.289645178920228,0.1744039224615491,2.2151898734177218,1.2025533855784525,1.031609793663912,1.0872019612307746,,1.2023910844305203,1.202292846861297,1.2025274465238478,1.2009965181350708
24,1.289645178920228,0.1744039224615491,2.278481012658228,1.1961365796453056,1.029671185366447,1.0872019612307746,,1.1959582988265751,1.195890882976967,1.1961082321363388,1.1946661472320557
24,1.289645178920228,0.1744039224615491,2.3417721518987342,1.1900351184379743,1.02785145324504,1.0872019612307746,,1.1898244322463845,1.189807451192561,1.1900096168112118,1.1886537075042725
24,1.289645178920228,0.1744039224615491,2.405063291139241,1.1842389594082467,1.0261433129484008,1.0872019612307746,,1.1839812524456033,1.184030621313335,1.1842178473463543,1.1829512119293213
24,1.289645178920228,0.1744039224615491,2.468354430379747,1.1787375704587553,1.0245399628482037,1.0872019612307746,,1.17842201947916,1.1785476350004438,1.1787181489737693,1.1775468587875366
24,1.289645178920228,0.1744039224615491,2.5316455696202533,1.1735200914039265,1.0230349306207966,1.0872019612307746,,1.173141075728929,1.1733457503139344,1.173496442082992,1.1724292039871216
24,1.289645178920228,0.1744039224615491,2.5949367088607596,1.1685754699010202,1.0216221882492382,1.0872019612307746,,1.168133050557414,1.1684125655908866,1.168540970709394,1.167584776878357
24,1.289645178920228,0.1744039224615491,2.6582278481012658,1.1638925752758398,1.0202961142100448,1.0872019612307746,,1.163392179753684,1.163736093240431,1.1638426591879778,1.163003921508789
24,1.289645178920228,0.1744039224615491,2.7215189873417724,1.1594602932345461,1.0190513584887866,1.0872019612307746,,1.158911600380969,1.1593047023476235,1.1593944508722644,1.1586737632751465
24,1.289645178920228,0.1744039224615491,2.7848101265822787,1.1552676040732528,1.0178829321322123,1.0872019612307746,,1.1546833507766607,1.1551071268728923,1.1551901652323735,1.1545823812484741
24,1.289645178920228,0.1744039224615491,2.848101265822785,1.1513036466767783,1.0167861804837441,1.0872019612307746,,1.1506980753722351,1.1511324492531443,1.1512228523449115,1.1507185697555542
24,1.289645178920228,0.1744039224615491,2.9113924050632916,1.147557770297217,1.0157566897170571,1.0872019612307746,,1.1469454264661345,1.147370403781287,1.1474835671221708,1.1470705270767212
24,1.289645178920228,0.1744039224615491,2.9746835443037978,1.14401957583459,1.0147903280102033,1.0872019612307746,,1.1434140478248749,1.1438113684067839,1.1439608709043871,1.1436266899108887
24,1.289645178920228,0.1744039224615491,3.037974683544304,1.1406789481461743,1.0138832412850296,1.0872019612307746,,1.1400922552371098,1.140446528724584,1.1406412175784617,1.1403800249099731
24,1.289645178920228,0.1744039224615491,3.1012658227848102,1.1375260807083518,1.0130317881009216,1.0872019612307746,,1.1369681349069887,1.1372677795817638,1.1375100064689905,1.137315273284912
24,1.289645178920228,0.1744039224615491,3.1645569620253164,1.1345514937436236,1.0122325465151762,1.0872019612307746,,1.13403002107192,1.134267606185552,1.1345529892500765,1.1344239711761475
24,1.289645178920228,0.1744039224615491,3.227848101265823,1.1317460468512732,1.0114823253380487,1.0872019612307746,,1.1312664960025705,1.1314389898096937,1.1317575606634478,1.131696343421936
24,1.289645178920228,0.1744039224615491,3.2911392405063293,1.1291009469605227,1.0107781203688353,1.0872019612307746,,1.1286668286732557,1.128775137212715,1.1291135997505604,1.1291266679763794
24,1.289645178920228,0.1744039224615491,3.3544303797468356,1.126607752389863,1.0101170975885168,1.0872019612307746,,1.126220868169136,1.1262693289481611,1.126613567502002,1.1267017126083374
24,1.289645178920228,0.1744039224615491,3.417721518987342,1.1242583736326222,1.0094966146848994,1.0872019612307746,,1.1239191523288818,1.1239147717745577,1.1242520828188167,1.1244146823883057
24,1.289645178920228,0.1744039224615491,3.4810126582278484,1.1220450714431671,1.008914193196121,1.0872019612307746,,1.12175281345104,1.1217045822565184,1.1220250321425682,1.1222580671310425
24,1.289645178920228,0.1744039224615491,3.5443037974683547,1.1199604526982336,1.008367486021449,1.0872019612307746,,1.1197137299837936,1.11963164327443,1.1199285395572265,1.1202243566513062
24,1.289645178920228,0.1744039224615491,3.607594936708861,1.1179974644521067,1.0078543053234257,1.0872019612307746,,1.1177942395443337,1.1176886685950942,1.1179582016694753,1.118301510810852
24,1.289645178920228,0.1744039224615491,3.670886075949367,1.1161493865367553,1.0073726063871453,1.0872019612307746,,1.1159871963149834,1.1158683873592745,1.1161085237106374,1.116490125656128
24,1.289645178920228,0.1744039224615491,3.7341772151898738,1.1144098230149726,1.006920445373478,1.0872019612307746,,1.1142859013479047,1.1141633165470555,1.1143728118860337,1.1147809028625488
24,1.289645178920228,0.1744039224615491,3.79746835443038,1.1127726927498212,1.006496011268057,1.0872019612307746,,1.1126841476620521,1.1125660807562567,1.11274354051877,1.1131678819656372
24,1.289645178920228,0.1744039224615491,3.8607594936708862,1.1112322193080277,1.0060976156632047,1.0872019612307746,,1.1111760193567335,1.1110694603741835,1.111212766956771,1.1116455793380737
24,1.289645178920228,0.1744039224615491,3.924050632911393,1.1097829203884773,1.005723650242621,1.0872019612307746,,1.109755897761194,1.1096663628795622,1.1097725468845114,1.1102102994918823
24,1.289645178920228,0.1744039224615491,3.987341772151899,1.1084195969313162,1.0053726166739014,1.0872019612307746,,1.108418496282265,1.10834989663756,1.10841558555223,1.1088542938232422
24,1.289645178920228,0.1744039224615491,4.050632911392405,1.1071373220473344,1.0050431169439293,1.0872019612307746,,1.1071589362492438,1.1071135471878857,1.1071354815512922,1.1075743436813354
24,1.289645178920228,0.1744039224615491,4.113924050632912,1.1059314298770409,1.0047338241705168,1.0872019612307746,,1.1059725111798056,1.1059511157489406,1.1059268284335568,1.1063660383224487
24,1.289645178920228,0.1744039224615491,4.177215189873418,1.1047975044727834,1.0044434974432523,1.0872019612307746,,1.104854811821563,1.1048567479158817,1.1047853113070525,1.105225682258606
24,1.289645178920228,0.1744039224615491,4.2405063291139244,1.1037313687811152,1.0041709792000146,1.0872019612307746,,1.1038016318584316,1.1038249623586844,1.1037075734047654,1.104149580001831
24,1.289645178920228,0.1744039224615491,4.30379746835443,1.102729073788503,1.003915174751356,1.0872019612307746,,1.1028091359992833,1.1028506836199286,1.102690966695502,1.1031317710876465
24,1.289645178920228,0.1744039224615491,4.367088607594937,1.1017868878813242,1.0036750563843344,1.0872019612307746,,1.1018736139945502,1.1019292626134152,1.1017333679516157,1.1021723747253418
24,1.289645178920228,0.1744039224615491,4.4303797468354436,1.1009012864607064,1.0034496656329113,1.0872019612307746,,1.1009916077276458,1.1010564643249967,1.1008330175097463,1.1012670993804932
24,1.289645178920228,0.1744039224615491,4.493670886075949,1.100068941843788,1.0032380993738197,1.0872019612307746,,1.100159946062614,1.100228398117281,1.0999882355757535,1.1004130840301514
24,1.289645178920228,0.1744039224615491,4.556962025316456,1.0992867134751008,1.0030395064649766,1.0872019612307746,,1.0993755665061642,1.0994415833252031,1.0991973125818535,1.0996075868606567
24,1.289645178920228,0.1744039224615491,4.620253164556963,1.0985516384647072,1.002853093294615,1.0872019612307746,,1.098635664847574,1.0986929533557508,1.0984584411564025,1.098848581314087
24,1.289645178920228,0.1744039224615491,4.6835443037974684,1.0978609224673672,1.002678114786804,1.0872019612307746,,1.0979376213636673,1.097979785992666,1.0977696744274876,1.0981354713439941
24,1.289645178920228,0.1744039224615491,4.746835443037975,1.0972119309179522,1.0025138660332331,1.0872019612307746,,1.0972789413728286,1.0972996746983839,1.0971288358998814,1.0974632501602173
24,1.289645178920228,0.1744039224615491,4.810126582278482,1.0966021806088533,1.002359689920694,1.0872019612307746,,1.0966572962322354,1.0966505942096043,1.0965336497147669,1.0968310832977295
24,1.289645178920228,0.1744039224615491,4.8734177215189876,1.096029331625916,1.0022149717659097,1.0872019612307746,,1.096070605332323,1.0960307857450402,1.0959816698807037,1.0962375402450562
24,1.289645178920228,0.1744039224615491,4.936708860759494,1.095491179622231,1.0020791277768912,1.0872019612307746,,1.0955168372602069,1.0954387857034809,1.0954704240691593,1.0956809520721436
24,1.289645178920228,0.1744039224615491,5.0,1.0949856484360645,1.0019516138656448,1.0872019612307746,,1.0949940323481588,1.094873458461578,1.0949973570233533,1.0951597690582275
25,0.5509041195819977,0.027944085327270204,0.0,0.5509041195819977,0.5509041195819977,1.0139720426636352,,0.5486738332200837,0.5508163158081621,0.5509217355279842,0.5509040951728821
25,0.5509041195819977,0.027944085327270204,0.06329113924050633,0.5881518505728516,0.5784468176073984,1.0139720426636352,,0.5877124806143916,0.5886014974081037,0.588135791589156,0.5869453549385071
25,0.5509041195819977,0.027944085327270204,0.12658227848101267,0.6220631896751363,0.6043005910120186,1.0139720426636352,,0.6224022071493825,0.6221064695108929,0.6220785418035484,0.6202735304832458
25,0.5509041195819977,0.027944085327270204,0.189873417721519,0.6529678376688342,0.6285689902344612,1.0139720426636352,,0.6535168109957217,0.6528291070139258,0.6529863320875176,0.650973379611969
25,0.5509041195819977,0.027944085327270204,0.25316455696202533,0.6811604029842523,0.6513486381392231,1.0139720426636352,,0.6816469474857325,0.6810775123211037,0.6811727936918861,0.6791670918464661
25,0.5509041195819977,0.027944085327270204,0.31645569620253167,0.70690432215157,0.6727313245255915,1.0139720426636352,,0.7072597226909879,0.7068557851557057,0.7069097082327246,0.7050192952156067
25,0.5509041195819977,0.027944085327270204,0.379746835443038,0.7304353295653765,0.6928028093433571,1.0139720426636352,,0.7307106646142856,0.7303520536195814,0.7304324784350285,0.7287166714668274
25,0.5509041195819977,0.027944085327270204,0.44303797468354433,0.7519645292064261,0.7116430968637097,1.0139720426636352,,0.7522519882317802,0.7518530359600057,0.7519554739951405,0.7504473328590393
25,0.5509041195819977,0.027944085327270204,0.5063291139240507,0.7716811147572477,0.7293279145805756,1.0139720426636352,,0.7720532253005254,0.7715720489786575,0.7716726983274051,0.7703835368156433
25,0.5509041195819977,0.027944085327270204,0.569620253164557,0.789754779081735,0.7459282882927246,1.0139720426636352,,0.7902321526708946,0.7896377911887265,0.7897535907292978,0.7886824607849121
25,0.5509041195819977,0.027944085327270204,0.6329113924050633,0.8063378492188816,0.7615104618774601,1.0139720426636352,,0.806887458881672,0.8061690561719593,0.8063446136920687,0.8054909110069275
25,0.5509041195819977,0.027944085327270204,0.6962025316455697,0.8215671787907544,0.7761369109187902,1.0139720426636352,,0.8221230801174393,0.8213201903103826,0.8215768882094365,0.8209450244903564
25,0.5509041195819977,0.027944085327270204,0.759493670886076,0.8355658259770758,0.7898664583626573,1.0139720426636352,,0.8360576623699049,0.8352639887407807,0.8355727490335003,0.835160493850708
25,0.5509041195819977,0.027944085327270204,0.8227848101265823,0.8484445419038873,0.802753954334223,1.0139720426636352,,0.8488215112437845,0.8481482382879324,0.8484470461815364,0.8482251167297363
25,0.5509041195819977,0.027944085327270204,0.8860759493670887,0.8603030913791933,0.8148509412324578,1.0139720426636352,,0.8605458998784875,0.8600727590142474,0.8603042588187398,0.8602114915847778
25,0.5509041195819977,0.027944085327270204,0.949367088607595,0.8712314253380434,0.8262061355993782,1.0139720426636352,,0.8713515569251485,0.8710968985139194,0.871234988400025,0.8711934089660645
25,0.5509041195819977,0.027944085327270204,1.0126582278481013,0.881310722092402,0.8368649534276793,1.0139720426636352,,0.8813405654934271,0.8812624903632924,0.8813163000621222,0.8812549710273743
25,0.5509041195819977,0.027944085327270204,1.0759493670886076,0.890614312481547,0.8468699169917736,1.0139720426636352,,0.890594214896509,0.8906152054797001,0.8906176494866088,0.890483021736145
25,0.5509041195819977,0.027944085327270204,1.139240506329114,0.8992085022549192,0.8562613727278978,1.0139720426636352,,0.8991750833105325,0.8992136043104666,0.8992063060374709,0.8989678025245667
25,0.5509041195819977,0.027944085327270204,1.2025316455696204,0.9071533034607117,0.8650769250921884,1.0139720426636352,,0.9071320886336685,0.9071254634808488,0.9071464407984751,0.9067925214767456
25,0.5509041195819977,0.027944085327270204,1.2658227848101267,0.9145030852449134,0.8733516545932112,1.0139720426636352,,0.9145060313119946,0.914420478286598,0.9144955025900764,0.9140380024909973
25,0.5509041195819977,0.027944085327270204,1.3291139240506329,0.9213071532524337,0.8811189755753501,1.0139720426636352,,0.9213339564450642,0.9211643098957586,0.9213026353589753,0.9207710027694702
25,0.5509041195819977,0.027944085327270204,1.3924050632911393,0.9276102657546638,0.8884099980087914,1.0139720426636352,,0.9276519415977369,0.9274144036309229,0.9276095712726586,0.927043616771698
25,0.5509041195819977,0.027944085327270204,1.4556962025316458,0.9334530936759606,0.895253742292737,1.0139720426636352,,0.9334963923127348,0.9332195625980101,0.9334541727369606,0.9329012632369995
25,0.5509041195819977,0.027944085327270204,1.518987341772152,0.9388726308658164,0.9016778022034557,1.0139720426636352,,0.9389035009471691,0.93862091522096,0.9388731886073131,0.9383681416511536
25,0.5509041195819977,0.027944085327270204,1.5822784810126582,0.9439025602462009,0.9077079340351906,1.0139720426636352,,0.9439090662847165,0.9436527187874961,0.9439016717292282,0.9434662461280823
25,0.5509041195819977,0.027944085327270204,1.6455696202531647,0.9485735807684081,0.9133681668492792,1.0139720426636352,,0.9485473456131004,0.9483434745738576,0.9485718120086838,0.9482203125953674
25,0.5509041195819977,0.027944085327270204,1.708860759493671,0.9529136995940306,0.9186812658174003,1.0139720426636352,,0.9528504315661526,0.9527170101717447,0.952912413380406,0.9526469707489014
25,0.5509041195819977,0.027944085327270204,1.7721518987341773,0.9569484933749682,0.9236685621352021,1.0139720426636352,,0.9568479077470581,0.9567934634219064,0.9569487224115728,0.9567659497261047
25,0.5509041195819977,0.027944085327270204,1.8354430379746836,0.960701342070572,0.9283499519772931,1.0139720426636352,,0.9605663567615611,0.9605902007521546,0.9607030311331081,0.9605963230133057
25,0.5509041195819977,0.027944085327270204,1.89873417721519,0.9641936383456322,0.9327442167557154,1.0139720426636352,,0.9640294586113239,0.9641229650998827,0.964195826154407,0.9641550183296204
25,0.5509041195819977,0.027944085327270204,1.9620253164556964,0.9674449752556349,0.9368690227913034,1.0139720426636352,,0.9672585646551863,0.967406974637904,0.9674463692872785,0.9674599766731262
25,0.5509041195819977,0.027944085327270204,2.0253164556962027,0.9704733145855787,0.9407408441811939,1.0139720426636352,,0.9702722220412645,0.9704572507523148,0.9704728313116876,0.9705334305763245
25,0.5509041195819977,0.027944085327270204,2.088607594936709,0.9732951379798046,0.9443751756250351,1.0139720426636352,,0.9730869772527148,0.9732892985965579,0.9732923882184695,0.973386287689209
25,0.5509041195819977,0.027944085327270204,2.151898734177215,0.9759255827293506,0.9477866481906131,1.0139720426636352,,0.9757176548889156,0.9759192136842287,0.9759210933285511,0.9760361313819885
25,0.5509041195819977,0.027944085327270204,2.2151898734177218,0.9783785638762403,0.9509889024624973,1.0139720426636352,,0.9781773494660218,0.9783632227200676,0.9783734566904875,0.9785023331642151
25,0.5509041195819977,0.027944085327270204,2.278481012658228,0.9806668841157572,0.9539947215249149,1.0139720426636352,,0.9804779583809904,0.9806374212176697,0.9806624231644787,0.9807935357093811
25,0.5509041195819977,0.027944085327270204,2.3417721518987342,0.982802332804193,0.9568162226534157,1.0139720426636352,,0.9826302639060465,0.9827572815326919,0.9827995759033777,0.9829253554344177
25,0.5509041195819977,0.027944085327270204,2.405063291139241,0.9847957752337144,0.9594647002605913,1.0139720426636352,,0.9846441873715265,0.9847371116993796,0.9847951410743825,0.9849095344543457
25,0.5509041195819977,0.027944085327270204,2.468354430379747,0.9866572332065885,0.9619507002953591,1.0139720426636352,,0.9865287645675385,0.9865897028543649,0.986658364196472,0.9867573380470276
25,0.5509041195819977,0.027944085327270204,2.5316455696202533,0.9883959578259541,0.96428425811857,1.0139720426636352,,0.9882925393173967,0.9883261242505024,0.9883980345625253,0.9884794354438782
25,0.5509041195819977,0.027944085327270204,2.5949367088607596,0.990020495318283,0.9664747201919404,1.0139720426636352,,0.9899432518986531,0.9899556658607434,0.9900225247036025,0.9900851249694824
25,0.5509041195819977,0.027944085327270204,2.6582278481012658,0.9915387466125152,0.9685308027076327,1.0139720426636352,,0.9914882080181915,0.9914858793753687,0.9915399086201991,0.9915833473205566
25,0.5509041195819977,0.027944085327270204,2.7215189873417724,0.9929580213215832,0.9704608008820459,1.0139720426636352,,0.9929342296155491,0.9929230455704426,0.9929580708666284,0.9929824471473694
25,0.5509041195819977,0.027944085327270204,2.7848101265822787,0.9942850867023695,0.9722724501049456,1.0139720426636352,,0.994287507272878,0.9942721169116867,0.994284374485932,0.99428790807724
25,0.5509041195819977,0.027944085327270204,2.848101265822785,0.9955262121003606,0.9739729674379309,1.0139720426636352,,0.9955538953950211,0.9955372833162927,0.9955255050368662,0.9955089688301086
25,0.5509041195819977,0.027944085327270204,2.9113924050632916,0.9966872093375648,0.9755691965344175,1.0139720426636352,,0.9967387564200284,0.9967222591335517,0.9966874501356119,0.9966508746147156
25,0.5509041195819977,0.027944085327270204,2.9746835443037978,0.9977734694600688,0.9770675437990133,1.0139720426636352,,0.9978471330075332,0.9978304143359995,0.9977753927150443,0.9977189302444458
25,0.5509041195819977,0.027944085327270204,3.037974683544304,0.9987899961921946,0.9784739849936489,1.0139720426636352,,0.9988836332465021,0.9988650860983856,0.9987938116181198,0.9987198114395142
25,0.5509041195819977,0.027944085327270204,3.1012658227848102,0.9997414364262028,0.9797941661849039,1.0139720426636352,,0.9998525946441644,0.9998297017893717,0.999746750215845,0.9996568560600281
25,0.5509041195819977,0.027944085327270204,3.1645569620253164,1.0006321080568599,0.9810333931071636,1.0139720426636352,,1.00075785454151,1.0007277379742987,1.0006379911250929,1.0005348920822144
25,0.5509041195819977,0.027944085327270204,3.227848101265823,1.0014660253771437,0.9821966137114289,1.0139720426636352,,1.001603233880635,1.0015629172019045,1.0014712267319221,1.0013585090637207
25,0.5509041195819977,0.027944085327270204,3.2911392405063293,1.0022469223242312,0.9832884860216401,1.0139720426636352,,1.0023921026340759,1.0023389620209269,1.0022501968015105,1.0021307468414307
25,0.5509041195819977,0.027944085327270204,3.3544303797468356,1.002978273721898,0.9843134041942972,1.0139720426636352,,1.0031277241815624,1.0030597261712486,1.002978723052299,1.0028554201126099
25,0.5509041195819977,0.027944085327270204,3.417721518987342,1.0036633147612128,0.9852754651439197,1.0139720426636352,,1.0038131405177682,1.0037290797916454,1.0036605644376648,1.0035353899002075
25,0.5509041195819977,0.027944085327270204,3.4810126582278484,1.004305058849478,0.986178511734433,1.0139720426636352,,1.00445114765397,1.0043507946275345,1.004299334584324,1.0041736364364624
25,0.5509041195819977,0.027944085327270204,3.5443037974683547,1.004906313983491,0.9870261831538188,1.0139720426636352,,1.005044639994803,1.0049285604298672,1.0048983897360466,1.0047727823257446
25,0.5509041195819977,0.027944085327270204,3.607594936708861,1.0054696978060145,0.987821871651899,1.0139720426636352,,1.005596151169254,1.005466001354023,1.0054606689079437,1.0053377151489258
25,0.5509041195819977,0.027944085327270204,3.670886075949367,1.005997651433643,0.9885687475664099,1.0139720426636352,,1.0061083213991147,1.005966380779732,1.0059886809246628,1.0058674812316895
25,0.5509041195819977,0.027944085327270204,3.7341772151898738,1.0064924521814562,0.9892698248268229,1.0139720426636352,,1.0065836187177999,1.006432978485618,1.0064845725440623,1.006365418434143
25,0.5509041195819977,0.027944085327270204,3.79746835443038,1.006956225284479,0.9899279114173156,1.0139720426636352,,1.0070245275576166,1.0068687216741026,1.006950144416527,1.0068339109420776
25,0.5509041195819977,0.027944085327270204,3.8607594936708862,1.007390954703488,0.9905456252200354,1.0139720426636352,,1.007433409359174,1.0072764063564623,1.0073869363543584,1.0072747468948364
25,0.5509041195819977,0.027944085327270204,3.924050632911393,1.007798493088018,0.9911254599351381,1.0139720426636352,,1.0078127075575463,1.007658615358363,1.0077963954261129,1.0076863765716553
25,0.5509041195819977,0.027944085327270204,3.987341772151899,1.0081805709747638,0.9916697387323468,1.0139720426636352,,1.0081647343966635,1.0080178003143263,1.0081798937945778,1.00807523727417
25,0.5509041195819977,0.027944085327270204,4.050632911392405,1.0085388052862168,0.9921806292359676,1.0139720426636352,,1.0084918513171344,1.008356191473816,1.0085387895492297,1.0084409713745117
25,0.5509041195819977,0.027944085327270204,4.113924050632912,1.0088747071881703,0.9926601887815506,1.0139720426636352,,1.0087963295656561,1.0086759534907235,1.0088744968515069,1.008785367012024
25,0.5509041195819977,0.027944085327270204,4.177215189873418,1.0091896893595114,0.9931103414051009,1.0139720426636352,,1.0090806043778564,1.0089790296338836,1.009188455064458,1.0091091394424438
25,0.5509041195819977,0.027944085327270204,4.2405063291139244,1.0094850727229154,0.9935328819108039,1.0139720426636352,,1.0093467748120544,1.009267354972684,1.0094821184112728,1.0094141960144043
25,0.5509041195819977,0.027944085327270204,4.30379746835443,1.0097620926806328,0.9939295076185426,1.0139720426636352,,1.0095972515055385,1.0095426759892419,1.0097569484249902,1.009698510169983
25,0.5509041195819977,0.027944085327270204,4.367088607594937,1.0100219048955072,0.9943018120008901,1.0139720426636352,,1.009834108918288,1.0098067555645673,1.0100143695976123,1.0099674463272095
25,0.5509041195819977,0.027944085327270204,4.4303797468354436,1.0102655906537001,0.9946512811628548,1.0139720426636352,,1.0100595854992138,1.0100611679923996,1.0102557449010183,1.0102201700210571
25,0.5509041195819977,0.027944085327270204,4.493670886075949,1.010494161842283,0.9949793154002906,1.0139720426636352,,1.0102758213038676,1.010307454768692,1.01048235673764,1.0104577541351318
25,0.5509041195819977,0.027944085327270204,4.556962025316456,1.0107085655719468,0.9952872344120477,1.0139720426636352,,1.0104847596010837,1.0105471409905045,1.0106953885739292,1.0106807947158813
25,0.5509041195819977,0.027944085327270204,4.620253164556963,1.0109096884725541,0.9955762686960048,1.0139720426636352,,1.0106884420530557,1.0107815057715002,1.0108959097867551,1.0108906030654907
25,0.5509041195819977,0.027944085327270204,4.6835443037974684,1.0110983606871538,0.9958475734949739,1.0139720426636352,,1.0108887955297248,1.0110120004137202,1.0110848882993815,1.0110889673233032
25,0.5509041195819977,0.027944085327270204,4.746835443037975,1.0112753595884503,0.9961022417716043,1.0139720426636352,,1.011087525515975,1.011239781039129,1.0112631825975413,1.0112745761871338
25,0.5509041195819977,0.027944085327270204,4.810126582278482,1.0114414132385352,0.9963412923825118,1.0139720426636352,,1.0112863948928168,1.0114660775647106,1.0114315495524686,1.0114492177963257
25,0.5509041195819977,0.027944085327270204,4.8734177215189876,1.0115972036015635,0.9965656783963883,1.0139720426636352,,1.0114869779539895,1.0116919641179642,1.0115906605985698,1.0116132497787476
25,0.5509041195819977,0.027944085327270204,4.936708860759494,1.0117433695430862,0.9967763049849245,1.0139720426636352,,1.0116907505998736,1.0119184574302633,1.0117411104548586,1.0117676258087158
25,0.5509041195819977,0.027944085327270204,5.0,1.011880509623928,0.9969740157578629,1.0139720426636352,,1.0118990821380442,1.012146500437962,1.011883429658546,1.0119127035140991
40,0.4367850866854545,0.13945583950687823,0.0,0.4367850866854545,0.4367850866854545,1.069727919753439,1.7441768812155096,0.43703515413635285,0.43743653344430866,0.43678992448095894,0.4367850720882416
40,0.4367850866854545,0.13945583950687823,0.06329113924050633,0.5197588243093048,0.4713266154707694,1.069727919753439,1.7441768812155096,0.5200952198010821,0.5203724266903486,0.5196817200734807,0.5156924724578857
40,0.4367850866854545,0.13945583950687823,0.12658227848101267,0.5923937850824492,0.5037500497124391,1.069727919753439,1.7441768812155096,0.5924737680400535,0.5922646165572267,0.5924340484099795,0.5872275829315186
40,0.4367850866854545,0.13945583950687823,0.189873417721519,0.6559482621959768,0.5341852528847095,1.069727919753439,1.7441768812155096,0.6559539160975578,0.6562667085848903,0.6559646155985331,0.6513094902038574
40,0.4367850866854545,0.13945583950687823,0.25316455696202533,0.7115291594182586,0.5627534005329898,1.069727919753439,1.7441768812155096,0.7115915887014622,0.7125119601788159,0.711530660166568,0.708073079586029
40,0.4367850866854545,0.13945583950687823,0.31645569620253167,0.7601101002937684,0.5895696070150461,1.069727919753439,1.7441768812155096,0.7601983670721757,0.7609585213637667,0.7601255212350189,0.7579434514045715
40,0.4367850866854545,0.13945583950687823,0.379746835443038,0.8025473774619326,0.614741424603775,1.069727919753439,1.7441768812155096,0.802556609602571,0.8030974450976022,0.8025655863642037,0.8015329837799072
40,0.4367850866854545,0.13945583950687823,0.44303797468354433,0.8395939992807812,0.6383691873272264,1.069727919753439,1.7441768812155096,0.839449347040139,0.8401085169479094,0.8396013875367464,0.83949875831604
40,0.4367850866854545,0.13945583950687823,0.5063291139240507,0.8719120604696298,0.6605478656711851,1.069727919753439,1.7441768812155096,0.8716163334534316,0.8724565307423315,0.8719187433019168,0.8724521994590759
40,0.4367850866854545,0.13945583950687823,0.569620253164557,0.9000836363648762,0.6813665336860747,1.069727919753439,1.7441768812155096,0.8997070142066006,0.9005532954848473,0.9001081137596297,0.900951087474823
40,0.4367850866854545,0.13945583950687823,0.6329113924050633,0.9246203766604405,0.7009082683744676,1.069727919753439,1.7441768812155096,0.9242565507776582,0.9249526345938374,0.9246631925016416,0.9255281090736389
40,0.4367850866854545,0.13945583950687823,0.6962025316455697,0.9459719535939612,0.7192514208906852,1.069727919753439,1.7441768812155096,0.9456968244157598,0.9461792798512909,0.9460110854491398,0.9467319846153259
40,0.4367850866854545,0.13945583950687823,0.759493670886076,0.9645335010722554,0.7364697615849894,1.069727919753439,1.7441768812155096,0.9643842158661453,0.9646450402611868,0.9645453447089473,0.9651301503181458
40,0.4367850866854545,0.13945583950687823,0.8227848101265823,0.9806521649979966,0.7526320784597542,1.069727919753439,1.7441768812155096,0.980628639610405,0.980686945874886,0.980635954690654,0.9812636375427246
40,0.4367850866854545,0.13945583950687823,0.8860759493670887,0.9946328707378217,0.7678030112701723,1.069727919753439,1.7441768812155096,0.9947114924549969,0.9946103440822451,0.994612868692598,0.9954976439476013
40,0.4367850866854545,0.13945583950687823,0.949367088607595,1.006743401059904,0.7820436558405097,1.069727919753439,1.7441768812155096,1.0068914997366434,1.0066938438778923,1.0067452299336639,1.0078859329223633
40,0.4367850866854545,0.13945583950687823,1.0126582278481013,1.0172188667561142,0.7954109687484242,1.069727919753439,1.7441768812155096,1.0174054532725219,1.0171771232841935,1.0172445024595946,1.0184001922607422
40,0.4367850866854545,0.13945583950687823,1.0759493670886076,1.0262656423752647,0.8079582775351819,1.069727919753439,1.7441768812155096,1.0264665878698451,1.0262572641986407,1.0262941962410808,1.0272396802902222
40,0.4367850866854545,0.13945583950687823,1.139240506329114,1.0340648308735092,0.8197361810051368,1.069727919753439,1.7441768812155096,1.034264220550214,1.0340975422005627,1.0340766810591713,1.0347520112991333
40,0.4367850866854545,0.13945583950687823,1.2025316455696204,1.0407753133788802,0.8307918392223796,1.069727919753439,1.7441768812155096,1.0409644065053412,1.0408397995159842,1.0407706068536953,1.0412424802780151
40,0.4367850866854545,0.13945583950687823,1.2658227848101267,1.0465364335868064,0.8411692469471697,1.069727919753439,1.7441768812155096,1.046711841368653,1.0466156782594092,1.0465304868217826,1.0469070672988892
40,0.4367850866854545,0.13945583950687823,1.3291139240506329,1.0514703604009863,0.8509103093892718,1.069727919753439,1.7441768812155096,1.0516323210492577,1.0515508636474173,1.0514757119789617,1.051850438117981
40,0.4367850866854545,0.13945583950687823,1.3924050632911393,1.0556841672076045,0.8600540418234255,1.069727919753439,1.7441768812155096,1.0558348817874967,1.0557615582366429,1.0556986740957162,1.0561355352401733
40,0.4367850866854545,0.13945583950687823,1.4556962025316458,1.0592716616485431,0.868636838975879,1.069727919753439,1.7441768812155096,1.059414161595554,1.0593494720619268,1.059282522178461,1.0598136186599731
40,0.4367850866854545,0.13945583950687823,1.518987341772152,1.0623149957224216,0.8766933064330644,1.069727919753439,1.7441768812155096,1.0624522779307177,1.0623993710017958,1.06231138787998,1.062933087348938
40,0.4367850866854545,0.13945583950687823,1.5822784810126582,1.0648860824020574,0.884255745379783,1.069727919753439,1.7441768812155096,1.065020549579158,1.0649798393269925,1.0648668369621626,1.0655547380447388
40,0.4367850866854545,0.13945583950687823,1.6455696202531647,1.0670478419297154,0.8913542908635724,1.069727919753439,1.7441768812155096,1.0671813702294657,1.0671480886758826,1.067020587802544,1.0677281618118286
40,0.4367850866854545,0.13945583950687823,1.708860759493671,1.0688552982009623,0.8980174928773028,1.069727919753439,1.7441768812155096,1.0689887578355712,1.0689553778886296,1.0688306144732775,1.0695090293884277
40,0.4367850866854545,0.13945583950687823,1.7721518987341773,1.0703565430546602,0.9042721030525108,1.069727919753439,1.7441768812155096,1.0704900785503844,1.0704501615946735,1.070341809423498,1.070950984954834
40,0.4367850866854545,0.13945583950687823,1.8354430379746836,1.0715935844267237,0.9101430733487652,1.069727919753439,1.7441768812155096,1.0717268564211413,1.0716787256698401,1.071589858747007,1.0721023082733154
40,0.4367850866854545,0.13945583950687823,1.89873417721519,1.0726030921285374,0.9156539576925615,1.069727919753439,1.7441768812155096,1.0727353719490043,1.0726836703387266,1.0726059992516994,1.0730067491531372
40,0.4367850866854545,0.13945583950687823,1.9620253164556964,1.0734170536121992,0.9208269115651575,1.069727919753439,1.7441768812155096,1.0735475271306725,1.0735017783185965,1.0734197865649664,1.0737032890319824
40,0.4367850866854545,0.13945583950687823,2.0253164556962027,1.0740633504766757,0.9256825952700434,1.069727919753439,1.7441768812155096,1.074191259530434,1.0741624036281312,1.0740601195363806,1.0742255449295044
40,0.4367850866854545,0.13945583950687823,2.088607594936709,1.074566265193144,0.9302404408401075,1.069727919753439,1.7441768812155096,1.0746910239976513,1.0746876314766374,1.0745547684376944,1.0746042728424072
40,0.4367850866854545,0.13945583950687823,2.151898734177215,1.074946926456663,0.934518797220281,1.069727919753439,1.7441768812155096,1.0750681841903333,1.075093659870792,1.0749292502882515,1.0748652219772339
40,0.4367850866854545,0.13945583950687823,2.2151898734177218,1.0752237005239322,0.9385347711821707,1.069727919753439,1.7441768812155096,1.0753413672012009,1.0753927059859685,1.0752051711092852,1.0750302076339722
40,0.4367850866854545,0.13945583950687823,2.278481012658228,1.0754125350091488,0.9423043940990041,1.069727919753439,1.7441768812155096,1.0755267710369312,1.0755951298228936,1.0753994202856658,1.0751173496246338
40,0.4367850866854545,0.13945583950687823,2.3417721518987342,1.0755272608636421,0.9458428623477586,1.069727919753439,1.7441768812155096,1.0756382486624856,1.0757111888892128,1.0755242990179406,1.0751434564590454
40,0.4367850866854545,0.13945583950687823,2.405063291139241,1.0755798575680888,0.9491643403460698,1.069727919753439,1.7441768812155096,1.0756879065607086,1.0757515547646228,1.0755880007798628,1.0751206874847412
40,0.4367850866854545,0.13945583950687823,2.468354430379747,1.0755806859642965,0.9522820538569974,1.069727919753439,1.7441768812155096,1.0756858525993456,1.0757276041812238,1.0755964778472198,1.0750607252120972
40,0.4367850866854545,0.13945583950687823,2.5316455696202533,1.0755386926248485,0.9552085883108216,1.069727919753439,1.7441768812155096,1.0756408991335857,1.075651287832376,1.075555414785219,1.0749739408493042
40,0.4367850866854545,0.13945583950687823,2.5949367088607596,1.0754615891926664,0.9579556651836377,1.069727919753439,1.7441768812155096,1.0755605076597983,1.0755342079349601,1.075471456909644,1.0748597383499146
40,0.4367850866854545,0.13945583950687823,2.6582278481012658,1.0753560097123345,0.9605342155252022,1.069727919753439,1.7441768812155096,1.0754510327490658,1.075387286151793,1.0753527651183747,1.074732780456543
40,0.4367850866854545,0.13945583950687823,2.7215189873417724,1.0752276486127421,0.9629546424360149,1.069727919753439,1.7441768812155096,1.0753179659807215,1.075220144533411,1.075208881231652,1.074594259262085
40,0.4367850866854545,0.13945583950687823,2.7848101265822787,1.0750813816717335,0.9652266469333113,1.069727919753439,1.7441768812155096,1.0751658436985743,1.0750408144377195,1.0750492938066853,1.074452519416809
40,0.4367850866854545,0.13945583950687823,2.848101265822785,1.0749213720351758,0.9673592799946468,1.069727919753439,1.7441768812155096,1.0749988086729978,1.074855519244656,1.074881958834743,1.0743048191070557
40,0.4367850866854545,0.13945583950687823,2.9113924050632916,1.0747511631060658,0.9693611243032078,1.069727919753439,1.7441768812155096,1.0748203415690563,1.0746687973478914,1.0747123391052456,1.0741550922393799
40,0.4367850866854545,0.13945583950687823,2.9746835443037978,1.0745737598817247,0.9712402141847507,1.069727919753439,1.7441768812155096,1.0746335622761658,1.0744837358390549,1.074542761940792,1.0740050077438354
40,0.4367850866854545,0.13945583950687823,3.037974683544304,1.0743917001370515,0.9730040438925407,1.069727919753439,1.7441768812155096,1.0744410987169482,1.0743020525022007,1.074372965169393,1.0738564729690552
40,0.4367850866854545,0.13945583950687823,3.1012658227848102,1.074207116742483,0.9746596942059925,1.069727919753439,1.7441768812155096,1.074245474271082,1.0741245590825383,1.0742011029807585,1.0737098455429077
40,0.4367850866854545,0.13945583950687823,3.1645569620253164,1.0740217921079094,0.9762138190912092,1.069727919753439,1.7441768812155096,1.074048615808509,1.0739513334748096,1.074025159337626,1.0735653638839722
40,0.4367850866854545,0.13945583950687823,3.227848101265823,1.0738372058166819,0.9776726238149961,1.069727919753439,1.7441768812155096,1.0738524071520754,1.073782064100046,1.0738440145388302,1.073422908782959
40,0.4367850866854545,0.13945583950687823,3.2911392405063293,1.0736545761830372,0.9790419500443687,1.069727919753439,1.7441768812155096,1.0736583139528544,1.073616168797541,1.0736582314368959,1.0732866525650024
40,0.4367850866854545,0.13945583950687823,3.3544303797468356,1.0734748965751704,0.9803273085277666,1.069727919753439,1.7441768812155096,1.0734675374297662,1.0734530490076966,1.0734700260155534,1.0731514692306519
40,0.4367850866854545,0.13945583950687823,3.417721518987342,1.0732989670480688,0.9815338372401732,1.069727919753439,1.7441768812155096,1.0732810738155683,1.0732921512678695,1.073282797346189,1.0730191469192505
40,0.4367850866854545,0.13945583950687823,3.4810126582278484,1.0731274219604865,0.9826663555494777,1.069727919753439,1.7441768812155096,1.073099704107545,1.0731330779049015,1.073100351525799,1.0728894472122192
40,0.4367850866854545,0.13945583950687823,3.5443037974683547,1.0729607539967558,0.9837294273917963,1.069727919753439,1.7441768812155096,1.0729238567267791,1.0729756444312457,1.0729260692515863,1.072762131690979
40,0.4367850866854545,0.13945583950687823,3.607594936708861,1.0727993350675558,0.9847273070161924,1.069727919753439,1.7441768812155096,1.072753917047259,1.0728197360546496,1.0727621586191334,1.0726374387741089
40,0.4367850866854545,0.13945583950687823,3.670886075949367,1.0726434344950158,0.985663970369832,1.069727919753439,1.7441768812155096,1.0725899998612367,1.0726655249634915,1.0726094773161492,1.0725147724151611
40,0.4367850866854545,0.13945583950687823,3.7341772151898738,1.0724932347869571,0.9865431972469404,1.069727919753439,1.7441768812155096,1.0724321769138692,1.0725133965317593,1.0724675363246456,1.0723940134048462
40,0.4367850866854545,0.13945583950687823,3.79746835443038,1.0723488453172298,0.9873685091639883,1.069727919753439,1.7441768812155096,1.072280417457232,1.0723637279339946,1.0723348300300184,1.0722750425338745
40,0.4367850866854545,0.13945583950687823,3.8607594936708862,1.0722103141749895,0.9881431892290028,1.069727919753439,1.7441768812155096,1.0721345698015639,1.0722170603336707,1.0722091894891679,1.0721575021743774
40,0.4367850866854545,0.13945583950687823,3.924050632911393,1.0720776384144377,0.9888703648122958,1.069727919753439,1.7441768812155096,1.0719945109551665,1.0720739922903861,1.0720885057499205,1.0720393657684326
40,0.4367850866854545,0.13945583950687823,3.987341772151899,1.071950772902399,0.9895529494205153,1.069727919753439,1.7441768812155096,1.0718601302255113,1.0719351592612492,1.0719708155441756,1.071923851966858
40,0.4367850866854545,0.13945583950687823,4.050632911392405,1.071829637942476,0.9901936614894927,1.069727919753439,1.7441768812155096,1.0717312759228366,1.0718011967033685,1.0718547972986563,1.0718096494674683
40,0.4367850866854545,0.13945583950687823,4.113924050632912,1.0717141258332867,0.9907950811410041,1.069727919753439,1.7441768812155096,1.0716079050000484,1.0716726416804934,1.0717397429076603,1.0716960430145264
40,0.4367850866854545,0.13945583950687823,4.177215189873418,1.0716041064969162,0.9913596213247508,1.069727919753439,1.7441768812155096,1.0714901281496751,1.0715500804530527,1.0716256923058298,1.071583867073059
40,0.4367850866854545,0.13945583950687823,4.2405063291139244,1.0714994322971967,0.9918895329197251,1.069727919753439,1.7441768812155096,1.07137793717227,1.0714339393922678,1.0715131378568665,1.0714726448059082
40,0.4367850866854545,0.13945583950687823,4.30379746835443,1.0713999421527447,0.9923869445490383,1.069727919753439,1.7441768812155096,1.071271424311607,1.0713245956726805,1.0714030968545143,1.0713622570037842
40,0.4367850866854545,0.13945583950687823,4.367088607594937,1.0713054650367213,0.99285385460002,1.069727919753439,1.7441768812155096,1.0711709216452718,1.0712223690727063,1.0712967374576945,1.0712535381317139
40,0.4367850866854545,0.13945583950687823,4.4303797468354436,1.0712158229438695,0.9932921268094433,1.069727919753439,1.7441768812155096,1.071076722303479,1.0711274645785092,1.0711953742757283,1.0711463689804077
40,0.4367850866854545,0.13945583950687823,4.493670886075949,1.0711308333953422,0.9937035173001115,1.069727919753439,1.7441768812155096,1.0709891276158892,1.0710399600848317,1.0711001685433463,1.0710407495498657
40,0.4367850866854545,0.13945583950687823,4.556962025316456,1.0710503115430519,0.9940896811174592,1.069727919753439,1.7441768812155096,1.0709087197432083,1.070959892489183,1.0710122000296054,1.0709372758865356
40,0.4367850866854545,0.13945583950687823,4.620253164556963,1.0709740719275345,0.9944521614392202,1.069727919753439,1.7441768812155096,1.0708358615109468,1.0708872330935006,1.0709322078327566,1.070836067199707
40,0.4367850866854545,0.13945583950687823,4.6835443037974684,1.0709019299363862,0.9947924070650198,1.069727919753439,1.7441768812155096,1.070771141229395,1.0708218097094064,1.0708607386144688,1.070736289024353
40,0.4367850866854545,0.13945583950687823,4.746835443037975,1.0708337030029542,0.9951117886882236,1.069727919753439,1.7441768812155096,1.070715122610504,1.0707634337496297,1.070798058275973,1.0706394910812378
40,0.4367850866854545,0.13945583950687823,4.810126582278482,1.0707692115837115,0.9954115840657913,1.069727919753439,1.7441768812155096,1.070668418562904,1.0707118756296667,1.0707441567396103,1.0705457925796509
40,0.4367850866854545,0.13945583950687823,4.8734177215189876,1.0707082799450303,0.9956929884492679,1.069727919753439,1.7441768812155096,1.0706316501946718,1.0706667991722085,1.0706988237521387,1.0704553127288818
40,0.4367850866854545,0.13945583950687823,4.936708860759494,1.0706507367866014,0.9959571370222553,1.069727919753439,1.7441768812155096,1.0706054037662365,1.070627933795519,1.0706616843966679,1.0703680515289307
40,0.4367850866854545,0.13945583950687823,5.0,1.0705964157245638,0.9962050877620339,1.069727919753439,1.7441768812155096,1.070590271687612,1.0705949064247793,1.0706322538638287,1.0702846050262451
61,0.8063401669835066,0.14922485941706562,0.0,0.8063401669835066,0.8063401669835066,1.0746124297085329,0.3958134990199457,0.8061004104053675,0.8060153657456577,0.8063653778414841,0.8063401579856873
61,0.8063401669835066,0.14922485941706562,0.06329113924050633,0.8700418462815745,0.8182171726141488,1.0746124297085329,0.3958134990199457,0.869991596718874,0.8702403351296877,0.8700569240827359,0.8665903210639954
61,0.8063401669835066,0.14922485941706562,0.12658227848101267,0.9242189327908389,0.8293658775092473,1.0746124297085329,0.3958134990199457,0.924374245633566,0.9247943688763557,0.9242814660524427,0.9206457734107971
61,0.8063401669835066,0.14922485941706562,0.189873417721519,0.9701235129119525,0.8398309348520608,1.0746124297085329,0.3958134990199457,0.9703676635992112,0.9708516113340161,0.9701085596774377,0.968165934085846
61,0.8063401669835066,0.14922485941706562,0.25316455696202533,1.0088514653064309,0.8496540105064281,1.0746124297085329,0.3958134990199457,1.0090772016075344,1.009530811390071,1.0088245880737339,1.0089991092681885
61,0.8063401669835066,0.14922485941706562,0.31645569620253167,1.0413614836485996,0.8588746862141945,1.0746124297085329,0.3958134990199457,1.0415266179575515,1.041856883465501,1.041371824840841,1.0433719158172607
61,0.8063401669835066,0.14922485941706562,0.379746835443038,1.0684918100721543,0.8675299435160067,1.0746124297085329,0.3958134990199457,1.068600684179519,1.0687524456860178,1.068519334650947,1.0718402862548828
61,0.8063401669835066,0.14922485941706562,0.44303797468354433,1.0909749531200503,0.8756542819797181,1.0746124297085329,0.3958134990199457,1.0910387812671705,1.0910321694384515,1.0909947493418373,1.0950983762741089
61,0.8063401669835066,0.14922485941706562,0.5063291139240507,1.1094506314552695,0.8832803569345534,1.0746124297085329,0.3958134990199457,1.109465471314213,1.1094024226948282,1.1094691035594897,1.1138157844543457
61,0.8063401669835066,0.14922485941706562,0.569620253164557,1.124477155744853,0.8904387962373455,1.0746124297085329,0.3958134990199457,1.1244275754116653,1.1244513312582083,1.1245132062652552,1.128595232963562
61,0.8063401669835066,0.14922485941706562,0.6329113924050633,1.1365414358341779,0.8971581656772192,1.0746124297085329,0.3958134990199457,1.1364168369181482,1.1366412229726817,1.136595017927226,1.1399903297424316
61,0.8063401669835066,0.14922485941706562,0.6962025316455697,1.1460677779767467,0.9034654060739288,1.0746124297085329,0.3958134990199457,1.1458757348674948,1.1463251793311795,1.1461141750874584,1.1485580205917358
61,0.8063401669835066,0.14922485941706562,0.759493670886076,1.1534256172115875,0.9093858831508873,1.0746124297085329,0.3958134990199457,1.153193265353495,1.1537883811847467,1.1534397162266754,1.154871940612793
61,0.8063401669835066,0.14922485941706562,0.8227848101265823,1.1589363126547052,0.9149432494654727,1.0746124297085329,0.3958134990199457,1.15870162075404,1.1592977902141743,1.1589200866927016,1.15946364402771
61,0.8063401669835066,0.14922485941706562,0.8860759493670887,1.1628791182091878,0.9201597312121639,1.0746124297085329,0.3958134990199457,1.1626782539417924,1.1631342948602337,1.1628615166276404,1.1626884937286377
61,0.8063401669835066,0.14922485941706562,0.949367088607595,1.1654964277554696,0.9250563360149527,1.0746124297085329,0.3958134990199457,1.1653530446004805,1.165593243287703,1.1655044591688066,1.1646956205368042
61,0.8063401669835066,0.14922485941706562,1.0126582278481013,1.166998382042664,0.9296526482297534,1.0746124297085329,0.3958134990199457,1.1669188273142788,1.1669570736327533,1.1670305278208537,1.165626883506775
61,0.8063401669835066,0.14922485941706562,1.0759493670886076,1.1675669140732043,0.9339670043787242,1.0746124297085329,0.3958134990199457,1.1675417802665984,1.1674609788204828,1.167597920557388,1.165788173675537
61,0.8063401669835066,0.14922485941706562,1.139240506329114,1.167359300584567,0.9380168027156564,1.0746124297085329,0.3958134990199457,1.1673690671242798,1.1672721537656756,1.1673691364668215,1.1654655933380127
61,0.8063401669835066,0.14922485941706562,1.2025316455696204,1.1665112791395376,0.9418182590933629,1.0746124297085329,0.3958134990199457,1.166533961691693,1.1664929193619418,1.1665049815890944,1.1648013591766357
61,0.8063401669835066,0.14922485941706562,1.2658227848101267,1.1651397832296961,0.9453865009840097,1.0746124297085329,0.3958134990199457,1.1651574714011554,1.1651868377190064,1.1651391445517492,1.1638095378875732
61,0.8063401669835066,0.14922485941706562,1.3291139240506329,1.1633453414984758,0.9487359373738207,1.0746124297085329,0.3958134990199457,1.1633483127145932,1.1634118625251486,1.1633658842193872,1.162484049797058
61,0.8063401669835066,0.14922485941706562,1.3924050632911393,1.161214181688843,0.9518799835531488,1.0746124297085329,0.3958134990199457,1.1612021403755632,1.1612441420405617,1.1612520100235495,1.160823106765747
61,0.8063401669835066,0.14922485941706562,1.4556962025316458,1.1588200749959454,0.9548311537442509,1.0746124297085329,0.3958134990199457,1.1588005962734533,1.1587804871307674,1.1588580580362569,1.158861517906189
61,0.8063401669835066,0.14922485941706562,1.518987341772152,1.1562259523094678,0.9576013469787993,1.0746124297085329,0.3958134990199457,1.1562113258423754,1.1561222265563422,1.1562491955172893,1.1566221714019775
61,0.8063401669835066,0.14922485941706562,1.5822784810126582,1.1534853200309354,0.9602016699265733,1.0746124297085329,0.3958134990199457,1.1534886176179966,1.1533525232040103,1.1534910634905067,1.1541543006896973
61,0.8063401669835066,0.14922485941706562,1.6455696202531647,1.150643499701879,0.9626424844372518,1.0746124297085329,0.3958134990199457,1.150675371104713,1.150523259071874,1.1506403738094542,1.1515049934387207
61,0.8063401669835066,0.14922485941706562,1.708860759493671,1.1477387130066863,0.9649336073440339,1.0746124297085329,0.3958134990199457,1.1478048514572152,1.1476580567654695,1.1477392749882644,1.1487218141555786
61,0.8063401669835066,0.14922485941706562,1.7721518987341773,1.1448030308601889,0.9670842371187043,1.0746124297085329,0.3958134990199457,1.1449032641067052,1.1447656322964894,1.144815985369008,1.145845651626587
61,0.8063401669835066,0.14922485941706562,1.8354430379746836,1.141863203257366,0.9691029534210243,1.0746124297085329,0.3958134990199457,1.141991755425859,1.141854299903744,1.1418894444598802,1.1429178714752197
61,0.8063401669835066,0.14922485941706562,1.89873417721519,1.1389413843646865,0.9709978552010803,1.0746124297085329,0.3958134990199457,1.139088159210942,1.1389399870121746,1.1389748950294776,1.139968991279602
61,0.8063401669835066,0.14922485941706562,1.9620253164556964,1.1360557657858172,0.9727765605575694,1.0746124297085329,0.3958134990199457,1.1362084172359268,1.1360454552854287,1.13608747148787,1.137027382850647
61,0.8063401669835066,0.14922485941706562,2.0253164556962027,1.1332211291600272,0.9744461734766146,1.0746124297085329,0.3958134990199457,1.133366899030908,1.1331949381878113,1.1332434047707036,1.1341214179992676
61,0.8063401669835066,0.14922485941706562,2.088607594936709,1.130449328079999,0.9760133756070069,1.0746124297085329,0.3958134990199457,1.1305772710234379,1.1304087047512166,1.1304591592735864,1.1312649250030518
61,0.8063401669835066,0.14922485941706562,2.151898734177215,1.1277497080303387,0.9774844761808431,1.0746124297085329,0.3958134990199457,1.1278518856797575,1.1276998371926292,1.1277497462214934,1.128475308418274
61,0.8063401669835066,0.14922485941706562,2.2151898734177218,1.1251294719780462,0.9788653573124897,1.0746124297085329,0.3958134990199457,1.1252018901474636,1.1250749114681895,1.1251266071410408,1.1257660388946533
61,0.8063401669835066,0.14922485941706562,2.278481012658228,1.122593998366121,0.9801615313436647,1.0746124297085329,0.3958134990199457,1.1226367465878855,1.1225360963315123,1.1225964339346783,1.1231440305709839
61,0.8063401669835066,0.14922485941706562,2.3417721518987342,1.1201471174206612,0.9813782235050195,1.0746124297085329,0.3958134990199457,1.1201638058048633,1.1200840764363853,1.1201611772185744,1.120618462562561
61,0.8063401669835066,0.14922485941706562,2.405063291139241,1.117791350963852,0.9825203041909438,1.0746124297085329,0.3958134990199457,1.1177884138375533,1.1177196502039173,1.1178188914672553,1.1181917190551758
61,0.8063401669835066,0.14922485941706562,2.468354430379747,1.1155281202952336,0.9835923210421432,1.0746124297085329,0.3958134990199457,1.1155134937886542,1.115444644060829,1.1155657467296094,1.1158668994903564
61,0.8063401669835066,0.14922485941706562,2.5316455696202533,1.113357926147673,0.984598601522732,1.0746124297085329,0.3958134990199457,1.1133399106997774,1.113261566012837,1.1133981396944896,1.1136448383331299
61,0.8063401669835066,0.14922485941706562,2.5949367088607596,1.1112805042349712,0.9855431760286543,1.0746124297085329,0.3958134990199457,1.111266721634569,1.1111728225975064,1.1113143227464917,1.1115281581878662
61,0.8063401669835066,0.14922485941706562,2.6582278481012658,1.1092949594780546,0.9864298031700242,1.0746124297085329,0.3958134990199457,1.1092912945706834,1.1091799471113433,1.1093150046011198,1.109512209892273
61,0.8063401669835066,0.14922485941706562,2.7215189873417724,1.1073998816195665,0.9872620600231292,1.0746124297085329,0.3958134990199457,1.1074100811976224,1.107283148640235,1.107402991117045,1.1075960397720337
61,0.8063401669835066,0.14922485941706562,2.7848101265822787,1.1055934446038356,0.9880432822549299,1.0746124297085329,0.3958134990199457,1.1056187604070493,1.1054808692893359,1.1055817368791374,1.1057779788970947
61,0.8063401669835066,0.14922485941706562,2.848101265822785,1.103873491793149,0.9887765820180908,1.0746124297085329,0.3958134990199457,1.1039127938052935,1.1037701777565005,1.1038536929963898,1.1040540933609009
61,0.8063401669835066,0.14922485941706562,2.9113924050632916,1.1022376088626076,0.989464910443621,1.0746124297085329,0.3958134990199457,1.10228776189066,1.10214694972011,1.1022188796231105,1.1024209260940552
61,0.8063401669835066,0.14922485941706562,2.9746835443037978,1.1006831859789477,0.9901110301114181,1.0746124297085329,0.3958134990199457,1.100739554690561,1.100606343406971,1.1006742865742276,1.1008745431900024
61,0.8063401669835066,0.14922485941706562,3.037974683544304,1.0992074706319126,0.9907175178989358,1.0746124297085329,0.3958134990199457,1.0992645972462964,1.0991433612544061,1.099214119256152,1.0994150638580322
61,0.8063401669835066,0.14922485941706562,3.1012658227848102,1.0978076123811038,0.9912868085119214,1.0746124297085329,0.3958134990199457,1.0978597901670677,1.0977532475834109,1.0978309806616169,1.09803307056427
61,0.8063401669835066,0.14922485941706562,3.1645569620253164,1.0964807005849595,0.9918211898974919,1.0746124297085329,0.3958134990199457,1.0965227351147557,1.0964315377953342,1.096517381237301,1.0967272520065308
61,0.8063401669835066,0.14922485941706562,3.227848101265823,1.0952237960231608,0.9923227957188965,1.0746124297085329,0.3958134990199457,1.095251234637683,1.095174509341438,1.0952669799966368,1.0954933166503906
61,0.8063401669835066,0.14922485941706562,3.2911392405063293,1.0940339572852427,0.9927936346165275,1.0746124297085329,0.3958134990199457,1.0940435955501349,1.0939789931356274,1.094075591355987,1.0943255424499512
61,0.8063401669835066,0.14922485941706562,3.3544303797468356,1.0929082625880602,0.993235601445508,1.0746124297085329,0.3958134990199457,1.0928981103173656,1.0928425252442113,1.0929413082949688,1.0932230949401855
61,0.8063401669835066,0.14922485941706562,3.417721518987342,1.091843827691006,0.993650462883741,1.0746124297085329,0.3958134990199457,1.0918132538423153,1.0917629738110848,1.0918640647566504,1.0921813249588013
61,0.8063401669835066,0.14922485941706562,3.4810126582278484,1.0908378204389957,0.9940398760570667,1.0746124297085329,0.3958134990199457,1.0907873862356718,1.0907387481436148,1.0908446924366797,1.0911964178085327
61,0.8063401669835066,0.14922485941706562,3.5443037974683547,1.0898874723991632,0.9944054102618854,1.0746124297085329,0.3958134990199457,1.0898187507660102,1.0897684543358865,1.0898839352012646,1.0902652740478516
61,0.8063401669835066,0.14922485941706562,3.607594936708861,1.0889900880347494,0.9947485283094809,1.0746124297085329,0.3958134990199457,1.0889053590675397,1.0888507517783876,1.0889816050013033,1.0893820524215698
61,0.8063401669835066,0.14922485941706562,3.670886075949367,1.0881430517537978,0.9950705973178856,1.0746124297085329,0.3958134990199457,1.0880450772342936,1.0879843367591153,1.0881361239877851,1.088547945022583
61,0.8063401669835066,0.14922485941706562,3.7341772151898738,1.0873438331548093,0.9953729169585213,1.0746124297085329,0.3958134990199457,1.0872356914157006,1.087167868668557,1.0873445037922334,1.08775794506073
61,0.8063401669835066,0.14922485941706562,3.79746835443038,1.0865899907462035,0.9956566980947691,1.0746124297085329,0.3958134990199457,1.0864747520271016,1.0863998429082695,1.0866026039721193,1.0870097875595093
61,0.8063401669835066,0.14922485941706562,3.8607594936708862,1.085879174375271,0.995923069613875,1.0746124297085329,0.3958134990199457,1.0857597951348055,1.085678611389494,1.0859057124468003,1.0863008499145508
61,0.8063401669835066,0.14922485941706562,3.924050632911393,1.0852091265692052,0.9961731068531428,1.0746124297085329,0.3958134990199457,1.0850883301569196,1.0850023087381384,1.085248993633981,1.085627555847168
61,0.8063401669835066,0.14922485941706562,3.987341772151899,1.0845776829687368,0.9964078116134806,1.0746124297085329,0.3958134990199457,1.0844579546556028,1.084368959912513,1.0846280280769485,1.0849894285202026
61,0.8063401669835066,0.14922485941706562,4.050632911392405,1.083982772008013,0.9966281186212588,1.0746124297085329,0.3958134990199457,1.0838662600434277,1.0837763859096947,1.0840391057084469,1.0843833684921265
61,0.8063401669835066,0.14922485941706562,4.113924050632912,1.0834224139731947,0.9968349150439562,1.0746124297085329,0.3958134990199457,1.0833109504753584,1.0832223616048735,1.0834794272407728,1.0838077068328857
61,0.8063401669835066,0.14922485941706562,4.177215189873418,1.0828947195540404,0.9970290305674112,1.0746124297085329,0.3958134990199457,1.0827900068376795,1.0827044599618678,1.0829470732575133,1.083260178565979
61,0.8063401669835066,0.14922485941706562,4.2405063291139244,1.0823978879867364,0.9972112391499129,1.0746124297085329,0.3958134990199457,1.0823014325651537,1.082220278542836,1.0824409290207535,1.0827388763427734
61,0.8063401669835066,0.14922485941706562,4.30379746835443,1.0819302048722041,0.9973822727124156,1.0746124297085329,0.3958134990199457,1.081843339735211,1.0817674067104897,1.081960474315817,1.0822525024414062
61,0.8063401669835066,0.14922485941706562,4.367088607594937,1.0814900397419196,0.9975428183946723,1.0746124297085329,0.3958134990199457,1.0814142298989926,1.081343409229201,1.081505633808804,1.0817846059799194
61,0.8063401669835066,0.14922485941706562,4.4303797468354436,1.081075843432675,0.9976935170372225,1.0746124297085329,0.3958134990199457,1.0810125226131744,1.0809459656555935,1.0810764747362223,1.0813398361206055
61,0.8063401669835066,0.14922485941706562,4.493670886075949,1.0806861453225265,0.9978349724778423,1.0746124297085329,0.3958134990199457,1.0806369469635397,1.0805728457402033,1.0806731392545532,1.080917477607727
61,0.8063401669835066,0.14922485941706562,4.556962025316456,1.0803195504721463,0.9979677537991363,1.0746124297085329,0.3958134990199457,1.0802862340857338,1.0802219094274783,1.0802956508230543,1.0805163383483887
61,0.8063401669835066,0.14922485941706562,4.620253164556963,1.0799747367087313,0.998092391618332,1.0746124297085329,0.3958134990199457,1.07995943899354,1.0798911806507983,1.0799438475370113,1.080135464668274
61,0.8063401669835066,0.14922485941706562,4.6835443037974684,1.0796504516832341,0.998209384101093,1.0746124297085329,0.3958134990199457,1.0796555285566927,1.0795788514321962,1.0796173251850134,1.0797744989395142
61,0.8063401669835066,0.14922485941706562,4.746835443037975,1.079345509925739,0.9983192025566033,1.0746124297085329,0.3958134990199457,1.0793737340770766,1.0792832859820842,1.0793154358488644,1.0794322490692139
61,0.8063401669835066,0.14922485941706562,4.810126582278482,1.0790587899240425,0.9984222863376806,1.0746124297085329,0.3958134990199457,1.0791132807069919,1.0790030247989746,1.079037317779553,1.0791082382202148
61,0.8063401669835066,0.14922485941706562,4.8734177215189876,1.0787892312447023,0.9985190464280582,1.0746124297085329,0.3958134990199457,1.0788735083909904,1.0787368256667138,1.0787819059797055,1.0788019895553589
61,0.8063401669835066,0.14922485941706562,4.936708860759494,1.078535831703209,0.9986098731572222,1.0746124297085329,0.3958134990199457,1.0786538390680902,1.0784836185575255,1.0785479888846203,1.0785129070281982
61,0.8063401669835066,0.14922485941706562,5.0,1.0782976445973698,0.9986951303082514,1.0746124297085329,0.3958134990199457,1.078453606533258,1.0782425015322885,1.0783342794169917,1.0782403945922852
73,0.9679368695271151,0.05301217993347665,0.0,0.9679368695271151,0.9679368695271151,1.0265060899667384,0.22424118463079448,0.9685260679020615,0.9682733527596669,0.9679386886668764,0.9679368734359741
73,0.9679368695271151,0.05301217993347665,0.06329113924050633,0.9883139850676351,0.9699032761651402,1.0265060899667384,0.22424118463079448,0.9886573982903787,0.9886731084299858,0.9882819202317417,0.9865097403526306
73,0.9679368695271151,0.05301217993347665,0.12658227848101267,1.0054456575797173,0.9717491022927751,1.0265060899667384,0.22424118463079448,1.0054122047851495,1.005540796705534,1.0054573719204618,1.0030951499938965
73,0.9679368695271151,0.05301217993347665,0.189873417721519,1.0197682171237554,0.9734817408774643,1.0265060899667384,0.22424118463079448,1.0194659741927965,1.0196185248960266,1.0197743444451377,1.0176142454147339
73,0.9679368695271151,0.05301217993347665,0.25316455696202533,1.031663020605588,0.9751080902935776,1.0265060899667384,0.22424118463079448,1.0312493414465984,1.0313820330902626,1.0316644848861973,1.0300381183624268
73,0.9679368695271151,0.05301217993347665,0.31645569620253167,1.041463177767136,0.9766347038595466,1.0265060899667384,0.22424118463079448,1.0410575604176977,1.0411757718387389,1.0414667898179275,1.0404316186904907
73,0.9679368695271151,0.05301217993347665,0.379746835443038,1.0494594658227683,0.9780677043936367,1.0265060899667384,0.22424118463079448,1.0491228312331988,1.0492618200518202,1.0494609162740862,1.048950433731079
73,0.9679368695271151,0.05301217993347665,0.44303797468354433,1.0559055299316433,0.9794128037883347,1.0265060899667384,0.22424118463079448,1.055650738616675,1.0558355336434981,1.0559030523272492,1.0558000802993774
73,0.9679368695271151,0.05301217993347665,0.5063291139240507,1.0610224550883358,0.980675408596282,1.0265060899667384,0.22424118463079448,1.0608333136065378,1.061047692236546,1.0610229312889365,1.0611878633499146
73,0.9679368695271151,0.05301217993347665,0.569620253164557,1.0650027847976404,0.981860589693325,1.0265060899667384,0.22424118463079448,1.064850763639261,1.06503891633945,1.0650136692562862,1.0653021335601807
73,0.9679368695271151,0.05301217993347665,0.6329113924050633,1.0680140529002016,0.9829730765507718,1.0265060899667384,0.22424118463079448,1.06786956002847,1.067968066129568,1.0680337648090226,1.0683043003082275
73,0.9679368695271151,0.05301217993347665,0.6962025316455697,1.0702018869886094,0.9840173296032173,1.0265060899667384,0.22424118463079448,1.0700407939759076,1.0700170176307482,1.0702198202147044,1.0703462362289429
73,0.9679368695271151,0.05301217993347665,0.759493670886076,1.071692734871294,0.9849975485057303,1.0265060899667384,0.22424118463079448,1.071499528815155,1.0713716399973128,1.0716988456480996,1.071575403213501
73,0.9679368695271151,0.05301217993347665,0.8227848101265823,1.0725962593914633,0.9859176492744581,1.0265060899667384,0.22424118463079448,1.0723650992914318,1.0721925890854154,1.0725906194821033,1.0721544027328491
73,0.9679368695271151,0.05301217993347665,0.8860759493670887,1.0730074414914368,0.986781311770952,1.0265060899667384,0.22424118463079448,1.0727412612014953,1.0725950035734992,1.072999875600598,1.0722301006317139
73,0.9679368695271151,0.05301217993347665,0.949367088607595,1.0730084266417208,0.9875920141051453,1.0265060899667384,0.22424118463079448,1.0727170318369135,1.0726472893943444,1.0730084875701125,1.0719373226165771
73,0.9679368695271151,0.05301217993347665,1.0126582278481013,1.0726701455522205,0.9883529987447669,1.0265060899667384,0.22424118463079448,1.0723677231143305,1.0723875350270786,1.0726778700853214,1.0713841915130615
73,0.9679368695271151,0.05301217993347665,1.0759493670886076,1.0720537363823168,0.9890673015609796,1.0265060899667384,0.22424118463079448,1.0717557738192933,1.0718457155984604,1.0720606553822631,1.0706424713134766
73,0.9679368695271151,0.05301217993347665,1.139240506329114,1.0712117924075757,0.9897378030813175,1.0265060899667384,0.22424118463079448,1.0709325616839402,1.0710591098922702,1.071210185146162,1.0697708129882812
73,0.9679368695271151,0.05301217993347665,1.2025316455696204,1.0701894562273109,0.9903671880700726,1.0265060899667384,0.22424118463079448,1.0699396968496968,1.0700738315959555,1.0701795580832993,1.0688220262527466
73,0.9679368695271151,0.05301217993347665,1.2658227848101267,1.0690253790738626,0.9909579610946928,1.0265060899667384,0.22424118463079448,1.0688111147760089,1.0689365273609903,1.0690139294480843,1.0678369998931885
73,0.9679368695271151,0.05301217993347665,1.3291139240506329,1.06775256155957,0.9915125077670943,1.0265060899667384,0.22424118463079448,1.067574705880347,1.0676852631180251,1.0677457761633,1.066827416419983
73,0.9679368695271151,0.05301217993347665,1.3924050632911393,1.0663990902357459,0.992033049178756,1.0265060899667384,0.22424118463079448,1.066253885732222,1.0663460721098847,1.0663976916522848,1.0657894611358643
73,0.9679368695271151,0.05301217993347665,1.4556962025316458,1.0649887826037576,0.9925216572365608,1.0265060899667384,0.22424118463079448,1.064868790122521,1.064937046415401,1.0649887827493305,1.0647128820419312
73,0.9679368695271151,0.05301217993347665,1.518987341772152,1.06354175170304,0.9929803019938702,1.0265060899667384,0.22424118463079448,1.0634374127367177,1.0634749908002974,1.0635387403053695,1.0635850429534912
73,0.9679368695271151,0.05301217993347665,1.5822784810126582,1.06207490009234,0.9934108223173026,1.0265060899667384,0.22424118463079448,1.061976049974848,1.0619798299197118,1.0620674370992318,1.062401533126831
73,0.9679368695271151,0.05301217993347665,1.6455696202531647,1.0606023517978318,0.9938149337579508,1.0265060899667384,0.22424118463079448,1.0604994403421022,1.0604743090383988,1.0605923835760447,1.0611698627471924
73,0.9679368695271151,0.05301217993347665,1.708860759493671,1.0591358298296976,0.9941942616317041,1.0265060899667384,0.22424118463079448,1.0590209899336036,1.0589805215651118,1.0591268896948305,1.0598915815353394
73,0.9679368695271151,0.05301217993347665,1.7721518987341773,1.0576849859234208,0.9945503288759543,1.0265060899667384,0.22424118463079448,1.0575527888333038,1.0575160348141033,1.0576798912578187,1.05858314037323
73,0.9679368695271151,0.05301217993347665,1.8354430379746836,1.0562576883548203,0.9948845559749909,1.0265060899667384,0.22424118463079448,1.0561051519449742,1.0560919836338005,1.0562571699889194,1.0572504997253418
73,0.9679368695271151,0.05301217993347665,1.89873417721519,1.0548602729879357,0.9951982838248031,1.0265060899667384,0.22424118463079448,1.0546870330642568,1.0547131647004404,1.054862959988241,1.0559086799621582
73,0.9679368695271151,0.05301217993347665,1.9620253164556964,1.0534977620889197,0.9954927737096161,1.0265060899667384,0.22424118463079448,1.0533053607234941,1.0533800699808165,1.0535011392837814,1.054567813873291
73,0.9679368695271151,0.05301217993347665,2.0253164556962027,1.0521740548654592,0.995769201795031,1.0265060899667384,0.22424118463079448,1.0519655793552014,1.0520911497795291,1.0521757287870428,1.05323326587677
73,0.9679368695271151,0.05301217993347665,2.088607594936709,1.0508920932539962,0.9960286743227177,1.0265060899667384,0.22424118463079448,1.0506714771036887,1.0508445879191655,1.0508908043586958,1.051918387413025
73,0.9679368695271151,0.05301217993347665,2.151898734177215,1.0496540060153996,0.9962722358754824,1.0265060899667384,0.22424118463079448,1.0494256367946222,1.049639203679421,1.0496500055812477,1.0506279468536377
73,0.9679368695271151,0.05301217993347665,2.2151898734177218,1.0484612338377217,0.9965008603207374,1.0265060899667384,0.22424118463079448,1.0482293088436023,1.0484747141793898,1.048456012299888,1.0493704080581665
73,0.9679368695271151,0.05301217993347665,2.278481012658228,1.047314637823405,0.9967154603047907,1.0265060899667384,0.22424118463079448,1.0470830139154854,1.0473513285049587,1.047310172663628,1.0481480360031128
73,0.9679368695271151,0.05301217993347665,2.3417721518987342,1.04621459344169,0.9969169009386444,1.0265060899667384,0.22424118463079448,1.0459867479105482,1.0462693541353736,1.046212492271359,1.0469660758972168
73,0.9679368695271151,0.05301217993347665,2.405063291139241,1.045161071774311,0.9971059885851272,1.0265060899667384,0.22424118463079448,1.0449399245683617,1.0452289181620567,1.04516186214378,1.0458271503448486
73,0.9679368695271151,0.05301217993347665,2.468354430379747,1.044153709659596,0.9972834761706205,1.0265060899667384,0.22424118463079448,1.043941740343163,1.0442297008065915,1.0441566365254806,1.0447336435317993
73,0.9679368695271151,0.05301217993347665,2.5316455696202533,1.0431918701434295,0.99745008016815,1.0265060899667384,0.22424118463079448,1.0429912440991516,1.0432709067226624,1.0431951717257657,1.0436869859695435
73,0.9679368695271151,0.05301217993347665,2.5949367088607596,1.042274694472475,0.9976064678668947,1.0265060899667384,0.22424118463079448,1.042087435503847,1.042351654469764,1.0422762982809741,1.0426862239837646
73,0.9679368695271151,0.05301217993347665,2.6582278481012658,1.0414011467131248,0.9977532615580371,1.0265060899667384,0.22424118463079448,1.0412290108452464,1.0414707715270382,1.0413994661661679,1.041734218597412
73,0.9679368695271151,0.05301217993347665,2.7215189873417724,1.0405700519464285,0.9978910534772617,1.0265060899667384,0.22424118463079448,1.0404147320069195,1.0406273354567475,1.0405646221287173,1.040830135345459
73,0.9679368695271151,0.05301217993347665,2.7848101265822787,1.0397801288723452,0.9980203958915167,1.0265060899667384,0.22424118463079448,1.0396431394873784,1.0398206452062109,1.0397718282620572,1.039970874786377
73,0.9679368695271151,0.05301217993347665,2.848101265822785,1.0390300175493974,0.9981418040617899,1.0265060899667384,0.22424118463079448,1.0389124540067205,1.0390502949028237,1.0390208139342811,1.0391590595245361
73,0.9679368695271151,0.05301217993347665,2.9113924050632916,1.0383183029095207,0.9982557665896522,1.0265060899667384,0.22424118463079448,1.038220838888916,1.0383161738540574,1.0383106326381957,1.0383925437927246
73,0.9679368695271151,0.05301217993347665,2.9746835443037978,1.0376435346131299,0.9983627408593654,1.0265060899667384,0.22424118463079448,1.0375663344662376,1.0376183435557613,1.0376395145438115,1.0376707315444946
73,0.9679368695271151,0.05301217993347665,3.037974683544304,1.0370042437239315,0.9984631535095183,1.0265060899667384,0.22424118463079448,1.0369467514864539,1.0369568696035076,1.0370050111021158,1.0369845628738403
73,0.9679368695271151,0.05301217993347665,3.1012658227848102,1.0363989566338638,0.99855740764016,1.0265060899667384,0.22424118463079448,1.0363597531072957,1.0363318503906553,1.0364043097755107,1.0363423824310303
73,0.9679368695271151,0.05301217993347665,3.1645569620253164,1.0358262066215842,0.9986458820533665,1.0265060899667384,0.22424118463079448,1.0358031746748713,1.0357430235349145,1.0358346619472332,1.035738229751587
73,0.9679368695271151,0.05301217993347665,3.227848101265823,1.0352845433509974,0.9987289300073339,1.0265060899667384,0.22424118463079448,1.035274630150232,1.0351899093686612,1.035293758158525,1.035170555114746
73,0.9679368695271151,0.05301217993347665,3.2911392405063293,1.0347725406192199,0.9988068840609508,1.0265060899667384,0.22424118463079448,1.0347719138822538,1.0346716346508371,1.0347799814568894,1.034639835357666
73,0.9679368695271151,0.05301217993347665,3.3544303797468356,1.0342888025781745,0.9988800579343431,1.0265060899667384,0.22424118463079448,1.0342931072004413,1.034186903868886,1.0342924117416699,1.034140706062317
73,0.9679368695271151,0.05301217993347665,3.417721518987342,1.0338319686668545,0.9989487441260795,1.0265060899667384,0.22424118463079448,1.0338362094398346,1.0337340525351562,1.033830674279049,1.0336726903915405
73,0.9679368695271151,0.05301217993347665,3.4810126582278484,1.0334007174293036,0.9990132169968328,1.0265060899667384,0.22424118463079448,1.033399629907801,1.0333111455802597,1.0333946532789187,1.033233880996704
73,0.9679368695271151,0.05301217993347665,3.5443037974683547,1.0329937693867615,0.9990737363658673,1.0265060899667384,0.22424118463079448,1.0329819828978724,1.032915944555286,1.0329841861042832,1.032822608947754
73,0.9679368695271151,0.05301217993347665,3.607594936708861,1.0326098891100919,0.9991305444223253,1.0265060899667384,0.22424118463079448,1.0325820548919573,1.0325461495154755,1.0325988067087915,1.032440423965454
73,0.9679368695271151,0.05301217993347665,3.670886075949367,1.0322478866099891,0.9991838675119762,1.0265060899667384,0.22424118463079448,1.0321989521503816,1.0321993703221561,1.0322376182015693,1.0320807695388794
73,0.9679368695271151,0.05301217993347665,3.7341772151898738,1.0319066181559151,0.9992339208138467,1.0265060899667384,0.22424118463079448,1.0318320269168666,1.0318733029308447,1.0318992850986672,1.0317438840866089
73,0.9679368695271151,0.05301217993347665,3.79746835443038,1.03158498661677,0.999280904803534,1.0265060899667384,0.22424118463079448,1.0314807872246192,1.0315657088926307,1.0315821167626615,1.031428337097168
73,0.9679368695271151,0.05301217993347665,3.8607594936708862,1.031281941402457,0.9993250063843233,1.0265060899667384,0.22424118463079448,1.0311449788907956,1.0312745465453208,1.0312842673367175,1.0311328172683716
73,0.9679368695271151,0.05301217993347665,3.924050632911393,1.030996478076074,0.9993664035935477,1.0265060899667384,0.22424118463079448,1.030824585516503,1.0309981104040309,1.0310038746429384,1.0308566093444824
73,0.9679368695271151,0.05301217993347665,3.987341772151899,1.0307276376967436,0.9994052622935482,1.0265060899667384,0.22424118463079448,1.0305195661045086,1.0307347687788957,1.0307392382810125,1.0305973291397095
73,0.9679368695271151,0.05301217993347665,4.050632911392405,1.0304745059443376,0.9994417372415251,1.0265060899667384,0.22424118463079448,1.0302302158348882,1.0304833491490575,1.0304888977342064,1.0303540229797363
73,0.9679368695271151,0.05301217993347665,4.113924050632912,1.0302362120701756,0.99947597532063,1.0265060899667384,0.22424118463079448,1.0299566413004475,1.030242900378715,1.030251702696451,1.030125617980957
73,0.9679368695271151,0.05301217993347665,4.177215189873418,1.030011927711455,0.9995081138971144,1.0265060899667384,0.22424118463079448,1.0296992196757278,1.0300126681187851,1.0300268263397112,1.029910683631897
73,0.9679368695271151,0.05301217993347665,4.2405063291139244,1.0298008656016342,0.9995382811107438,1.0265060899667384,0.22424118463079448,1.0294583363347178,1.029792275194726,1.029813696023369,1.0297083854675293
73,0.9679368695271151,0.05301217993347665,4.30379746835443,1.0296022782041627,0.9995665981414072,1.0265060899667384,0.22424118463079448,1.0292342700586001,1.0295815330192666,1.0296119508301702,1.0295228958129883
73,0.9679368695271151,0.05301217993347665,4.367088607594937,1.0294154562927653,0.9995931787548309,1.0265060899667384,0.22424118463079448,1.029027398021917,1.029380392395728,1.0294213938962382,1.0293453931808472
73,0.9679368695271151,0.05301217993347665,4.4303797468354436,1.029239727497884,0.99961812905125,1.0265060899667384,0.22424118463079448,1.0288380154047438,1.0291890583102739,1.0292418803330894,1.029178261756897
73,0.9679368695271151,0.05301217993347665,4.493670886075949,1.029074454835753,0.9996415490045673,1.0265060899667384,0.22424118463079448,1.0286664173871571,1.0290078341424271,1.029073291431386,1.0290212631225586
73,0.9679368695271151,0.05301217993347665,4.556962025316456,1.0289190352338846,0.9996635328344744,1.0265060899667384,0.22424118463079448,1.0285127843569815,1.0288371462634085,1.0289154828472853,1.0288732051849365
73,0.9679368695271151,0.05301217993347665,4.620253164556963,1.0287728980643362,0.9996841683921744,1.0265060899667384,0.22424118463079448,1.0283772557048079,1.028677462041672,1.0287682690779396,1.028733491897583
73,0.9679368695271151,0.05301217993347665,4.6835443037974684,1.0286355036939885,0.9997035381560561,1.0265060899667384,0.22424118463079448,1.0282599708212279,1.0285293882362634,1.0286313747564357,1.0286015272140503
73,0.9679368695271151,0.05301217993347665,4.746835443037975,1.0285063420589977,0.9997217201580388,1.0265060899667384,0.22424118463079448,1.0281609379056884,1.0283934332128686,1.0285044653985806,1.0284773111343384
73,0.9679368695271151,0.05301217993347665,4.810126582278482,1.0283849312693383,0.999738787139205,1.0265060899667384,0.22424118463079448,1.0280800093681512,1.0282701873316404,1.0283871291632767,1.0283600091934204
73,0.9679368695271151,0.05301217993347665,4.8734177215189876,1.028270816252722,0.9997548071437355,1.0265060899667384,0.22424118463079448,1.02801715241083,1.0281601753571585,1.0282789147220088,1.0282493829727173
73,0.9679368695271151,0.05301217993347665,4.936708860759494,1.0281635674354264,0.9997698447962072,1.0265060899667384,0.22424118463079448,1.0279721538481141,1.0280639220540024,1.0281793151408856,1.0281448364257812
73,0.9679368695271151,0.05301217993347665,5.0,1.0280627794661026,0.9997839603260779,1.0265060899667384,0.22424118463079448,1.0279447266993744,1.0279818947906263,1.0280878091507482,1.0280462503433228
81,1.2465723470139933,0.15719179647990542,0.0,1.2465723470139933,1.2465723470139933,1.0785958982399526,,1.2479475292906972,1.246798606439958,1.246598240672429,1.2465723752975464
81,1.2465723470139933,0.15719179647990542,0.06329113924050633,1.2860415037087887,1.231450258410331,1.0785958982399526,,1.286742062762051,1.2864088208550002,1.285939906786856,1.2815669775009155
81,1.2465723470139933,0.15719179647990542,0.12658227848101267,1.3171723181201713,1.2172554597815588,1.0785958982399526,,1.3174563860262731,1.3172202255664809,1.3172172565947613,1.3115719556808472
81,1.2465723470139933,0.15719179647990542,0.189873417721519,1.341179784840193,1.2039310976231252,1.0785958982399526,,1.3412030983858467,1.3408717095537184,1.3412240220727996,1.336233139038086
81,1.2465723470139933,0.15719179647990542,0.25316455696202533,1.3591207255405464,1.1914241219572568,1.0785958982399526,,1.3589988492196212,1.3587560472081162,1.3591678787882961,1.35543692111969
81,1.2465723470139933,0.15719179647990542,0.31645569620253167,1.3719134364096195,1.1796841363603197,1.0785958982399526,,1.3717451840756507,1.3718220292888017,1.371981155687357,1.3694075345993042
81,1.2465723470139933,0.15719179647990542,0.379746835443038,1.3803549479800068,1.1686640550472467,1.0785958982399526,,1.3802225754740998,1.3806676742311081,1.3804162896680245,1.378695011138916
81,1.2465723470139933,0.15719179647990542,0.44303797468354433,1.3851361843880183,1.1583199523402967,1.0785958982399526,,1.385097474431283,1.3857129576877871,1.3851669756755483,1.384047508239746
81,1.2465723470139933,0.15719179647990542,0.5063291139240507,1.3868552747794873,1.1486102506906097,1.0785958982399526,,1.3869365119011063,1.3873742311562114,1.3868642967404319,1.3861539363861084
81,1.2465723470139933,0.15719179647990542,0.569620253164557,1.3860292393543794,1.139495953975832,1.0785958982399526,,1.3862233896349776,1.3861834091335559,1.3860414091388658,1.3854780197143555
81,1.2465723470139933,0.15719179647990542,0.6329113924050633,1.3831042459160796,1.130940691547703,1.0785958982399526,,1.3833765745874818,1.3827850337149297,1.3831307937276642,1.3823957443237305
81,1.2465723470139933,0.15719179647990542,0.6962025316455697,1.3784646093515067,1.1229101617079624,1.0785958982399526,,1.3787646810781247,1.3778097407340781,1.3784935276544807,1.3773810863494873
81,1.2465723470139933,0.15719179647990542,0.759493670886076,1.372440685807575,1.1153720682088122,1.0785958982399526,,1.3727171136729674,1.3717233407500176,1.3724541187134287,1.3709518909454346
81,1.2465723470139933,0.15719179647990542,0.8227848101265823,1.3653157951464687,1.1082962960465632,1.0785958982399526,,1.3655296428082861,1.3647720467440214,1.3653129941277418,1.3635493516921997
81,1.2465723470139933,0.15719179647990542,0.8860759493670887,1.3573322892477928,1.1016545462970022,1.0785958982399526,,1.3574647327684337,1.3570471841518637,1.357332127610087,1.3554633855819702
81,1.2465723470139933,0.15719179647990542,0.949367088607595,1.3486968696198072,1.0954200715491031,1.0785958982399526,,1.3487500493865674,1.3486009178525524,1.3487173627118714,1.346831202507019
81,1.2465723470139933,0.15719179647990542,1.0126582278481013,1.339585245368044,1.089567936530914,1.0785958982399526,,1.3395767217619774,1.339532313559414,1.3396238683367736,1.337725281715393
81,1.2465723470139933,0.15719179647990542,1.0759493670886076,1.3301462116288223,1.0840747947423668,1.0785958982399526,,1.3301000146147048,1.33000747566084,1.330183245640612,1.328263282775879
81,1.2465723470139933,0.15719179647990542,1.139240506329114,1.3205052189503037,1.078918494309196,1.0785958982399526,,1.320443591997752,1.3202266674395873,1.3205254019001034,1.3185960054397583
81,1.2465723470139933,0.15719179647990542,1.2025316455696204,1.3107674956287396,1.0740783888184378,1.0785958982399526,,1.310704289374981,1.3103729497395322,1.3107760907416195,1.3088645935058594
81,1.2465723470139933,0.15719179647990542,1.2658227848101267,1.30102077754551,1.069535217609489,1.0785958982399526,,1.3009593619318705,1.3005742175281014,1.3010374866086565,1.2991605997085571
81,1.2465723470139933,0.15719179647990542,1.3291139240506329,1.2913376934693594,1.0652706348152892,1.0785958982399526,,1.2912720438002836,1.290896705934599,1.2913770587568687,1.2895487546920776
81,1.2465723470139933,0.15719179647990542,1.3924050632911393,1.2817778479972488,1.0612675597662091,1.0785958982399526,,1.2816958773662503,1.2813667843791585,1.2818369482357803,1.2800790071487427
81,1.2465723470139933,0.15719179647990542,1.4556962025316458,1.2723896392734864,1.0575100590541446,1.0785958982399526,,1.272278025846378,1.2720021800652404,1.272452013638049,1.2707933187484741
81,1.2465723470139933,0.15719179647990542,1.518987341772152,1.263211844090281,1.0539829825464069,1.0785958982399526,,1.2630604376092625,1.2628323946015638,1.263260674807127,1.261712670326233
81,1.2465723470139933,0.15719179647990542,1.5822784810126582,1.254274998974352,1.0506721889644854,1.0785958982399526,,1.2540799937655263,1.25389972073348,1.2543037310067466,1.2528609037399292
81,1.2465723470139933,0.15719179647990542,1.6455696202531647,1.2456026025759668,1.0475644853526964,1.0785958982399526,,1.2453678850098795,1.2452454016771812,1.2456165117424194,1.2442623376846313
81,1.2465723470139933,0.15719179647990542,1.708860759493671,1.2372121614161522,1.0446473726834178,1.0785958982399526,,1.2369487260808925,1.2368950525037175,1.2372222558660668,1.2359310388565063
81,1.2465723470139933,0.15719179647990542,1.7721518987341773,1.2291160984775538,1.0419091392416202,1.0785958982399526,,1.228839588226301,1.2288546260112903,1.2291315270461363,1.2278815507888794
81,1.2465723470139933,0.15719179647990542,1.8354430379746836,1.2213225417499027,1.0393388611985939,1.0785958982399526,,1.2210497204218236,1.2211176446371181,1.2213459207647104,1.2201240062713623
81,1.2465723470139933,0.15719179647990542,1.89873417721519,1.2138360077245816,1.0369262267767227,1.0785958982399526,,1.2135810249390617,1.2136754169678488,1.213863184688658,1.2126657962799072
81,1.2465723470139933,0.15719179647990542,1.9620253164556964,1.2066579930012726,1.0346615364299199,1.0785958982399526,,1.206429500448095,1.206524450039248,1.2066811094893268,1.2055116891860962
81,1.2465723470139933,0.15719179647990542,2.0253164556962027,1.199787485644765,1.0325357451925663,1.0785958982399526,,1.1995867671145397,1.199666859308528,1.1997992880834263,1.1986579895019531
81,1.2465723470139933,0.15719179647990542,2.088607594936709,1.193221406369791,1.0305403458290685,1.0785958982399526,,1.1930422558517817,1.1931068428923268,1.1932184240290598,1.192110300064087
81,1.2465723470139933,0.15719179647990542,2.151898734177215,1.1869549885132296,1.028667305273707,1.0785958982399526,,1.1867850039997714,1.1868462046688877,1.186938578706009,1.1858630180358887
81,1.2465723470139933,0.15719179647990542,2.2151898734177218,1.1809821046036404,1.0269091342773062,1.0785958982399526,,1.1808050984276188,1.1808822880175254,1.1809574853851241,1.1799137592315674
81,1.2465723470139933,0.15719179647990542,2.278481012658228,1.1752955463778714,1.0252588143941004,1.0785958982399526,,1.175094200298174,1.1752079594197333,1.1752693819728999,1.1742550134658813
81,1.2465723470139933,0.15719179647990542,2.3417721518987342,1.169887264250271,1.023709692735025,1.0785958982399526,,1.1696460124364791,1.1698132114509867,1.1698648228676227,1.1688783168792725
81,1.2465723470139933,0.15719179647990542,2.405063291139241,1.1647485715052877,1.0222555681970587,1.0785958982399526,,1.1644555987757057,1.164686876465072,1.1647317166637021,1.1637777090072632
81,1.2465723470139933,0.15719179647990542,2.468354430379747,1.1598703178239989,1.0208906506149176,1.0785958982399526,,1.159518925188147,1.159817831912732,1.1598569607467384,1.1589432954788208
81,1.2465723470139933,0.15719179647990542,2.5316455696202533,1.1552430361822026,1.019609430157436,1.0785958982399526,,1.1548322035294927,1.1551953283195275,1.1552279907386733,1.15436589717865
81,1.2465723470139933,0.15719179647990542,2.5949367088607596,1.1508570666541624,1.018406775227774,1.0785958982399526,,1.1503908585085627,1.1508091327761534,1.1508343115974973,1.1500332355499268
81,1.2465723470139933,0.15719179647990542,2.6582278481012658,1.146702660213649,1.0172779002733312,1.0785958982399526,,1.1461893636983764,1.1466492009605744,1.146667871623165,1.1459380388259888
81,1.2465723470139933,0.15719179647990542,2.7215189873417724,1.1427700652313124,1.0162182508747326,1.0785958982399526,,1.1422208971593966,1.1427056525396875,1.1427225063495636,1.1420695781707764
81,1.2465723470139933,0.15719179647990542,2.7848101265822787,1.1390495990327167,1.0152235799807525,1.0785958982399526,,1.1384771856500453,1.1389687260723638,1.1389928689566995,1.1384148597717285
81,1.2465723470139933,0.15719179647990542,2.848101265822785,1.135531706580783,1.0142899251239295,1.0785958982399526,,1.1349489248483398,1.1354290536909097,1.135472957707387,1.134966492652893
81,1.2465723470139933,0.15719179647990542,2.9113924050632916,1.1322070080826205,1.0134135288534394,1.0785958982399526,,1.1316260417341824,1.1320777143974692,1.132154956875099,1.1317138671875
81,1.2465723470139933,0.15719179647990542,2.9746835443037978,1.129066337073691,1.0125908737862572,1.0785958982399526,,1.1284977724841023,1.1289064390501875,1.1290287854652223,1.1286473274230957
81,1.2465723470139933,0.15719179647990542,3.037974683544304,1.1261007703707855,1.011818678980167,1.0785958982399526,,1.1255534250197874,1.1259078686457777,1.126082432545275,1.1257493495941162
81,1.2465723470139933,0.15719179647990542,3.1012658227848102,1.1233016510716332,1.011093844509382,1.0785958982399526,,1.1227824548529621,1.1230750582530047,1.1233028652695474,1.123020887374878
81,1.2465723470139933,0.15719179647990542,3.1645569620253164,1.1206606056236368,1.0104134573047237,1.0785958982399526,,1.120174538880409,1.120401903383905,1.1206774016010665,1.1204488277435303
81,1.2465723470139933,0.15719179647990542,3.227848101265823,1.1181695558912152,1.009774800734938,1.0785958982399526,,1.1177201370460568,1.117882478913409,1.1181948325567896,1.1180239915847778
81,1.2465723470139933,0.15719179647990542,3.2911392405063293,1.1158207269660616,1.009175317350872,1.0785958982399526,,1.1154100126733564,1.1155111005751897,1.1158462194496903,1.1157406568527222
81,1.2465723470139933,0.15719179647990542,3.3544303797468356,1.1136066514280507,1.0086125945775093,1.0785958982399526,,1.1132357367312455,1.1132820154325551,1.1136249790573667,1.1135870218276978
81,1.2465723470139933,0.15719179647990542,3.417721518987342,1.1115201706194247,1.0080843830381447,1.0785958982399526,,1.1111892409643098,1.1111893485820459,1.111526511408562,1.1115566492080688
81,1.2465723470139933,0.15719179647990542,3.4810126582278484,1.109554433450387,1.0075885728403897,1.0785958982399526,,1.1092632217155272,1.10922689714234,1.1095473655193253,1.1096423864364624
81,1.2465723470139933,0.15719179647990542,3.5443037974683547,1.1077028931673012,1.0071231659184066,1.0785958982399526,,1.1074505557156993,1.1073882860437378,1.1076843422363207,1.1078368425369263
81,1.2465723470139933,0.15719179647990542,3.607594936708861,1.1059593024616892,1.0066862997857624,1.0785958982399526,,1.10574473465412,1.1056667999395076,1.105933619016217,1.1061367988586426
81,1.2465723470139933,0.15719179647990542,3.670886075949367,1.104317707241359,1.0062762337949684,1.0785958982399526,,1.1041393855109511,1.1040556578873448,1.1042904045966528,1.1045316457748413
81,1.2465723470139933,0.15719179647990542,3.7341772151898738,1.1027724393379197,1.0058913131731804,1.0785958982399526,,1.1026287256265075,1.102547878058505,1.102748740921969,1.1030173301696777
81,1.2465723470139933,0.15719179647990542,3.79746835443038,1.1013181083938643,1.0055299962200832,1.0785958982399526,,1.1012070645848766,1.1011365237211987,1.1013018987728398,1.1015886068344116
81,1.2465723470139933,0.15719179647990542,3.8607594936708862,1.0999495931254917,1.0051908456093428,1.0785958982399526,,1.0998690563469022,1.0998147073403166,1.0999426859190298,1.1002405881881714
81,1.2465723470139933,0.15719179647990542,3.924050632911393,1.0986620321358358,1.004872492195696,1.0785958982399526,,1.0986097197487996,1.0985757504666365,1.0986639930486437,1.098966121673584
81,1.2465723470139933,0.15719179647990542,3.987341772151899,1.0974508144193016,1.0045736604621847,1.0785958982399526,,1.0974241597209733,1.0974131591384837,1.0974591655412047,1.0977637767791748
81,1.2465723470139933,0.15719179647990542,4.050632911392405,1.0963115696830532,1.0042931602927618,1.0785958982399526,,1.096307938312973,1.0963207550728757,1.096322452095627,1.0966283082962036
81,1.2465723470139933,0.15719179647990542,4.113924050632912,1.0952401585876317,1.004029862124503,1.0785958982399526,,1.0952566667710284,1.095292720762479,1.0952489725137924,1.0955556631088257
81,1.2465723470139933,0.15719179647990542,4.177215189873418,1.0942326629910126,1.0037827095814864,1.0785958982399526,,1.0942664155103756,1.0943236076750553,1.094234885075766,1.0945425033569336
81,1.2465723470139933,0.15719179647990542,4.2405063291139244,1.0932853762667687,1.0035507172414453,1.0785958982399526,,1.0933334537828305,1.093408344452908,1.0932771853533019,1.09358549118042
81,1.2465723470139933,0.15719179647990542,4.30379746835443,1.0923947937541887,1.003332953205055,1.0785958982399526,,1.0924541471837057,1.0925422943090073,1.0923735635123386,1.0926796197891235
81,1.2465723470139933,0.15719179647990542,4.367088607594937,1.0915576033872245,1.0031285425894918,1.0785958982399526,,1.0916252753803655,1.09172118943142,1.0915221867475082,1.0918248891830444
81,1.2465723470139933,0.15719179647990542,4.4303797468354436,1.090770676539657,1.0029366694612003,1.0785958982399526,,1.0908437656302115,1.0909412990719616,1.0907215169990292,1.0910173654556274
81,1.2465723470139933,0.15719179647990542,4.493670886075949,1.0900310591156936,1.0027565649994326,1.0785958982399526,,1.0901067173790238,1.0901992040614166,1.0899701222690077,1.0902544260025024
81,1.2465723470139933,0.15719179647990542,4.556962025316456,1.0893359629080042,1.0025875046345563,1.0785958982399526,,1.0894113797124814,1.089491891103175,1.0892665337556804,1.089534044265747
81,1.2465723470139933,0.15719179647990542,4.620253164556963,1.0886827572392381,1.0024288127719827,1.0785958982399526,,1.0887554649849949,1.0888168183688034,1.088609198996899,1.088854193687439
81,1.2465723470139933,0.15719179647990542,4.6835443037974684,1.0880689609059613,1.0022798551352385,1.0785958982399526,,1.0881365174623194,1.088171747409391,1.0879963784209459,1.088209867477417
81,1.2465723470139933,0.15719179647990542,4.746835443037975,1.0874922344217492,1.002140031642175,1.0785958982399526,,1.0875523581415323,1.0875547349561037,1.087426241383635,1.0876039266586304
81,1.2465723470139933,0.15719179647990542,4.810126582278482,1.0869503725709326,1.0020087828982223,1.0785958982399526,,1.087001166745497,1.086964301008837,1.0868967252888653,1.0870327949523926
81,1.2465723470139933,0.15719179647990542,4.8734177215189876,1.0864412972684732,1.0018855856290203,1.0785958982399526,,1.0864808483156183,1.0863991090578025,1.0864057226057604,1.08649480342865
81,1.2465723470139933,0.15719179647990542,4.936708860759494,1.0859630507158842,1.001769942857688,1.0785958982399526,,1.0859898839044206,1.0858582202663687,1.0859509826223197,1.0859886407852173
81,1.2465723470139933,0.15719179647990542,5.0,1.085513788884528,1.0016613914069328,1.0785958982399526,,1.085526565977158,1.0853408720860058,1.0855302589515905,1.0855128765106201
85,0.4025504038213729,0.1835558486138935,0.0,0.4025504038213729,0.4025504038213729,1.0917779243069468,1.1479165682953023,0.4019031494539699,0.4037318228233425,0.40259700608819116,0.4025503993034363
85,0.4025504038213729,0.1835558486138935,0.06329113924050633,0.5029393152645489,0.4391915188492584,1.0917779243069468,1.1479165682953023,0.5030535556684451,0.5037383078494796,0.5028375841098677,0.4983198642730713
85,0.4025504038213729,0.1835558486138935,0.12658227848101267,0.5902611734050752,0.4735857922189194,1.0917779243069468,1.1479165682953023,0.5901663781827806,0.5903655919363778,0.5903235971007855,0.5848796367645264
85,0.4025504038213729,0.1835558486138935,0.189873417721519,0.6661389920041775,0.505870981078492,1.0917779243069468,1.1479165682953023,0.6658368402262562,0.6663288726153682,0.6661786901999003,0.6620088815689087
85,0.4025504038213729,0.1835558486138935,0.25316455696202533,0.7319985571251332,0.5361756265566989,1.0917779243069468,1.1479165682953023,0.7317238210289009,0.732940290920393,0.7320238025842529,0.7297816276550293
85,0.4025504038213729,0.1835558486138935,0.31645569620253167,0.7890921381717069,0.5646218401689425,1.0917779243069468,1.1479165682953023,0.7889154199468793,0.7898992551405997,0.7891416157662372,0.7886900901794434
85,0.4025504038213729,0.1835558486138935,0.379746835443038,0.8385193635138463,0.5913237116889334,1.0917779243069468,1.1479165682953023,0.8383504572123027,0.8388067892110969,0.8385761159096367,0.8395148515701294
85,0.4025504038213729,0.1835558486138935,0.44303797468354433,0.8812455992138228,0.6163876738888234,1.0917779243069468,1.1479165682953023,0.8809674414783136,0.8813340551328592,0.8812848171526736,0.8831174969673157
85,0.4025504038213729,0.1835558486138935,0.5063291139240507,0.9181181283619448,0.6399144699787795,1.0917779243069468,1.1479165682953023,0.9176880233359289,0.918276120440926,0.9181462316222,0.9203119277954102
85,0.4025504038213729,0.1835558486138935,0.569620253164557,0.9498803934745129,0.6619985883222973,1.0917779243069468,1.1479165682953023,0.9493492186887835,0.9501146206261724,0.9499195965552436,0.9518488049507141
85,0.4025504038213729,0.1835558486138935,0.6329113924050633,0.9771845330922142,0.6827281557080421,1.0917779243069468,1.1479165682953023,0.9766523016027286,0.977387349188956,0.9772389165141797,0.9784793853759766
85,0.4025504038213729,0.1835558486138935,0.6962025316455697,1.0006024161374312,0.7021862858185578,1.0917779243069468,1.1479165682953023,1.0001611398181793,1.0006793284418145,1.0006486954178642,1.0010390281677246
85,0.4025504038213729,0.1835558486138935,0.759493670886076,1.0206353533578065,0.7204512330908843,1.0917779243069468,1.1479165682953023,1.0203353287136603,1.0205521712773593,1.0206461147563253,1.0204700231552124
85,0.4025504038213729,0.1835558486138935,0.8227848101265823,1.0377226438205978,0.7375959667651266,1.0917779243069468,1.1479165682953023,1.0375698684277046,1.0375068228831124,1.0376969905980045,1.0376077890396118
85,0.4025504038213729,0.1835558486138935,0.8860759493670887,1.0522490955991368,0.7536890556854758,1.0917779243069468,1.1479165682953023,1.0522213036944832,1.0519701833444441,1.052217220836345,1.0527069568634033
85,0.4025504038213729,0.1835558486138935,0.949367088607595,1.0645516432098177,0.7687953093494664,1.0917779243069468,1.1479165682953023,1.0646158330964526,1.0642947304700328,1.0645467436997391,1.0655461549758911
85,0.4025504038213729,0.1835558486138935,1.0126582278481013,1.074925169749422,0.782975146406386,1.0917779243069468,1.1479165682953023,1.0750487699507434,1.0747640380193975,1.0749516424793815,1.0761806964874268
85,0.4025504038213729,0.1835558486138935,1.0759493670886076,1.0836276288135174,0.7962851358803148,1.0917779243069468,1.1479165682953023,1.083782558043092,1.08360465260124,1.0836605847058698,1.0849865674972534
85,0.4025504038213729,0.1835558486138935,1.139240506329114,1.0908845499403723,0.8087789521937774,1.0917779243069468,1.1479165682953023,1.0910477022650267,1.0910008844501058,1.0908987926205598,1.0923265218734741
85,0.4025504038213729,0.1835558486138935,1.2025316455696204,1.0968930013393476,0.8205066220072564,1.0917779243069468,1.1479165682953023,1.097045794209647,1.0971107020535389,1.0968868856038085,1.0984135866165161
85,0.4025504038213729,0.1835558486138935,1.2658227848101267,1.101825074866834,0.831514814276297,1.0917779243069468,1.1479165682953023,1.1019535975458714,1.1020816247293743,1.1018160967333555,1.1034053564071655
85,0.4025504038213729,0.1835558486138935,1.3291139240506329,1.1058309504369541,0.8418479813938645,1.0917779243069468,1.1479165682953023,1.1059263769937413,1.106061250715121,1.1058337623500896,1.1074180603027344
85,0.4025504038213729,0.1835558486138935,1.3924050632911393,1.1090415902651496,0.8515475101549189,1.0917779243069468,1.1479165682953023,1.1091005918426144,1.1091984881098746,1.1090534695673646,1.1105774641036987
85,0.4025504038213729,0.1835558486138935,1.4556962025316458,1.111571107335845,0.8606520075174612,1.0917779243069468,1.1479165682953023,1.1115957531258116,1.1116374893337277,1.1115768876877776,1.112994909286499
85,0.4025504038213729,0.1835558486138935,1.518987341772152,1.1135188471467035,0.8691981825478694,1.0917779243069468,1.1479165682953023,1.1135155141470081,1.1135080823736332,1.1135063952843183,1.1147801876068115
85,0.4025504038213729,0.1835558486138935,1.5822784810126582,1.114971217069953,0.8772202998392097,1.0917779243069468,1.1479165682953023,1.1149492652725903,1.114916513608241,1.1149406529913894,1.1160306930541992
85,0.4025504038213729,0.1835558486138935,1.6455696202531647,1.1160032937813988,0.8847503261799342,1.0917779243069468,1.1479165682953023,1.115973269555003,1.1159424037633625,1.1159655863862228,1.1168323755264282
85,0.4025504038213729,0.1835558486138935,1.708860759493671,1.1166802352588496,0.8918185469572042,1.0917779243069468,1.1479165682953023,1.1166522985223395,1.1166425340064186,1.1166495643512966,1.1172633171081543
85,0.4025504038213729,0.1835558486138935,1.7721518987341773,1.1170585209673762,0.8984533398845479,1.0917779243069468,1.1479165682953023,1.1170411121784436,1.1170582869441923,1.1170443946402997,1.1173893213272095
85,0.4025504038213729,0.1835558486138935,1.8354430379746836,1.1171870408227167,0.9046811736115193,1.0917779243069468,1.1479165682953023,1.117186217784198,1.117224165847804,1.1171905023938402,1.117271065711975
85,0.4025504038213729,0.1835558486138935,1.89873417721519,1.1171080512182845,0.9105270337760007,1.0917779243069468,1.1479165682953023,1.1171271530709104,1.1171737310520196,1.1171228135927656,1.1169555187225342
85,0.4025504038213729,0.1835558486138935,1.9620253164556964,1.116858014032329,0.9160144225669801,1.0917779243069468,1.1479165682953023,1.1168977899523156,1.116941567822425,1.1168743986246166,1.1164863109588623
85,0.4025504038213729,0.1835558486138935,2.0253164556962027,1.1164683328578089,0.9211652561121764,1.0917779243069468,1.1479165682953023,1.1165272938598243,1.1165621097348446,1.1164777119724871,1.1158974170684814
85,0.4025504038213729,0.1835558486138935,2.088607594936709,1.11596599875814,0.9260001476090163,1.0917779243069468,1.1479165682953023,1.1160412060694676,1.1160671747416508,1.1159642558223546,1.1152195930480957
85,0.4025504038213729,0.1835558486138935,2.151898734177215,1.1153741565292927,0.930538561332118,1.0917779243069468,1.1479165682953023,1.1154618864720118,1.115483587332261,1.1153629766024382,1.1144756078720093
85,0.4025504038213729,0.1835558486138935,2.2151898734177218,1.114712601087092,0.9347986438780055,1.0917779243069468,1.1479165682953023,1.1148087636560786,1.1148321003059163,1.114698334457543,1.1136935949325562
85,0.4025504038213729,0.1835558486138935,2.278481012658228,1.113998212442528,0.9387974010773736,1.0917779243069468,1.1479165682953023,1.1140990523597185,1.114127870339581,1.1139889840547368,1.1128815412521362
85,0.4025504038213729,0.1835558486138935,2.3417721518987342,1.1132453367030493,0.9425509530099173,1.0917779243069468,1.1479165682953023,1.1133477862681973,1.1133819584866627,1.1132476499248358,1.1120549440383911
85,0.4025504038213729,0.1835558486138935,2.405063291139241,1.1124661196633863,0.9460743250689573,1.0917779243069468,1.1479165682953023,1.1125678221137199,1.1126030274624517,1.1124819360841358,1.1112263202667236
85,0.4025504038213729,0.1835558486138935,2.468354430379747,1.1116707987518168,0.9493815469376788,1.0917779243069468,1.1479165682953023,1.1117703439413922,1.1117987314503102,1.1116963083195173,1.1104035377502441
85,0.4025504038213729,0.1835558486138935,2.5316455696202533,1.1108679584042913,0.9524859690442421,1.0917779243069468,1.1479165682953023,1.110964772915311,1.1109769255200421,1.110894883360335,1.109593152999878
85,0.4025504038213729,0.1835558486138935,2.5949367088607596,1.1100647533293873,0.9554000253476834,1.0917779243069468,1.1479165682953023,1.1101588493130274,1.1101457886195898,1.1100830341018328,1.1087990999221802
85,0.4025504038213729,0.1835558486138935,2.6582278481012658,1.1092671035894426,0.9581353113351053,1.0917779243069468,1.1479165682953023,1.109358849810883,1.1093137128825066,1.1092684409858422,1.1080267429351807
85,0.4025504038213729,0.1835558486138935,2.7215189873417724,1.1084798649426213,0.9607028624532646,1.0917779243069468,1.1479165682953023,1.1085698785643605,1.108489024846773,1.1084608100646272,1.1072776317596436
85,0.4025504038213729,0.1835558486138935,2.7848101265822787,1.1077069774905133,0.9631129693899478,1.0917779243069468,1.1479165682953023,1.1077957749643108,1.1076793417982425,1.1076701674377496,1.1065565347671509
85,0.4025504038213729,0.1835558486138935,2.848101265822785,1.1069515952987095,0.9653752332809992,1.0917779243069468,1.1479165682953023,1.1070394272657849,1.1068911740974825,1.1069047525797042,1.1058611869812012
85,0.4025504038213729,0.1835558486138935,2.9113924050632916,1.1062161993412833,0.9674987585028845,1.0917779243069468,1.1479165682953023,1.1063029345271014,1.1061296873958255,1.1061697720306758,1.1051928997039795
85,0.4025504038213729,0.1835558486138935,2.9746835443037978,1.105502695792071,0.9694920677430451,1.0917779243069468,1.1479165682953023,1.1055878853910313,1.1053984320536316,1.1054664066926607,1.1045516729354858
85,0.4025504038213729,0.1835558486138935,3.037974683544304,1.1048125015401198,0.9713631107884972,1.0917779243069468,1.1479165682953023,1.1048952186942058,1.1046995030294966,1.1047924057237328,1.1039378643035889
85,0.4025504038213729,0.1835558486138935,3.1012658227848102,1.1041466184794646,0.9731193988195768,1.0917779243069468,1.1479165682953023,1.104225711334186,1.1040336956697367,1.1041436169111185,1.1033506393432617
85,0.4025504038213729,0.1835558486138935,3.1645569620253164,1.1035056979491111,0.9747679902597864,1.0917779243069468,1.1479165682953023,1.1035798265797025,1.1034005795034074,1.1035155535970185,1.1027888059616089
85,0.4025504038213729,0.1835558486138935,3.227848101265823,1.1028900966361619,0.9763154675593398,1.0917779243069468,1.1479165682953023,1.102957818613599,1.102799084502733,1.1029051267791528,1.1022518873214722
85,0.4025504038213729,0.1835558486138935,3.2911392405063293,1.1022999249008312,0.9777680274675438,1.0917779243069468,1.1479165682953023,1.102359923169964,1.1022273821911304,1.1023113742669037,1.101739764213562
85,0.4025504038213729,0.1835558486138935,3.3544303797468356,1.101735088596043,0.979131515700346,1.0917779243069468,1.1479165682953023,1.101786380082609,1.1016834678039162,1.101735753483718,1.1012496948242188
85,0.4025504038213729,0.1835558486138935,3.417721518987342,1.1011953251059552,0.9804113825415218,1.0917779243069468,1.1479165682953023,1.1012370930080373,1.1011652340833251,1.1011813140592375,1.1007812023162842
85,0.4025504038213729,0.1835558486138935,3.4810126582278484,1.1006802343944972,0.9816127403013573,1.0917779243069468,1.1479165682953023,1.1007121316415442,1.1006705532729744,1.1006516883305908,1.1003329753875732
85,0.4025504038213729,0.1835558486138935,3.5443037974683547,1.1001893057005834,0.9827404303320699,1.0917779243069468,1.1479165682953023,1.1002112438501486,1.100197555899049,1.1001500741914314,1.099904179573059
85,0.4025504038213729,0.1835558486138935,3.607594936708861,1.0997219403979848,0.9837989654747574,1.0917779243069468,1.1479165682953023,1.0997343804371706,1.0997445610750045,1.0996783429028605,1.0994962453842163
85,0.4025504038213729,0.1835558486138935,3.670886075949367,1.099277471556749,0.9847925633521641,1.0917779243069468,1.1479165682953023,1.0992810760840184,1.0993101830943721,1.0992366077434594,1.099104404449463
85,0.4025504038213729,0.1835558486138935,3.7341772151898738,1.0988551806260833,0.9857252335110438,1.0917779243069468,1.1479165682953023,1.098850959765735,1.0988933355304826,1.0988234144055928,1.098728895187378
85,0.4025504038213729,0.1835558486138935,3.79746835443038,1.0984543115969736,0.986600711521122,1.0917779243069468,1.1479165682953023,1.098443402174797,1.0984932230370203,1.0984359676472044,1.0983694791793823
85,0.4025504038213729,0.1835558486138935,3.8607594936708862,1.0980740829920417,0.9874224800522143,1.0917779243069468,1.1479165682953023,1.0980578354995303,1.098109247054386,1.0980708235195535,1.0980250835418701
85,0.4025504038213729,0.1835558486138935,3.924050632911393,1.0977136979684845,0.9881938565699798,1.0917779243069468,1.1479165682953023,1.0976934315958322,1.0977410755049941,1.0977244847281789,1.0976954698562622
85,0.4025504038213729,0.1835558486138935,3.987341772151899,1.0973723527866242,0.9889179316768308,1.0917779243069468,1.1479165682953023,1.0973494648126825,1.097388478804341,1.09739384663902,1.0973790884017944
85,0.4025504038213729,0.1835558486138935,4.050632911392405,1.0970492438641375,0.9895975890470975,1.0917779243069468,1.1479165682953023,1.0970250168120665,1.0970514528527036,1.0970765183709104,1.097076177597046
85,0.4025504038213729,0.1835558486138935,4.113924050632912,1.0967435736081201,0.9902355656337184,1.0917779243069468,1.1479165682953023,1.096719366042687,1.0967299443536789,1.096771020674189,1.0967856645584106
85,0.4025504038213729,0.1835558486138935,4.177215189873418,1.096454555195235,0.9908344210561026,1.0917779243069468,1.1479165682953023,1.0964316044158375,1.0964240476009026,1.096476729505077,1.0965073108673096
85,0.4025504038213729,0.1835558486138935,4.2405063291139244,1.096181416446781,0.9913965430115803,1.0917779243069468,1.1479165682953023,1.0961610718760701,1.096133828189947,1.096193812601169,1.096240758895874
85,0.4025504038213729,0.1835558486138935,4.30379746835443,1.0959234029268565,0.9919241895103489,1.0917779243069468,1.1479165682953023,1.095907032523056,1.0958593312177682,1.0959229189320783,1.0959863662719727
85,0.4025504038213729,0.1835558486138935,4.367088607594937,1.0956797803753637,0.9924194804105213,1.0917779243069468,1.1479165682953023,1.0956688447501024,1.0956005689835364,1.0956650583760499,1.09574294090271
85,0.4025504038213729,0.1835558486138935,4.4303797468354436,1.0954498365731515,0.9928843927350032,1.0917779243069468,1.1479165682953023,1.0954459981416604,1.0953574799914019,1.095421330297489,1.0955106019973755
85,0.4025504038213729,0.1835558486138935,4.493670886075949,1.0952328827239108,0.9933207893514834,1.0917779243069468,1.1479165682953023,1.095238090924849,1.0951299576485598,1.09519279734604,1.0952891111373901
85,0.4025504038213729,0.1835558486138935,4.556962025316456,1.0950282544262822,0.9937304259063584,1.0917779243069468,1.1479165682953023,1.0950446147339814,1.0949177723705061,1.0949803203006092,1.0950785875320435
85,0.4025504038213729,0.1835558486138935,4.620253164556963,1.0948353122998076,0.9941149393785079,1.0917779243069468,1.1479165682953023,1.0948654404277742,1.0947206535755047,1.0947844605781882,1.0948790311813354
85,0.4025504038213729,0.1835558486138935,4.6835443037974684,1.0946534423200205,0.994475866631947,1.0917779243069468,1.1479165682953023,1.094700428615636,1.0945381502939946,1.0946054385550419,1.0946909189224243
85,0.4025504038213729,0.1835558486138935,4.746835443037975,1.094482055910976,0.9948146616767106,1.0917779243069468,1.1479165682953023,1.0945493599623717,1.0943699222489438,1.094443236872543,1.0945132970809937
85,0.4025504038213729,0.1835558486138935,4.810126582278482,1.094320589836717,0.9951326799375859,1.0917779243069468,1.1479165682953023,1.0944123431106476,1.0942153421826903,1.0942975072654484,1.094346523284912
85,0.4025504038213729,0.1835558486138935,4.8734177215189876,1.0941685059264876,0.995431189318806,1.0917779243069468,1.1479165682953023,1.0942892325202875,1.0940738361339752,1.0941675902310888,1.0941907167434692
85,0.4025504038213729,0.1835558486138935,4.936708860759494,1.094025290663043,0.9957113940055085,1.0917779243069468,1.1479165682953023,1.0941801901303612,1.0939447440473504,1.0940527281297185,1.0940459966659546
85,0.4025504038213729,0.1835558486138935,5.0,1.0938904546646206,0.995974416283192,1.0917779243069468,1.1479165682953023,1.0940852938356107,1.093827344371519,1.093951978168012,1.0939123630523682
87,1.1437034736610494,0.1406609423570337,0.0,1.1437034736610494,1.1437034736610494,1.0703304711785169,,1.1448381932988132,1.1445345062968844,1.1437436692416705,1.1437034606933594
87,1.1437034736610494,0.1406609423570337,0.06329113924050633,1.1837405349532044,1.1348902523583657,1.0703304711785169,,1.1845613632896521,1.1842252351774127,1.1837146799443516,1.1799414157867432
87,1.1437034736610494,0.1406609423570337,0.12658227848101267,1.2160267515613612,1.126617459826777,1.0703304711785169,,1.2166275457069484,1.2162168354288085,1.2161005890573677,1.2115345001220703
87,1.1437034736610494,0.1406609423570337,0.189873417721519,1.241667093275843,1.1188519615879333,1.0703304711785169,,1.2421160337012624,1.2417873670853918,1.2417137438605668,1.238141417503357
87,1.1437034736610494,0.1406609423570337,0.25316455696202533,1.2616239024914397,1.1115628398760105,1.0703304711785169,,1.2619790617992763,1.2619338008542706,1.2616678012622846,1.2596086263656616
87,1.1437034736610494,0.1406609423570337,0.31645569620253167,1.27673454220935,1.1047207234284804,1.0703304711785169,,1.2770401496155888,1.2773514662025407,1.2768009327063476,1.2760875225067139
87,1.1437034736610494,0.1406609423570337,0.379746835443038,1.2877269034227665,1.0982981704378731,1.0703304711785169,,1.2880062534325163,1.2885574858257842,1.2877921577397853,1.2880160808563232
87,1.1437034736610494,0.1406609423570337,0.44303797468354433,1.2952330289943328,1.0922695808214913,1.0703304711785169,,1.2954866577249642,1.2960358074588063,1.2952742974182971,1.2960087060928345
87,1.1437034736610494,0.1406609423570337,0.5063291139240507,1.2998010803995441,1.0866107229967195,1.0703304711785169,,1.3000114731118648,1.300335613633235,1.2998251402410155,1.300708532333374
87,1.1437034736610494,0.1406609423570337,0.569620253164557,1.3019058466513258,1.0812988698479284,1.0703304711785169,,1.3020468053323104,1.3020756345864117,1.3019326297379827,1.302669882774353
87,1.1437034736610494,0.1406609423570337,0.6329113924050633,1.3019579708836506,1.076312824397608,1.0703304711785169,,1.3020058572961948,1.3018521832687862,1.3019929383993283,1.3023202419281006
87,1.1437034736610494,0.1406609423570337,0.6962025316455697,1.3003120490770486,1.0716325954616195,1.0703304711785169,,1.300255570635926,1.300124231900944,1.3003395249594478,1.3000606298446655
87,1.1437034736610494,0.1406609423570337,0.759493670886076,1.2972737369199197,1.0672393606413813,1.0703304711785169,,1.297119216731539,1.2971689545743659,1.2972755780678438,1.2963193655014038
87,1.1437034736610494,0.1406609423570337,0.8227848101265823,1.2931059845089157,1.0631155687771965,1.0703304711785169,,1.292876642694092,1.2931323670333739,1.293083936795747,1.2915276288986206
87,1.1437034736610494,0.1406609423570337,0.8860759493670887,1.2880345042538712,1.0592447271286594,1.0703304711785169,,1.2877643533601328,1.2881240466817827,1.2880108748512162,1.2860187292099
87,1.1437034736610494,0.1406609423570337,0.949367088607595,1.2822525647217107,1.0556112471842345,1.0703304711785169,,1.281977298771048,1.2822890253303276,1.2822479257442256,1.2799954414367676
87,1.1437034736610494,0.1406609423570337,1.0126582278481013,1.2759251920335783,1.052200596555194,1.0703304711785169,,1.2756729738963424,1.2758234337407,1.2759381140930495,1.2735693454742432
87,1.1437034736610494,0.1406609423570337,1.0759493670886076,1.269192850631323,1.0489991687962161,1.0703304711785169,,1.2689784373598945,1.2689425729806454,1.2692035784242501,1.2668540477752686
87,1.1437034736610494,0.1406609423570337,1.139240506329114,1.2621746666104985,1.0459940536952734,1.0703304711785169,,1.2619975597507134,1.2618333576339231,1.262167608464559,1.2599650621414185
87,1.1437034736610494,0.1406609423570337,1.2025316455696204,1.2549712492232077,1.0431732184299611,1.0703304711785169,,1.254818140742553,1.2546217967952513,1.2549511733747578,1.252994179725647
87,1.1437034736610494,0.1406609423570337,1.2658227848101267,1.2476671594707578,1.0405254378005875,1.0703304711785169,,1.247517304329747,1.2473719117433628,1.2476532752196903,1.2459925413131714
87,1.1437034736610494,0.1406609423570337,1.3291139240506329,1.2403330688054113,1.0380400197532555,1.0703304711785169,,1.2401645326224362,1.240110317881788,1.2403398937545165,1.238994836807251
87,1.1437034736610494,0.1406609423570337,1.3924050632911393,1.2330276457872726,1.0357070095968244,1.0703304711785169,,1.232823502522598,1.232859498092992,1.2330533295415167,1.232020378112793
87,1.1437034736610494,0.1406609423570337,1.4556962025316458,1.2257992040134038,1.0335171212693355,1.0703304711785169,,1.225551019795993,1.2256582357591983,1.2258293975828836,1.2250906229019165
87,1.1437034736610494,0.1406609423570337,1.518987341772152,1.2186871405776192,1.0314615252052663,1.0703304711785169,,1.2183969206788066,1.218560655427143,1.2187075145830357,1.2182341814041138
87,1.1437034736610494,0.1406609423570337,1.5822784810126582,1.2117231907414037,1.0295319798038518,1.0703304711785169,,1.211402308996639,1.2116199059094217,1.2117289775808233,1.2114709615707397
87,1.1437034736610494,0.1406609423570337,1.6455696202531647,1.2049325215538358,1.0277207961511379,1.0703304711785169,,1.204598900208781,1.2048715892029933,1.2049293656714974,1.2048311233520508
87,1.1437034736610494,0.1406609423570337,1.708860759493671,1.1983346842024871,1.026020689757568,1.0703304711785169,,1.1980087508264754,1.1983288244223522,1.1983328134547822,1.1983342170715332
87,1.1437034736610494,0.1406609423570337,1.7721518987341773,1.1919444426342896,1.024424834982909,1.0703304711785169,,1.1916449389669845,1.1919904062488544,1.1919516368678174,1.1920040845870972
87,1.1437034736610494,0.1406609423570337,1.8354430379746836,1.1857724937805565,1.0229268653706207,1.0703304711785169,,1.1855131222484336,1.1858526285326552,1.1857902172222747,1.1858559846878052
87,1.1437034736610494,0.1406609423570337,1.89873417721519,1.1798260929001172,1.021520771170295,1.0703304711785169,,1.1796131284824452,1.1799178199165772,1.1798494929031769,1.1799063682556152
87,1.1437034736610494,0.1406609423570337,1.9620253164556964,1.1741095958433998,1.0202008994428147,1.0703304711785169,,1.1739413089153004,1.1741948931990303,1.1741306486619807,1.1741650104522705
87,1.1437034736610494,0.1406609423570337,2.0253164556962027,1.1686249287217731,1.018961978741506,1.0703304711785169,,1.1684924486989876,1.168695126718756,1.168636429370542,1.1686434745788574
87,1.1437034736610494,0.1406609423570337,2.088607594936709,1.163371994044287,1.0177990510111736,1.0703304711785169,,1.1632612427915834,1.163427047900176,1.163370541125463,1.1633435487747192
87,1.1437034736610494,0.1406609423570337,2.151898734177215,1.158349021380417,1.0167074345449598,1.0703304711785169,,1.158243238893606,1.1583935388487556,1.1583359970944274,1.158268928527832
87,1.1437034736610494,0.1406609423570337,2.2151898734177218,1.153552869582916,1.0156827645747357,1.0703304711785169,,1.1534354442070616,1.153592020838552,1.1535334503323793,1.153423547744751
87,1.1437034736610494,0.1406609423570337,2.278481012658228,1.1489792867422195,1.0147209507187192,1.0703304711785169,,1.1488360630531536,1.1490161433982053,1.1489601308505333,1.1488022804260254
87,1.1437034736610494,0.1406609423570337,2.3417721518987342,1.1446231332811019,1.0138181156432189,1.0703304711785169,,1.14444398030715,1.1446582687432458,1.144609616138186,1.1444035768508911
87,1.1437034736610494,0.1406609423570337,2.405063291139241,1.1404785729420874,1.0129706453174827,1.0703304711785169,,1.1402581300409982,1.1405105664022097,1.140472788878669,1.1402236223220825
87,1.1437034736610494,0.1406609423570337,2.468354430379747,1.1365392358267665,1.0121751652071214,1.0703304711785169,,1.1362769769083298,1.1365660504466288,1.1365393354685305,1.1362570524215698
87,1.1437034736610494,0.1406609423570337,2.5316455696202533,1.132798357131063,1.0114284641577322,1.0703304711785169,,1.132497905285693,1.1328178620394564,1.1327994320735857,1.1324983835220337
87,1.1437034736610494,0.1406609423570337,2.5949367088607596,1.1292488947680972,1.0107275514515794,1.0703304711785169,,1.1289169158930283,1.1292593473298098,1.1292449687745374,1.1289361715316772
87,1.1437034736610494,0.1406609423570337,2.6582278481012658,1.1258836286723486,1.010069638047068,1.0703304711785169,,1.1255285355997575,1.1258833441011198,1.125870144846888,1.1255686283111572
87,1.1437034736610494,0.1406609423570337,2.7215189873417724,1.122695244225623,1.0094520696080864,1.0703304711785169,,1.1223259588652368,1.1226823129622756,1.1226709476476235,1.1223853826522827
87,1.1437034736610494,0.1406609423570337,2.7848101265822787,1.119676401946476,1.0088723709340641,1.0703304711785169,,1.1193015520047196,1.1196483742451335,1.1196440925966962,1.1193809509277344
87,1.1437034736610494,0.1406609423570337,2.848101265822785,1.116819795310692,1.0083282326811305,1.0703304711785169,,1.1164467957932314,1.1167736267580037,1.1167856515912806,1.1165443658828735
87,1.1437034736610494,0.1406609423570337,2.9113924050632916,1.114118198335104,1.0078174649900324,1.0703304711785169,,1.113753109509948,1.1140503773701518,1.1140900208721292,1.1138683557510376
87,1.1437034736610494,0.1406609423570337,2.9746835443037978,1.111564504333051,1.0073380179141105,1.0703304711785169,,1.111211801741517,1.1114716145298393,1.1115493463680617,1.1113450527191162
87,1.1437034736610494,0.1406609423570337,3.037974683544304,1.1091517571107832,1.0068879793054757,1.0703304711785169,,1.108814570548297,1.1090309631673663,1.1091538974243447,1.1089669466018677
87,1.1437034736610494,0.1406609423570337,3.1012658227848102,1.1068731756683854,1.006465542513424,1.0703304711785169,,1.1065534973147744,1.1067229173543687,1.1068929131146719,1.1067254543304443
87,1.1437034736610494,0.1406609423570337,3.1645569620253164,1.104722173342638,1.006069009788129,1.0703304711785169,,1.1044211738409826,1.104542528724848,1.1047557892181061,1.1046135425567627
87,1.1437034736610494,0.1406609423570337,3.227848101265823,1.1026923722378188,1.0056967978646663,1.0703304711785169,,1.1024106859436107,1.1024853572784927,1.1027333003449633,1.1026238203048706
87,1.1437034736610494,0.1406609423570337,3.2911392405063293,1.1007776136221301,1.0053474162501606,1.0703304711785169,,1.1005155888576637,1.100547188499771,1.1008181930886156,1.1007494926452637
87,1.1437034736610494,0.1406609423570337,3.3544303797468356,1.0989719649416458,1.0050194588850307,1.0703304711785169,,1.098729847790474,1.0987238447706618,1.0990054480293718,1.098983645439148
87,1.1437034736610494,0.1406609423570337,3.417721518987342,1.0972697239633744,1.004711614822411,1.0703304711785169,,1.0970476964812486,1.097011078777847,1.0972917695097941,1.09731924533844
87,1.1437034736610494,0.1406609423570337,3.4810126582278484,1.095665420525576,1.0044226544075199,1.0703304711785169,,1.0954636495002403,1.0954043234295934,1.0956749322229544,1.0957504510879517
87,1.1437034736610494,0.1406609423570337,3.5443037974683547,1.09415381629353,1.0041514131585922,1.0703304711785169,,1.0939724161545563,1.09389883944579,1.0941528155972768,1.0942714214324951
87,1.1437034736610494,0.1406609423570337,3.607594936708861,1.0927299028655346,1.0038968056101538,1.0703304711785169,,1.0925688717900974,1.0924894365767648,1.09272273189264,1.092879056930542
87,1.1437034736610494,0.1406609423570337,3.670886075949367,1.0913888985315217,1.0036578173050144,1.0703304711785169,,1.0912480823898971,1.0911707810825313,1.0913809698192163,1.091564655303955
87,1.1437034736610494,0.1406609423570337,3.7341772151898738,1.0901262439368848,1.003433483834111,1.0703304711785169,,1.0900052184799316,1.0899372768408129,1.0901226878589192,1.0903246402740479
87,1.1437034736610494,0.1406609423570337,3.79746835443038,1.0889375968765302,1.0032229066875586,1.0703304711785169,,1.0888356842704048,1.088783266233484,1.0889422136465357,1.0891543626785278
87,1.1437034736610494,0.1406609423570337,3.8607594936708862,1.08781882640549,1.0030252481851023,1.0703304711785169,,1.0877351012568541,1.0877030096479532,1.0878334477109928,1.0880496501922607
87,1.1437034736610494,0.1406609423570337,3.924050632911393,1.0867660064275522,1.0028397103827207,1.0703304711785169,,1.0866992508240252,1.0866909150616673,1.0867902907551148,1.0870062112808228
87,1.1437034736610494,0.1406609423570337,3.987341772151899,1.085775408898815,1.0026655499033894,1.0703304711785169,,1.085724080395456,1.0857414273495825,1.0858070409223095,1.086020588874817
87,1.1437034736610494,0.1406609423570337,4.050632911392405,1.0848434967615048,1.0025020731421195,1.0703304711785169,,1.0848058489736543,1.0848492865667312,1.0848788175935917,1.085089087486267
87,1.1437034736610494,0.1406609423570337,4.113924050632912,1.0839669167080679,1.0023486217845543,1.0703304711785169,,1.0839410922924484,1.0840094592778573,1.0840015073438423,1.084208607673645
87,1.1437034736610494,0.1406609423570337,4.177215189873418,1.083142491856592,1.0022045801700514,1.0703304711785169,,1.0831263686341457,1.0832172574493903,1.0831719559291295,1.0833762884140015
87,1.1437034736610494,0.1406609423570337,4.2405063291139244,1.082367214406353,1.0020693739900786,1.0703304711785169,,1.082358836890513,1.0824683241004154,1.0823877625796974,1.0825891494750977
87,1.1437034736610494,0.1406609423570337,4.30379746835443,1.0816382383305356,1.0019424601295144,1.0703304711785169,,1.0816354960641104,1.081758625103225,1.081647131373087,1.081843614578247
87,1.1437034736610494,0.1406609423570337,4.367088607594937,1.0809528721530108,1.0018233287027114,1.0703304711785169,,1.0809537530799629,1.0810846592941388,1.080948747989466,1.0811388492584229
87,1.1437034736610494,0.1406609423570337,4.4303797468354436,1.080308571847288,1.0017115041799216,1.0703304711785169,,1.0803112259988454,1.080443175592596,1.08029151708914,1.0804715156555176
87,1.1437034736610494,0.1406609423570337,4.493670886075949,1.079702933888128,1.0016065384889536,1.0703304711785169,,1.079705571828904,1.0798313943862132,1.0796744696958145,1.0798399448394775
87,1.1437034736610494,0.1406609423570337,4.556962025316456,1.0791336884795995,1.001508009347367,1.0703304711785169,,1.0791347468580832,1.0792469009379788,1.07909655712338,1.0792418718338013
87,1.1437034736610494,0.1406609423570337,4.620253164556963,1.0785986929787983,1.0014155230155952,1.0703304711785169,,1.0785969595073104,1.0786876412865296,1.0785566405415905,1.0786757469177246
87,1.1437034736610494,0.1406609423570337,4.6835443037974684,1.0780959255339762,1.0013287098344485,1.0703304711785169,,1.0780902849565057,1.0781519509442143,1.0780534601386742,1.0781440734863281
87,1.1437034736610494,0.1406609423570337,4.746835443037975,1.0776234789373274,1.0012472200733333,1.0703304711785169,,1.0776131571113763,1.0776384360051177,1.0775855320637109,1.0776387453079224
87,1.1437034736610494,0.1406609423570337,4.810126582278482,1.0771795547088647,1.0011707277145974,1.0703304711785169,,1.077164091872095,1.0771460469400804,1.0771512972728794,1.077161192893982
87,1.1437034736610494,0.1406609423570337,4.8734177215189876,1.0767624574062542,1.0010989277915967,1.0703304711785169,,1.0767416707344073,1.076674000701956,1.0767489935867902,1.0767102241516113
87,1.1437034736610494,0.1406609423570337,4.936708860759494,1.0763705891584896,1.0010315306639803,1.0703304711785169,,1.0763445981857567,1.0762217725261645,1.076376814808842,1.0762845277786255
87,1.1437034736610494,0.1406609423570337,5.0,1.076002444459159,1.000968266389879,1.0703304711785169,,1.0759716299601276,1.0757889688392714,1.076032921691132,1.075882911682129
102,0.7901057379357839,0.125409944828728,0.0,0.7901057379357839,0.7901057379357839,1.062704972414364,0.502877220764146,0.7896910547935736,0.7898246073791265,0.7901256908234896,0.7901057600975037
102,0.7901057379357839,0.125409944828728,0.06329113924050633,0.8465323508375366,0.8029783883638355,1.062704972414364,0.502877220764146,0.8463745996038637,0.8471052850845218,0.8465394898979675,0.8433125615119934
102,0.7901057379357839,0.125409944828728,0.12658227848101267,0.8947770954252695,0.8150616848868122,1.062704972414364,0.502877220764146,0.8948666185205376,0.8957377277229649,0.8948308180657583,0.8911759853363037
102,0.7901057379357839,0.125409944828728,0.189873417721519,0.9359031111985591,0.8264040239470882,1.062704972414364,0.502877220764146,0.9361360073456849,0.9368727768156897,0.9358970786688214,0.9334578514099121
102,0.7901057379357839,0.125409944828728,0.25316455696202533,0.9708415922995725,0.8370505642417854,1.062704972414364,0.502877220764146,0.9711253252590484,0.9715941286160588,0.9708234999741856,0.9700671434402466
102,0.7901057379357839,0.125409944828728,0.31645569620253167,1.000407815321317,0.8470442056348886,1.062704972414364,0.502877220764146,1.0007001878338606,1.000871080699043,1.000414928035104,1.001204490661621
102,0.7901057379357839,0.125409944828728,0.379746835443038,1.0253152406322352,0.856425029815322,1.062704972414364,0.502877220764146,1.0256095981143925,1.0255267263080206,1.0253323317150527,1.0273287296295166
102,0.7901057379357839,0.125409944828728,0.44303797468354433,1.0461879175259514,0.8652304284363947,1.062704972414364,0.502877220764146,1.0464839869482252,1.0462441408372047,1.0461982187760317,1.0490058660507202
102,0.7901057379357839,0.125409944828728,0.5063291139240507,1.063571396049502,0.8734957943109756,1.062704972414364,0.502877220764146,1.0638588355917868,1.0635870444369726,1.0635835001216212,1.0667823553085327
102,0.7901057379357839,0.125409944828728,0.569620253164557,1.077942324206269,0.8812543228173132,1.062704972414364,0.502877220764146,1.0782016867371795,1.0780086574161494,1.077973010414306,1.0811452865600586
102,0.7901057379357839,0.125409944828728,0.6329113924050633,1.0897168878866732,0.8885369744036078,1.062704972414364,0.502877220764146,1.0899294781422044,1.08986490442576,1.0897647416080811,1.0925400257110596
102,0.7901057379357839,0.125409944828728,0.6962025316455697,1.0992582321190323,0.8953729483281345,1.062704972414364,0.502877220764146,1.099414163350979,1.0994500226055741,1.0993004455702124,1.1014032363891602
102,0.7901057379357839,0.125409944828728,0.759493670886076,1.1068829856933533,0.9017897367131089,1.062704972414364,0.502877220764146,1.106983031472352,1.1070410435816878,1.1068971691421574,1.108201026916504
102,0.7901057379357839,0.125409944828728,0.8227848101265823,1.1128669966391047,0.9078129749006638,1.062704972414364,0.502877220764146,1.1129192667921313,1.1129254174019814,1.112854658761474,1.1133875846862793
102,0.7901057379357839,0.125409944828728,0.8860759493670887,1.1174503732055356,0.9134667522985817,1.062704972414364,0.502877220764146,1.1174650727622228,1.1173965305136437,1.1174365240358493,1.1173145771026611
102,0.7901057379357839,0.125409944828728,0.949367088607595,1.120841913689487,0.9187738375918646,1.062704972414364,0.502877220764146,1.1208275387046438,1.120725281356745,1.1208500399820227,1.1201444864273071
102,0.7901057379357839,0.125409944828728,1.0126582278481013,1.1232229984989306,0.9237554568854232,1.062704972414364,0.502877220764146,1.123184879590354,1.1231279446833102,1.1232520567633144,1.1219817399978638
102,0.7901057379357839,0.125409944828728,1.0759493670886076,1.1247510090666488,0.9284314838449905,1.062704972414364,0.502877220764146,1.1246925118291562,1.1247521976505206,1.1247794186518807,1.1230489015579224
102,0.7901057379357839,0.125409944828728,1.139240506329114,1.1255623305137985,0.932820775213257,1.062704972414364,0.502877220764146,1.1254868291148352,1.1256876930070525,1.1255725854960992,1.123646855354309
102,0.7901057379357839,0.125409944828728,1.2025316455696204,1.1257749881479684,0.936940906211718,1.062704972414364,0.502877220764146,1.1256877360541468,1.1259946515881583,1.125770794411214,1.1239606142044067
102,0.7901057379357839,0.125409944828728,1.2658227848101267,1.125490961896528,0.9408082724426913,1.062704972414364,0.502877220764146,1.1253996853968062,1.1257357376641648,1.125490545311056,1.1240346431732178
102,0.7901057379357839,0.125409944828728,1.3291139240506329,1.1247982175012576,0.9444384907921543,1.062704972414364,0.502877220764146,1.1247126742682447,1.1249953112409947,1.124815096625428,1.12384033203125
102,0.7901057379357839,0.125409944828728,1.3924050632911393,1.123772488625571,0.9478461011490718,1.062704972414364,0.502877220764146,1.1237029083247814,1.123877636481092,1.1238039963833555,1.1233525276184082
102,0.7901057379357839,0.125409944828728,1.4556962025316458,1.1224788399612367,0.9510446667981216,1.062704972414364,0.502877220764146,1.1224337118921919,1.1224887814251436,1.1225109189640334,1.1225680112838745
102,0.7901057379357839,0.125409944828728,1.518987341772152,1.120973037843123,0.9540470842622082,1.062704972414364,0.502877220764146,1.1209573646417357,1.120916230068211,1.1209931047253294,1.12149977684021
102,0.7901057379357839,0.125409944828728,1.5822784810126582,1.119302751620815,0.9568653912789512,1.062704972414364,0.502877220764146,1.119317151451798,1.1192175958215405,1.1193080698494164,1.12017822265625
102,0.7901057379357839,0.125409944828728,1.6455696202531647,1.1175086062955002,0.9595108183278884,1.062704972414364,0.502877220764146,1.1175487235160178,1.1174242302939816,1.1175059331186667,1.1186432838439941
102,0.7901057379357839,0.125409944828728,1.708860759493671,1.1156251045367342,0.9619940051835565,1.062704972414364,0.502877220764146,1.115682517180021,1.1155534425172204,1.1156246648775145,1.1169345378875732
102,0.7901057379357839,0.125409944828728,1.7721518987341773,1.1136814338244054,0.9643249214220796,1.062704972414364,0.502877220764146,1.113744926462282,1.113620666924473,1.1136905542680204,1.1150918006896973
102,0.7901057379357839,0.125409944828728,1.8354430379746836,1.1117021728363983,0.9665128659327844,1.062704972414364,0.502877220764146,1.1117594386774687,1.1116454427968898,1.1117219300257923,1.1131510734558105
102,0.7901057379357839,0.125409944828728,1.89873417721519,1.109707909222133,0.9685666165976172,1.062704972414364,0.502877220764146,1.1097473764863577,1.1096506937371882,1.10973370603672,1.1111454963684082
102,0.7901057379357839,0.125409944828728,1.9620253164556964,1.107715779682984,0.9704944301375483,1.062704972414364,0.502877220764146,1.1077281848764635,1.1076584250100703,1.107740452859603,1.1091032028198242
102,0.7901057379357839,0.125409944828728,2.0253164556962027,1.1057399418079932,0.9723040060631145,1.062704972414364,0.502877220764146,1.1057193409681267,1.1056859169491597,1.1057573346191167,1.1070513725280762
102,0.7901057379357839,0.125409944828728,2.088607594936709,1.103791986023736,0.9740025861431465,1.062704972414364,0.502877220764146,1.103736335565759,1.1037442347075879,1.1037996029575021,1.105006456375122
102,0.7901057379357839,0.125409944828728,2.151898734177215,1.1018812950341652,0.9755970085102323,1.062704972414364,0.502877220764146,1.1017922836841314,1.1018393966791287,1.1018811241201272,1.102986216545105
102,0.7901057379357839,0.125409944828728,2.2151898734177218,1.1000153572013367,0.9770936483741152,1.062704972414364,0.502877220764146,1.0998980434403498,1.0999748220329975,1.100012764724651,1.1010088920593262
102,0.7901057379357839,0.125409944828728,2.278481012658228,1.0982000395378313,0.9784984801739914,1.062704972414364,0.502877220764146,1.0980618286300046,1.098153487168295,1.0982014302661978,1.0990793704986572
102,0.7901057379357839,0.125409944828728,2.3417721518987342,1.0964398253139527,0.9798171671695809,1.062704972414364,0.502877220764146,1.09628939526458,1.0963793647168794,1.0964500577081246,1.097208857536316
102,0.7901057379357839,0.125409944828728,2.405063291139241,1.0947380206649506,0.9810549880385553,1.062704972414364,0.502877220764146,1.0945842629565117,1.0946575588342333,1.0947583827487328,1.0954029560089111
102,0.7901057379357839,0.125409944828728,2.468354430379747,1.0930969340519594,0.9822168716485846,1.062704972414364,0.502877220764146,1.0929478071629597,1.0929937804348853,1.093124492060158,1.093666672706604
102,0.7901057379357839,0.125409944828728,2.5316455696202533,1.091518031962501,0.9833075082334298,1.062704972414364,0.502877220764146,1.091380028908855,1.0913932443668466,1.0915466606289248,1.0920037031173706
102,0.7901057379357839,0.125409944828728,2.5949367088607596,1.090002073824352,0.984331266055571,1.062704972414364,0.502877220764146,1.0898796060334401,1.0898600872509066,1.0900245749832471,1.0904083251953125
102,0.7901057379357839,0.125409944828728,2.6582278481012658,1.0885492287443668,0.9852922188079578,1.062704972414364,0.502877220764146,1.0884444148800563,1.088396686926567,1.088559838247781,1.088890790939331
102,0.7901057379357839,0.125409944828728,2.7215189873417724,1.0871591763651882,0.9861942434318017,1.062704972414364,0.502877220764146,1.0870720868335784,1.0870033959700303,1.0871556836344614,1.0874478816986084
102,0.7901057379357839,0.125409944828728,2.7848101265822787,1.085831193844339,0.9870409552217368,1.062704972414364,0.502877220764146,1.085760008320416,1.0856789311679098,1.0858157146803105,1.0860730409622192
102,0.7901057379357839,0.125409944828728,2.848101265822785,1.0845642307277765,0.9878357272209848,1.062704972414364,0.502877220764146,1.084505999312715,1.0844207148191933,1.0845425725171811,1.0847712755203247
102,0.7901057379357839,0.125409944828728,2.9113924050632916,1.083356973270181,0.9885817579527276,1.062704972414364,0.502877220764146,1.0833079966247354,1.083225288807295,1.0833368307812992,1.0835376977920532
102,0.7901057379357839,0.125409944828728,2.9746835443037978,1.0822078995492108,0.9892820415828693,1.062704972414364,0.502877220764146,1.082164327569379,1.0820889357081307,1.082196498410934,1.0823696851730347
102,0.7901057379357839,0.125409944828728,3.037974683544304,1.0811153265534883,0.9899393710075064,1.062704972414364,0.502877220764146,1.0810735715925295,1.0810079042749001,1.081117306386267,1.0812686681747437
102,0.7901057379357839,0.125409944828728,3.1012658227848102,1.08007745032898,0.9905563850328283,1.062704972414364,0.502877220764146,1.080034679165027,1.0799788532331303,1.080093660245442,1.080226182937622
102,0.7901057379357839,0.125409944828728,3.1645569620253164,1.0790923800339958,0.9911355634036763,1.062704972414364,0.502877220764146,1.079046740148304,1.0789989209759718,1.0791198579048098,1.0792410373687744
102,0.7901057379357839,0.125409944828728,3.227848101265823,1.078158166765597,0.9916792186474656,1.062704972414364,0.502877220764146,1.078108713212647,1.078065770661156,1.0781912014154236,1.078310489654541
102,0.7901057379357839,0.125409944828728,3.2911392405063293,1.077272827800743,0.9921895277881382,1.062704972414364,0.502877220764146,1.0772195754770981,1.0771776107096092,1.077304735603437,1.0774343013763428
102,0.7901057379357839,0.125409944828728,3.3544303797468356,1.0764343669150915,0.9926685445257896,1.062704972414364,0.502877220764146,1.076378156470661,1.0763329898192906,1.0764593631288366,1.0766055583953857
102,0.7901057379357839,0.125409944828728,3.417721518987342,1.0756407912611285,0.9931181836382503,1.062704972414364,0.502877220764146,1.0755831114840997,1.0755308092643616,1.0756554526434294,1.0758227109909058
102,0.7901057379357839,0.125409944828728,3.4810126582278484,1.07489012532773,0.9935402411675799,1.062704972414364,0.502877220764146,1.0748327432319769,1.074770134307914,1.0748941182477587,1.0750828981399536
102,0.7901057379357839,0.125409944828728,3.5443037974683547,1.0741804223420455,0.9939364179636898,1.062704972414364,0.502877220764146,1.0741252806338355,1.0740500876091663,1.074176296546934,1.074383020401001
102,0.7901057379357839,0.125409944828728,3.607594936708861,1.0735097734933887,0.9943082994647692,1.062704972414364,0.502877220764146,1.0734587640219482,1.0733697508301037,1.0735021561868563,1.0737252235412598
102,0.7901057379357839,0.125409944828728,3.670886075949367,1.0728763152922842,0.9946573673938277,1.062704972414364,0.502877220764146,1.072831143534675,1.0727280990399064,1.0728706745191057,1.0731006860733032
102,0.7901057379357839,0.125409944828728,3.7341772151898738,1.0722782353193259,0.9949850303732407,1.062704972414364,0.502877220764146,1.0722402524682628,1.0721239433188234,1.0722796211850367,1.072509527206421
102,0.7901057379357839,0.125409944828728,3.79746835443038,1.0717137766087779,0.9952926007725983,1.062704972414364,0.502877220764146,1.0716838974707572,1.0715559594562356,1.0717258171463229,1.0719499588012695
102,0.7901057379357839,0.125409944828728,3.8607594936708862,1.0711812408705041,0.9955813021133292,1.062704972414364,0.502877220764146,1.0711600450794114,1.0710226674520387,1.0712055536060143,1.071419596672058
102,0.7901057379357839,0.125409944828728,3.924050632911393,1.0706789907276775,0.9958522998778484,1.062704972414364,0.502877220764146,1.0706666187843843,1.0705223987188581,1.0707150284553097,1.0709151029586792
102,0.7901057379357839,0.125409944828728,3.987341772151899,1.0702054511221935,0.9961066798476477,1.062704972414364,0.502877220764146,1.0702018577545276,1.070053349378451,1.070250783158529,1.0704373121261597
102,0.7901057379357839,0.125409944828728,4.050632911392405,1.0697591100226957,0.996345455106848,1.062704972414364,0.502877220764146,1.0697639622113213,1.069613682754788,1.0698099331513007,1.0699836015701294
102,0.7901057379357839,0.125409944828728,4.113924050632912,1.069338518550726,0.9965695871938354,1.062704972414364,0.502877220764146,1.0693513742599192,1.0692014555790348,1.0693903359623513,1.0695524215698242
102,0.7901057379357839,0.125409944828728,4.177215189873418,1.0689422906245662,0.9967799753466916,1.062704972414364,0.502877220764146,1.068962658997174,1.0688146630865074,1.0689906039741615,1.0691423416137695
102,0.7901057379357839,0.125409944828728,4.2405063291139244,1.0685691022067536,0.9969774584043306,1.062704972414364,0.502877220764146,1.0685967668939254,1.068451411205051,1.0686099593539475,1.0687520503997803
102,0.7901057379357839,0.125409944828728,4.30379746835443,1.068217690229289,0.9971628296443574,1.062704972414364,0.502877220764146,1.0682524905816682,1.0681097361672145,1.0682481430730095,1.068379282951355
102,0.7901057379357839,0.125409944828728,4.367088607594937,1.0678868512601323,0.9973368338091857,1.062704972414364,0.502877220764146,1.067928936320727,1.067787924288667,1.0679052649626946,1.0680252313613892
102,0.7901057379357839,0.125409944828728,4.4303797468354436,1.0675754399654687,0.99750016546077,1.062704972414364,0.502877220764146,1.0676254399559308,1.0674841962895056,1.067581531644045,1.0676878690719604
102,0.7901057379357839,0.125409944828728,4.493670886075949,1.0672823674142913,0.9976534790563741,1.062704972414364,0.502877220764146,1.0673413086340453,1.0671970229729468,1.0672772036943103,1.067366361618042
102,0.7901057379357839,0.125409944828728,4.556962025316456,1.0670065992648934,0.9977973913845787,1.062704972414364,0.502877220764146,1.0670760524381386,1.0669249530369496,1.0669924393551904,1.067059874534607
102,0.7901057379357839,0.125409944828728,4.620253164556963,1.0667471538666833,0.9979324775440483,1.062704972414364,0.502877220764146,1.0668292080994801,1.0666667647639767,1.0667272199659261,1.0667678117752075
102,0.7901057379357839,0.125409944828728,4.6835443037974684,1.066503100305269,0.9980592774614808,1.062704972414364,0.502877220764146,1.0666004271415912,1.066421326630403,1.066481321208413,1.066489815711975
102,0.7901057379357839,0.125409944828728,4.746835443037975,1.066273556417491,0.9981783019557225,1.062704972414364,0.502877220764146,1.066389479979968,1.0661877366971073,1.066254336807734,1.0662251710891724
102,0.7901057379357839,0.125409944828728,4.810126582278482,1.0660576867938059,0.998290027210374,1.062704972414364,0.502877220764146,1.066196005838962,1.0659652365152825,1.0660456436107357,1.0659732818603516
102,0.7901057379357839,0.125409944828728,4.8734177215189876,1.065854700785532,0.9983948986617781,1.062704972414364,0.502877220764146,1.066019857128535,1.0657532521236694,1.0658544466256583,1.0657341480255127
102,0.7901057379357839,0.125409944828728,4.936708860759494,1.0656638505291522,0.9984933393605941,1.062704972414364,0.502877220764146,1.06586084936114,1.0655512997549215,1.0656798461717722,1.065506935119629
102,0.7901057379357839,0.125409944828728,5.0,1.0654844289938685,0.9985857435856812,1.062704972414364,0.502877220764146,1.065718642259744,1.0653591457248115,1.0655208373720673,1.0652915239334106
103,0.5607159488274738,0.10093742068501255,0.0,0.5607159488274738,0.5607159488274738,1.0504687103425063,2.1386802186060776,0.5611343025712805,0.5605352182078943,0.5607101575078569,0.5607159733772278
103,0.5607159488274738,0.10093742068501255,0.06329113924050633,0.6227118992354264,0.5876568950627369,1.0504687103425063,2.1386802186060776,0.6231399605529744,0.6227433697218091,0.6226704982177524,0.6195268630981445
103,0.5607159488274738,0.10093742068501255,0.12658227848101267,0.6771057170617109,0.6129458162363339,1.0504687103425063,2.1386802186060776,0.6775793004411752,0.6773463705633274,0.6771391638960625,0.6729570627212524
103,0.5607159488274738,0.10093742068501255,0.189873417721519,0.7248154453768993,0.6366840004209321,1.0504687103425063,2.1386802186060776,0.7253369113284531,0.7253759734918602,0.724824590394989,0.7209550142288208
103,0.5607159488274738,0.10093742068501255,0.25316455696202533,0.7666491049135692,0.65896595946846,1.0504687103425063,2.1386802186060776,0.7671492019091646,0.7672611079558017,0.7666445550278904,0.7636116743087769
103,0.5607159488274738,0.10093742068501255,0.31645569620253167,0.8033178287753328,0.6798814777582578,1.0504687103425063,2.1386802186060776,0.8037199142825746,0.8038041389976286,0.8033191973405802,0.8012261390686035
103,0.5607159488274738,0.10093742068501255,0.379746835443038,0.8354474322226172,0.6995144415600842,1.0504687103425063,2.1386802186060776,0.8357158110439673,0.835889360529835,0.8354466804329683,0.8342423439025879
103,0.5607159488274738,0.10093742068501255,0.44303797468354433,0.863588603760098,0.7179431072149381,1.0504687103425063,2.1386802186060776,0.8637359109611565,0.864062052147487,0.8635796416844069,0.8631440997123718
103,0.5607159488274738,0.10093742068501255,0.5063291139240507,0.8882258816420433,0.7352415477254184,1.0504687103425063,2.1386802186060776,0.888291941493889,0.8886599162565634,0.8882207626786588,0.8883806467056274
103,0.5607159488274738,0.10093742068501255,0.569620253164557,0.9097855603848843,0.7514792371214185,1.0504687103425063,2.1386802186060776,0.9098116513702541,0.9100620132714863,0.9098000191655556,0.9103525280952454
103,0.5607159488274738,0.10093742068501255,0.6329113924050633,0.9286426546677281,0.7667209719865993,1.0504687103425063,2.1386802186060776,0.9286552258786952,0.9287167873234602,0.9286759889505621,0.9294273853302002
103,0.5607159488274738,0.10093742068501255,0.6962025316455697,0.9451270328573642,0.781027862940851,1.0504687103425063,2.1386802186060776,0.9451352443209344,0.945041639439017,0.9451604494027112,0.94596928358078
103,0.5607159488274738,0.10093742068501255,0.759493670886076,0.9595288190330041,0.7944574477686916,1.0504687103425063,2.1386802186060776,0.9595304714810843,0.9593598573970847,0.9595429719571841,0.9603283405303955
103,0.5607159488274738,0.10093742068501255,0.8227848101265823,0.9721031506216312,0.8070633782318916,1.0504687103425063,2.1386802186060776,0.9720919580138879,0.9719116193862695,0.9720970344606259,0.9728297591209412
103,0.5607159488274738,0.10093742068501255,0.8860759493670887,0.9830743683893811,0.8188960706331031,1.0504687103425063,2.1386802186060776,0.9830453362897558,0.9828933513483383,0.9830660273874435,0.9837415218353271
103,0.5607159488274738,0.10093742068501255,0.949367088607595,0.9926397064017355,0.8300031771572365,1.0504687103425063,2.1386802186060776,0.9925918289266922,0.9924821203317328,0.9926474673532544,0.9932246804237366
103,0.5607159488274738,0.10093742068501255,1.0126582278481013,1.000972541519082,0.8404291215501533,1.0504687103425063,2.1386802186060776,1.0009094869067254,1.0008401769849622,1.0009964647653524,1.0013549327850342
103,0.5607159488274738,0.10093742068501255,1.0759493670886076,1.0082252549040147,0.8502154970612761,1.0504687103425063,2.1386802186060776,1.008155018052491,1.008114266803093,1.0082489139530704,1.0082567930221558
103,0.5607159488274738,0.10093742068501255,1.139240506329114,1.01453175176809,0.8594017686394796,1.0504687103425063,2.1386802186060776,1.0144649595480895,1.0144373438120788,1.0145410792377267,1.0141674280166626
103,0.5607159488274738,0.10093742068501255,1.2025316455696204,1.020009680094354,0.8680247191602117,1.0504687103425063,2.1386802186060776,1.019957924587443,1.019930538435936,1.0200064908194522,1.019344449043274
103,0.5607159488274738,0.10093742068501255,1.2658227848101267,1.02476238420749,0.8761186626944583,1.0504687103425063,2.1386802186060776,1.0247359306846386,1.0247040266380776,1.0247599617292185,1.023974061012268
103,0.5607159488274738,0.10093742068501255,1.3291139240506329,1.0288806248098297,0.8837162835513127,1.0504687103425063,2.1386802186060776,1.0288868841062353,1.0288547750735104,1.0288895172410273,1.0281600952148438
103,0.5607159488274738,0.10093742068501255,1.3924050632911393,1.0324440933192442,0.890848012011549,1.0504687103425063,2.1386802186060776,1.0324864903423123,1.0324628759362224,1.0324627733951621,1.031921148300171
103,0.5607159488274738,0.10093742068501255,1.4556962025316458,1.0355227450229596,0.8975422344378208,1.0504687103425063,2.1386802186060776,1.0356005007548261,1.0355913952694222,1.0355407836217978,1.0352673530578613
103,0.5607159488274738,0.10093742068501255,1.518987341772152,1.0381779727017049,0.9038259417386514,1.0504687103425063,2.1386802186060776,1.0382865656525329,1.038291214738732,1.0381859123805568,1.0382083654403687
103,0.5607159488274738,0.10093742068501255,1.5822784810126582,1.040463639728856,0.9097243274857738,1.0504687103425063,2.1386802186060776,1.040595587199671,1.0406066277544628,1.0404592803931854,1.040755033493042
103,0.5607159488274738,0.10093742068501255,1.6455696202531647,1.042426989378948,0.9152608957545322,1.0504687103425063,2.1386802186060776,1.0425728181417995,1.0425808085024713,1.0424151614250756,1.0429389476776123
103,0.5607159488274738,0.10093742068501255,1.708860759493671,1.0441094452157178,0.9204579143440249,1.0504687103425063,2.1386802186060776,1.0442590999222288,1.044258046293346,1.0440977306511405,1.0447912216186523
103,0.5607159488274738,0.10093742068501255,1.7721518987341773,1.0455473154365202,0.9253362484067701,1.0504687103425063,2.1386802186060776,1.0456908462831271,1.0456822819611964,1.0455413146675683,1.0463463068008423
103,0.5607159488274738,0.10093742068501255,1.8354430379746836,1.046772412775647,0.9299153594265318,1.0504687103425063,2.1386802186060776,1.0469009042074102,1.0468939592761748,1.0467731915855194,1.0476393699645996
103,0.5607159488274738,0.10093742068501255,1.89873417721519,1.0478125999255918,0.9342136184797957,1.0504687103425063,2.1386802186060776,1.0479186974090546,1.0479275241132755,1.0478171892160708,1.048704981803894
103,0.5607159488274738,0.10093742068501255,1.9620253164556964,1.0486922694861112,0.9382483059143081,1.0504687103425063,2.1386802186060776,1.0487704764162191,1.0488098542583186,1.0486959251682906,1.049574613571167
103,0.5607159488274738,0.10093742068501255,2.0253164556962027,1.0494327661926945,0.9420355359017765,1.0504687103425063,2.1386802186060776,1.0494794169646027,1.0495607513747447,1.049431426949291,1.0502756834030151
103,0.5607159488274738,0.10093742068501255,2.088607594936709,1.050052758350206,0.9455904646142564,1.0504687103425063,2.1386802186060776,1.0500659930722631,1.050194748981579,1.0500449781720953,1.0508354902267456
103,0.5607159488274738,0.10093742068501255,2.151898734177215,1.050568564560047,0.9489274034605361,1.0504687103425063,2.1386802186060776,1.050548075432976,1.0507231951128595,1.0505560879241809,1.0512751340866089
103,0.5607159488274738,0.10093742068501255,2.2151898734177218,1.0509944410747374,0.952059695006227,1.0504687103425063,2.1386802186060776,1.0509412552943727,1.0511560479964321,1.0509813198178302,1.0516177415847778
103,0.5607159488274738,0.10093742068501255,2.278481012658228,1.0513428344935631,0.9549998430512311,1.0504687103425063,2.1386802186060776,1.051258856757112,1.0515030977714879,1.051333696356201,1.0518770217895508
103,0.5607159488274738,0.10093742068501255,2.3417721518987342,1.051624603956254,0.9577597001333357,1.0504687103425063,2.1386802186060776,1.0515125230353075,1.0517744953528674,1.0516228095481828,1.052067756652832
103,0.5607159488274738,0.10093742068501255,2.405063291139241,1.0518492164873998,0.9603503139052477,1.0504687103425063,2.1386802186060776,1.051711929475899,1.051980682735763,1.0518553480464894,1.052203893661499
103,0.5607159488274738,0.10093742068501255,2.468354430379747,1.0520249187099073,0.9627819999084046,1.0504687103425063,2.1386802186060776,1.0518656567997102,1.0521320322200722,1.0520363847635295,1.0522955656051636
103,0.5607159488274738,0.10093742068501255,2.5316455696202533,1.0521588877619787,0.9650645742514855,1.0504687103425063,2.1386802186060776,1.0519808467246943,1.0522385102330873,1.0521708297150454,1.0523524284362793
103,0.5607159488274738,0.10093742068501255,2.5949367088607596,1.052257363913615,0.9672071791950765,1.0504687103425063,2.1386802186060776,1.0520638005255316,1.0523089926757083,1.052264258707083,1.0523793697357178
103,0.5607159488274738,0.10093742068501255,2.6582278481012658,1.0523257670808521,0.9692183405003137,1.0504687103425063,2.1386802186060776,1.0521198355433157,1.0523513100193993,1.0523233013062092,1.0523855686187744
103,0.5607159488274738,0.10093742068501255,2.7215189873417724,1.0523687991744382,0.9711061721500334,1.0504687103425063,2.1386802186060776,1.0521536418614783,1.0523719357272185,1.0523554682143923,1.052375316619873
103,0.5607159488274738,0.10093742068501255,2.7848101265822787,1.0523905339818935,0.9728782405315077,1.0504687103425063,2.1386802186060776,1.0521692372088336,1.052375916558523,1.0523681022501126,1.052350401878357
103,0.5607159488274738,0.10093742068501255,2.848101265822785,1.0523944960823126,0.974541605028255,1.0504687103425063,2.1386802186060776,1.0521700817518291,1.0523672087462772,1.0523673862652752,1.052317500114441
103,0.5607159488274738,0.10093742068501255,2.9113924050632916,1.0523837301260388,0.976102959773819,1.0504687103425063,2.1386802186060776,1.0521592502829247,1.0523487271937333,1.0523576438544857,1.05227792263031
103,0.5607159488274738,0.10093742068501255,2.9746835443037978,1.0523608616370705,0.9775685712059315,1.0504687103425063,2.1386802186060776,1.052139350226126,1.0523225217625307,1.052340972902972,1.052234172821045
103,0.5607159488274738,0.10093742068501255,3.037974683544304,1.0523281503346151,0.9789442845283072,1.0504687103425063,2.1386802186060776,1.052112521636985,1.0522901421480693,1.052317560786235,1.0521854162216187
103,0.5607159488274738,0.10093742068501255,3.1012658227848102,1.0522875369307565,0.980235622452487,1.0504687103425063,2.1386802186060776,1.0520804945987257,1.0522525681842125,1.0522864597327861,1.0521363019943237
103,0.5607159488274738,0.10093742068501255,3.1645569620253164,1.0522406841377032,0.981447774793375,1.0504687103425063,2.1386802186060776,1.0520447286128354,1.052210578818384,1.052246574790375,1.0520867109298706
103,0.5607159488274738,0.10093742068501255,3.227848101265823,1.0521890126233724,0.9825855813993359,1.0504687103425063,2.1386802186060776,1.0520062978068132,1.0521648300063082,1.0521974511305765,1.0520375967025757
103,0.5607159488274738,0.10093742068501255,3.2911392405063293,1.0521337325073137,0.983653598525981,1.0504687103425063,2.1386802186060776,1.0519660385242087,1.052115707121973,1.0521397745482206,1.0519847869873047
103,0.5607159488274738,0.10093742068501255,3.3544303797468356,1.052075870954103,0.9846561243264553,1.0504687103425063,2.1386802186060776,1.0519244427318148,1.052063763628022,1.0520755010472027,1.051934838294983
103,0.5607159488274738,0.10093742068501255,3.417721518987342,1.0520162963106365,0.985597166206046,1.0504687103425063,2.1386802186060776,1.051881776911645,1.0520093398014867,1.052007412544616,1.0518852472305298
103,0.5607159488274738,0.10093742068501255,3.4810126582278484,1.0519557392550214,0.986480483069938,1.0504687103425063,2.1386802186060776,1.0518382911468196,1.0519529235094376,1.0519386007879803,1.0518360137939453
103,0.5607159488274738,0.10093742068501255,3.5443037974683547,1.051894811264872,0.9873096345972802,1.0504687103425063,2.1386802186060776,1.0517939895370614,1.0518949370233723,1.05187181635034,1.05178701877594
103,0.5607159488274738,0.10093742068501255,3.607594936708861,1.0518340207736374,0.9880879389241487,1.0504687103425063,2.1386802186060776,1.051748777788735,1.051835802614789,1.0518090146627528,1.0517404079437256
103,0.5607159488274738,0.10093742068501255,3.670886075949367,1.0517737872895374,0.9888184971228648,1.0504687103425063,2.1386802186060776,1.0517027173976898,1.051775897458229,1.0517510587438124,1.0516928434371948
103,0.5607159488274738,0.10093742068501255,3.7341772151898738,1.0517144537105567,0.9895042572746878,1.0504687103425063,2.1386802186060776,1.051655591078592,1.0517156889221462,1.0516978495149452,1.051645278930664
103,0.5607159488274738,0.10093742068501255,3.79746835443038,1.0516562970718157,0.9901479660150696,1.0504687103425063,2.1386802186060776,1.0516074111306115,1.051655443488554,1.0516484571470226,1.051598072052002
103,0.5607159488274738,0.10093742068501255,3.8607594936708862,1.0515995379159742,0.9907521840307684,1.0504687103425063,2.1386802186060776,1.0515581898529178,1.0515955506311638,1.0516014535756557,1.0515509843826294
103,0.5607159488274738,0.10093742068501255,3.924050632911393,1.0515443484564861,0.9913193505396751,1.0504687103425063,2.1386802186060776,1.051507968242744,1.0515363178292216,1.051555388631496,1.0515010356903076
103,0.5607159488274738,0.10093742068501255,3.987341772151899,1.0514908596788264,0.9918517379549919,1.0504687103425063,2.1386802186060776,1.0514570496796127,1.0514779623680615,1.051508957627072,1.0514522790908813
103,0.5607159488274738,0.10093742068501255,4.050632911392405,1.0514391675148498,0.9923514665428543,1.0504687103425063,2.1386802186060776,1.0514055325568825,1.0514207056327398,1.0514612573267605,1.051403284072876
103,0.5607159488274738,0.10093742068501255,4.113924050632912,1.0513893382052888,0.9928205486902255,1.0504687103425063,2.1386802186060776,1.051353908841347,1.051364789506931,1.0514119011888987,1.0513533353805542
103,0.5607159488274738,0.10093742068501255,4.177215189873418,1.051341412951444,0.9932608663968476,1.0504687103425063,2.1386802186060776,1.0513025311092083,1.051310357480949,1.0513609731996627,1.0513026714324951
103,0.5607159488274738,0.10093742068501255,4.2405063291139244,1.0512954119450064,0.9936741752540946,1.0504687103425063,2.1386802186060776,1.0512520143189585,1.0512575202473229,1.0513090034622332,1.0512510538101196
103,0.5607159488274738,0.10093742068501255,4.30379746835443,1.0512513378541526,0.9940621354988709,1.0504687103425063,2.1386802186060776,1.0512030718224479,1.051206478692493,1.0512568147177221,1.0511993169784546
103,0.5607159488274738,0.10093742068501255,4.367088607594937,1.051209178834527,0.994426305789623,1.0504687103425063,2.1386802186060776,1.0511562201848097,1.051157294312309,1.05120544041535,1.0511467456817627
103,0.5607159488274738,0.10093742068501255,4.4303797468354436,1.0511689111253242,0.9947681397629948,1.0504687103425063,2.1386802186060776,1.0511124146415685,1.0511100941981921,1.0511559083464428,1.0510936975479126
103,0.5607159488274738,0.10093742068501255,4.493670886075949,1.0511305012832965,0.9950890071212299,1.0504687103425063,2.1386802186060776,1.0510724095418071,1.0510650792365832,1.0511092570002185,1.0510398149490356
103,0.5607159488274738,0.10093742068501255,4.556962025316456,1.0510939081010573,0.9953901987304484,1.0504687103425063,2.1386802186060776,1.0510371642207732,1.051022319122778,1.0510663513974792,1.0509856939315796
103,0.5607159488274738,0.10093742068501255,4.620253164556963,1.0510590842503742,0.9956729182046581,1.0504687103425063,2.1386802186060776,1.0510073674319778,1.0509820270423873,1.0510278983326946,1.050931453704834
103,0.5607159488274738,0.10093742068501255,4.6835443037974684,1.0510259776861604,0.9959382955469763,1.0504687103425063,2.1386802186060776,1.0509840933029202,1.0509443505854488,1.0509943701145465,1.0508780479431152
103,0.5607159488274738,0.10093742068501255,4.746835443037975,1.0509945328418648,0.9961873998410615,1.0504687103425063,2.1386802186060776,1.0509681986757655,1.050909502937573,1.0509660551102762,1.0508241653442383
103,0.5607159488274738,0.10093742068501255,4.810126582278482,1.0509646916422262,0.9964212276835717,1.0504687103425063,2.1386802186060776,1.05096050349517,1.050877717782987,1.0509430461781446,1.0507704019546509
103,0.5607159488274738,0.10093742068501255,4.8734177215189876,1.050936394361036,0.9966407113205857,1.0504687103425063,2.1386802186060776,1.0509619342985945,1.0508492493045343,1.0509252913883838,1.0507173538208008
103,0.5607159488274738,0.10093742068501255,4.936708860759494,1.0509095803424664,0.9968467361476283,1.0504687103425063,2.1386802186060776,1.0509731593409337,1.0508243557847812,1.0509125594754616,1.050665020942688
103,0.5607159488274738,0.10093742068501255,5.0,1.050884188606169,0.9970401273433338,1.0504687103425063,2.1386802186060776,1.0509950436637996,1.05080336520159,1.0509045447621124,1.0506137609481812
105,1.1649101857661819,0.16841285075635498,0.0,1.1649101857661819,1.1649101857661819,1.0842064253781776,,1.1661196600559602,1.1654529179592923,1.1649653538131306,1.1649101972579956
105,1.1649101857661819,0.16841285075635498,0.06329113924050633,1.2132846492406604,1.1547963734469884,1.0842064253781776,,1.214122696777642,1.2137697597999566,1.2132487939169523,1.2089554071426392
105,1.1649101857661819,0.16841285075635498,0.12658227848101267,1.2523521770340245,1.1453027424411903,1.0842064253781776,,1.2529744951837636,1.2525426795301808,1.2524385883835698,1.2472785711288452
105,1.1649101857661819,0.16841285075635498,0.189873417721519,1.2834373939214183,1.1363912685254294,1.0842064253781776,,1.2839050214548533,1.2833115947095928,1.2834915107954983,1.2794617414474487
105,1.1649101857661819,0.16841285075635498,0.25316455696202533,1.3076940563180082,1.1280264713151635,1.0842064253781776,,1.3080480458644093,1.3074917462131679,1.307743600979759,1.3053488731384277
105,1.1649101857661819,0.16841285075635498,0.31645569620253167,1.3261261883519233,1.1201746451508396,1.0842064253781776,,1.3264114115856764,1.3261251853051952,1.3262020735497242,1.325186014175415
105,1.1649101857661819,0.16841285075635498,0.379746835443038,1.3396066546254746,1.11280429856289,1.0842064253781776,,1.3398673593447075,1.339932052978058,1.3396801636350921,1.3395804166793823
105,1.1649101857661819,0.16841285075635498,0.44303797468354433,1.3488934775029313,1.1058860535948494,1.0842064253781776,,1.3491617108005083,1.3494474779119823,1.348935819916779,1.3493659496307373
105,1.1649101857661819,0.16841285075635498,0.5063291139240507,1.3546441699791232,1.099392102743608,1.0842064253781776,,1.35493097259056,1.3551683629673361,1.3546631998216077,1.3553518056869507
105,1.1649101857661819,0.16841285075635498,0.569620253164557,1.3574283227864095,1.0932963649913257,1.0842064253781776,,1.3577216378280201,1.3576618474637119,1.3574502438337113,1.3581211566925049
105,1.1649101857661819,0.16841285075635498,0.6329113924050633,1.3577386558734543,1.08757451526492,1.0842064253781776,,1.3580081920863636,1.3575769011973606,1.3577743155335598,1.358115553855896
105,1.1649101857661819,0.16841285075635498,0.6962025316455697,1.356000719220971,1.0822036122268865,1.0842064253781776,,1.3562083807688787,1.3555477349607274,1.3560351289850026,1.3558381795883179
105,1.1649101857661819,0.16841285075635498,0.759493670886076,1.3525814058407544,1.0771620558061366,1.0842064253781776,,1.3526940651759083,1.3520649052425437,1.3525936426360838,1.3518449068069458
105,1.1649101857661819,0.16841285075635498,0.8227848101265823,1.34779642029735,1.0724297047706437,1.0842064253781776,,1.3477971753030538,1.347418574057639,1.3477854477834028,1.346636176109314
105,1.1649101857661819,0.16841285075635498,0.8860759493670887,1.341916828919455,1.0679876325014837,1.0842064253781776,,1.341810251004647,1.3417487059587752,1.3419040324408642,1.3405791521072388
105,1.1649101857661819,0.16841285075635498,0.949367088607595,1.3351748027460204,1.0638179500481133,1.0842064253781776,,1.3349857204424527,1.335148922226763,1.335180402008346,1.333836555480957
105,1.1649101857661819,0.16841285075635498,1.0126582278481013,1.3277686509340332,1.059903980437711,1.0842064253781776,,1.3275343257919305,1.3277500368320045,1.3277894903475196,1.326483964920044
105,1.1649101857661819,0.16841285075635498,1.0759493670886076,1.319867230626571,1.0562301092848447,1.0842064253781776,,1.319626730333759,1.319743769233942,1.319881138961434,1.31863272190094
105,1.1649101857661819,0.16841285075635498,1.139240506329114,1.3116138089641718,1.0527815211824154,1.0842064253781776,,1.3113980609472304,1.311352554018828,1.3116048436085082,1.3104380369186401
105,1.1649101857661819,0.16841285075635498,1.2025316455696204,1.3031294438130827,1.0495444075917193,1.0842064253781776,,1.3029548612409325,1.3027779171841893,1.3031055648774954,1.3020316362380981
105,1.1649101857661819,0.16841285075635498,1.2658227848101267,1.2945159417976217,1.0465058867798427,1.0842064253781776,,1.294382881026979,1.2941602496540092,1.2945009431370298,1.2935154438018799
105,1.1649101857661819,0.16841285075635498,1.3291139240506329,1.2858584451701922,1.0436536888374395,1.0842064253781776,,1.285753734271616,1.285570115865374,1.285869386325608,1.2849725484848022
105,1.1649101857661819,0.16841285075635498,1.3924050632911393,1.2772276928142339,1.0409763900325482,1.0842064253781776,,1.2771301959376997,1.2770309170387635,1.277261317329761,1.2764561176300049
105,1.1649101857661819,0.16841285075635498,1.4556962025316458,1.268681995270152,1.0384633339338123,1.0842064253781776,,1.2685692193810283,1.2685545423716877,1.2687200711687143,1.268009901046753
105,1.1649101857661819,0.16841285075635498,1.518987341772152,1.2602689588664795,1.0361043879727325,1.0842064253781776,,1.2601227890927862,1.2601694275448136,1.2602936514111376,1.2596834897994995
105,1.1649101857661819,0.16841285075635498,1.5822784810126582,1.2520269897084482,1.0338900943131228,1.0842064253781776,,1.251838002694008,1.2519259827555858,1.2520323863380056,1.251510500907898
105,1.1649101857661819,0.16841285075635498,1.6455696202531647,1.2439866046572774,1.0318116293671036,1.0842064253781776,,1.243755644231878,1.2438820305011382,1.243979793832029,1.2435200214385986
105,1.1649101857661819,0.16841285075635498,1.708860759493671,1.2361715731698686,1.0298606336531992,1.0842064253781776,,1.2359090198583191,1.236082192169645,1.2361652507962597,1.2357397079467773
105,1.1649101857661819,0.16841285075635498,1.7721518987341773,1.2285999108007966,1.0280292742528998,1.0842064253781776,,1.2283227443119014,1.2285473435520453,1.228603874033908,1.2281874418258667
105,1.1649101857661819,0.16841285075635498,1.8354430379746836,1.2212847429290683,1.0263102451943729,1.0842064253781776,,1.221012527732232,1.2212783701885674,1.2213009416310787,1.2208822965621948
105,1.1649101857661819,0.16841285075635498,1.89873417721519,1.2142350547086707,1.0246966498520127,1.0842064253781776,,1.2139855528344963,1.2142683353474226,1.2142577141000974,1.2138352394104004
105,1.1649101857661819,0.16841285075635498,1.9620253164556964,1.207456341551799,1.0231820010671149,1.0842064253781776,,1.2072418688153737,1.2075129753164002,1.2074758476045695,1.2070562839508057
105,1.1649101857661819,0.16841285075635498,2.0253164556962027,1.2009511725678415,1.0217602494712954,1.0842064253781776,,1.2007764166163373,1.2010147663283608,1.2009590288422656,1.200544834136963
105,1.1649101857661819,0.16841285075635498,2.088607594936709,1.1947196778811986,1.020425705335681,1.0842064253781776,,1.1945810705858475,1.1947800465554945,1.1947120699306553,1.1943106651306152
105,1.1649101857661819,0.16841285075635498,2.151898734177215,1.188759969472042,1.0191729960612113,1.0842064253781776,,1.1886466063465249,1.1888143588236755,1.1887389317101356,1.1883509159088135
105,1.1649101857661819,0.16841285075635498,2.2151898734177218,1.1830685039600783,1.0179971127590632,1.0842064253781776,,1.182964488274502,1.183118900252101,1.1830406071927912,1.1826640367507935
105,1.1649101857661819,0.16841285075635498,2.278481012658228,1.1776403947120602,1.0168933614187003,1.0842064253781776,,1.1775276484468449,1.177689767904209,1.1776138086010344,1.1772451400756836
105,1.1649101857661819,0.16841285075635498,2.3417721518987342,1.1724696797714704,1.0158572925177622,1.0842064253781776,,1.1723307818216295,1.1725194756852917,1.1724508663857596,1.1720905303955078
105,1.1649101857661819,0.16841285075635498,2.405063291139241,1.1675495512956897,1.014884758693158,1.0842064253781776,,1.167370215046798,1.1675987295226737,1.1675408003719914,1.1671922206878662
105,1.1649101857661819,0.16841285075635498,2.468354430379747,1.1628725514833227,1.0139718874212886,1.0842064253781776,,1.1626432587038786,1.162918206645618,1.1628712907701382,1.162542462348938
105,1.1649101857661819,0.16841285075635498,2.5316455696202533,1.1584307393579145,1.0131149936689707,1.0842064253781776,,1.1581475021555832,1.1584690967487967,1.1584305713950056,1.1581329107284546
105,1.1649101857661819,0.16841285075635498,2.5949367088607596,1.1542158322320482,1.0123106453701245,1.0842064253781776,,1.1538800263989366,1.154243233183437,1.1542091283463654,1.1539596319198608
105,1.1649101857661819,0.16841285075635498,2.6582278481012658,1.1502193251996489,1.0115556418967084,1.0842064253781776,,1.1498368547023579,1.1502325886913578,1.1502002005130327,1.1500078439712524
105,1.1649101857661819,0.16841285075635498,2.7215189873417724,1.1464325915851512,1.0108469372050184,1.0842064253781776,,1.1460125590322248,1.1464291032165914,1.1463992616060952,1.146270513534546
105,1.1649101857661819,0.16841285075635498,2.7848101265822787,1.14284696690401,1.010181690822409,1.0842064253781776,,1.1424003666456797,1.1428243354289056,1.142802671820494,1.1427338123321533
105,1.1649101857661819,0.16841285075635498,2.848101265822785,1.1394538185825618,1.0095572526088594,1.0842064253781776,,1.1389920780961638,1.1394097128069227,1.1394060856420294,1.1393944025039673
105,1.1649101857661819,0.16841285075635498,2.9113924050632916,1.1362446033931575,1.008971109541636,1.0842064253781776,,1.1357784710561596,1.1361765808347999,1.136202979570281,1.1362401247024536
105,1.1649101857661819,0.16841285075635498,2.9746835443037978,1.1332109142990765,1.0084209091578806,1.0842064253781776,,1.1327497553864758,1.1331165965756633,1.1331841742514872,1.1332616806030273
105,1.1649101857661819,0.16841285075635498,3.037974683544304,1.1303445181994267,1.0079044571288434,1.0842064253781776,,1.1298958191196433,1.1302218434638605,1.1303381557330623,1.1304517984390259
105,1.1649101857661819,0.16841285075635498,3.1012658227848102,1.1276373858976692,1.0074196801914674,1.0842064253781776,,1.1272066343325209,1.1274850936872491,1.1276520725931674,1.1277995109558105
105,1.1649101857661819,0.16841285075635498,3.1645569620253164,1.1250817153752237,1.0069646300543704,1.0842064253781776,,1.124672529777892,1.1248995704032487,1.1251133108802744,1.1252973079681396
105,1.1649101857661819,0.16841285075635498,3.227848101265823,1.1226699494079004,1.0065374898059212,1.0842064253781776,,1.1222843097764403,1.1224591609244492,1.122710773532122,1.1229366064071655
105,1.1649101857661819,0.16841285075635498,3.2911392405063293,1.1203947883300198,1.00613654899716,1.0842064253781776,,1.12003359039406,1.1201581051396432,1.1204357870262873,1.120708703994751
105,1.1649101857661819,0.16841285075635498,3.3544303797468356,1.1182491987307082,1.0057601940724734,1.0842064253781776,,1.117912397668972,1.1179908264002396,1.1182822457563626,1.1186076402664185
105,1.1649101857661819,0.16841285075635498,3.417721518987342,1.1162264186900102,1.0054069206250034,1.0842064253781776,,1.1159135652848837,1.1159519315202642,1.1162462058713853,1.116625428199768
105,1.1649101857661819,0.16841285075635498,3.4810126582278484,1.1143199601403597,1.0050753175364717,1.0842064253781776,,1.1140302180058557,1.1140358807486355,1.1143249852158583,1.114755392074585
105,1.1649101857661819,0.16841285075635498,3.5443037974683547,1.1125236088171713,1.004764048479374,1.0842064253781776,,1.112256152950566,1.1122372255531152,1.1125160553714681,1.112991213798523
105,1.1649101857661819,0.16841285075635498,3.607594936708861,1.1108314222234033,1.0044718678031472,1.0842064253781776,,1.1105854870161083,1.110550209922219,1.1108161891327324,1.1113251447677612
105,1.1649101857661819,0.16841285075635498,3.670886075949367,1.1092377259635653,1.004197611344396,1.0842064253781776,,1.1090125994818667,1.1089690163486132,1.1092210250066044,1.1097534894943237
105,1.1649101857661819,0.16841285075635498,3.7341772151898738,1.1077371087567611,1.003940172373592,1.0842064253781776,,1.1075321894056405,1.1074877576296682,1.1077248615824267,1.1082701683044434
105,1.1649101857661819,0.16841285075635498,3.79746835443038,1.106324416394137,1.003698519785305,1.0842064253781776,,1.1061392325765511,1.106100489166629,1.1063209678238848,1.1068695783615112
105,1.1649101857661819,0.16841285075635498,3.8607594936708862,1.104994744867127,1.0034716922805278,1.0842064253781776,,1.1048287888280464,1.1048011966654445,1.105002161454773,1.105547308921814
105,1.1649101857661819,0.16841285075635498,3.924050632911393,1.10374343285855,1.0032587741604722,1.0842064253781776,,1.1035961762761413,1.1035840503196113,1.103761211063411,1.1042959690093994
105,1.1649101857661819,0.16841285075635498,3.987341772151899,1.102566053762113,1.0030589123459457,1.0842064253781776,,1.1024370430645747,1.1024432244223492,1.102591484693311,1.1031157970428467
105,1.1649101857661819,0.16841285075635498,4.050632911392405,1.1014584073716507,1.0028713108747869,1.0842064253781776,,1.1013468774478772,1.1013731638486146,1.1014871101280743,1.1020004749298096
105,1.1649101857661819,0.16841285075635498,4.113924050632912,1.100416511356477,1.0026952142833998,1.0842064253781776,,1.1003218584839527,1.1003684282656152,1.100443305637137,1.1009466648101807
105,1.1649101857661819,0.16841285075635498,4.177215189873418,1.099436592622081,1.0025299160564292,1.0842064253781776,,1.0993579499952324,1.0994239094181453,1.0994563410575966,1.0999505519866943
105,1.1649101857661819,0.16841285075635498,4.2405063291139244,1.0985150786390736,1.0023747571330708,1.0842064253781776,,1.0984514888789658,1.0985347778321812,1.098523354723778,1.0990089178085327
105,1.1649101857661819,0.16841285075635498,4.30379746835443,1.0976485888091645,1.0022291142492301,1.0842064253781776,,1.0975991912568064,1.0976964213190339,1.0976423339147505,1.0981218814849854
105,1.1649101857661819,0.16841285075635498,4.367088607594937,1.0968339259247586,1.0020924022740487,1.0842064253781776,,1.0967976174609226,1.0969046786595742,1.0968116435123874,1.0972821712493896
105,1.1649101857661819,0.16841285075635498,4.4303797468354436,1.0960680677682988,1.0019640755025616,1.0842064253781776,,1.0960437562445657,1.0961556469172404,1.0960300351886645,1.0964890718460083
105,1.1649101857661819,0.16841285075635498,4.493670886075949,1.0953481588884286,1.0018436197393459,1.0842064253781776,,1.095334873092308,1.0954458044297355,1.0952963315983053,1.095739722251892
105,1.1649101857661819,0.16841285075635498,4.556962025316456,1.0946715025821179,1.0017305503845935,1.0842064253781776,,1.0946682416881688,1.0947719739115174,1.0946093060452369,1.0950326919555664
105,1.1649101857661819,0.16841285075635498,4.620253164556963,1.0940355531048007,1.0016244155935201,1.0842064253781776,,1.0940412997050983,1.0941313634510332,1.0939676145902293,1.0943652391433716
105,1.1649101857661819,0.16841285075635498,4.6835443037974684,1.0934379081249181,1.0015247911553262,1.0842064253781776,,1.0934518947883751,1.0935213574248304,1.0933697277727263,1.0937374830245972
105,1.1649101857661819,0.16841285075635498,4.746835443037975,1.0928763014455414,1.0014312757287271,1.0842064253781776,,1.0928977597910252,1.0929399059712692,1.0928138942678134,1.0931447744369507
105,1.1649101857661819,0.16841285075635498,4.810126582278482,1.0923485959868275,1.0013434951847555,1.0842064253781776,,1.0923768960979503,1.0923851601151509,1.0922982004915054,1.0925869941711426
105,1.1649101857661819,0.16841285075635498,4.8734177215189876,1.0918527770432294,1.0012610995520097,1.0842064253781776,,1.0918874567838124,1.0918554553688236,1.09182059122992,1.0920623540878296
105,1.1649101857661819,0.16841285075635498,4.936708860759494,1.091386945808389,1.0011837564471229,1.0842064253781776,,1.0914277220146964,1.091349639710046,1.0913789104375928,1.091569423675537
105,1.1649101857661819,0.16841285075635498,5.0,1.0909493131602388,1.001111156092181,1.0842064253781776,,1.09099603960212,1.0908666636096582,1.0909709220441781,1.0911072492599487
109,1.2403105775307903,0.10236323404016143,0.0,1.2403105775307903,1.2403105775307903,1.0511816170200807,,1.2414117340396313,1.2403329328558648,1.2402951746787811,1.240310549736023
109,1.2403105775307903,0.10236323404016143,0.06329113924050633,1.2611222645242652,1.2255725183371062,1.0511816170200807,,1.2615162194399143,1.260617592894835,1.2610225996589572,1.257836937904358
109,1.2403105775307903,0.10236323404016143,0.12658227848101267,1.2768039668952411,1.2117382003459651,1.0511816170200807,,1.276704087098922,1.2761820283365108,1.2768172358175502,1.2725465297698975
109,1.2403105775307903,0.10236323404016143,0.189873417721519,1.2881284933328796,1.1987522138624895,1.0511816170200807,,1.287768420285626,1.287822881009671,1.288156060519709,1.2842204570770264
109,1.2403105775307903,0.10236323404016143,0.25316455696202533,1.295766778549874,1.1865628561270185,1.0511816170200807,,1.2953409699585041,1.295992825959944,1.295800461515133,1.2927563190460205
109,1.2403105775307903,0.10236323404016143,0.31645569620253167,1.3003006085141062,1.1751210105463257,1.0511816170200807,,1.2999402527190533,1.3009696276389624,1.3003463205439372,1.2982290983200073
109,1.2403105775307903,0.10236323404016143,0.379746835443038,1.302233795093692,1.164380787091217,1.0511816170200807,,1.3020055785150118,1.303038741579231,1.3022750038920539,1.3008921146392822
109,1.2403105775307903,0.10236323404016143,0.44303797468354433,1.3020019867937258,1.1542993755880697,1.0511816170200807,,1.3019200090907221,1.3026116980035456,1.302025889439323,1.3011107444763184
109,1.2403105775307903,0.10236323404016143,0.5063291139240507,1.2999812799113162,1.1448362543607913,1.0511816170200807,,1.3000245594285729,1.3002259706338481,1.2999940829828514,1.2992867231369019
109,1.2403105775307903,0.10236323404016143,0.569620253164557,1.2964957747663712,1.135953417603793,1.0511816170200807,,1.2966266595778473,1.29643023363608,1.296510905977689,1.2957741022109985
109,1.2403105775307903,0.10236323404016143,0.6329113924050633,1.2918242043422323,1.127615418310975,1.0511816170200807,,1.2920036312200631,1.2916447906408552,1.2918444998847107,1.2908657789230347
109,1.2403105775307903,0.10236323404016143,0.6962025316455697,1.2862057474138275,1.119788825884709,1.0511816170200807,,1.2864029008545848,1.2861033586728916,1.2862200082941857,1.2848320007324219
109,1.2403105775307903,0.10236323404016143,0.759493670886076,1.2798451248055556,1.1124421642488884,1.0511816170200807,,1.280040851876104,1.2799009201211282,1.2798413911819155,1.277977466583252
109,1.2403105775307903,0.10236323404016143,0.8227848101265823,1.2729170655897386,1.1055460831782493,1.0511816170200807,,1.273102119422236,1.2730901974269393,1.2728979493891255,1.2706154584884644
109,1.2403105775307903,0.10236323404016143,0.8860759493670887,1.2655702196181153,1.0990730024071873,1.0511816170200807,,1.2657407546949315,1.265753890208319,1.265552850717784,1.2629647254943848
109,1.2403105775307903,0.10236323404016143,0.949367088607595,1.2579305836051449,1.092996853782201,1.0511816170200807,,1.2580832423568094,1.2580234847902874,1.2579308855497189,1.2551474571228027
109,1.2403105775307903,0.10236323404016143,1.0126582278481013,1.2501044999045487,1.0872933352691159,1.0511816170200807,,1.2502334038001992,1.2500548362530375,1.2501226507861056,1.247221827507019
109,1.2403105775307903,0.10236323404016143,1.0759493670886076,1.2421812800089476,1.081939693258362,1.0511816170200807,,1.2422773332139712,1.24199031978662,1.2422035115657577,1.2392792701721191
109,1.2403105775307903,0.10236323404016143,1.139240506329114,1.2342354985416122,1.0769143384283364,1.0511816170200807,,1.234287808885782,1.2339341667556927,1.2342489080668297,1.2314151525497437
109,1.2403105775307903,0.10236323404016143,1.2025316455696204,1.226328997997553,1.0721971486871527,1.0511816170200807,,1.226327851761885,1.225951759547117,1.22633367476589,1.223707914352417
109,1.2403105775307903,0.10236323404016143,1.2658227848101267,1.2185126396287624,1.0677693525037393,1.0511816170200807,,1.2184524309320108,1.218086194452007,1.2185193710183437,1.2161906957626343
109,1.2403105775307903,0.10236323404016143,1.3291139240506329,1.210827831614805,1.0636130699091466,1.0511816170200807,,1.210709258975687,1.2103748609466716,1.2108459190091454,1.2088580131530762
109,1.2403105775307903,0.10236323404016143,1.3924050632911393,1.2033078618939395,1.0597116540018352,1.0511816170200807,,1.2031388411589141,1.2028562062360257,1.2033368444776718,1.2017079591751099
109,1.2403105775307903,0.10236323404016143,1.4556962025316458,1.1959790597205808,1.0560495760067818,1.0511816170200807,,1.1957738276778909,1.1955635282725459,1.196010207813546,1.1947352886199951
109,1.2403105775307903,0.10236323404016143,1.518987341772152,1.1888618070641048,1.052612070532895,1.0511816170200807,,1.1886389726617785,1.1885154643982605,1.188885610139561,1.1879299879074097
109,1.2403105775307903,0.10236323404016143,1.5822784810126582,1.181971418489181,1.0493853554231443,1.0511816170200807,,1.181750675003695,1.181713342923512,1.1819840292856436,1.181296706199646
109,1.2403105775307903,0.10236323404016143,1.6455696202531647,1.1753189058308735,1.046356572760419,1.0511816170200807,,1.175118052488214,1.175147111326819,1.1753234181955674,1.1748437881469727
109,1.2403105775307903,0.10236323404016143,1.708860759493671,1.1689116419713137,1.0435135409331844,1.0511816170200807,,1.1687438437304862,1.1688057290533902,1.1689145702464154,1.1685785055160522
109,1.2403105775307903,0.10236323404016143,1.7721518987341773,1.1627539364087798,1.040844845648489,1.0511816170200807,,1.1626258758771735,1.162684965188801,1.1627608263854199,1.1625123023986816
109,1.2403105775307903,0.10236323404016143,1.8354430379746836,1.1568475335786623,1.0383398404911208,1.0511816170200807,,1.1567590242741765,1.156789161340004,1.1568602014033957,1.1566509008407593
109,1.2403105775307903,0.10236323404016143,1.89873417721519,1.1511920437432683,1.0359884755537638,1.0511816170200807,,1.1511365653753167,1.1511272713026421,1.1512082295916493,1.1510045528411865
109,1.2403105775307903,0.10236323404016143,1.9620253164556964,1.145785314902473,1.03378129761285,1.0511816170200807,,1.1457517510360764,1.1457079290939418,1.1458004049307193,1.145578384399414
109,1.2403105775307903,0.10236323404016143,2.0253164556962027,1.1406237532400663,1.031709491402037,1.0511816170200807,,1.140598415272643,1.1405352918333085,1.1406332900194462,1.1403740644454956
109,1.2403105775307903,0.10236323404016143,2.088607594936709,1.135702598681382,1.0297647657292124,1.0511816170200807,,1.135671501076351,1.1356082197976702,1.135704188660857,1.135394811630249
109,1.2403105775307903,0.10236323404016143,2.151898734177215,1.13101616128798,1.0279392915304697,1.0511816170200807,,1.1309669538208773,1.1309212439561727,1.1310102189951525,1.1306393146514893
109,1.2403105775307903,0.10236323404016143,2.2151898734177218,1.1265580235549801,1.0262257697480817,1.0511816170200807,,1.1264814588799505,1.1264665051392886,1.1265473545089324,1.1261122226715088
109,1.2403105775307903,0.10236323404016143,2.278481012658228,1.1223212130309521,1.024617360171556,1.0511816170200807,,1.122211769272733,1.1222352381386465,1.122309655301278,1.1218029260635376
109,1.2403105775307903,0.10236323404016143,2.3417721518987342,1.1182983491314868,1.0231075788636923,1.0511816170200807,,1.1181542895419088,1.1182186931198372,1.1182890983314806,1.1177105903625488
109,1.2403105775307903,0.10236323404016143,2.405063291139241,1.1144817675398868,1.021690382200108,1.0511816170200807,,1.1143048789669656,1.1144083652069174,1.1144761580983578,1.113829493522644
109,1.2403105775307903,0.10236323404016143,2.468354430379747,1.110863625162922,1.0203601270582865,1.0511816170200807,,1.1106583022012755,1.1107957546485978,1.1108607355168192,1.1101536750793457
109,1.2403105775307903,0.10236323404016143,2.5316455696202533,1.1074359882398515,1.0191114435306723,1.0511816170200807,,1.1072083625131013,1.107372313521841,1.1074330592991273,1.1066769361495972
109,1.2403105775307903,0.10236323404016143,2.5949367088607596,1.1041909058749044,1.017939330338673,1.0511816170200807,,1.1039480145279876,1.1041292110227023,1.104184621098017,1.103391408920288
109,1.2403105775307903,0.10236323404016143,2.6582278481012658,1.1011204709786362,1.0168391234600531,1.0511816170200807,,1.1008695733146467,1.1010576081477916,1.10110843444044,1.1002906560897827
109,1.2403105775307903,0.10236323404016143,2.7215189873417724,1.0982168703504926,1.015806384136114,1.0511816170200807,,1.0979649029722307,1.0981487232898441,1.0981986606193,1.097367286682129
109,1.2403105775307903,0.10236323404016143,2.7848101265822787,1.0954724254166182,1.01483697317061,1.0511816170200807,,1.0952255375721671,1.0953942709081121,1.0954500531955307,1.0946091413497925
109,1.2403105775307903,0.10236323404016143,2.848101265822785,1.0928796249419415,1.0139270287239812,1.0511816170200807,,1.092643312515545,1.092786707511761,1.0928570828674702,1.0920134782791138
109,1.2403105775307903,0.10236323404016143,2.9113924050632916,1.0904311508597904,1.0130728887668536,1.0511816170200807,,1.0902100611535916,1.09031925625821,1.090413201336811,1.089570164680481
109,1.2403105775307903,0.10236323404016143,2.9746835443037978,1.0881198982309381,1.0122711252410683,1.0511816170200807,,1.08791792431678,1.0879860586428929,1.0881106343474118,1.0872710943222046
109,1.2403105775307903,0.10236323404016143,3.037974683544304,1.0859389901982757,1.0115185405247977,1.0511816170200807,,1.0857592970184269,1.0857820310089425,1.0859405940807574,1.0851112604141235
109,1.2403105775307903,0.10236323404016143,3.1012658227848102,1.083881788684273,1.0108121134156831,1.0511816170200807,,1.0837269411970822,1.0837027220818087,1.0838938057517995,1.0830800533294678
109,1.2403105775307903,0.10236323404016143,3.1645569620253164,1.0819419015071545,1.010149004822704,1.0511816170200807,,1.0818137766306424,1.0817439439941612,1.0819613290376826,1.0811712741851807
109,1.2403105775307903,0.10236323404016143,3.227848101265823,1.0801131864649212,1.0095265671041698,1.0511816170200807,,1.0800131617673947,1.0799015652498651,1.0801352955808396,1.0793780088424683
109,1.2403105775307903,0.10236323404016143,3.2911392405063293,1.0783897528962878,1.0089423077580197,1.0511816170200807,,1.0783184263575631,1.0781713713333891,1.0784092877453983,1.0776914358139038
109,1.2403105775307903,0.10236323404016143,3.3544303797468356,1.0767659611336855,1.008393875477214,1.0511816170200807,,1.076723429015675,1.0765488156516165,1.0767784494323265,1.0761082172393799
109,1.2403105775307903,0.10236323404016143,3.417721518987342,1.0752364202219922,1.007879078008559,1.0511816170200807,,1.07522200580778,1.0750289334396554,1.0752391536512553,1.0746204853057861
109,1.2403105775307903,0.10236323404016143,3.4810126582278484,1.0737959842189344,1.0073958590409373,1.0511816170200807,,1.0738084642681043,1.0736063663591797,1.0737885571449242,1.073222279548645
109,1.2403105775307903,0.10236323404016143,3.5443037974683547,1.0724397473473937,1.0069422712499174,1.0511816170200807,,1.0724772472217423,1.0722753379000887,1.072423877658237,1.071907877922058
109,1.2403105775307903,0.10236323404016143,3.607594936708861,1.0711630382339965,1.0065164994473987,1.0511816170200807,,1.071222990180783,1.0710298788652872,1.0711420092194812,1.0706735849380493
109,1.2403105775307903,0.10236323404016143,3.670886075949367,1.0699614134372928,1.0061168471900928,1.0511816170200807,,1.0700408759703732,1.0698638314704099,1.06993919684942,1.0695122480392456
109,1.2403105775307903,0.10236323404016143,3.7341772151898738,1.0688306504328755,1.005741701728545,1.0511816170200807,,1.0689261755597097,1.068770976435241,1.0688110303010294,1.0684200525283813
109,1.2403105775307903,0.10236323404016143,3.79746835443038,1.0677667401971067,1.0053895605143257,1.0511816170200807,,1.0678745083944683,1.0677452256707112,1.067752494558948,1.067392110824585
109,1.2403105775307903,0.10236323404016143,3.8607594936708862,1.0667658795195682,1.0050590227223795,1.0511816170200807,,1.0668819551391941,1.0667807165725303,1.066758422013228,1.0664243698120117
109,1.2403105775307903,0.10236323404016143,3.924050632911393,1.0658244631442055,1.0047487539772473,1.0511816170200807,,1.0659447460983316,1.0658718571181454,1.0658237019066137,1.0655149221420288
109,1.2403105775307903,0.10236323404016143,3.987341772151899,1.0649390758254782,1.0044575111540583,1.0511816170200807,,1.065059406756401,1.0650134160606517,1.0649435594534944,1.0646570920944214
109,1.2403105775307903,0.10236323404016143,4.050632911392405,1.0641064843723247,1.0041841343600755,1.0511816170200807,,1.064222800825094,1.064200695117171,1.064113821333219,1.063848853111267
109,1.2403105775307903,0.10236323404016143,4.113924050632912,1.0633236297413686,1.0039275227179212,1.0511816170200807,,1.0634320134011586,1.063429323982687,1.0633309154655826,1.0630868673324585
109,1.2403105775307903,0.10236323404016143,4.177215189873418,1.062587619226659,1.0036866466786178,1.0511816170200807,,1.0626844042628028,1.0626954940142737,1.062591979292908,1.0623685121536255
109,1.2403105775307903,0.10236323404016143,4.2405063291139244,1.061895718787572,1.0034605458449553,1.0511816170200807,,1.061977603769971,1.061995896735244,1.0618946944560432,1.0616909265518188
109,1.2403105775307903,0.10236323404016143,4.30379746835443,1.0612453455465536,1.0032483119834372,1.0511816170200807,,1.061309275080394,1.0613276582395794,1.06123723141869,1.061047077178955
109,1.2403105775307903,0.10236323404016143,4.367088607594937,1.060634060481847,1.0030490924291184,1.0511816170200807,,1.0606774421274512,1.0606883760894377,1.0606180801279668,1.0604417324066162
109,1.2403105775307903,0.10236323404016143,4.4303797468354436,1.060059561334698,1.002862091969291,1.0511816170200807,,1.0600801780412012,1.0600760619190286,1.0600359559290518,1.0598702430725098
109,1.2403105775307903,0.10236323404016143,4.493670886075949,1.0595196757468954,1.0026865613076112,1.0511816170200807,,1.059515785536206,1.0594891578335057,1.0594896392772968,1.0593299865722656
109,1.2403105775307903,0.10236323404016143,4.556962025316456,1.0590123546366443,1.0025217942750835,1.0511816170200807,,1.058982665720387,1.0589263970183758,1.0589779297631403,1.0588196516036987
109,1.2403105775307903,0.10236323404016143,4.620253164556963,1.0585356658219343,1.002367132434021,1.0511816170200807,,1.0584793426933632,1.0583869390303666,1.0584995883361925,1.0583373308181763
109,1.2403105775307903,0.10236323404016143,4.6835443037974684,1.0580877878948254,1.0022219576155678,1.0511816170200807,,1.0580044635464525,1.0578700418195646,1.058053257865975,1.057877540588379
109,1.2403105775307903,0.10236323404016143,4.746835443037975,1.0576670043466103,1.0020856849768158,1.0511816170200807,,1.0575567163682056,1.0573753897072768,1.0576375233773683,1.0574450492858887
109,1.2403105775307903,0.10236323404016143,4.810126582278482,1.0572716979408225,1.0019577693291701,1.0511816170200807,,1.0571349696349974,1.05690276540817,1.0572508991851668,1.057036280632019
109,1.2403105775307903,0.10236323404016143,4.8734177215189876,1.0569003453328791,1.0018377006869617,1.0511816170200807,,1.0567380590254163,1.056452066429162,1.0568918148457893,1.0566496849060059
109,1.2403105775307903,0.10236323404016143,4.936708860759494,1.056551511953872,1.001724994694169,1.0511816170200807,,1.0563649760075355,1.056023374764718,1.056558663165425,1.0562844276428223
109,1.2403105775307903,0.10236323404016143,5.0,1.0562238471252974,1.0016191999360011,1.0511816170200807,,1.0560147858444475,1.0556168503040466,1.0562498411007801,1.0559391975402832
112,0.8929526162445338,0.21166124612973888,0.0,0.8929526162445338,0.8929526162445338,1.1058306230648693,0.20194905644196637,0.8932860768029331,0.8940761098777851,0.8929301135558414,0.8929526209831238
112,0.8929526162445338,0.21166124612973888,0.06329113924050633,0.9730260041344255,0.899517748310412,1.1058306230648693,0.20194905644196637,0.9732794182634543,0.9732157741592634,0.9729880443640112,0.9690145254135132
112,0.8929526162445338,0.21166124612973888,0.12658227848101267,1.0402202197560881,0.9056803049577701,1.1058306230648693,0.20194905644196637,1.0404549092950583,1.0402395098339536,1.0403016028628327,1.0365989208221436
112,0.8929526162445338,0.21166124612973888,0.189873417721519,1.0962725565627307,0.9114649686742967,1.1058306230648693,0.20194905644196637,1.0964218737226337,1.096258896398173,1.096272437009573,1.0950510501861572
112,0.8929526162445338,0.21166124612973888,0.25316455696202533,1.1427011139148342,0.9168947706773919,1.1058306230648693,0.20194905644196637,1.142689069159022,1.1427330509903644,1.1426936946575994,1.1441210508346558
112,0.8929526162445338,0.21166124612973888,0.31645569620253167,1.1808316335910058,0.9219915901654575,1.1058306230648693,0.20194905644196637,1.1806681840689768,1.180933419766267,1.1808810221602752,1.1842275857925415
112,0.8929526162445338,0.21166124612973888,0.379746835443038,1.2118210980905957,0.9267758690500235,1.1058306230648693,0.20194905644196637,1.2116023180965525,1.2119757290922957,1.2118926165972226,1.2163077592849731
112,0.8929526162445338,0.21166124612973888,0.44303797468354433,1.2366784785014684,0.9312666773076665,1.1058306230648693,0.20194905644196637,1.2365273237244396,1.2368450194808143,1.236727301676341,1.2414857149124146
112,0.8929526162445338,0.21166124612973888,0.5063291139240507,1.256282973569795,0.9354820654938614,1.1058306230648693,0.20194905644196637,1.2562865796268028,1.2563976329309978,1.2563119816687247,1.2608658075332642
112,0.8929526162445338,0.21166124612973888,0.569620253164557,1.27140004089855,0.9394389634587115,1.1058306230648693,0.20194905644196637,1.2715793674039793,1.2713960441778134,1.2714390985998762,1.275394082069397
112,0.8929526162445338,0.21166124612973888,0.6329113924050633,1.2826954851779642,0.9431531612240459,1.1058306230648693,0.20194905644196637,1.2830101666551912,1.2825479474537675,1.282756066058029,1.2858145236968994
112,0.8929526162445338,0.21166124612973888,0.6962025316455697,1.2907478367212957,0.9466395505938388,1.1058306230648693,0.20194905644196637,1.2911223875016888,1.2905079701732374,1.2908077685335493,1.2928547859191895
112,0.8929526162445338,0.21166124612973888,0.759493670886076,1.2960592257093124,0.9499121527220181,1.1058306230648693,0.20194905644196637,1.2964142611141831,1.2958368232897126,1.2960882428343825,1.297255277633667
112,0.8929526162445338,0.21166124612973888,0.8227848101265823,1.2990649329951998,0.9529840417930804,1.1058306230648693,0.20194905644196637,1.2993417915136056,1.2989633378582288,1.2990596817415045,1.2996134757995605
112,0.8929526162445338,0.21166124612973888,0.8860759493670887,1.3001417766961638,0.9558675035553544,1.1058306230648693,0.20194905644196637,1.3003160169559589,1.3001911393848655,1.3001303772204693,1.300310492515564
112,0.8929526162445338,0.21166124612973888,0.949367088607595,1.2996154747511561,0.9585741501803071,1.1058306230648693,0.20194905644196637,1.2996974835053348,1.2997522394094556,1.2996255654285187,1.2995645999908447
112,0.8929526162445338,0.21166124612973888,1.0126582278481013,1.2977671068491201,0.9611148071139304,1.1058306230648693,0.20194905644196637,1.29779306364865,1.2978713847621817,1.2977945665361248,1.2975956201553345
112,0.8929526162445338,0.21166124612973888,1.0759493670886076,1.2948387843586096,0.9634996100497942,1.1058306230648693,0.20194905644196637,1.294855579121105,1.294802758286372,1.2948536553721817,1.2946330308914185
112,0.8929526162445338,0.21166124612973888,1.139240506329114,1.2910386238794562,0.9657381760443693,1.1058306230648693,0.20194905644196637,1.2910883761973622,1.290823730860224,1.2910202847877137,1.2908613681793213
112,0.8929526162445338,0.21166124612973888,1.2025316455696204,1.2865451085807489,0.967839468570318,1.1058306230648693,0.20194905644196637,1.2866535087392137,1.2861977015049995,1.2865055786752055,1.286433458328247
112,0.8929526162445338,0.21166124612973888,1.2658227848101267,1.2815109113981555,0.9698118494871591,1.1058306230648693,0.20194905644196637,1.2816821514927104,1.2811336413157002,1.2814822863216917,1.2814702987670898
112,0.8929526162445338,0.21166124612973888,1.3291139240506329,1.2760662452489469,0.9716632835042176,1.1058306230648693,0.20194905644196637,1.2762844066262464,1.2757644305232614,1.2760696871726922,1.2760809659957886
112,0.8929526162445338,0.21166124612973888,1.3924050632911393,1.270321797664067,0.9734011860556198,1.1058306230648693,0.20194905644196637,1.2705575031771184,1.2701542871931333,1.270350871632738,1.270367980003357
112,0.8929526162445338,0.21166124612973888,1.4556962025316458,1.264371300313961,0.9750324745012091,1.1058306230648693,0.20194905644196637,1.2645904379382773,1.2643295479476633,1.264401466799453,1.264426827430725
112,0.8929526162445338,0.21166124612973888,1.518987341772152,1.258293777802786,0.976563726148164,1.1058306230648693,0.20194905644196637,1.258466254904473,1.258316582206985,1.2583042607375443,1.2583335638046265
112,0.8929526162445338,0.21166124612973888,1.5822784810126582,1.2521555147651975,0.9780010803178064,1.1058306230648693,0.20194905644196637,1.2522616189010316,1.2521678336312898,1.2521429826816108,1.2521592378616333
112,0.8929526162445338,0.21166124612973888,1.6455696202531647,1.2460117757721239,0.9793502646247982,1.1058306230648693,0.20194905644196637,1.246045405279049,1.2459640011736113,1.2459892322967294,1.2459661960601807
112,0.8929526162445338,0.21166124612973888,1.708860759493671,1.2399083080593514,0.980616705420564,1.1058306230648693,0.20194905644196637,1.239876666452643,1.2397948359759843,1.239893997683911,1.239809274673462
112,0.8929526162445338,0.21166124612973888,1.7721518987341773,1.2338826538706518,0.9818054872511538,1.1058306230648693,0.20194905644196637,1.23380340198197,1.2337332967138905,1.2338885971143596,1.2337273359298706
112,0.8929526162445338,0.21166124612973888,1.8354430379746836,1.2279652955995846,0.9829213526081659,1.1058306230648693,0.20194905644196637,1.2278619846119654,1.227820643002415,1.2279917630768242,1.2277536392211914
112,0.8929526162445338,0.21166124612973888,1.89873417721519,1.2221806544574016,0.983968778266182,1.1058306230648693,0.20194905644196637,1.2220778490258555,1.2220688132357476,1.2222175991506639,1.2219196557998657
112,0.8929526162445338,0.21166124612973888,1.9620253164556964,1.2165479605503962,0.9849519752044329,1.1058306230648693,0.20194905644196637,1.2164668201554991,1.216474593230837,1.216581131277446,1.2162452936172485
112,0.8929526162445338,0.21166124612973888,2.0253164556962027,1.2110820104078015,0.9858748702213509,1.1058306230648693,0.20194905644196637,1.2110373106330656,1.2110347852035255,1.2110997330241406,1.2107477188110352
112,0.8929526162445338,0.21166124612973888,2.088607594936709,1.2057938258098324,0.9867411566642408,1.1058306230648693,0.20194905644196637,1.2057923952510146,1.2057542350267292,1.2057919211818424,1.2054383754730225
112,0.8929526162445338,0.21166124612973888,2.151898734177215,1.2006912261994893,0.987554322023404,1.1058306230648693,0.20194905644196637,1.2007319018209686,1.2006452172719468,1.2006742529740069,1.2003260850906372
112,0.8929526162445338,0.21166124612973888,2.2151898734177218,1.1957793254636793,0.9883176176956018,1.1058306230648693,0.20194905644196637,1.195854256049188,1.1957220891701037,1.1957584606130438,1.1954128742218018
112,0.8929526162445338,0.21166124612973888,2.278481012658228,1.1910609625346913,0.9890340906821155,1.1058306230648693,0.20194905644196637,1.1911578508441476,1.1909954198078139,1.1910494874393875,1.190704107284546
112,0.8929526162445338,0.21166124612973888,2.3417721518987342,1.1865370741105168,0.9897066292807505,1.1058306230648693,0.20194905644196637,1.1866415054855424,1.1864692761105708,1.1865454877243253,1.1861997842788696
112,0.8929526162445338,0.21166124612973888,2.405063291139241,1.1822070167884515,0.9903379256500674,1.1058306230648693,0.20194905644196637,1.182304900194957,1.182141936194597,1.1822392018766712,1.1818976402282715
112,0.8929526162445338,0.21166124612973888,2.468354430379747,1.1780688450132404,0.990930493543343,1.1058306230648693,0.20194905644196637,1.178148576135864,1.178007963826824,1.178120753572438,1.1777946949005127
112,0.8929526162445338,0.21166124612973888,2.5316455696202533,1.1741195504535435,0.9914867250090701,1.1058306230648693,0.20194905644196637,1.1741730990700765,1.1740610208350615,1.1741806991736992,1.1738876104354858
112,0.8929526162445338,0.21166124612973888,2.5949367088607596,1.1703552677321352,0.9920088478883792,1.1058306230648693,0.20194905644196637,1.1703790101610667,1.17029549469814,1.1704123627813772,1.1701672077178955
112,0.8929526162445338,0.21166124612973888,2.6582278481012658,1.1667714508266827,0.9924989397901011,1.1058306230648693,0.20194905644196637,1.166765973231526,1.166707138102742,1.1668129131028204,1.1666330099105835
112,0.8929526162445338,0.21166124612973888,2.7215189873417724,1.1633630239248771,0.9929589779784531,1.1058306230648693,0.20194905644196637,1.1633325533783068,1.1632927819627725,1.1633827622093023,1.1632771492004395
112,0.8929526162445338,0.21166124612973888,2.7848101265822787,1.1601245100569955,0.9933908062762643,1.1058306230648693,0.20194905644196637,1.160075716806182,1.1600494826769165,1.1601237787286114,1.1600909233093262
112,0.8929526162445338,0.21166124612973888,2.848101265822785,1.1570501404123485,0.9937961449566306,1.1058306230648693,0.20194905644196637,1.1569911342073684,1.1569738087767893,1.1570367775528225,1.157070279121399
112,0.8929526162445338,0.21166124612973888,2.9113924050632916,1.1541339468790923,0.9941766252863394,1.1058306230648693,0.20194905644196637,1.1540729265786833,1.1540612423673369,1.1541195575824823,1.154207706451416
112,0.8929526162445338,0.21166124612973888,2.9746835443037978,1.1513698400155146,0.9945337743086915,1.1058306230648693,0.20194905644196637,1.1513140177977466,1.1513062119246225,1.1513659067135311,1.1514968872070312
112,0.8929526162445338,0.21166124612973888,3.037974683544304,1.1487516744515864,0.9948690164181268,1.1058306230648693,0.20194905644196637,1.1487065773930938,1.1487018217140896,1.1487658911494598,1.1489269733428955
112,0.8929526162445338,0.21166124612973888,3.1012658227848102,1.1462733033683856,0.9951836974222746,1.1058306230648693,0.20194905644196637,1.1462422501286817,1.1462404298515458,1.1463073479169608,1.1464961767196655
112,0.8929526162445338,0.21166124612973888,3.1645569620253164,1.1439286235651092,0.9954790820064799,1.1058306230648693,0.20194905644196637,1.1439126069734478,1.1439139598821302,1.1439779312201084,1.1441963911056519
112,0.8929526162445338,0.21166124612973888,3.227848101265823,1.1417116124329916,0.9957563495741607,1.1058306230648693,0.20194905644196637,1.1417094238824932,1.1417142861543026,1.1417670232235881,1.1420209407806396
112,0.8929526162445338,0.21166124612973888,3.2911392405063293,1.1396163579219654,0.9960166104211134,1.1058306230648693,0.20194905644196637,1.1396251081683042,1.13963356589743,1.139666913579603,1.1399608850479126
112,0.8929526162445338,0.21166124612973888,3.3544303797468356,1.1376370825408373,0.9962609119472082,1.1058306230648693,0.20194905644196637,1.1376525837085005,1.1376644483076714,1.1376732124409032,1.138014554977417
112,0.8929526162445338,0.21166124612973888,3.417721518987342,1.135768162215135,0.9964902307010877,1.1058306230648693,0.20194905644196637,1.1357855881757728,1.1358002877335913,1.1357840586687662,1.1361744403839111
112,0.8929526162445338,0.21166124612973888,3.4810126582278484,1.1340041407606218,0.9967054826754129,1.1058306230648693,0.20194905644196637,1.1340184967497815,1.1340350698811388,1.1339990387100247,1.1344356536865234
112,0.8929526162445338,0.21166124612973888,3.5443037974683547,1.1323397406447289,0.9969075353142574,1.1058306230648693,0.20194905644196637,1.132346559901107,1.1323635143067294,1.1323176904629233,1.1327928304672241
112,0.8929526162445338,0.21166124612973888,3.607594936708861,1.1307698705695082,0.9970971972009908,1.1058306230648693,0.20194905644196637,1.1307654032250107,1.130781033420014,1.1307383817028183,1.1312346458435059
112,0.8929526162445338,0.21166124612973888,3.670886075949367,1.1292896303904059,0.9972752240235968,1.1058306230648693,0.20194905644196637,1.1292712344774587,1.1292834537026932,1.1292576413525965,1.1297658681869507
112,0.8929526162445338,0.21166124612973888,3.7341772151898738,1.1278943137935376,0.9974423341882794,1.1058306230648693,0.20194905644196637,1.1278604786997513,1.1278671673982819,1.127870204862234,1.128377914428711
112,0.8929526162445338,0.21166124612973888,3.79746835443038,1.1265794090927042,0.9975991970117232,1.1058306230648693,0.20194905644196637,1.1265299422074537,1.126528853730923,1.126569280216601,1.127066731452942
112,0.8929526162445338,0.21166124612973888,3.8607594936708862,1.1253405984703404,0.9977464364974917,1.1058306230648693,0.20194905644196637,1.1252763247233262,1.125265474805667,1.1253472958606467,1.1258282661437988
112,0.8929526162445338,0.21166124612973888,3.924050632911393,1.124173755936046,0.9978846470488911,1.1058306230648693,0.20194905644196637,1.1240965719535252,1.1240741567164947,1.1241966109511277,1.1246566772460938
112,0.8929526162445338,0.21166124612973888,3.987341772151899,1.1230749442402173,0.9980143824212593,1.1058306230648693,0.20194905644196637,1.1229874656152765,1.1229521485490854,1.1231102782236324,1.123551845550537
112,0.8929526162445338,0.21166124612973888,4.050632911392405,1.1220404109441209,0.9981361592938213,1.1058306230648693,0.20194905644196637,1.1219459883122465,1.1218966911896722,1.1220823055360165,1.1225085258483887
112,0.8929526162445338,0.21166124612973888,4.113924050632912,1.1210665838221157,0.9982504680571561,1.1058306230648693,0.20194905644196637,1.12096897095834,1.1209051526159097,1.1211080139253018,1.1215237379074097
112,0.8929526162445338,0.21166124612973888,4.177215189873418,1.1201500657450756,0.9983577673282983,1.1058306230648693,0.20194905644196637,1.1200531542735497,1.1199746999190117,1.1201840122788105,1.1205945014953613
112,0.8929526162445338,0.21166124612973888,4.2405063291139244,1.1192876291718423,0.9984584849203298,1.1058306230648693,0.20194905644196637,1.119195594656561,1.119102671353639,1.1193080693179676,1.1197179555892944
112,0.8929526162445338,0.21166124612973888,4.30379746835443,1.1184762103566717,0.9985530254097809,1.1058306230648693,0.20194905644196637,1.1183931025226628,1.1182861581661245,1.1184787838182524,1.1188960075378418
112,0.8929526162445338,0.21166124612973888,4.367088607594937,1.1177129033640236,0.9986417686199305,1.1058306230648693,0.20194905644196637,1.1176427506694329,1.1175224084172175,1.1176953846528237,1.1181195974349976
112,0.8929526162445338,0.21166124612973888,4.4303797468354436,1.1169949539676096,0.998725068781711,1.1058306230648693,0.20194905644196637,1.1169416651908528,1.1168085072036655,1.116957392605975,1.11738920211792
112,0.8929526162445338,0.21166124612973888,4.493670886075949,1.1163197534979619,0.9988032596724106,1.1058306230648693,0.20194905644196637,1.1162869393831174,1.116141621616683,1.1162643973062103,1.1167027950286865
112,0.8929526162445338,0.21166124612973888,4.556962025316456,1.115684832691816,0.9988766558580541,1.1058306230648693,0.20194905644196637,1.1156760970133655,1.115518894149144,1.1156158897948991,1.1160587072372437
112,0.8929526162445338,0.21166124612973888,4.620253164556963,1.11508785559123,0.9989455506425498,1.1058306230648693,0.20194905644196637,1.1151065019595288,1.1149375820861744,1.1150110521137646,1.1154550313949585
112,0.8929526162445338,0.21166124612973888,4.6835443037974684,1.1145266135238683,0.999010219391887,1.1058306230648693,0.20194905644196637,1.1145758460774007,1.1143949017156676,1.114448859848919,1.1148886680603027
112,0.8929526162445338,0.21166124612973888,4.746835443037975,1.1139990191974196,0.9990709226268772,1.1058306230648693,0.20194905644196637,1.1140818499208376,1.113888278411404,1.113927936393848,1.1143604516983032
112,0.8929526162445338,0.21166124612973888,4.810126582278482,1.1135031009305787,0.9991279032041146,1.1058306230648693,0.20194905644196637,1.1136224103317978,1.113415231840799,1.113446599740289,1.1138683557510376
112,0.8929526162445338,0.21166124612973888,4.8734177215189876,1.113036997033163,0.999181388298909,1.1058306230648693,0.20194905644196637,1.1131956947339745,1.1129733431671187,1.1130029736029876,1.113410472869873
112,0.8929526162445338,0.21166124612973888,4.936708860759494,1.1125989503516462,0.9992315936697298,1.1058306230648693,0.20194905644196637,1.112799776257427,1.1125604108389613,1.1125949619181887,1.1129859685897827
112,0.8929526162445338,0.21166124612973888,5.0,1.1121873030281402,0.9992787204012938,1.1058306230648693,0.20194905644196637,1.1124329904145036,1.1121744013935804,1.112220384494499,1.1125937700271606
123,1.0650067107937835,0.03906295505698751,0.0,1.0650067107937835,1.0650067107937835,1.0195314775284938,,1.066295104350074,1.0649651664173752,1.0650182726990083,1.0650067329406738
123,1.0650067107937835,0.03906295505698751,0.06329113924050633,1.0745860979286455,1.061019900219277,1.0195314775284938,,1.076066124481997,1.0749297078371218,1.0745550994975264,1.0731772184371948
123,1.0650067107937835,0.03906295505698751,0.12658227848101267,1.0821074031590365,1.0572775617923964,1.0195314775284938,,1.0831984786669087,1.0822892850850765,1.0821117629679555,1.0802239179611206
123,1.0650067107937835,0.03906295505698751,0.189873417721519,1.087871697818116,1.0537647065682223,1.0195314775284938,,1.0884579562660484,1.087781101176981,1.087875321109512,1.0860766172409058
123,1.0650067107937835,0.03906295505698751,0.25316455696202533,1.0921407992626404,1.0504673483694547,1.0195314775284938,,1.0923160172571114,1.0918350182482752,1.0921402941379565,1.0906994342803955
123,1.0650067107937835,0.03906295505698751,0.31645569620253167,1.0951421501326004,1.0473722006058657,1.0195314775284938,,1.0950547062028337,1.0947265448778574,1.0951412351733,1.094118595123291
123,1.0650067107937835,0.03906295505698751,0.379746835443038,1.0970731044668296,1.0444668495090441,1.0195314775284938,,1.096852262672515,1.0966504753176292,1.0970694936300336,1.096422791481018
123,1.0650067107937835,0.03906295505698751,0.44303797468354433,1.098104692001144,1.0417397144461098,1.0195314775284938,,1.097837996038114,1.0977413173886676,1.0980980291768587,1.097741961479187
123,1.0650067107937835,0.03906295505698751,0.5063291139240507,1.0983849234407297,1.0391798338484717,1.0195314775284938,,1.098120216888951,1.098089929158293,1.0983803773133856,1.098213791847229
123,1.0650067107937835,0.03906295505698751,0.569620253164557,1.0980416919866614,1.036776926718774,1.0195314775284938,,1.0977977080574461,1.0977734100224994,1.0980444772085562,1.0979589223861694
123,1.0650067107937835,0.03906295505698751,0.6329113924050633,1.0971853197807502,1.034521404243666,1.0195314775284938,,1.0969629675002313,1.0968835486857917,1.0971943221863898,1.0970863103866577
123,1.0650067107937835,0.03906295505698751,0.6962025316455697,1.0959107921064288,1.03240422307094,1.0195314775284938,,1.0957022533951069,1.0955348463196428,1.0959186903843365,1.095689058303833
123,1.0650067107937835,0.03906295505698751,0.759493670886076,1.094299717052094,1.0304168685684176,1.0195314775284938,,1.0940948379914053,1.093849562821832,1.094299657476208,1.0938715934753418
123,1.0650067107937835,0.03906295505698751,0.8227848101265823,1.0924220438244858,1.0285514011704537,1.0195314775284938,,1.0922126857817132,1.091933946620871,1.092414327670234,1.091745138168335
123,1.0650067107937835,0.03906295505698751,0.8860759493670887,1.0903375689202652,1.026800360105375,1.0195314775284938,,1.0901194921167625,1.089861712791187,1.0903293264089646,1.089411973953247
123,1.0650067107937835,0.03906295505698751,0.949367088607595,1.0880972558597708,1.0251566936448178,1.0195314775284938,,1.0878708000475439,1.0876745227207456,1.088095367200792,1.0869797468185425
123,1.0650067107937835,0.03906295505698751,1.0126582278481013,1.0857443911013402,1.0236138278155367,1.0195314775284938,,1.085513569854362,1.08539556956907,1.0857490287881677,1.0845153331756592
123,1.0650067107937835,0.03906295505698751,1.0759493670886076,1.0833155960377356,1.0221656075105359,1.0195314775284938,,1.0830866976618316,1.0830447984899152,1.0833207294830314,1.0820589065551758
123,1.0650067107937835,0.03906295505698751,1.139240506329114,1.0808417125838714,1.0208061925757947,1.0195314775284938,,1.080621548402902,1.0806460913963147,1.080841356366308,1.0796188116073608
123,1.0650067107937835,0.03906295505698751,1.2025316455696204,1.078348577756301,1.0195301397594128,1.0195314775284938,,1.0781428577579804,1.0782249547166523,1.0783420963704646,1.077215313911438
123,1.0650067107937835,0.03906295505698751,1.2658227848101267,1.0758577007973669,1.0183323711513619,1.0195314775284938,,1.0756699436231594,1.075801477094997,1.0758492555451757,1.0748686790466309
123,1.0650067107937835,0.03906295505698751,1.3291139240506329,1.0733868547580727,1.0172080500191834,1.0195314775284938,,1.0732178109856423,1.0733866252911222,1.0733806557213375,1.0725958347320557
123,1.0650067107937835,0.03906295505698751,1.3924050632911393,1.070950593022431,1.0161526731890047,1.0195314775284938,,1.0707983223947382,1.0709848680034018,1.0709474225304956,1.0703874826431274
123,1.0650067107937835,0.03906295505698751,1.4556962025316458,1.0685606999780628,1.0151620399527368,1.0195314775284938,,1.068421122449462,1.0686008625174817,1.068558191576919,1.0682414770126343
123,1.0650067107937835,0.03906295505698751,1.518987341772152,1.0662265839411127,1.01423215610622,1.0195314775284938,,1.0660943654994166,1.0662443702744901,1.0662218965259562,1.0661453008651733
123,1.0650067107937835,0.03906295505698751,1.5822784810126582,1.0639556194670197,1.0133592934211528,1.0195314775284938,,1.063824910381649,1.0639313350982615,1.0639477809662452,1.0640835762023926
123,1.0650067107937835,0.03906295505698751,1.6455696202531647,1.061753445278007,1.012539973686516,1.0195314775284938,,1.061619066570286,1.0616806649125603,1.061743814992739,1.062065601348877
123,1.0650067107937835,0.03906295505698751,1.708860759493671,1.0596242233390247,1.0117709016395442,1.0195314775284938,,1.0594819218219174,1.0595092792753615,1.0596152712607212,1.0600836277008057
123,1.0650067107937835,0.03906295505698751,1.7721518987341773,1.057570863890446,1.01104898958577,1.0195314775284938,,1.057418014530214,1.0574286328135076,1.0575646397372716,1.0581440925598145
123,1.0650067107937835,0.03906295505698751,1.8354430379746836,1.0555952206979795,1.01037135755028,1.0195314775284938,,1.055430657271585,1.0554438255827587,1.0555924024260057,1.056248426437378
123,1.0650067107937835,0.03906295505698751,1.89873417721519,1.0536982602328115,1.0097352869202478,1.0195314775284938,,1.0535223836750176,1.053554644397504,1.0536980669261873,1.0544012784957886
123,1.0650067107937835,0.03906295505698751,1.9620253164556964,1.0518802080756,1.009138220492504,1.0195314775284938,,1.0516944400563886,1.0517575306979368,1.0518810005659287,1.0526067018508911
123,1.0650067107937835,0.03906295505698751,2.0253164556962027,1.050140675393801,1.008577773638475,1.0195314775284938,,1.0499471215957743,1.0500477247053297,1.050140825191588,1.0508663654327393
123,1.0650067107937835,0.03906295505698751,2.088607594936709,1.0484787680317862,1.008051703497553,1.0195314775284938,,1.0482799937225067,1.048420401045383,1.0484773543161345,1.0491853952407837
123,1.0650067107937835,0.03906295505698751,2.151898734177215,1.0468931804216812,1.0075578922200032,1.0195314775284938,,1.04669176092403,1.046871328803672,1.0468902719345359,1.0475653409957886
123,1.0650067107937835,0.03906295505698751,2.2151898734177218,1.0453822762504927,1.0070943653287148,1.0195314775284938,,1.0451806111226543,1.045396773132289,1.0453787874036233,1.046008825302124
123,1.0650067107937835,0.03906295505698751,2.278481012658228,1.0439441575897792,1.0066592724699093,1.0195314775284938,,1.0437443140689155,1.043993195970044,1.0439413847821075,1.0445162057876587
123,1.0650067107937835,0.03906295505698751,2.3417721518987342,1.0425767239783004,1.006250859665735,1.0195314775284938,,1.0423805575188843,1.042657182247445,1.0425757341976662,1.0430881977081299
123,1.0650067107937835,0.03906295505698751,2.405063291139241,1.0412777227639378,1.005867492047904,1.0195314775284938,,1.0410868078435738,1.0413850299143708,1.04127891028399,1.0417252779006958
123,1.0650067107937835,0.03906295505698751,2.468354430379747,1.0400447918493914,1.0055076430883831,1.0195314775284938,,1.0398605806106764,1.0401730656187629,1.040047715137281,1.040427565574646
123,1.0650067107937835,0.03906295505698751,2.5316455696202533,1.0388754958436528,1.0051698601668542,1.0195314775284938,,1.0386992929945265,1.039017603709393,1.0388790277370648,1.039194941520691
123,1.0650067107937835,0.03906295505698751,2.5949367088607596,1.0377673564959904,1.004852790381276,1.0195314775284938,,1.0376003293716711,1.0379152783134487,1.0377701364732017,1.0380189418792725
123,1.0650067107937835,0.03906295505698751,2.6582278481012658,1.0367178781793123,1.0045551720612393,1.0195314775284938,,1.0365611561131243,1.03686303923681,1.0367188462501435,1.0369081497192383
123,1.0650067107937835,0.03906295505698751,2.7215189873417724,1.035724569093464,1.0042758044726525,1.0195314775284938,,1.0355791329970934,1.0358586070333333,1.0357233602967555,1.0358572006225586
123,1.0650067107937835,0.03906295505698751,2.7848101265822787,1.034784958774239,1.0040135679164328,1.0195314775284938,,1.034651537807321,1.0349002147222854,1.034782069083205,1.0348619222640991
123,1.0650067107937835,0.03906295505698751,2.848101265822785,1.0338966124173068,1.0037674177215967,1.0195314775284938,,1.033775459740279,1.033986767677551,1.0338932279841009,1.033923625946045
123,1.0650067107937835,0.03906295505698751,2.9113924050632916,1.0330571424657877,1.0035363632680605,1.0195314775284938,,1.03294812738303,1.0331176673395304,1.0330547344177785,1.0330390930175781
123,1.0650067107937835,0.03906295505698751,2.9746835443037978,1.0322642178511492,1.0033194772275817,1.0195314775284938,,1.0321664987409012,1.0322926964228905,1.0322640157740195,1.0322061777114868
123,1.0650067107937835,0.03906295505698751,3.037974683544304,1.031515571221028,1.003115894607536,1.0195314775284938,,1.031427654810917,1.0315116991381466,1.0315181419886925,1.0314215421676636
123,1.0650067107937835,0.03906295505698751,3.1012658227848102,1.0308090044542146,1.0029247981387457,1.0195314775284938,,1.0307287175873352,1.0307745114963671,1.0308140178507406,1.0306843519210815
123,1.0650067107937835,0.03906295505698751,3.1645569620253164,1.0301423927177444,1.0027454198151966,1.0195314775284938,,1.0300669156572193,1.0300807973202437,1.0301486834759908,1.0299919843673706
123,1.0650067107937835,0.03906295505698751,3.227848101265823,1.0295136872856412,1.0025770434200676,1.0195314775284938,,1.0294395678015442,1.0294298104601391,1.0295195503039152,1.0293418169021606
123,1.0650067107937835,0.03906295505698751,3.2911392405063293,1.0289209173178395,1.002418994703553,1.0195314775284938,,1.0288442387846821,1.028820476788554,1.0289245771364657,1.028733253479004
123,1.0650067107937835,0.03906295505698751,3.3544303797468356,1.0283621907615543,1.0022706376106827,1.0195314775284938,,1.028278747553848,1.0282512630089824,1.0283622425610373,1.028161883354187
123,1.0650067107937835,0.03906295505698751,3.417721518987342,1.0278356945232212,1.0021313791123425,1.0195314775284938,,1.0277410934440818,1.0277202586503753,1.0278314728734805,1.0276265144348145
123,1.0650067107937835,0.03906295505698751,3.4810126582278484,1.0273396940346957,1.0020006629532747,1.0195314775284938,,1.0272295955688386,1.0272252252638228,1.0273313931996575,1.027125358581543
123,1.0650067107937835,0.03906295505698751,3.5443037974683547,1.0268725323220196,1.0018779623603442,1.0195314775284938,,1.0267427698282916,1.026763678417017,1.0268611471606952,1.026655912399292
123,1.0650067107937835,0.03906295505698751,3.607594936708861,1.0264326286690222,1.0017627863047793,1.0195314775284938,,1.0262795010977086,1.026333076281525,1.0264196962160677,1.026216745376587
123,1.0650067107937835,0.03906295505698751,3.670886075949367,1.026018476956124,1.0016546758796137,1.0195314775284938,,1.0258387644462696,1.0259307212394289,1.0260057336396045,1.025805950164795
123,1.0650067107937835,0.03906295505698751,3.7341772151898738,1.0256286437427224,1.0015531948180023,1.0195314775284938,,1.0254198383226776,1.025554087861188,1.0256176768689491,1.0254216194152832
123,1.0650067107937835,0.03906295505698751,3.79746835443038,1.0252617661514178,1.0014579366637142,1.0195314775284938,,1.0250221405662268,1.0252007983073008,1.025253731441484,1.0250619649887085
123,1.0650067107937835,0.03906295505698751,3.8607594936708862,1.024916549602618,1.001368522477837,1.0195314775284938,,1.024645269404036,1.0248686715249822,1.0249120498416195,1.0247257947921753
123,1.0650067107937835,0.03906295505698751,3.924050632911393,1.02459176544354,1.0012845912968191,1.0195314775284938,,1.0242890444482804,1.024555706849272,1.0245907768931237,1.024410605430603
123,1.0650067107937835,0.03906295505698751,3.987341772151899,1.024286248506575,1.0012058068414182,1.0195314775284938,,1.0239532279150103,1.0242602971886448,1.0242882176086565,1.0241162776947021
123,1.0650067107937835,0.03906295505698751,4.050632911392405,1.0239988946268608,1.001131855347619,1.0195314775284938,,1.0236377542086532,1.023981089634418,1.0240028807992596,1.0238409042358398
123,1.0650067107937835,0.03906295505698751,4.113924050632912,1.0237286581442755,1.0010624390157237,1.0195314775284938,,1.0233426397281018,1.0237169854607526,1.0237335384445967,1.0235830545425415
123,1.0650067107937835,0.03906295505698751,4.177215189873418,1.0234745494108037,1.0009972793411681,1.0195314775284938,,1.0230677696811048,1.0234672221191192,1.023479177751765,1.0233421325683594
123,1.0650067107937835,0.03906295505698751,4.2405063291139244,1.0232356323205363,1.0009361165257182,1.0195314775284938,,1.0228132998571464,1.0232312010499187,1.0232390280336356,1.0231164693832397
123,1.0650067107937835,0.03906295505698751,4.30379746835443,1.0230110218763944,1.0008787048820103,1.0195314775284938,,1.0225791072645285,1.0230086516714145,1.0230124810365333,1.022904396057129
123,1.0650067107937835,0.03906295505698751,4.367088607594937,1.0227998818049684,1.0008248137545979,1.0195314775284938,,1.022365191903251,1.0227993935957824,1.022799053407279,1.0227062702178955
123,1.0650067107937835,0.03906295505698751,4.4303797468354436,1.0226014222285513,1.0007742280295107,1.0195314775284938,,1.0221715455738674,1.022603508817488,1.0225983267750305,1.0225204229354858
123,1.0650067107937835,0.03906295505698751,4.493670886075949,1.022414897401488,1.0007267450136712,1.0195314775284938,,1.021998045284679,1.0224210465332109,1.0224099281504124,1.0223462581634521
123,1.0650067107937835,0.03906295505698751,4.556962025316456,1.0222396035162509,1.0006821736804346,1.0195314775284938,,1.0218446500384533,1.022252334720813,1.0222334724056226,1.0221827030181885
123,1.0650067107937835,0.03906295505698751,4.620253164556963,1.0220748765831378,1.0006403359150107,1.0195314775284938,,1.0217110318573281,1.0220976029647983,1.0220685488707113,1.0220290422439575
123,1.0650067107937835,0.03906295505698751,4.6835443037974684,1.0219200903860652,1.000601064495775,1.0195314775284938,,1.0215970431512649,1.0219572284397083,1.021914724808321,1.0218863487243652
123,1.0650067107937835,0.03906295505698751,4.746835443037975,1.0217746545155078,1.000564201216142,1.0195314775284938,,1.0215024707346534,1.0218315145250658,1.0217715252241282,1.0217514038085938
123,1.0650067107937835,0.03906295505698751,4.810126582278482,1.0216380124811935,1.0005295985964844,1.0195314775284938,,1.0214268636379331,1.021720830195966,1.021638432747622,1.0216245651245117
123,1.0650067107937835,0.03906295505698751,4.8734177215189876,1.0215096399069539,1.000497118679955,1.0195314775284938,,1.021369934880474,1.0216255034302713,1.0215149248819275,1.021505355834961
123,1.0650067107937835,0.03906295505698751,4.936708860759494,1.0213890428004684,1.0004666304428163,1.0195314775284938,,1.0213312826893948,1.021545780211378,1.0214004384535615,1.0213932991027832
123,1.0650067107937835,0.03906295505698751,5.0,1.0212757559004506,1.0004380117722602,1.0195314775284938,,1.0213104314967953,1.0214818901237903,1.0212944228622562,1.0212876796722412
124,0.31253696779031864,0.16447444834597472,0.0,0.31253696779031864,0.31253696779031864,1.0822372241729874,1.9029014245277103,0.3116860820679723,0.3133785134333208,0.3126940674814303,0.31253695487976074
124,0.31253696779031864,0.16447444834597472,0.06329113924050633,0.41181957835350225,0.35469853623346265,1.0822372241729874,1.9029014245277103,0.4125050338547468,0.4132521674252022,0.4117645323507293,0.40688973665237427
124,0.31253696779031864,0.16447444834597472,0.12658227848101267,0.498821330871811,0.39427474753663266,1.0822372241729874,1.9029014245277103,0.4994587215102655,0.49973960175159027,0.4989258645183129,0.4923619329929352
124,0.31253696779031864,0.16447444834597472,0.189873417721519,0.5750316116857926,0.4314241137272338,1.0822372241729874,1.9029014245277103,0.575211046828186,0.5751969765778908,0.5751306138040131,0.5689120888710022
124,0.31253696779031864,0.16447444834597472,0.25316455696202533,0.6417609299881414,0.46629454230186046,1.0822372241729874,1.9029014245277103,0.6417221039073288,0.6429619586204071,0.6418375764423532,0.6367699503898621
124,0.31253696779031864,0.16447444834597472,0.31645569620253167,0.700162295848588,0.4990265424401756,1.0822372241729874,1.9029014245277103,0.7001344036312236,0.7014176498154922,0.7002396911468285,0.6964712738990784
124,0.31253696779031864,0.16447444834597472,0.379746835443038,0.7512500497298629,0.5297513930019891,1.0822372241729874,1.9029014245277103,0.751280976972478,0.7516069213720911,0.7513160230587971,0.7487306594848633
124,0.31253696779031864,0.16447444834597472,0.44303797468354433,0.7959164469531067,0.558591562220167,1.0822372241729874,1.9029014245277103,0.7959467733490775,0.7958026926741428,0.7959559235069501,0.7942987680435181
124,0.31253696779031864,0.16447444834597472,0.5063291139240507,0.8349462642528633,0.5856629715601835,1.0822372241729874,1.9029014245277103,0.8349163978022518,0.834902097967453,0.8349704649377361,0.833884596824646
124,0.31253696779031864,0.16447444834597472,0.569620253164557,0.8690296641083501,0.6110743452680543,1.0822372241729874,1.9029014245277103,0.8689373938747844,0.8691238000928566,0.8690615960906165,0.8681597709655762
124,0.31253696779031864,0.16447444834597472,0.6329113924050633,0.8987735242998943,0.6349270875622144,1.0822372241729874,1.9029014245277103,0.8986707353526889,0.8988657181918618,0.8988190122814631,0.8977941274642944
124,0.31253696779031864,0.16447444834597472,0.6962025316455697,0.9247114154828868,0.6573168342663136,1.0822372241729874,1.9029014245277103,0.9246670478701876,0.9246952047696713,0.9247515293994785,0.9235042333602905
124,0.31253696779031864,0.16447444834597472,0.759493670886076,0.9473123878353646,0.6783336298509068,1.0822372241729874,1.9029014245277103,0.9473746115695539,0.9471643777597814,0.9473238141620017,0.9460430145263672
124,0.31253696779031864,0.16447444834597472,0.8227848101265823,0.9669887086614856,0.6980614373069842,1.0822372241729874,1.9029014245277103,0.9671678705767973,0.9667494036222126,0.9669698722574696,0.9661012291908264
124,0.31253696779031864,0.16447444834597472,0.8860759493670887,0.984102675944003,0.7165791562536,1.0822372241729874,1.9029014245277103,0.9843762868541046,0.9838454710827685,0.9840784844990905,0.9839938879013062
124,0.31253696779031864,0.16447444834597472,0.949367088607595,0.9989726179644581,0.7339613605694149,1.0822372241729874,1.9029014245277103,0.9993011982619653,0.9987708662579762,0.998971300122508,0.9996081590652466
124,0.31253696779031864,0.16447444834597472,1.0126582278481013,1.0118781759986462,0.7502775717472974,1.0822372241729874,1.9029014245277103,1.0122202872575463,1.0117806411324997,1.0119038526053177,1.012908697128296
124,0.31253696779031864,0.16447444834597472,1.0759493670886076,1.0230649555517026,0.765592881659545,1.0822372241729874,1.9029014245277103,1.0233860066009524,1.0230861774386297,1.023096305487264,1.0241764783859253
124,0.31253696779031864,0.16447444834597472,1.139240506329114,1.0327486214129131,0.7799690514681064,1.0822372241729874,1.9029014245277103,1.0330237344797506,1.0328730696492292,1.0327635409622395,1.0337942838668823
124,0.31253696779031864,0.16447444834597472,1.2025316455696204,1.0411185028562833,0.7934636449907975,1.0822372241729874,1.9029014245277103,1.0413316597167184,1.0413109028177543,1.041114894626198,1.0420655012130737
124,0.31253696779031864,0.16447444834597472,1.2658227848101267,1.0483407674146579,0.8061303624592335,1.0822372241729874,1.9029014245277103,1.0484830284182005,1.0485598613321816,1.048333810956755,1.049195647239685
124,0.31253696779031864,0.16447444834597472,1.3291139240506329,1.054561214694703,0.818020353588882,1.0822372241729874,1.9029014245277103,1.0546292515643556,1.054772377003766,1.0545652937641334,1.0553253889083862
124,0.31253696779031864,0.16447444834597472,1.3924050632911393,1.0599077355372395,0.8291812406255834,1.0822372241729874,1.9029014245277103,1.059902807613237,1.0600898820862037,1.0599230633106322,1.060563087463379
124,0.31253696779031864,0.16447444834597472,1.4556962025316458,1.0644924765083845,0.8396574471602167,1.0822372241729874,1.9029014245277103,1.064419956517605,1.0646387423501384,1.0645082349770538,1.0650180578231812
124,0.31253696779031864,0.16447444834597472,1.518987341772152,1.0684137449047444,0.8494912129503027,1.0822372241729874,1.9029014245277103,1.0682824308607783,1.0685276947561124,1.0684205961232571,1.068777322769165
124,0.31253696779031864,0.16447444834597472,1.5822784810126582,1.0717576851800206,0.8587219649888256,1.0822372241729874,1.9029014245277103,1.0715790880451168,1.0718467815265131,1.0717555639201706,1.071940541267395
124,0.31253696779031864,0.16447444834597472,1.6455696202531647,1.0745997541756784,0.8673864862705071,1.0822372241729874,1.9029014245277103,1.0743869967186903,1.0746702609491021,1.074596944785166,1.0745797157287598
124,0.31253696779031864,0.16447444834597472,1.708860759493671,1.0770060191858384,0.8755196250640399,1.0822372241729874,1.9029014245277103,1.0767730397670803,1.0770610555767732,1.0770131487116117,1.0767704248428345
124,0.31253696779031864,0.16447444834597472,1.7721518987341773,1.079034299950795,0.8831540345491158,1.0822372241729874,1.9029014245277103,1.078794549770489,1.0790747248594097,1.07905803143901,1.0785778760910034
124,0.31253696779031864,0.16447444834597472,1.8354430379746836,1.0807351733682324,0.8903201712164165,1.0822372241729874,1.9029014245277103,1.0805008259013524,1.0807620561689986,1.0807750716847775,1.0800622701644897
124,0.31253696779031864,0.16447444834597472,1.89873417721519,1.0821528572162238,0.8970467851102895,1.0822372241729874,1.9029014245277103,1.0819342736474118,1.0821695936639315,1.0822025432976277,1.0812712907791138
124,0.31253696779031864,0.16447444834597472,1.9620253164556964,1.0833259874347843,0.9033609193256211,1.0822372241729874,1.9029014245277103,1.0831310238699294,1.0833391791199993,1.0833764985328616,1.082249402999878
124,0.31253696779031864,0.16447444834597472,2.0253164556962027,1.084288301713277,0.9092877919355244,1.0822372241729874,1.9029014245277103,1.084122539895214,1.084306603121432,1.0843317833532513,1.0830355882644653
124,0.31253696779031864,0.16447444834597472,2.088607594936709,1.085069240543964,0.9148511217797071,1.0822372241729874,1.9029014245277103,1.0849357025838782,1.0851011448669605,1.0851018254433928,1.0836610794067383
124,0.31253696779031864,0.16447444834597472,2.151898734177215,1.0856944756810483,0.9200733056751496,1.0822372241729874,1.9029014245277103,1.0855941519652823,1.0857459575438062,1.085717392776381,1.0841542482376099
124,0.31253696779031864,0.16447444834597472,2.2151898734177218,1.0861863747003921,0.9249752242356306,1.0822372241729874,1.9029014245277103,1.0861184409771574,1.0862590625105748,1.0862048882690725,1.0845369100570679
124,0.31253696779031864,0.16447444834597472,2.278481012658228,1.086564409305284,0.9295764454381088,1.0822372241729874,1.9029014245277103,1.0865264362135554,1.086654829297361,1.0865853149262241,1.0848313570022583
124,0.31253696779031864,0.16447444834597472,2.3417721518987342,1.0868455141380198,0.9338955180588088,1.0822372241729874,1.9029014245277103,1.0868341081465118,1.086945745661274,1.0868743514684645,1.085050106048584
124,0.31253696779031864,0.16447444834597472,2.405063291139241,1.0870444020418768,0.9379497312590556,1.0822372241729874,1.9029014245277103,1.087055468605265,1.0871434548164278,1.0870828800290444,1.0852105617523193
124,0.31253696779031864,0.16447444834597472,2.468354430379747,1.0871738410043332,0.9417552284735518,1.0822372241729874,1.9029014245277103,1.0872028280338923,1.0872594195891117,1.087218904187205,1.085323452949524
124,0.31253696779031864,0.16447444834597472,2.5316455696202533,1.0872448973884719,0.9453273715435042,1.0822372241729874,1.9029014245277103,1.0872872925827581,1.0873054799801567,1.0872897702527913,1.08539879322052
124,0.31253696779031864,0.16447444834597472,2.5949367088607596,1.0872671495091992,0.9486804677631859,1.0822372241729874,1.9029014245277103,1.0873185263245628,1.087293484189841,1.0873037215879706,1.085439682006836
124,0.31253696779031864,0.16447444834597472,2.6582278481012658,1.0872488751266858,0.9518278596283948,1.0822372241729874,1.9029014245277103,1.0873050156864954,1.0872349114433468,1.0872704943258678,1.0854583978652954
124,0.31253696779031864,0.16447444834597472,2.7215189873417724,1.0871972159995922,0.9547822452172925,1.0822372241729874,1.9029014245277103,1.0872543215832136,1.0871406752040442,1.0872013987407292,1.0854580402374268
124,0.31253696779031864,0.16447444834597472,2.7848101265822787,1.0871183222568432,0.9575554656416168,1.0822372241729874,1.9029014245277103,1.0871730742921912,1.0870205943091877,1.0871075569847646,1.0854395627975464
124,0.31253696779031864,0.16447444834597472,2.848101265822785,1.0870174790395526,0.9601585685713919,1.0822372241729874,1.9029014245277103,1.0870670144509507,1.0868830485931606,1.086998380275882,1.0854105949401855
124,0.31253696779031864,0.16447444834597472,2.9113924050632916,1.0868992175589378,0.9626020300740263,1.0822372241729874,1.9029014245277103,1.0869412287911508,1.0867349706880287,1.0868804569030226,1.0853713750839233
124,0.31253696779031864,0.16447444834597472,2.9746835443037978,1.0867674124309803,0.9648956568889289,1.0822372241729874,1.9029014245277103,1.0868000507202982,1.0865816656357152,1.0867568242064993,1.0853235721588135
124,0.31253696779031864,0.16447444834597472,3.037974683544304,1.0866253669602914,0.9670485965405298,1.0822372241729874,1.9029014245277103,1.0866472540336714,1.086427044572229,1.086627603202779,1.0852737426757812
124,0.31253696779031864,0.16447444834597472,3.1012658227848102,1.086475887879425,0.9690694918645522,1.0822372241729874,1.9029014245277103,1.086486118509894,1.086273571431261,1.0864911650511093,1.0852171182632446
124,0.31253696779031864,0.16447444834597472,3.1645569620253164,1.0863213507243208,0.9709664647265871,1.0822372241729874,1.9029014245277103,1.0863195160051236,1.0861228820023998,1.0863457762817799,1.0851558446884155
124,0.31253696779031864,0.16447444834597472,3.227848101265823,1.0861637571148848,0.9727470893071438,1.0822372241729874,1.9029014245277103,1.0861498858547112,1.0859755502469046,1.0861905994415715,1.0850913524627686
124,0.31253696779031864,0.16447444834597472,3.2911392405063293,1.0860047847897363,0.9744184959753951,1.0822372241729874,1.9029014245277103,1.0859790831834406,1.0858316540595176,1.086026727952627,1.0850249528884888
124,0.31253696779031864,0.16447444834597472,3.3544303797468356,1.085845831415758,0.9759874111790586,1.0822372241729874,1.9029014245277103,1.0858090522850776,1.0856908777615462,1.0858570486718329,1.0849554538726807
124,0.31253696779031864,0.16447444834597472,3.417721518987342,1.0856880528004849,0.9774601063571889,1.0822372241729874,1.9029014245277103,1.0856410517746689,1.0855526145939451,1.085685635682045,1.0848835706710815
124,0.31253696779031864,0.16447444834597472,3.4810126582278484,1.085532396311279,0.978842464055074,1.0822372241729874,1.9029014245277103,1.0854762797963426,1.0854162946951786,1.0855169220444625,1.0848091840744019
124,0.31253696779031864,0.16447444834597472,3.5443037974683547,1.0853796300096472,0.9801400550365135,1.0822372241729874,1.9029014245277103,1.0853155890925412,1.085281323605371,1.0853548362882526,1.084732174873352
124,0.31253696779031864,0.16447444834597472,3.607594936708861,1.0852303680480784,0.9813580720601125,1.0822372241729874,1.9029014245277103,1.085159630494335,1.0851471929588359,1.0852019728946904,1.0846565961837769
124,0.31253696779031864,0.16447444834597472,3.670886075949367,1.085085092819797,0.9825013681875098,1.0822372241729874,1.9029014245277103,1.0850089451651972,1.0850136526724528,1.085059399304736,1.084577202796936
124,0.31253696779031864,0.16447444834597472,3.7341772151898738,1.08494417422593,0.9835745570549975,1.0822372241729874,1.9029014245277103,1.0848636694209266,1.0848805305578444,1.0849267407706096,1.084496021270752
124,0.31253696779031864,0.16447444834597472,3.79746835443038,1.0848078864285187,0.9845819370436358,1.0822372241729874,1.9029014245277103,1.0847241640371719,1.0847479260332997,1.0848024746069507,1.0844132900238037
124,0.31253696779031864,0.16447444834597472,3.8607594936708862,1.0846764224076981,0.9855275155321686,1.0822372241729874,1.9029014245277103,1.0845903121718197,1.0846159928384425,1.0846844247550596,1.0843291282653809
124,0.31253696779031864,0.16447444834597472,3.924050632911393,1.0845499065949398,0.9864151098049857,1.0822372241729874,1.9029014245277103,1.0844621384232094,1.084485129671361,1.084570402392384,1.0842432975769043
124,0.31253696779031864,0.16447444834597472,3.987341772151899,1.0844284058216689,0.9872482761033425,1.0822372241729874,1.9029014245277103,1.0843396140932784,1.0843558858949747,1.084458474224693,1.0841566324234009
124,0.31253696779031864,0.16447444834597472,4.050632911392405,1.084311938792158,0.9880303325640399,1.0822372241729874,1.9029014245277103,1.084222538295586,1.0842287780744173,1.0843473169556948,1.0840688943862915
124,0.31253696779031864,0.16447444834597472,4.113924050632912,1.0842004842698103,0.9887644284970307,1.0822372241729874,1.9029014245277103,1.0841109499775028,1.0841045441598787,1.0842363174047283,1.0839803218841553
124,0.31253696779031864,0.16447444834597472,4.177215189873418,1.0840939881392282,0.9894535091611759,1.0822372241729874,1.9029014245277103,1.0840047589451174,1.0839838360073604,1.084125629802781,1.0838912725448608
124,0.31253696779031864,0.16447444834597472,4.2405063291139244,1.0839923694867928,0.9901003219909955,1.0822372241729874,1.9029014245277103,1.0839038668050707,1.0838673095725873,1.0840159275885228,1.0838019847869873
124,0.31253696779031864,0.16447444834597472,4.30379746835443,1.0838955258250866,0.9907074651948508,1.0822372241729874,1.9029014245277103,1.0838084293468473,1.0837557069054728,1.0839083671962475,1.0837122201919556
124,0.31253696779031864,0.16447444834597472,4.367088607594937,1.0838033375711107,0.9912773780146387,1.0822372241729874,1.9029014245277103,1.0837183604762584,1.0836495978675529,1.083804316174829,1.0836234092712402
124,0.31253696779031864,0.16447444834597472,4.4303797468354436,1.0837156718747039,0.9918123353371067,1.0822372241729874,1.9029014245277103,1.0836340455672921,1.0835496179159358,1.0837052552787743,1.0835353136062622
124,0.31253696779031864,0.16447444834597472,4.493670886075949,1.0836323858816643,0.9923144806948578,1.0822372241729874,1.9029014245277103,1.0835556219606788,1.0834561934218427,1.0836125107783814,1.0834481716156006
124,0.31253696779031864,0.16447444834597472,4.556962025316456,1.083553329505614,0.9927858342449556,1.0822372241729874,1.9029014245277103,1.0834833663877392,1.0833698245515135,1.0835272624383427,1.0833624601364136
124,0.31253696779031864,0.16447444834597472,4.620253164556963,1.08347834777348,0.9932282795981464,1.0822372241729874,1.9029014245277103,1.0834177482667893,1.0832907572883452,1.0834503992765994,1.0832786560058594
124,0.31253696779031864,0.16447444834597472,4.6835443037974684,1.083407282800905,0.9936435851665851,1.0822372241729874,1.9029014245277103,1.0833590914759679,1.083219245815181,1.0833825023619563,1.083196997642517
124,0.31253696779031864,0.16447444834597472,4.746835443037975,1.083339975445457,0.9940334240251151,1.0822372241729874,1.9029014245277103,1.0833078982313769,1.0831554090239959,1.0833239032254731,1.083118200302124
124,0.31253696779031864,0.16447444834597472,4.810126582278482,1.0832762666850475,0.9943993558111405,1.0822372241729874,1.9029014245277103,1.083264777341923,1.0830993289092556,1.08327460408016,1.0830427408218384
124,0.31253696779031864,0.16447444834597472,4.8734177215189876,1.0832159987569359,0.9947428394550291,1.0822372241729874,1.9029014245277103,1.0832301982259223,1.083050882479262,1.0832343907816655,1.0829709768295288
124,0.31253696779031864,0.16447444834597472,4.936708860759494,1.0831590160916953,0.9950652605681344,1.0822372241729874,1.9029014245277103,1.083204702046847,1.0830099631412093,1.0832028679263188,1.0829031467437744
124,0.31253696779031864,0.16447444834597472,5.0,1.0831051660687299,0.9953679105215602,1.0822372241729874,1.9029014245277103,1.08318899190724,1.0829763741083804,1.0831794841900255,1.0828399658203125
132,0.40634299887667785,0.030735168825819174,0.0,0.40634299887667785,0.40634299887667785,1.0153675844129095,,0.40427233034051135,0.4031873795718255,0.40635564019147585,0.406343013048172
132,0.40634299887667785,0.030735168825819174,0.06329113924050633,0.45342596174168137,0.4427515170251538,1.0153675844129095,,0.4527196458745455,0.4523593949905296,0.4533874337785823,0.451974481344223
132,0.40634299887667785,0.030735168825819174,0.12658227848101267,0.4964642651868219,0.47692745640991135,1.0153675844129095,,0.49637461447935227,0.49537657784419176,0.49646571683542856,0.49422356486320496
132,0.40634299887667785,0.030735168825819174,0.189873417721519,0.535843541084962,0.5090076997001646,1.0153675844129095,,0.5360697095651732,0.5347993857086817,0.5358548742187018,0.5332264304161072
132,0.40634299887667785,0.030735168825819174,0.25316455696202533,0.5719094133006893,0.5391199720487744,1.0153675844129095,,0.5722416336557401,0.571280494530095,0.5719162437166893,0.569162130355835
132,0.40634299887667785,0.030735168825819174,0.31645569620253167,0.604971896227827,0.5673856098103053,1.0153675844129095,,0.6052359114290489,0.604671756708004,0.6049708292054592,0.6022452712059021
132,0.40634299887667785,0.030735168825819174,0.379746835443038,0.635309292323458,0.5939179785194453,1.0153675844129095,,0.6354047583114876,0.6350593320268503,0.6352984375683832,0.6327034831047058
132,0.40634299887667785,0.030735168825819174,0.44303797468354433,0.6631716468623425,0.6188228353157771,1.0153675844129095,,0.6630958636349438,0.6629187227914832,0.6631532047990033,0.6607576012611389
132,0.40634299887667785,0.030735168825819174,0.5063291139240507,0.6887838112914898,0.6422002838940961,1.0153675844129095,,0.6886116229885131,0.6886090647611867,0.688765509889582,0.6866108179092407
132,0.40634299887667785,0.030735168825819174,0.569620253164557,0.7123481605338038,0.6641442128081355,1.0153675844129095,,0.7121833919563041,0.7122271114053567,0.7123378663347102,0.7104495763778687
132,0.40634299887667785,0.030735168825819174,0.6329113924050633,0.7340470042708277,0.6847421894199158,1.0153675844129095,,0.7339725356465976,0.7338242896528111,0.734046510418805,0.7324507236480713
132,0.40634299887667785,0.030735168825819174,0.6962025316455697,0.7540447275435336,0.7040767998084086,1.0153675844129095,,0.7540923376130528,0.7535733454436548,0.7540495818709769,0.7527788877487183
132,0.40634299887667785,0.030735168825819174,0.759493670886076,0.772489691872565,0.7222258016534497,1.0153675844129095,,0.7726382394136164,0.7717494194066217,0.772494090120634,0.7715686559677124
132,0.40634299887667785,0.030735168825819174,0.8227848101265823,0.7895159244497821,0.7392617009882374,1.0153675844129095,,0.7897114878143987,0.7886217813667087,0.7895176032096123,0.7889134287834167
132,0.40634299887667785,0.030735168825819174,0.8860759493670887,0.8052446197336323,0.7552526313836593,1.0153675844129095,,0.8054292037100483,0.8043737381511886,0.8052458895803956,0.8048960566520691
132,0.40634299887667785,0.030735168825819174,0.949367088607595,0.819785474940842,0.7702629909281848,1.0153675844129095,,0.8199210367495562,0.8190902032286267,0.819789507950683,0.8196032047271729
132,0.40634299887667785,0.030735168825819174,1.0126582278481013,0.8332378784213574,0.7843528147350308,1.0153675844129095,,0.8333174893243552,0.832794020257136,0.8332438540979807,0.8331300020217896
132,0.40634299887667785,0.030735168825819174,1.0759493670886076,0.8456919676928066,0.7975783127295315,1.0153675844129095,,0.8457373878139782,0.8454942906223972,0.8456951951606133,0.8455766439437866
132,0.40634299887667785,0.030735168825819174,1.139240506329114,0.8572295719602409,0.8099928186103228,1.0153675844129095,,0.8572789615882019,0.8572188596449246,0.8572265229586526,0.857042133808136
132,0.40634299887667785,0.030735168825819174,1.2025316455696204,0.8679250522246956,0.8216460414699012,1.0153675844129095,,0.8680176947520486,0.8680217124808625,0.8679166298413019,0.8676221370697021
132,0.40634299887667785,0.030735168825819174,1.2658227848101267,0.877846050561637,0.8325843540104516,1.0153675844129095,,0.8780095731266228,0.877976939329318,0.8778364420062774,0.8774163722991943
132,0.40634299887667785,0.030735168825819174,1.3291139240506329,0.8870541588193511,0.8428519264422641,1.0153675844129095,,0.8872973158284969,0.8871677317750787,0.8870476392655119,0.886508584022522
132,0.40634299887667785,0.030735168825819174,1.3924050632911393,0.8956055157946908,0.8524898828379623,1.0153675844129095,,0.8959176235804691,0.8956750511534679,0.8956032982675546,0.894974946975708
132,0.40634299887667785,0.030735168825819174,1.4556962025316458,0.9035513409009852,0.8615365850795453,1.0153675844129095,,0.9039060491828192,0.9035715117632124,0.9035516400406272,0.9028725624084473
132,0.40634299887667785,0.030735168825819174,1.518987341772152,0.9109384114063015,0.8700285092051583,1.0153675844129095,,0.9113005888709015,0.9109195277915189,0.9109391265563054,0.9102500081062317
132,0.40634299887667785,0.030735168825819174,1.5822784810126582,0.917809489546982,0.8779997022970906,1.0153675844129095,,0.918141993894114,0.9177701981893431,0.9178097721003811,0.9171437621116638
132,0.40634299887667785,0.030735168825819174,1.6455696202531647,0.9242037050490944,0.8854819282194215,1.0153675844129095,,0.9244731309590675,0.9241646513806251,0.9242040211384226,0.9235844612121582
132,0.40634299887667785,0.030735168825819174,1.708860759493671,0.9301568979798386,0.8925052801084358,1.0153675844129095,,0.9303376211214556,0.9301364067028979,0.9301583753237973,0.9295991659164429
132,0.40634299887667785,0.030735168825819174,1.7721518987341773,0.9357019263114633,0.8990979555366461,1.0153675844129095,,0.9357776915310569,0.9357128175098822,0.9357052104438424,0.9352126121520996
132,0.40634299887667785,0.030735168825819174,1.8354430379746836,0.9408689420237489,0.9052862551312837,1.0153675844129095,,0.9408332570937211,0.9409172522242714,0.9408734709272387,0.940449059009552
132,0.40634299887667785,0.030735168825819174,1.89873417721519,0.9456856392041222,0.9110950059220279,1.0153675844129095,,0.9455408053466353,0.9457706194347908,0.9456899666547524,0.9453311562538147
132,0.40634299887667785,0.030735168825819174,1.9620253164556964,0.9501774771615121,0.9165475609065598,1.0153675844129095,,0.9499328552948526,0.9502926798076474,0.9501799495506642,0.9498816728591919
132,0.40634299887667785,0.030735168825819174,2.0253164556962027,0.954367881244945,0.9216656970895699,1.0153675844129095,,0.9540379246135052,0.9545027184411483,0.9543672320586281,0.9541226625442505
132,0.40634299887667785,0.030735168825819174,2.088607594936709,0.9582784237755941,0.9264698968164246,1.0153675844129095,,0.9578806608389494,0.9584200368324931,0.9582742999059802,0.9580745100975037
132,0.40634299887667785,0.030735168825819174,2.151898734177215,0.9619289871961958,0.9309795008030144,1.0153675844129095,,0.9614824809255973,0.9620643792489959,0.9619221632935867,0.9617567658424377
132,0.40634299887667785,0.030735168825819174,2.2151898734177218,0.9653379113275417,0.9352125404517236,1.0153675844129095,,0.9648615548470236,0.9654555637529898,0.9653298747651272,0.9651905298233032
132,0.40634299887667785,0.030735168825819174,2.278481012658228,0.9685221264096403,0.9391859136406601,1.0153675844129095,,0.9680337813301062,0.9686133018140026,0.9685145429104054,0.9683913588523865
132,0.40634299887667785,0.030735168825819174,2.3417721518987342,0.9714972734138799,0.9429156381196575,1.0153675844129095,,0.9710128944478315,0.9715568293336618,0.971491598728225,0.9713761210441589
132,0.40634299887667785,0.030735168825819174,2.405063291139241,0.974277812949931,0.9464166439012163,1.0153675844129095,,0.9738110621788928,0.9743045376705992,0.9742748080939903,0.9741608500480652
132,0.40634299887667785,0.030735168825819174,2.468354430379747,0.9768771239461858,0.9497028716084449,1.0153675844129095,,0.9764390667955154,0.9768733996791918,0.9768766618623039,0.9767597317695618
132,0.40634299887667785,0.030735168825819174,2.5316455696202533,0.9793075931520152,0.9527875869213203,1.0153675844129095,,0.9789069198219478,0.9792790107067949,0.9793090360965225,0.9791863560676575
132,0.40634299887667785,0.030735168825819174,2.5949367088607596,0.9815806963970964,0.9556831448684181,1.0153675844129095,,0.981223657048298,0.9815350310313757,0.9815831587877922,0.9814533591270447
132,0.40634299887667785,0.030735168825819174,2.6582278481012658,0.9837070724400975,0.9584010673289793,1.0153675844129095,,0.9833978550956666,0.9836533580498913,0.9837097662389286,0.9835715889930725
132,0.40634299887667785,0.030735168825819174,2.7215189873417724,0.9856965901500085,0.9609523196970228,1.0153675844129095,,0.9854375166238952,0.9856441180788422,0.9856992587043764,0.9855519533157349
132,0.40634299887667785,0.030735168825819174,2.7848101265822787,0.9875584096854169,0.9633471273353066,1.0153675844129095,,0.9873501195282458,0.9875159123376687,0.9875613342273675,0.9874035716056824
132,0.40634299887667785,0.030735168825819174,2.848101265822785,0.9893010382617142,0.9655950304319045,1.0153675844129095,,0.9891429859144953,0.9892757349542854,0.9893048295430833,0.989136278629303
132,0.40634299887667785,0.030735168825819174,2.9113924050632916,0.990932381027921,0.9677050755689286,1.0153675844129095,,0.9908228721266086,0.990929678117486,0.9909377661302401,0.990757942199707
132,0.40634299887667785,0.030735168825819174,2.9746835443037978,0.9924597875450902,0.9696857313320167,1.0153675844129095,,0.9923962311290274,0.9924829484758353,0.9924672550148488,0.9922760725021362
132,0.40634299887667785,0.030735168825819174,3.037974683544304,0.993890094279085,0.9715448970431324,1.0153675844129095,,0.9938692781022435,0.9939401377194063,0.9938995681762366,0.9937000870704651
132,0.40634299887667785,0.030735168825819174,3.1012658227848102,0.9952296634688409,0.9732900362018311,1.0153675844129095,,0.9952478018555275,0.9953056161532149,0.9952404823398193,0.9950334429740906
132,0.40634299887667785,0.030735168825819174,3.1645569620253164,0.9964844187609778,0.9749281624249162,1.0153675844129095,,0.9965372714197342,0.996583442503308,0.9964954316851583,0.9962834119796753
132,0.40634299887667785,0.030735168825819174,3.227848101265823,0.9976598778441266,0.9764658163773767,1.0153675844129095,,0.9977428688450891,0.9977777738890907,0.997669677479048,0.9974555373191833
132,0.40634299887667785,0.030735168825819174,3.2911392405063293,0.9987611824382455,0.9779091554717051,1.0153675844129095,,0.9988696039934396,0.9988928166266481,0.9987684420783185,0.9985544681549072
132,0.40634299887667785,0.030735168825819174,3.3544303797468356,0.9997931257997509,0.979263988315397,1.0153675844129095,,0.999921896366481,0.9999327524337251,0.9997969577849722,0.9995859265327454
132,0.40634299887667785,0.030735168825819174,3.417721518987342,1.0007601780489928,0.9805357305939578,1.0153675844129095,,1.0009042556598207,1.0009018778203187,1.000760288738164,1.0005537271499634
132,0.40634299887667785,0.030735168825819174,3.4810126582278484,1.0016665094453279,0.9817294621648569,1.0153675844129095,,1.0018206668044864,1.0018046368864637,1.0016632424910177,1.0014616250991821
132,0.40634299887667785,0.030735168825819174,3.5443037974683547,1.002516011832899,0.9828499936475336,1.0153675844129095,,1.00267505733538,1.0026453589399433,1.0025102882019676,1.0023137331008911
132,0.40634299887667785,0.030735168825819174,3.607594936708861,1.0033123184192068,0.9839018092356787,1.0153675844129095,,1.0034711252028996,1.003428373288541,1.0033053798636515,1.0031168460845947
132,0.40634299887667785,0.030735168825819174,3.670886075949367,1.004058822002698,0.9848890997786731,1.0153675844129095,,1.004212305975153,1.0041579272455738,1.0040519476021994,1.0038691759109497
132,0.40634299887667785,0.030735168825819174,3.7341772151898738,1.0047586918049465,0.9858158493707697,1.0153675844129095,,1.004902125414161,1.0048381533321078,1.0047530116409267,1.0045758485794067
132,0.40634299887667785,0.030735168825819174,3.79746835443038,1.005414889029964,0.9866857698683944,1.0153675844129095,,1.00554364191349,1.005472970883598,1.0054111456329107,1.0052393674850464
132,0.40634299887667785,0.030735168825819174,3.8607594936708862,1.0060301812452646,0.9875023218334588,1.0153675844129095,,1.006139995861172,1.0060661516454619,1.006028644562203,1.0058625936508179
132,0.40634299887667785,0.030735168825819174,3.924050632911393,1.0066071556857223,0.9882688016724328,1.0153675844129095,,1.0066942210524341,1.0066211967813796,1.0066076623096345,1.0064500570297241
132,0.40634299887667785,0.030735168825819174,3.987341772151899,1.0071482315731641,0.9889882803686618,1.0153675844129095,,1.0072092856869304,1.0071415090616738,1.0071502296271346,1.0070008039474487
132,0.40634299887667785,0.030735168825819174,4.050632911392405,1.007655671531103,0.9896636232909846,1.0153675844129095,,1.007687862784239,1.0076301304810171,1.0076583402214843,1.0075182914733887
132,0.40634299887667785,0.030735168825819174,4.113924050632912,1.0081315921674832,0.9902975500182307,1.0153675844129095,,1.0081328877462283,1.0080899882418317,1.0081340134603392,1.0080041885375977
132,0.40634299887667785,0.030735168825819174,4.177215189873418,1.0085779738914273,0.9908926039214102,1.0153675844129095,,1.008546984395797,1.0085237717625886,1.0085792625136554,1.0084608793258667
132,0.40634299887667785,0.030735168825819174,4.2405063291139244,1.0089966700259978,0.99145115754081,1.0153675844129095,,1.0089328257525236,1.008933990073935,1.0089960838823857,1.0088895559310913
132,0.40634299887667785,0.030735168825819174,4.30379746835443,1.0093894152716079,0.9919754545528361,1.0153675844129095,,1.0092931176337723,1.009322906223121,1.0093864604647007,1.0092943906784058
132,0.40634299887667785,0.030735168825819174,4.367088607594937,1.0097578335707613,0.9924676013587949,1.0153675844129095,,1.0096303198735108,1.0096927750579507,1.0097523070403303,1.0096733570098877
132,0.40634299887667785,0.030735168825819174,4.4303797468354436,1.0101034454199458,0.9929295624314995,1.0153675844129095,,1.0099468595079208,1.01004565463951,1.010095441124187,1.0100295543670654
132,0.40634299887667785,0.030735168825819174,4.493670886075949,1.0104276746720253,0.993363188813201,1.0153675844129095,,1.0102453931576871,1.0103833406465956,1.0104175768859667,1.0103639364242554
132,0.40634299887667785,0.030735168825819174,4.556962025316456,1.0107318548664286,0.9937702250054952,1.0153675844129095,,1.010528167471167,1.010707677954683,1.0107203061063101,1.0106780529022217
132,0.40634299887667785,0.030735168825819174,4.620253164556963,1.011017235122919,0.9941522975957597,1.0153675844129095,,1.0107976094845421,1.0110203064530843,1.0110050795994194,1.0109728574752808
132,0.40634299887667785,0.030735168825819174,4.6835443037974684,1.0112849856317645,0.9945109336920396,1.0153675844129095,,1.011055900250597,1.0113227594383059,1.0112732025957247,1.0112509727478027
132,0.40634299887667785,0.030735168825819174,4.746835443037975,1.011536202771071,0.9948475780743631,1.0153675844129095,,1.0113052700187957,1.0116165866057474,1.011525867741601,1.0115116834640503
132,0.40634299887667785,0.030735168825819174,4.810126582278482,1.0117719138806436,0.9951635775632993,1.0153675844129095,,1.0115478096480106,1.0119031490635375,1.0117641351456348,1.0117563009262085
132,0.40634299887667785,0.030735168825819174,4.8734177215189876,1.0119930817083218,0.9954601920144536,1.0153675844129095,,1.011785544401542,1.0121836767286605,1.0119889505769375,1.0119861364364624
132,0.40634299887667785,0.030735168825819174,4.936708860759494,1.01220060855261,0.9957386179688169,1.0153675844129095,,1.0120204257476708,1.0124595143103514,1.0122011792008418,1.0122019052505493
132,0.40634299887667785,0.030735168825819174,5.0,1.0123953401340475,0.9959999705876826,1.0153675844129095,,1.0122542329663005,1.0127317277366634,1.0124015817507626,1.012404441833496
141,1.2077451931336884,0.2027393454668584,0.0,1.2077451931336884,1.2077451931336884,1.1013696727334292,,1.2091574399193785,1.2075318012456997,1.2077728874289604,1.2077451944351196
141,1.2077451931336884,0.2027393454668584,0.06329113924050633,1.265413897759774,1.195004343417178,1.1013696727334292,,1.2661597956107753,1.2658893450654736,1.2652871546051079,1.2602734565734863
141,1.2077451931336884,0.2027393454668584,0.12658227848101267,1.3119133834239258,1.1830447655555905,1.1013696727334292,,1.3124311912136635,1.312620270451314,1.3119658649727124,1.3057210445404053
141,1.2077451931336884,0.2027393454668584,0.189873417721519,1.3488361370866797,1.1718185586288667,1.1013696727334292,,1.349291229258354,1.3491143179993972,1.3488715861711342,1.343613624572754
141,1.2077451931336884,0.2027393454668584,0.25316455696202533,1.3775690808474792,1.1612810263115199,1.1013696727334292,,1.377990554929597,1.377301276654062,1.3776000174040046,1.373857855796814
141,1.2077451931336884,0.2027393454668584,0.31645569620253167,1.3993190080232174,1.1513897079834186,1.1013696727334292,,1.3996980977277356,1.398794420323576,1.3993761520018169,1.3968853950500488
141,1.2077451931336884,0.2027393454668584,0.379746835443038,1.4151349339767028,1.1421049323447159,1.1013696727334292,,1.415470815510903,1.4147348003899816,1.4151850324722064,1.4136205911636353
141,1.2077451931336884,0.2027393454668584,0.44303797468354433,1.4259277321986539,1.1333896905883964,1.1013696727334292,,1.4262380663498817,1.4258881467685303,1.4259383076450742,1.425191044807434
141,1.2077451931336884,0.2027393454668584,0.5063291139240507,1.4324873819331823,1.1252089522821247,1.1013696727334292,,1.4328009361734855,1.4327910968376147,1.4324706641649723,1.4323889017105103
141,1.2077451931336884,0.2027393454668584,0.569620253164557,1.435498114630506,1.1175298619290535,1.1013696727334292,,1.4358408317885525,1.4359071161145354,1.4354909575438564,1.4356517791748047
141,1.2077451931336884,0.2027393454668584,0.6329113924050633,1.4355517121342158,1.110321776079345,1.1013696727334292,,1.435933879108104,1.4357589357163212,1.4355747603141367,1.4355686902999878
141,1.2077451931336884,0.2027393454668584,0.6962025316455697,1.4331591792782872,1.1035557944405843,1.1013696727334292,,1.4335685027647658,1.4329788313660292,1.433200853239972,1.4329525232315063
141,1.2077451931336884,0.2027393454668584,0.759493670886076,1.4287609868981381,1.0972047063773638,1.1013696727334292,,1.4291637928710614,1.428235812307301,1.4287965807554035,1.4284924268722534
141,1.2077451931336884,0.2027393454668584,0.8227848101265823,1.42273605778983,1.0912431390231263,1.1013696727334292,,1.4230864942726813,1.4220894087733216,1.4227572726901312,1.4226583242416382
141,1.2077451931336884,0.2027393454668584,0.8860759493670887,1.4154096474811744,1.085647249617126,1.1013696727334292,,1.415663600898398,1.4148902946945263,1.4154310632308307,1.4156782627105713
141,1.2077451931336884,0.2027393454668584,0.949367088607595,1.4070602534751357,1.0803945025987598,1.1013696727334292,,1.4071887841261685,1.406797867312022,1.4070969899516856,1.4075992107391357
141,1.2077451931336884,0.2027393454668584,1.0126582278481013,1.397925670595941,1.0754638891933193,1.1013696727334292,,1.3979232783233624,1.3978843473511002,1.3979709346602938,1.3985466957092285
141,1.2077451931336884,0.2027393454668584,1.0759493670886076,1.3882082959529463,1.0708357392178975,1.1013696727334292,,1.3880935522039388,1.3882405518818484,1.3882380710961983,1.3887519836425781
141,1.2077451931336884,0.2027393454668584,1.139240506329114,1.3780797745997144,1.066491389000541,1.1013696727334292,,1.3778887506011206,1.378026534101098,1.378079304926202,1.378463625907898
141,1.2077451931336884,0.2027393454668584,1.2025316455696204,1.3676850660365028,1.0624134432692303,1.1013696727334292,,1.367460809259646,1.3674580542456023,1.3676667267336167,1.3678860664367676
141,1.2077451931336884,0.2027393454668584,1.2658227848101267,1.3571460020599484,1.0585856742932185,1.1013696727334292,,1.3569273738387437,1.3567558086189433,1.3571389914732381,1.357164740562439
141,1.2077451931336884,0.2027393454668584,1.3291139240506329,1.3465643979831572,1.0549926250849657,1.1013696727334292,,1.3463784906605238,1.3460924447678668,1.3465883101911837,1.3464200496673584
141,1.2077451931336884,0.2027393454668584,1.3924050632911393,1.3360247717850857,1.0516199046267685,1.1013696727334292,,1.3358831662672275,1.3355666512311575,1.336074525695409,1.3357388973236084
141,1.2077451931336884,0.2027393454668584,1.4556962025316458,1.325596719112492,1.0484540885059384,1.1013696727334292,,1.3254965173386242,1.3252117341607372,1.325649295283393,1.325181484222412
141,1.2077451931336884,0.2027393454668584,1.518987341772152,1.3153369864028064,1.0454824122447082,1.1013696727334292,,1.315264723157734,1.3150288578780178,1.315369906651089,1.3148168325424194
141,1.2077451931336884,0.2027393454668584,1.5822784810126582,1.3052912792132974,1.0426929613576508,1.1013696727334292,,1.3052287645584584,1.3050233520232626,1.305296778387849,1.304683804512024
141,1.2077451931336884,0.2027393454668584,1.6455696202531647,1.295495838252158,1.0400746203520526,1.1013696727334292,,1.295425899825962,1.2952248165985494,1.2954823751179303,1.29481840133667
141,1.2077451931336884,0.2027393454668584,1.708860759493671,1.2859788119740212,1.0376168583920804,1.1013696727334292,,1.285889927078961,1.2856823170920872,1.2859622116955929,1.2852522134780884
141,1.2077451931336884,0.2027393454668584,1.7721518987341773,1.2767614507235379,1.0353098079782759,1.1013696727334292,,1.276650413521747,1.2764453945599858,1.276754456696874,1.275999903678894
141,1.2077451931336884,0.2027393454668584,1.8354430379746836,1.2678591447491445,1.0331442654309382,1.1013696727334292,,1.2677313343360581,1.2675457644615349,1.267865245501683,1.2670809030532837
141,1.2077451931336884,0.2027393454668584,1.89873417721519,1.2592823253581729,1.0311115427432467,1.1013696727334292,,1.2591497935674167,1.2589922821990185,1.2592956860980524,1.2585017681121826
141,1.2077451931336884,0.2027393454668584,1.9620253164556964,1.2510372464700976,1.029203467733287,1.1013696727334292,,1.250915253377152,1.2507785522041204,1.2510473381485787,1.2502689361572266
141,1.2077451931336884,0.2027393454668584,2.0253164556962027,1.2431266614146632,1.0274124197244006,1.1013696727334292,,1.2430294520479344,1.242894292370856,1.2431241636772847,1.2423816919326782
141,1.2077451931336884,0.2027393454668584,2.088607594936709,1.235550408228721,1.025731231094902,1.1013696727334292,,1.2354879126819425,1.2353334843054504,1.235531399837923,1.2348417043685913
141,1.2077451931336884,0.2027393454668584,2.151898734177215,1.2283059150096753,1.0241531337265921,1.1013696727334292,,1.2282810255278094,1.2280951112765308,1.2282731484313945,1.227644443511963
141,1.2077451931336884,0.2027393454668584,2.2151898734177218,1.221388635431318,1.0226718176843328,1.1013696727334292,,1.2213965242134825,1.221180173616577,1.2213499232182248,1.220779538154602
141,1.2077451931336884,0.2027393454668584,2.278481012658228,1.2147924233430436,1.021281369700117,1.1013696727334292,,1.2148215192089717,1.2145877201897886,1.2147571272003916,1.2142442464828491
141,1.2077451931336884,0.2027393454668584,2.3417721518987342,1.2085098542557677,1.019976184499305,1.1013696727334292,,1.2085436293499723,1.2083127493337642,1.208484930684422,1.2080297470092773
141,1.2077451931336884,0.2027393454668584,2.405063291139241,1.2025325005528487,1.0187510374516393,1.1013696727334292,,1.202552490536034,1.2023465368373654,1.202519819390279,1.2021243572235107
141,1.2077451931336884,0.2027393454668584,2.468354430379747,1.1968511664215633,1.0176010501552233,1.1013696727334292,,1.1968397065338805,1.1966780462455235,1.1968467720341767,1.1965183019638062
141,1.2077451931336884,0.2027393454668584,2.5316455696202533,1.1914560877579161,1.0165215803987417,1.1013696727334292,,1.191398914572982,1.19129550315298,1.1914515428609733,1.1912003755569458
141,1.2077451931336884,0.2027393454668584,2.5949367088607596,1.1863371016444202,1.015508304645554,1.1013696727334292,,1.1862248998053266,1.186187223348388,1.186322711405426,1.1861590147018433
141,1.2077451931336884,0.2027393454668584,2.6582278481012658,1.1814837894272543,1.0145571909125075,1.1013696727334292,,1.1813130049452691,1.1813421621772329,1.181452123430909,1.1813830137252808
141,1.2077451931336884,0.2027393454668584,2.7215189873417724,1.1768855969166114,1.013664401953682,1.1013696727334292,,1.1766583185243207,1.1767496685584344,1.1768343331810691,1.176859974861145
141,1.2077451931336884,0.2027393454668584,2.7848101265822787,1.1725319347895966,1.0128263594907827,1.1013696727334292,,1.1722550517332107,1.1723991816048247,1.1724649046637763,1.172583818435669
141,1.2077451931336884,0.2027393454668584,2.848101265822785,1.168412261876766,1.0120397250165616,1.1013696727334292,,1.1680961694467915,1.1682803413156764,1.1683385344705592,1.1685367822647095
141,1.2077451931336884,0.2027393454668584,2.9113924050632916,1.164516153702686,1.0113013327569287,1.1013696727334292,,1.1641732590328935,1.1643827097955197,1.1644473809801608,1.1647104024887085
141,1.2077451931336884,0.2027393454668584,2.9746835443037978,1.1608333583294699,1.0106082192026968,1.1013696727334292,,1.1604767189395961,1.1606960254369862,1.1607803050786665,1.1610939502716064
141,1.2077451931336884,0.2027393454668584,3.037974683544304,1.1573538412640334,1.0099576200537224,1.1013696727334292,,1.1569958242908003,1.1572102931147206,1.157323491975498,1.1576745510101318
141,1.2077451931336884,0.2027393454668584,3.1012658227848102,1.1540678210323032,1.009346923522068,1.1013696727334292,,1.1537192598502544,1.1539159522740348,1.1540614855586395,1.1544452905654907
141,1.2077451931336884,0.2027393454668584,3.1645569620253164,1.1509657967507219,1.0087736752525478,1.1013696727334292,,1.1506354889966501,1.1508039753242676,1.1509791225773263,1.1513948440551758
141,1.2077451931336884,0.2027393454668584,3.227848101265823,1.1480385688773977,1.0082355863952894,1.1013696727334292,,1.1477328931142134,1.1478658840376772,1.1480629377665057,1.1485133171081543
141,1.2077451931336884,0.2027393454668584,3.2911392405063293,1.1452772541878697,1.0077305022165024,1.1013696727334292,,1.1450002553600516,1.1450937003527613,1.1453024130885108,1.1457951068878174
141,1.2077451931336884,0.2027393454668584,3.3544303797468356,1.1426732958460286,1.0072563900435487,1.1013696727334292,,1.142427023046443,1.1424797454878175,1.1426899466706217,1.143227458000183
141,1.2077451931336884,0.2027393454668584,3.417721518987342,1.1402184693560926,1.0068113547036592,1.1013696727334292,,1.1400031108541204,1.1400167547331945,1.1402205166048702,1.1408032178878784
141,1.2077451931336884,0.2027393454668584,3.4810126582278484,1.1379048850644637,1.0063936185441202,1.1013696727334292,,1.13771937640017,1.1376976929637448,1.1378905680364686,1.1385148763656616
141,1.2077451931336884,0.2027393454668584,3.5443037974683547,1.1357249877826452,1.0060014981297096,1.1013696727334292,,1.1355671795177809,1.1355156562454658,1.1356967353656655,1.136354684829712
141,1.2077451931336884,0.2027393454668584,3.607594936708861,1.1336715540399342,1.0056334242552512,1.1013696727334292,,1.1335388660235899,1.1334638267385437,1.1336349118848579,1.1343175172805786
141,1.2077451931336884,0.2027393454668584,3.670886075949367,1.1317376873901188,1.0052879303688256,1.1013696727334292,,1.1316271076622348,1.131535558791542,1.1316996679765399,1.1323939561843872
141,1.2077451931336884,0.2027393454668584,3.7341772151898738,1.1299168121464165,1.0049636222706844,1.1013696727334292,,1.1298253694748086,1.1297242723485978,1.1298840782558992,1.1305787563323975
141,1.2077451931336884,0.2027393454668584,3.79746835443038,1.1282026658619821,1.0046592010283482,1.1013696727334292,,1.1281274772780518,1.1280234939466522,1.128180086621074,1.1288660764694214
141,1.2077451931336884,0.2027393454668584,3.8607594936708862,1.126589290824143,1.004373455647801,1.1013696727334292,,1.1265276832599267,1.1264268731143456,1.1265790881571212,1.12725031375885
141,1.2077451931336884,0.2027393454668584,3.924050632911393,1.1250710247978803,1.0041052325797895,1.1013696727334292,,1.1250206495807238,1.1249282274689723,1.125072506882597,1.1257246732711792
141,1.2077451931336884,0.2027393454668584,3.987341772151899,1.1236424912167453,1.0038534571599393,1.1013696727334292,,1.1236012474866197,1.1235215304173116,1.123652415926201,1.1242860555648804
141,1.2077451931336884,0.2027393454668584,4.050632911392405,1.1222985889866641,1.0036171266769132,1.1013696727334292,,1.1222646270049754,1.1222009439534135,1.1223118822338465,1.1229294538497925
141,1.2077451931336884,0.2027393454668584,4.113924050632912,1.1210344820440648,1.0033952894373397,1.1013696727334292,,1.1210063358363094,1.1209609129522342,1.1210451642199422,1.1216500997543335
141,1.2077451931336884,0.2027393454668584,4.177215189873418,1.1198455887871102,1.0031870554102713,1.1013696727334292,,1.119821970877819,1.1197959683829186,1.1198477984418844,1.1204438209533691
141,1.2077451931336884,0.2027393454668584,4.2405063291139244,1.1187275714791212,1.0029915943455125,1.1013696727334292,,1.1187074857026276,1.118701087059519,1.1187163506207702,1.1193069219589233
141,1.2077451931336884,0.2027393454668584,4.30379746835443,1.117676325706276,1.002808121087682,1.1013696727334292,,1.1176588092855186,1.117671371862578,1.1176482488953905,1.1182359457015991
141,1.2077451931336884,0.2027393454668584,4.367088607594937,1.1166879699570726,1.002635898519648,1.1013696727334292,,1.116672387166409,1.1167022300770912,1.1166415586755578,1.117227554321289
141,1.2077451931336884,0.2027393454668584,4.4303797468354436,1.1157588353785435,1.0024742391909478,1.1013696727334292,,1.1157445664918564,1.1157893651930622,1.1156946611428784,1.1162786483764648
141,1.2077451931336884,0.2027393454668584,4.493670886075949,1.1148854557534702,1.0023224953451868,1.1013696727334292,,1.114872092081577,1.1149287963791865,1.1148060436993066,1.1153864860534668
141,1.2077451931336884,0.2027393454668584,4.556962025316456,1.1140645577335342,1.0021800565089698,1.1013696727334292,,1.1140517292539032,1.1141167354911536,1.1139741549997608,1.1145480871200562
141,1.2077451931336884,0.2027393454668584,4.620253164556963,1.1132930513550465,1.0020463534719621,1.1013696727334292,,1.1132805836042,1.1133497961575352,1.1131973138946412,1.113761305809021
141,1.2077451931336884,0.2027393454668584,4.6835443037974684,1.1125680208562854,1.0019208518356757,1.1013696727334292,,1.1125557853261712,1.112624784693896,1.1124735984373162,1.1130201816558838
141,1.2077451931336884,0.2027393454668584,4.746835443037975,1.111886715808326,1.0018030460114424,1.1013696727334292,,1.111874706497195,1.111938884590343,1.1118008398820973,1.1123281717300415
141,1.2077451931336884,0.2027393454668584,4.810126582278482,1.1112465425828004,1.0016924646912222,1.1013696727334292,,1.1112348667846874,1.111289476123701,1.1111767231925895,1.1116809844970703
141,1.2077451931336884,0.2027393454668584,4.8734177215189876,1.1106450561548127,1.0015886669994138,1.1013696727334292,,1.1106338842494228,1.110674288047273,1.110598707163468,1.1110767126083374
141,1.2077451931336884,0.2027393454668584,4.936708860759494,1.1100799522339577,1.0014912342168973,1.1013696727334292,,1.1100696475339122,1.1100912786988657,1.1100641301895733,1.110513687133789
141,1.2077451931336884,0.2027393454668584,5.0,1.1095490597232978,1.001399776101756,1.1013696727334292,,1.1095399755853712,1.1095386073027267,1.10957034013544,1.1099903583526611
142,0.7321870853506609,0.287281156453458,0.0,0.7321870853506609,0.7321870853506609,1.143640578226729,0.30165418033781954,0.7329469488709989,0.7332550184771134,0.7323279216138886,0.7321870923042297
142,0.7321870853506609,0.287281156453458,0.06329113924050633,0.848382364142864,0.748611841303941,1.143640578226729,0.30165418033781954,0.8495706782769865,0.847980821988091,0.8482478766914201,0.8435607552528381
142,0.7321870853506609,0.287281156453458,0.12658227848101267,0.9466363033071082,0.7640294274188039,1.143640578226729,0.30165418033781954,0.9477760728719753,0.9472799243606906,0.946794356120516,0.9423973560333252
142,0.7321870853506609,0.287281156453458,0.189873417721519,1.0293351401940054,0.7785015947510593,1.143640578226729,0.30165418033781954,1.0301410222552194,1.029946146008852,1.0294684724926322,1.027661919593811
142,0.7321870853506609,0.287281156453458,0.25316455696202533,1.098565873312162,0.7920859631812077,1.143640578226729,0.30165418033781954,1.099047205319678,1.0988151374086497,1.098660988423316,1.0991822481155396
142,0.7321870853506609,0.287281156453458,0.31645569620253167,1.1561527934095397,0.8048372704495713,1.143640578226729,0.30165418033781954,1.1563450588157527,1.15630033903422,1.1562543283725724,1.1579389572143555
142,0.7321870853506609,0.287281156453458,0.379746835443038,1.203689612180942,0.816806658468412,1.143640578226729,0.30165418033781954,1.203642426568228,1.2038905910177824,1.2037581354731726,1.2055343389511108
142,0.7321870853506609,0.287281156453458,0.44303797468354433,1.24256771640851,0.82804183682044,1.143640578226729,0.30165418033781954,1.2423862546620608,1.2427947182918435,1.2425587694040683,1.243708610534668
142,0.7321870853506609,0.287281156453458,0.5063291139240507,1.2740010112963238,0.8385879646837994,1.143640578226729,0.30165418033781954,1.2738349695567857,1.2741973358980136,1.273933857114065,1.2740882635116577
142,0.7321870853506609,0.287281156453458,0.569620253164557,1.2990477615983576,0.8484873974374041,1.143640578226729,0.30165418033781954,1.2990378380296639,1.2991953002013827,1.2989841768716968,1.2979381084442139
142,0.7321870853506609,0.287281156453458,0.6329113924050633,1.3186297905951014,0.8577796388189456,1.143640578226729,0.30165418033781954,1.3188555067893133,1.3187303012403575,1.3186141105015572,1.3163681030273438
142,0.7321870853506609,0.287281156453458,0.6962025316455697,1.3335493538129468,0.8665019453898335,1.143640578226729,0.30165418033781954,1.3340093631439942,1.3336008667164252,1.3335779272237749,1.330684781074524
142,0.7321870853506609,0.287281156453458,0.759493670886076,1.3445039665553018,0.8746893955047977,1.143640578226729,0.30165418033781954,1.3451293049772615,1.344505031914046,1.3445448164510805,1.3417925834655762
142,0.7321870853506609,0.287281156453458,0.8227848101265823,1.3520994309830756,0.8823746983747863,1.143640578226729,0.30165418033781954,1.3527845214703471,1.3520665779296417,1.3521340337263437,1.349993109703064
142,0.7321870853506609,0.287281156453458,0.8860759493670887,1.3568612791150265,0.889588590688106,1.143640578226729,0.30165418033781954,1.3574963826321516,1.3568331457988876,1.356901466943465,1.3554699420928955
142,0.7321870853506609,0.287281156453458,0.949367088607595,1.3592448222506235,0.8963601239673337,1.143640578226729,0.30165418033781954,1.3597418502690108,1.359263625747904,1.3593088288706183,1.3585082292556763
142,0.7321870853506609,0.287281156453458,1.0126582278481013,1.3596439745345927,0.9027163814922449,1.143640578226729,0.30165418033781954,1.3599521496743558,1.3597275832319982,1.3597240608798136,1.359412431716919
142,0.7321870853506609,0.287281156453458,1.0759493670886076,1.3583989983164413,0.9086827209086004,1.143640578226729,0.30165418033781954,1.3585105229803538,1.3585266922889683,1.358463093690027,1.358498215675354
142,0.7321870853506609,0.287281156453458,1.139240506329114,1.3558033012866744,0.9142832023272921,1.143640578226729,0.30165418033781954,1.3557489165814989,1.3559261558183182,1.3558297197139912,1.3560734987258911
142,0.7321870853506609,0.287281156453458,1.2025316455696204,1.352109399809589,0.9195402507124325,1.143640578226729,0.30165418033781954,1.3519465708298044,1.3521782379928822,1.3521120638154587,1.3524335622787476
142,0.7321870853506609,0.287281156453458,1.2658227848101267,1.3475341491692436,0.9244747859024252,1.143640578226729,0.30165418033781954,1.3473308399794577,1.3475273315167975,1.3475493022075649,1.3478251695632935
142,0.7321870853506609,0.287281156453458,1.3291139240506329,1.3422633293413189,0.9291067341387508,1.143640578226729,0.30165418033781954,1.3420819150680394,1.3421982324169255,1.3423147614134328,1.3424618244171143
142,0.7321870853506609,0.287281156453458,1.3924050632911393,1.3364556643097407,0.9334546474771158,1.143640578226729,0.30165418033781954,1.336340498598502,1.3363789376039705,1.3365352530677457,1.3365333080291748
142,0.7321870853506609,0.287281156453458,1.4556962025316458,1.3302463436217498,0.9375358318827536,1.143640578226729,0.30165418033781954,1.3302175290827882,1.3302093460351223,1.330324815136705,1.3301970958709717
142,0.7321870853506609,0.287281156453458,1.518987341772152,1.3237501065699182,0.9413667425715132,1.143640578226729,0.30165418033781954,1.3238037415965203,1.3237830625922984,1.3238030719659701,1.323574423789978
142,0.7321870853506609,0.287281156453458,1.5822784810126582,1.3170639420365178,0.944962738998989,1.143640578226729,0.30165418033781954,1.3171776376410536,1.3171611731523631,1.3170883366721964,1.3167815208435059
142,0.7321870853506609,0.287281156453458,1.6455696202531647,1.3102694509912354,0.9483381506062458,1.143640578226729,0.30165418033781954,1.3104107655870623,1.3103930219847086,1.310281691801035,1.3098983764648438
142,0.7321870853506609,0.287281156453458,1.708860759493671,1.303434912558512,0.9515065531289973,1.143640578226729,0.30165418033781954,1.3035700329184674,1.3035342833314703,1.3034569366032118,1.3029990196228027
142,0.7321870853506609,0.287281156453458,1.7721518987341773,1.2966170899562712,0.9544806671686246,1.143640578226729,0.30165418033781954,1.2967181490025523,1.2966544721005753,1.2966620342871709,1.296142578125
142,0.7321870853506609,0.287281156453458,1.8354430379746836,1.2898628080927586,0.9572723575690205,1.143640578226729,0.30165418033781954,1.2899124115718714,1.2898305482974264,1.2899282014837177,1.2893747091293335
142,0.7321870853506609,0.287281156453458,1.89873417721519,1.2832103308313612,0.959892824398855,1.143640578226729,0.30165418033781954,1.2832029028460068,1.2831324368022787,1.283280411427886,1.2827330827713013
142,0.7321870853506609,0.287281156453458,1.9620253164556964,1.276690562442387,0.962352602755595,1.143640578226729,0.30165418033781954,1.2766312104179056,1.276609170305555,1.2767443493634725,1.2762445211410522
142,0.7321870853506609,0.287281156453458,2.0253164556962027,1.270328095033111,0.9646615167684844,1.143640578226729,0.30165418033781954,1.2702295253147586,1.2702835268697963,1.2703485885674801,1.269935965538025
142,0.7321870853506609,0.287281156453458,2.088607594936709,1.264142120803056,0.9668288065148781,1.143640578226729,0.30165418033781954,1.2640210191725416,1.2641574087666039,1.2641228453817037,1.2638180255889893
142,0.7321870853506609,0.287281156453458,2.151898734177215,1.258147225929214,0.9688631970556768,1.143640578226729,0.30165418033781954,1.2580205001917397,1.2582232561062505,1.2580940452428349,1.257902979850769
142,0.7321870853506609,0.287281156453458,2.2151898734177218,1.2523540807552227,0.9707728227890577,1.143640578226729,0.30165418033781954,1.2522360202288745,1.2524748209104586,1.2522826850684567,1.252203345298767
142,0.7321870853506609,0.287281156453458,2.278481012658228,1.2467700391772605,0.9725653067532065,1.143640578226729,0.30165418033781954,1.2466703670957755,1.2469127755338456,1.2467001636498902,1.2467176914215088
142,0.7321870853506609,0.287281156453458,2.3417721518987342,1.2413996585497544,0.9742478749393293,1.143640578226729,0.30165418033781954,1.241322753645573,1.2415447946583906,1.2413485963289794,1.2414488792419434
142,0.7321870853506609,0.287281156453458,2.405063291139241,1.2362451500757448,0.9758272626342267,1.143640578226729,0.30165418033781954,1.2361904248642237,1.2363811439911858,1.236222328939526,1.2363978624343872
142,0.7321870853506609,0.287281156453458,2.468354430379747,1.231306768417245,0.9773097587874091,1.143640578226729,0.30165418033781954,1.2312696090063102,1.2314301869677216,1.2313114094741744,1.2315618991851807
142,0.7321870853506609,0.287281156453458,2.5316455696202533,1.2265831481949492,0.9787013478653478,1.143640578226729,0.30165418033781954,1.2265562883430183,1.2266953345577658,1.2266055258919932,1.226938247680664
142,0.7321870853506609,0.287281156453458,2.5949367088607596,1.2220715941088356,0.9800076035178196,1.143640578226729,0.30165418033781954,1.2220468879156487,1.2221744549052136,1.2220971116158423,1.2225193977355957
142,0.7321870853506609,0.287281156453458,2.6582278481012658,1.2177683305863551,0.9812337235409498,1.143640578226729,0.30165418033781954,1.2177380623500051,1.2178612836328937,1.2177828466929104,1.2183036804199219
142,0.7321870853506609,0.287281156453458,2.7215189873417724,1.21366871612907,0.9823846546870484,1.143640578226729,0.30165418033781954,1.2136268926431126,1.213747850878751,1.213663607536193,1.2142845392227173
142,0.7321870853506609,0.287281156453458,2.7848101265822787,1.2097674269053025,0.9834650098625557,1.143640578226729,0.30165418033781954,1.209710574584248,1.209826260575749,1.2097420981336933,1.210451364517212
142,0.7321870853506609,0.287281156453458,2.848101265822785,1.206058613573182,0.9844790928751498,1.143640578226729,0.30165418033781954,1.2059860087826122,1.2060898055766025,1.2060200400348147,1.2068027257919312
142,0.7321870853506609,0.287281156453458,2.9113924050632916,1.202536034827009,0.9854309848550507,1.143640578226729,0.30165418033781954,1.2024498908612415,1.2025334022244447,1.202495838114952,1.2033299207687378
142,0.7321870853506609,0.287281156453458,2.9746835443037978,1.199193170674207,0.9863245061844327,1.143640578226729,0.30165418033781954,1.1990980309029444,1.1991532295771796,1.1991630914575555,1.200026035308838
142,0.7321870853506609,0.287281156453458,3.037974683544304,1.1960233181797313,0.9871632204368651,1.143640578226729,0.30165418033781954,1.1959255502370185,1.1959460406539695,1.196010970997181,1.1968834400177002
142,0.7321870853506609,0.287281156453458,3.1012658227848102,1.1930196719975172,0.987950494576118,1.143640578226729,0.30165418033781954,1.1929265534613878,1.1929084080861527,1.1930260943691553,1.1938962936401367
142,0.7321870853506609,0.287281156453458,3.1645569620253164,1.19017539167536,0.9886894926129078,1.143640578226729,0.30165418033781954,1.1900944974176981,1.1900363469427018,1.1901947348543866,1.1910576820373535
142,0.7321870853506609,0.287281156453458,3.227848101265823,1.1874836576417291,0.9893831651981965,1.143640578226729,0.30165418033781954,1.1874220190029394,1.1873247571678567,1.1875052652963678,1.188360571861267
142,0.7321870853506609,0.287281156453458,3.2911392405063293,1.1849377172891067,0.9900342900883772,1.143640578226729,0.30165418033781954,1.184901328742881,1.1847675957695039,1.1849495014789475,1.185798168182373
142,0.7321870853506609,0.287281156453458,3.3544303797468356,1.182530922663122,0.9906454876857493,1.143640578226729,0.30165418033781954,1.182524161595391,1.1823578276224953,1.1825229398689507,1.1833653450012207
142,0.7321870853506609,0.287281156453458,3.417721518987342,1.1802567608208987,0.9912192011358658,1.143640578226729,0.30165418033781954,1.1802823509116969,1.1800877944437451,1.1802238893053318,1.1810554265975952
142,0.7321870853506609,0.287281156453458,3.4810126582278484,1.178108877982197,0.99175772208431,1.143640578226729,0.30165418033781954,1.1781678202369381,1.1779492967866945,1.1780519750079201,1.178863525390625
142,0.7321870853506609,0.287281156453458,3.5443037974683547,1.1760810983418086,0.9922632207169962,1.143640578226729,0.30165418033781954,1.1761726243073989,1.1759342335981426,1.1760065391353147,1.176783800125122
142,0.7321870853506609,0.287281156453458,3.607594936708861,1.174167438315547,0.9927377199611808,1.143640578226729,0.30165418033781954,1.174289457416195,1.174034520223783,1.1740853625737997,1.174809217453003
142,0.7321870853506609,0.287281156453458,3.670886075949367,1.1723621169350773,0.9931831104095556,1.143640578226729,0.30165418033781954,1.1725114894243431,1.1722424737821893,1.1722839391876163,1.1729373931884766
142,0.7321870853506609,0.287281156453458,3.7341772151898738,1.1706595629653491,0.9936011893826381,1.143640578226729,0.30165418033781954,1.1708323575613133,1.1705509648545787,1.170595689949711,1.1711626052856445
142,0.7321870853506609,0.287281156453458,3.79746835443038,1.1690544192572607,0.9939936313879667,1.143640578226729,0.30165418033781954,1.1692463386134075,1.1689534420831504,1.1690121623364753,1.169480562210083
142,0.7321870853506609,0.287281156453458,3.8607594936708862,1.1675415447885773,0.9943619975679827,1.143640578226729,0.30165418033781954,1.167748422718778,1.1674441043594643,1.1675242113869437,1.1678869724273682
142,0.7321870853506609,0.287281156453458,3.924050632911393,1.1661160147768492,0.9947077750107074,1.143640578226729,0.30165418033781954,1.1663337804034017,1.1660176630404895,1.1661226988865114,1.1663767099380493
142,0.7321870853506609,0.287281156453458,3.987341772151899,1.164773119195709,0.9950323491104008,1.143640578226729,0.30165418033781954,1.1649982627473197,1.1646696084306187,1.16479921986821,1.1649478673934937
142,0.7321870853506609,0.287281156453458,4.050632911392405,1.1635083599809843,0.995337012503691,1.143640578226729,0.30165418033781954,1.1637380816062215,1.1633959883966105,1.1635468387558603,1.1635963916778564
142,0.7321870853506609,0.287281156453458,4.113924050632912,1.1623174471746869,0.9956229920578351,1.143640578226729,0.30165418033781954,1.162549580026942,1.1621933427720168,1.1623599547507735,1.1623187065124512
142,0.7321870853506609,0.287281156453458,4.177215189873418,1.1611962942184073,0.9958914351485133,1.143640578226729,0.30165418033781954,1.1614294372336251,1.1610586869582904,1.1612346921134467,1.1611121892929077
142,0.7321870853506609,0.287281156453458,4.2405063291139244,1.1601410125774576,0.9961434120855668,1.143640578226729,0.30165418033781954,1.1603743980459864,1.159989380733639,1.1601683908510243,1.1599732637405396
142,0.7321870853506609,0.287281156453458,4.30379746835443,1.1591479058507108,0.9963799350452479,1.143640578226729,0.30165418033781954,1.1593814450676925,1.1589831118541334,1.1591594505811917,1.1588988304138184
142,0.7321870853506609,0.287281156453458,4.367088607594937,1.1582134634980565,0.9966019542757171,1.143640578226729,0.30165418033781954,1.1584474543096042,1.1580377320647746,1.1582070304681436,1.15788733959198
142,0.7321870853506609,0.287281156453458,4.4303797468354436,1.157334354297348,0.9968103559977782,1.143640578226729,0.30165418033781954,1.1575696379598917,1.1571512980967285,1.1573105084514483,1.1569364070892334
142,0.7321870853506609,0.287281156453458,4.493670886075949,1.1565074196252079,0.9970059752609748,1.143640578226729,0.30165418033781954,1.1567450360183469,1.1563219486756262,1.1564693998345696,1.1560434103012085
142,0.7321870853506609,0.287281156453458,4.556962025316456,1.155729666640685,0.9971895990517939,1.143640578226729,0.30165418033781954,1.155970844274247,1.155547843025715,1.1556830237231501,1.1552064418792725
142,0.7321870853506609,0.287281156453458,4.620253164556963,1.1549982614374366,0.9973619611628057,1.143640578226729,0.30165418033781954,1.1552441847218493,1.1548271690693055,1.1549504574937612,1.1544235944747925
142,0.7321870853506609,0.287281156453458,4.6835443037974684,1.1543105222259924,0.9975237505091776,1.143640578226729,0.30165418033781954,1.1545625237321675,1.1541581229281546,1.1542703565752628,1.153696060180664
142,0.7321870853506609,0.287281156453458,4.746835443037975,1.1536639125826174,0.9976756188661314,1.143640578226729,0.30165418033781954,1.1539231308894973,1.1535387982309375,1.1536409621862604,1.1530166864395142
142,0.7321870853506609,0.287281156453458,4.810126582278482,1.1530560348081413,0.9978181738163755,1.143640578226729,0.30165418033781954,1.1533235545593175,1.1529673255038388,1.1530602693508956,1.152387022972107
142,0.7321870853506609,0.287281156453458,4.8734177215189876,1.1524846234217283,0.9979519837108818,1.143640578226729,0.30165418033781954,1.152761252913195,1.152441765577747,1.1525258837248578,1.1518052816390991
142,0.7321870853506609,0.287281156453458,4.936708860759494,1.151947538803884,0.9980775883377914,1.143640578226729,0.30165418033781954,1.152234061297238,1.1519600972890855,1.1520352477330382,1.1512702703475952
142,0.7321870853506609,0.287281156453458,5.0,1.151442761040406,0.9981954907739977,1.143640578226729,0.30165418033781954,1.1517397740603221,1.151520348670957,1.1515856728215035,1.1507811546325684
148,1.2397872179131975,0.09091719400002637,0.0,1.2397872179131975,1.2397872179131975,1.0454585970000132,,1.2409957761156938,1.2397467544213623,1.2397736993276538,1.239787220954895
148,1.2397872179131975,0.09091719400002637,0.06329113924050633,1.2566558880989551,1.225081255954279,1.0454585970000132,,1.2571653963089957,1.2560567983364337,1.256560855030974,1.2536481618881226
148,1.2397872179131975,0.09091719400002637,0.12658227848101267,1.2690673004615702,1.2112770669880348,1.0454585970000132,,1.26905746362583,1.2684012947155001,1.269075322236272,1.2651278972625732
148,1.2397872179131975,0.09091719400002637,0.189873417721519,1.2777017719025348,1.1983193619934136,1.0454585970000132,,1.2774105350155516,1.2774037458738008,1.2777249131013952,1.274033546447754
148,1.2397872179131975,0.09091719400002637,0.25316455696202533,1.2831495094366698,1.186156550811443,1.0454585970000132,,1.2827836815423386,1.2833711226916111,1.283177627206979,1.2802708148956299
148,1.2397872179131975,0.09091719400002637,0.31645569620253167,1.2859218896568272,1.1747396238173105,1.0454585970000132,,1.28562069005175,1.2865068534380595,1.285959218935338,1.283896565437317
148,1.2397872179131975,0.09091719400002637,0.379746835443038,1.2864613623949288,1.1640227909232757,1.0454585970000132,,1.286293717024205,1.287086783894284,1.2864941114221566,1.2851170301437378
148,1.2397872179131975,0.09091719400002637,0.44303797468354433,1.285150144299593,1.1539633351897132,1.0454585970000132,,1.2851292480227903,1.2855364981344821,1.2851681568672912,1.2842408418655396
148,1.2397872179131975,0.09091719400002637,0.5063291139240507,1.282317848202086,1.1445208231905328,1.0454585970000132,,1.2824221023479803,1.2823779893254927,1.282327130901101,1.281602144241333
148,1.2397872179131975,0.09091719400002637,0.569620253164557,1.2782481766771177,1.1356573318909675,1.0454585970000132,,1.278440943065727,1.278093056947122,1.2782603689535734,1.2775118350982666
148,1.2397872179131975,0.09091719400002637,0.6329113924050633,1.273184792823209,1.127337491483065,1.0454585970000132,,1.273429178946581,1.2730090885015777,1.273201716874375,1.272225022315979
148,1.2397872179131975,0.09091719400002637,0.6962025316455697,1.2673364677412309,1.119527944175917,1.0454585970000132,,1.2676035049642034,1.26728544843218,1.2673476014375076,1.2659834623336792
148,1.2397872179131975,0.09091719400002637,0.759493670886076,1.2608815922606695,1.1121972824434871,1.0454585970000132,,1.261151721242581,1.2609848461062123,1.2608761599218699,1.259055495262146
148,1.2397872179131975,0.09091719400002637,0.8227848101265823,1.253972129958613,1.1053162199808058,1.0454585970000132,,1.2542330938316757,1.2541614798654295,1.253952717132134,1.2517176866531372
148,1.2397872179131975,0.09091719400002637,0.8860759493670887,1.2467370792666779,1.0988572365878606,1.0454585970000132,,1.2469797650122325,1.2469090693840008,1.2467194318667811,1.2441940307617188
148,1.2397872179131975,0.09091719400002637,0.949367088607595,1.2392855043165727,1.0927943208835953,1.0454585970000132,,1.2395008858168444,1.2393593961670224,1.2392842186696693,1.2365732192993164
148,1.2397872179131975,0.09091719400002637,1.0126582278481013,1.231709187004046,1.0871032237599414,1.0454585970000132,,1.2318868797421643,1.2316521459860734,1.2317246793031993,1.2289066314697266
148,1.2397872179131975,0.09091719400002637,1.0759493670886076,1.2240849464375867,1.0817612411612043,1.0454585970000132,,1.2242140508378698,1.2239041199573863,1.2241048393632807,1.2212709188461304
148,1.2397872179131975,0.09091719400002637,1.139240506329114,1.2164766663803228,1.076746830784016,1.0454585970000132,,1.2165476666985706,1.216196582795808,1.2164889741516913,1.2137510776519775
148,1.2397872179131975,0.09091719400002637,1.2025316455696204,1.2089370663995977,1.072039914359323,1.0454585970000132,,1.2089445330900277,1.2085833146713179,1.208941169387578,1.2064100503921509
148,1.2397872179131975,0.09091719400002637,1.2658227848101267,1.2015092481233653,1.0676217612375727,1.0454585970000132,,1.2014538220932551,1.2011060917641347,1.2015142176161413,1.1992822885513306
148,1.2397872179131975,0.09091719400002637,1.3291139240506329,1.1942280442321913,1.0634745303896478,1.0454585970000132,,1.1941172196945586,1.1938044026088865,1.1942420641471656,1.1923714876174927
148,1.2397872179131975,0.09091719400002637,1.3924050632911393,1.1871211944613438,1.059581611168409,1.0454585970000132,,1.1869686388049066,1.1867138492025324,1.1871441497400435,1.1856533288955688
148,1.2397872179131975,0.09091719400002637,1.4556962025316458,1.180210369956167,1.0559275086181272,1.0454585970000132,,1.1800340716698907,1.179858013153376,1.1802349959961094,1.179107904434204
148,1.2397872179131975,0.09091719400002637,1.518987341772152,1.173512064708571,1.0524974895044699,1.0454585970000132,,1.173331647265853,1.1732427652651536,1.1735302570233377,1.172737956047058
148,1.2397872179131975,0.09091719400002637,1.5822784810126582,1.1670383706103218,1.0492778016858324,1.0454585970000132,,1.1668719674771943,1.1668598117976705,1.1670468706172834,1.1665328741073608
148,1.2397872179131975,0.09091719400002637,1.6455696202531647,1.1607976505642417,1.0462556152476776,1.0454585970000132,,1.160659337013358,1.1606962058248105,1.160799172209814,1.1605030298233032
148,1.2397872179131975,0.09091719400002637,1.708860759493671,1.1547951223648212,1.043418775108155,1.0454585970000132,,1.1546931245169592,1.1547436167088694,1.1547953572884357,1.1546528339385986
148,1.2397872179131975,0.09091719400002637,1.7721518987341773,1.1490333645713193,1.0407558918328934,1.0454585970000132,,1.1489695336442407,1.149002556915257,1.149037214211542,1.1489888429641724
148,1.2397872179131975,0.09091719400002637,1.8354430379746836,1.1435127541071413,1.0382563421929425,1.0454585970000132,,1.1434828247826117,1.1434806478295503,1.1435219062402795,1.1435203552246094
148,1.2397872179131975,0.09091719400002637,1.89873417721519,1.138231844264703,1.0359100981681442,1.0454585970000132,,1.1382268401477063,1.1381870564330019,1.1382444674254337,1.1382516622543335
148,1.2397872179131975,0.09091719400002637,1.9620253164556964,1.1331876906254066,1.033707727122603,1.0454585970000132,,1.1331958421767945,1.1331282848867332,1.1331998676731292,1.1331884860992432
148,1.2397872179131975,0.09091719400002637,2.0253164556962027,1.1283761315316614,1.031640432988276,1.0454585970000132,,1.1283848661049851,1.1283056451021938,1.1283840320343188,1.1283329725265503
148,1.2397872179131975,0.09091719400002637,2.088607594936709,1.1237920289461436,1.029699942629997,1.0454585970000132,,1.1237897773613508,1.1237156564143191,1.1237935438081363,1.1236882209777832
148,1.2397872179131975,0.09091719400002637,2.151898734177215,1.1194294747679288,1.027878444034361,1.0454585970000132,,1.1194070419844244,1.1193515870774844,1.1194248933685618,1.1192539930343628
148,1.2397872179131975,0.09091719400002637,2.2151898734177218,1.1152819670847525,1.02616865403987,1.0454585970000132,,1.1152332326055445,1.1152054375066403,1.1152736530266567,1.1150263547897339
148,1.2397872179131975,0.09091719400002637,2.278481012658228,1.111342560277157,1.0245637473329623,1.0454585970000132,,1.111264815263244,1.1112688832136681,1.1113337832565502,1.1110053062438965
148,1.2397872179131975,0.09091719400002637,2.3417721518987342,1.1076039923992176,1.023057254097459,1.0454585970000132,,1.107497569292407,1.1075338221204367,1.1075974973151668,1.1071871519088745
148,1.2397872179131975,0.09091719400002637,2.405063291139241,1.1040587928372203,1.0216431438710658,1.0454585970000132,,1.1039264376843676,1.1039923745588025,1.1040557419881043,1.1035658121109009
148,1.2397872179131975,0.09091719400002637,2.468354430379747,1.1006993728718077,1.0203157858211223,1.0454585970000132,,1.1005455086381575,1.1006365829658806,1.1006989793464803,1.1001359224319458
148,1.2397872179131975,0.09091719400002637,2.5316455696202533,1.0975181014396675,1.0190698217349083,1.0454585970000132,,1.0973481406020633,1.0974581863992623,1.0975179989533077,1.0968917608261108
148,1.2397872179131975,0.09091719400002637,2.5949367088607596,1.0945073681020887,1.0179002612258505,1.0454585970000132,,1.09432712626256,1.0944487066312059,1.0945046811224213,1.0938276052474976
148,1.2397872179131975,0.09091719400002637,2.6582278481012658,1.0916596349735666,1.0168024504292392,1.0454585970000132,,1.0914747109930643,1.091599620337013,1.0916522559560877,1.0909347534179688
148,1.2397872179131975,0.09091719400002637,2.7215189873417724,1.0889674791408994,1.015771960253312,1.0454585970000132,,1.088783095070037,1.0889025435825777,1.08895500194157,1.0882072448730469
148,1.2397872179131975,0.09091719400002637,2.7848101265822787,1.0864236269091478,1.014804660516358,1.0454585970000132,,1.0862445730635744,1.0863496376969888,1.086407704243774,1.0856372117996216
148,1.2397872179131975,0.09091719400002637,2.848101265822785,1.0840209810370005,1.013896697789313,1.0454585970000132,,1.0838513186019356,1.0839337127905453,1.0840049346618292,1.0832173824310303
148,1.2397872179131975,0.09091719400002637,2.9113924050632916,1.0817526419718226,1.0130444180181413,1.0454585970000132,,1.0815959419339096,1.0816484778378748,1.0817404553652241,1.0809406042099
148,1.2397872179131975,0.09091719400002637,2.9746835443037978,1.0796119239760342,1.0122444006104694,1.0454585970000132,,1.0794712500950026,1.0794885017305629,1.0796069887426805,1.0787992477416992
148,1.2397872179131975,0.09091719400002637,3.037974683544304,1.0775923669041951,1.0114934549083998,1.0454585970000132,,1.077470195660897,1.0774489836926489,1.0775963960711654,1.0767873525619507
148,1.2397872179131975,0.09091719400002637,3.1012658227848102,1.0756877442941442,1.0107885662892906,1.0454585970000132,,1.0755859751408103,1.0755257010091552,1.0757001893838072,1.0748965740203857
148,1.2397872179131975,0.09091719400002637,3.1645569620253164,1.0738920683618949,1.010126901845226,1.0454585970000132,,1.0738122032157351,1.0737147302449035,1.0739102020056637,1.0731210708618164
148,1.2397872179131975,0.09091719400002637,3.227848101265823,1.0721995923856076,1.0095058197006732,1.0454585970000132,,1.0721424064226128,1.0720120577708028,1.0722192254360579,1.0714539289474487
148,1.2397872179131975,0.09091719400002637,3.2911392405063293,1.0706048109242685,1.0089228327818591,1.0454585970000132,,1.0705704618247254,1.0704136084619136,1.0706213566888938,1.069886326789856
148,1.2397872179131975,0.09091719400002637,3.3544303797468356,1.0691024582367237,1.0083755949025304,1.0454585970000132,,1.0690904412222109,1.0689149054204143,1.069112050437858,1.0684162378311157
148,1.2397872179131975,0.09091719400002637,3.417721518987342,1.0676875052261148,1.0078619185838849,1.0454585970000132,,1.0676966070523395,1.067511164269238,1.0676878960390372,1.0670357942581177
148,1.2397872179131975,0.09091719400002637,3.4810126582278484,1.0663551551887678,1.007379751993136,1.0454585970000132,,1.066383584577892,1.0661971373625871,1.0663461128748575,1.0657399892807007
148,1.2397872179131975,0.09091719400002637,3.5443037974683547,1.0651008386029706,1.0069271520468268,1.0454585970000132,,1.065146124103209,1.0649672941737574,1.0650840333389737,1.0645233392715454
148,1.2397872179131975,0.09091719400002637,3.607594936708861,1.0639202071599674,1.0065023075100574,1.0454585970000132,,1.0639794535503928,1.0638158253948617,1.0638986571265696,1.063378930091858
148,1.2397872179131975,0.09091719400002637,3.670886075949367,1.062809127217581,1.0061035256341333,1.0454585970000132,,1.0628789361324147,1.0627369176182897,1.0627864546103345,1.062304973602295
148,1.2397872179131975,0.09091719400002637,3.7341772151898738,1.0617636728206212,1.0057291971819218,1.0454585970000132,,1.06184035323402,1.061724650843626,1.061743289246826,1.0612953901290894
148,1.2397872179131975,0.09091719400002637,3.79746835443038,1.0607801184103929,1.0053778228773118,1.0454585970000132,,1.0608597978189231,1.0607733264555121,1.0607645633591114,1.0603456497192383
148,1.2397872179131975,0.09091719400002637,3.8607594936708862,1.0598549313356171,1.0050480049460315,1.0454585970000132,,1.0599336498314686,1.0598774426253068,1.0598455165343383,1.0594518184661865
148,1.2397872179131975,0.09091719400002637,3.924050632911393,1.058984764252643,1.0047384119186868,1.0454585970000132,,1.0590585556980137,1.0590318910978038,1.0589814418788341,1.0586165189743042
148,1.2397872179131975,0.09091719400002637,3.987341772151899,1.0581664474881043,1.0044478033777429,1.0454585970000132,,1.058231473423885,1.0582319325928922,1.0581679835266453,1.0578269958496094
148,1.2397872179131975,0.09091719400002637,4.050632911392405,1.057396981426461,1.0041750219565309,1.0454585970000132,,1.057449713590611,1.0574732501019584,1.0574012905907186,1.0570833683013916
148,1.2397872179131975,0.09091719400002637,4.113924050632912,1.0566735289739628,1.003918969175215,1.0454585970000132,,1.0567106154777832,1.0567520308823528,1.056678086760655,1.0563825368881226
148,1.2397872179131975,0.09091719400002637,4.177215189873418,1.0559934081411781,1.0036786177270185,1.0454585970000132,,1.0560119775340011,1.0560649336596024,1.0559957081603302,1.0557219982147217
148,1.2397872179131975,0.09091719400002637,4.2405063291139244,1.0553540847766687,1.0034530093063285,1.0454585970000132,,1.0553515572106302,1.0554091214251977,1.0553519562714233,1.0550986528396606
148,1.2397872179131975,0.09091719400002637,4.30379746835443,1.0547531654795137,1.003241237657642,1.0454585970000132,,1.054727521931365,1.0547821712426808,1.0547451278632538,1.05451500415802
148,1.2397872179131975,0.09091719400002637,4.367088607594937,1.0541883907110314,1.0030424519729884,1.0454585970000132,,1.0541380801171323,1.0541820988459842,1.0541737754619438,1.0539613962173462
148,1.2397872179131975,0.09091719400002637,4.4303797468354436,1.0536576281220345,1.00285585877151,1.0454585970000132,,1.053581563180557,1.0536073750383248,1.0536366453015062,1.0534387826919556
148,1.2397872179131975,0.09091719400002637,4.493670886075949,1.0531588661061568,1.0026807103887168,1.0454585970000132,,1.0530564583237494,1.053056716606316,1.053132584837014,1.0529452562332153
148,1.2397872179131975,0.09091719400002637,4.556962025316456,1.0526902075876605,1.0025163021935406,1.0454585970000132,,1.0525614085383037,1.0525292995055786,1.0526604248903706,1.0524790287017822
148,1.2397872179131975,0.09091719400002637,4.620253164556963,1.052249864049064,1.002361977182271,1.0454585970000132,,1.052095093713324,1.052024451381495,1.0522189842442464,1.0520386695861816
148,1.2397872179131975,0.09091719400002637,4.6835443037974684,1.0518361498000515,1.0022171185323285,1.0454585970000132,,1.0516562880315496,1.0515418155581395,1.051807006791161,1.0516215562820435
148,1.2397872179131975,0.09091719400002637,4.746835443037975,1.0514474764867137,1.002081142674504,1.0454585970000132,,1.0512439706618841,1.0510811993485183,1.0514231460819226,1.0512278079986572
148,1.2397872179131975,0.09091719400002637,4.810126582278482,1.051082347836843,1.0019535056075397,1.0454585970000132,,1.0508569403854064,1.0506425289576122,1.0510660227830029,1.0508556365966797
148,1.2397872179131975,0.09091719400002637,4.8734177215189876,1.0507393546458568,1.0018336984564369,1.0454585970000132,,1.0504943444596748,1.050225874080717,1.050734181877749,1.0505037307739258
148,1.2397872179131975,0.09091719400002637,4.936708860759494,1.0504171700054696,1.0017212379200284,1.0454585970000132,,1.050155067759957,1.0498314233051036,1.0504261513043467,1.0501708984375
148,1.2397872179131975,0.09091719400002637,5.0,1.0501145447518307,1.001615673566634,1.0454585970000132,,1.049838339538276,1.0494593611183194,1.0501404620371728,1.0498560667037964
149,0.9074888855822507,0.055110583349784664,0.0,0.9074888855822507,0.9074888855822507,1.0275552916748922,0.5043756622122707,0.9077557221400523,0.9081261895344808,0.9074977157504562,0.9074888825416565
149,0.9074888855822507,0.055110583349784664,0.06329113924050633,0.9323020249288417,0.9131625196535091,1.0275552916748922,0.5043756622122707,0.9323475842542475,0.9329984399232072,0.9322796276149096,0.9304364919662476
149,0.9074888855822507,0.055110583349784664,0.12658227848101267,0.9535186632446403,0.9184882451697153,1.0275552916748922,0.5043756622122707,0.9532441853888085,0.9539021253795952,0.9535384451187658,0.9510894417762756
149,0.9074888855822507,0.055110583349784664,0.189873417721519,0.9716060535759736,0.9234873929132068,1.0275552916748922,0.5043756622122707,0.9711319012151887,0.9716559278447738,0.9716168556577013,0.9693775177001953
149,0.9074888855822507,0.055110583349784664,0.25316455696202533,0.986973462542275,0.9281798666267309,1.0275552916748922,0.5043756622122707,0.9864580361415205,0.986811342094301,0.9869777726846363,0.9852861166000366
149,0.9074888855822507,0.055110583349784664,0.31645569620253167,0.9999792139121515,0.9325845744699806,1.0275552916748922,0.5043756622122707,0.999535505646835,0.9997689438903695,0.9999848039569721,0.9989011883735657
149,0.9074888855822507,0.055110583349784664,0.379746835443038,1.0109368855601408,0.9367191824890573,1.0275552916748922,0.5043756622122707,1.0106138106904758,1.0108155826713994,1.0109394746843101,1.010401964187622
149,0.9074888855822507,0.055110583349784664,0.44303797468354433,1.0201207610345946,0.940600171094066,1.0275552916748922,0.5043756622122707,1.0199156892382177,1.0201473236035092,1.0201188344156482,1.0200159549713135
149,0.9074888855822507,0.055110583349784664,0.5063291139240507,1.0277706248877085,0.9442431397041084,1.0275552916748922,0.5043756622122707,1.0276508749335933,1.0279106416000285,1.027771913705488,1.0279712677001953
149,0.9074888855822507,0.055110583349784664,0.569620253164557,1.0340959802869705,0.9476627192166898,1.0275552916748922,0.5043756622122707,1.0340178599789025,1.0342506422667124,1.0341087391432047,1.0344672203063965
149,0.9074888855822507,0.055110583349784664,0.6329113924050633,1.039279758061425,0.9508725554815715,1.0275552916748922,0.5043756622122707,1.0392014926973716,1.039341904119971,1.0393024300506184,1.0396802425384521
149,0.9074888855822507,0.055110583349784664,0.6962025316455697,1.0434815780855842,0.9538855181022224,1.0275552916748922,0.5043756622122707,1.0433710506632106,1.0433872814676741,1.0435028358126486,1.0437737703323364
149,0.9074888855822507,0.055110583349784664,0.759493670886076,1.0468406166359296,0.9567137242601175,1.0275552916748922,0.5043756622122707,1.04667855981507,1.0465919121635578,1.0468496110539673,1.0469118356704712
149,0.9074888855822507,0.055110583349784664,0.8227848101265823,1.0494781269527782,0.9593684727589771,1.0275552916748922,0.5043756622122707,1.0492588354532728,1.0491305838099203,1.0494746659178384,1.0492584705352783
149,0.9074888855822507,0.055110583349784664,0.8860759493670887,1.05149965460087,0.9618603810303487,1.0275552916748922,0.5043756622122707,1.0512291296636123,1.051128514254887,1.051493894094676,1.050955891609192
149,0.9074888855822507,0.055110583349784664,0.949367088607595,1.0529969842545794,0.9641994843958395,1.0275552916748922,0.5043756622122707,1.0526900332564746,1.0526626020080114,1.052998876024272,1.0521492958068848
149,0.9074888855822507,0.055110583349784664,1.0126582278481013,1.0540498501582023,0.9663951382832768,1.0275552916748922,0.5043756622122707,1.0537261727197946,1.053779305133497,1.0540593541814218,1.0529500246047974
149,0.9074888855822507,0.055110583349784664,1.0759493670886076,1.0547274386579448,0.9684561020315124,1.0275552916748922,0.5043756622122707,1.054407751715011,1.0545172061271268,1.054735642296819,1.0534495115280151
149,0.9074888855822507,0.055110583349784664,1.139240506329114,1.0550897078079982,0.9703906867695095,1.0275552916748922,0.5043756622122707,1.0547921991658225,1.0549215659339068,1.0550887090043837,1.0537265539169312
149,0.9074888855822507,0.055110583349784664,1.2025316455696204,1.0551885460607184,0.97220663879443,1.0275552916748922,0.5043756622122707,1.054926465103226,1.0550457588512128,1.0551789968572802,1.053847074508667
149,0.9074888855822507,0.055110583349784664,1.2658227848101267,1.055068789418679,0.9739111844850571,1.0275552916748922,0.5043756622122707,1.0548491689205144,1.054943085381401,1.0550580789315438,1.053871989250183
149,0.9074888855822507,0.055110583349784664,1.3291139240506329,1.0547691141140354,0.9755112070001357,1.0275552916748922,0.5043756622122707,1.0545925836393437,1.054657699544192,1.0547638676402993,1.053816318511963
149,0.9074888855822507,0.055110583349784664,1.3924050632911393,1.0543228198308834,0.9770131148108575,1.0275552916748922,0.5043756622122707,1.0541844930843793,1.054221800566223,1.0543236324346006,1.0536813735961914
149,0.9074888855822507,0.055110583349784664,1.4556962025316458,1.0537585166843217,0.9784228859490576,1.0275552916748922,0.5043756622122707,1.0536492537116249,1.0536589905544136,1.0537609365710403,1.0534483194351196
149,0.9074888855822507,0.055110583349784664,1.518987341772152,1.0531007275820397,0.979746204570626,1.0275552916748922,0.5043756622122707,1.0530091229187644,1.0529908094548748,1.0530999587881502,1.0531151294708252
149,0.9074888855822507,0.055110583349784664,1.5822784810126582,1.052370416239215,0.9809883763209453,1.0275552916748922,0.5043756622122707,1.0522844066352013,1.05224058879279,1.0523648842410134,1.0526795387268066
149,0.9074888855822507,0.055110583349784664,1.6455696202531647,1.0515854498194142,0.9821543510455576,1.0275552916748922,0.5043756622122707,1.0514938323968763,1.0514335213677115,1.0515772198055042,1.0521447658538818
149,0.9074888855822507,0.055110583349784664,1.708860759493671,1.0507610041502553,0.983248818236162,1.0275552916748922,0.5043756622122707,1.0506545288476512,1.0505934798682963,1.0507537814673737,1.0515199899673462
149,0.9074888855822507,0.055110583349784664,1.7721518987341773,1.0499099184965814,0.9842761719938086,1.0275552916748922,0.5043756622122707,1.0497820011409693,1.0497397616920205,1.0499066437850262,1.050817847251892
149,0.9074888855822507,0.055110583349784664,1.8354430379746836,1.0490430060069782,0.9852405108136455,1.0275552916748922,0.5043756622122707,1.0488899013553508,1.0488852563688753,1.0490443771243385,1.0500565767288208
149,0.9074888855822507,0.055110583349784664,1.89873417721519,1.0481693252541067,0.986145703556274,1.0275552916748922,0.5043756622122707,1.0479899178018661,1.0480368924312025,1.048173841280827,1.0492455959320068
149,0.9074888855822507,0.055110583349784664,1.9620253164556964,1.0472964176135042,0.9869953893800536,1.0275552916748922,0.5043756622122707,1.0470917873233034,1.0471975109872351,1.0473014112367116,1.0484002828598022
149,0.9074888855822507,0.055110583349784664,2.0253164556962027,1.0464305146430422,0.9877929618522655,1.0275552916748922,0.5043756622122707,1.0462034223855927,1.0463680672724973,1.0464334895780094,1.0475271940231323
149,0.9074888855822507,0.055110583349784664,2.088607594936709,1.0455767191610736,0.9885416127900577,1.0275552916748922,0.5043756622122707,1.0453309233769736,1.045549221342437,1.0455764056649077,1.046643853187561
149,0.9074888855822507,0.055110583349784664,2.151898734177215,1.0447391632373717,0.9892443561074836,1.0275552916748922,0.5043756622122707,1.044478992680048,1.0447423138065666,1.0447359156938285,1.0457570552825928
149,0.9074888855822507,0.055110583349784664,2.2151898734177218,1.0439211459377518,0.9899040016848719,1.0275552916748922,0.5043756622122707,1.043650955170395,1.0439493330306766,1.0439166146766277,1.0448750257492065
149,0.9074888855822507,0.055110583349784664,2.278481012658228,1.0431252533238953,0.9905231827625149,1.0275552916748922,0.5043756622122707,1.0428492747817057,1.0431726568542692,1.0431215634068072,1.044005036354065
149,0.9074888855822507,0.055110583349784664,2.3417721518987342,1.0423534629002476,0.9911043954280278,1.0275552916748922,0.5043756622122707,1.042075570904676,1.0424147041140792,1.0423523101859775,1.0431513786315918
149,0.9074888855822507,0.055110583349784664,2.405063291139241,1.0416072344356395,0.9916499662640867,1.0275552916748922,0.5043756622122707,1.0413309709632075,1.0416773483836455,1.0416091407083825,1.0423197746276855
149,0.9074888855822507,0.055110583349784664,2.468354430379747,1.0408875888538383,0.9921620676742466,1.0275552916748922,0.5043756622122707,1.0406161268133014,1.0409619343722036,1.04089165366226,1.041513204574585
149,0.9074888855822507,0.055110583349784664,2.5316455696202533,1.0401951766811557,0.992642766883918,1.0275552916748922,0.5043756622122707,1.0399315796184307,1.0402692943235792,1.0401994517064832,1.0407347679138184
149,0.9074888855822507,0.055110583349784664,2.5949367088607596,1.0395303373578564,0.9930939892093343,1.0275552916748922,0.5043756622122707,1.0392774441708474,1.0395997521159117,1.039532547470231,1.0399874448776245
149,0.9074888855822507,0.055110583349784664,2.6582278481012658,1.0388931505607368,0.9935175301349022,1.0275552916748922,0.5043756622122707,1.038653695872212,1.038953385643943,1.0388915519475983,1.0392706394195557
149,0.9074888855822507,0.055110583349784664,2.7215189873417724,1.0382834805445247,0.9939150984264953,1.0275552916748922,0.5043756622122707,1.03806010513802,1.0383304203924537,1.038277578430049,1.0385866165161133
149,0.9074888855822507,0.055110583349784664,2.7848101265822787,1.037701014387242,0.9942882875289855,1.0275552916748922,0.5043756622122707,1.0374962045998186,1.0377309875525886,1.037691766975215,1.0379351377487183
149,0.9074888855822507,0.055110583349784664,2.848101265822785,1.037145294911998,0.9946385841146822,1.0275552916748922,0.5043756622122707,1.0369611087173787,1.0371554888972294,1.0371348499017063,1.0373164415359497
149,0.9074888855822507,0.055110583349784664,2.9113924050632916,1.0366157489649368,0.9949673979360064,1.0275552916748922,0.5043756622122707,1.0364538827537928,1.0366044573904023,1.036606776047503,1.0367300510406494
149,0.9074888855822507,0.055110583349784664,2.9746835443037978,1.0361117116545553,0.9952760486746969,1.0275552916748922,0.5043756622122707,1.0359732721937376,1.036078598184511,1.0361065529485882,1.0361757278442383
149,0.9074888855822507,0.055110583349784664,3.037974683544304,1.0356324470649851,0.9955657673026127,1.0275552916748922,0.5043756622122707,1.0355176863445803,1.0355784483433057,1.0356323935161742,1.0356526374816895
149,0.9074888855822507,0.055110583349784664,3.1012658227848102,1.0351771659005755,0.9958377168763296,1.0275552916748922,0.5043756622122707,1.0350855755109214,1.035104581828045,1.035182077840505,1.0351592302322388
149,0.9074888855822507,0.055110583349784664,3.1645569620253164,1.0347450404798202,0.9960929903459651,1.0275552916748922,0.5043756622122707,1.03467522600843,1.0346572036248933,1.0347534134288323,1.0346952676773071
149,0.9074888855822507,0.055110583349784664,3.227848101265823,1.034335217401153,0.9963326069603856,1.0275552916748922,0.5043756622122707,1.0342848175599701,1.0342362686368944,1.0343446268712944,1.0342589616775513
149,0.9074888855822507,0.055110583349784664,3.2911392405063293,1.0339468282217332,0.9965575262451568,1.0275552916748922,0.5043756622122707,1.033912562686192,1.0338413545925504,1.0339546264714123,1.033850073814392
149,0.9074888855822507,0.055110583349784664,3.3544303797468356,1.0335789983843267,0.9967686533707353,1.0275552916748922,0.5043756622122707,1.033556960888375,1.0334716784447149,1.0335830231147003,1.0334659814834595
149,0.9074888855822507,0.055110583349784664,3.417721518987342,1.0332308546571518,0.9969668322774402,1.0275552916748922,0.5043756622122707,1.0332163722772076,1.0331260553733603,1.033229965806049,1.0331058502197266
149,0.9074888855822507,0.055110583349784664,3.4810126582278484,1.0329015312702956,0.9971528545726784,1.0275552916748922,0.5043756622122707,1.032889493140687,1.032803070973955,1.0328958560590007,1.0327680110931396
149,0.9074888855822507,0.055110583349784664,3.5443037974683547,1.0325901749370119,0.9973274699078206,1.0275552916748922,0.5043756622122707,1.0325752165535271,1.032501036160508,1.0325810120966117,1.032450795173645
149,0.9074888855822507,0.055110583349784664,3.607594936708861,1.0322959489200432,0.9974913770663961,1.0275552916748922,0.5043756622122707,1.0322726569755003,1.0322181388553295,1.0322853886823247,1.0321571826934814
149,0.9074888855822507,0.055110583349784664,3.670886075949367,1.032018036269636,0.997645229119363,1.0275552916748922,0.5043756622122707,1.0319811092542024,1.0319525259834976,1.0320084763557122,1.0318803787231445
149,0.9074888855822507,0.055110583349784664,3.7341772151898738,1.0317556423582461,0.9977896469184999,1.0275552916748922,0.5043756622122707,1.031700147018412,1.031702336270643,1.0317492710080165,1.0316214561462402
149,0.9074888855822507,0.055110583349784664,3.79746835443038,1.03150799681533,0.9979252088920708,1.0275552916748922,0.5043756622122707,1.0314295734814116,1.0314658314340956,1.0315063799309518,1.0313795804977417
149,0.9074888855822507,0.055110583349784664,3.8607594936708862,1.0312743549501835,0.9980524543084172,1.0275552916748922,0.5043756622122707,1.0311692492526103,1.0312414043823295,1.0312782317525448,1.031153678894043
149,0.9074888855822507,0.055110583349784664,3.924050632911393,1.0310539987409801,0.9981718968551259,1.0275552916748922,0.5043756622122707,1.0309193629192783,1.0310276120127502,1.0310631907690204,1.0309383869171143
149,0.9074888855822507,0.055110583349784664,3.987341772151899,1.0308462374585559,0.9982840150915191,1.0275552916748922,0.5043756622122707,1.030680193262599,1.030823249006714,1.0308597928205856,1.0307389497756958
149,0.9074888855822507,0.055110583349784664,4.050632911392405,1.0306504079833567,0.9983892555354776,1.0275552916748922,0.5043756622122707,1.03045217485324,1.0306274544223317,1.0306668052131198,1.0305520296096802
149,0.9074888855822507,0.055110583349784664,4.113924050632912,1.0304658748662376,0.9984880419860458,1.0275552916748922,0.5043756622122707,1.0302357668602087,1.0304394739105203,1.0304833109594695,1.0303763151168823
149,0.9074888855822507,0.055110583349784664,4.177215189873418,1.0302920301769585,0.9985807707833442,1.0275552916748922,0.5043756622122707,1.0300315268458706,1.030258831903379,1.0303086988725547,1.0302115678787231
149,0.9074888855822507,0.055110583349784664,4.2405063291139244,1.0301282931782108,0.9986678116464968,1.0275552916748922,0.5043756622122707,1.029840053369825,1.030085307015851,1.0301426153186368,1.0300567150115967
149,0.9074888855822507,0.055110583349784664,4.30379746835443,1.029974109857721,0.9987495142134338,1.0275552916748922,0.5043756622122707,1.029661903994438,1.0299188418518104,1.029984926839271,1.0299097299575806
149,0.9074888855822507,0.055110583349784664,4.367088607594937,1.0298289523463862,0.9988262067301489,1.0275552916748922,0.5043756622122707,1.0294976854787543,1.0297595922007416,1.029835631004856,1.0297722816467285
149,0.9074888855822507,0.055110583349784664,4.4303797468354436,1.0296923182463873,0.9988981953255459,1.0275552916748922,0.5043756622122707,1.029348020980713,1.0296078778410607,1.0296947962712129,1.0296424627304077
149,0.9074888855822507,0.055110583349784664,4.493670886075949,1.0295637298897689,0.9989657684523442,1.0275552916748922,0.5043756622122707,1.0292133532704282,1.029464116944542,1.0295624837515902,1.0295201539993286
149,0.9074888855822507,0.055110583349784664,4.556962025316456,1.029442733544947,0.9990291979607513,1.0275552916748922,0.5043756622122707,1.029094256309159,1.0293287932785322,1.029438735373321,1.029404640197754
149,0.9074888855822507,0.055110583349784664,4.620253164556963,1.0293288985859599,0.9990887373261016,1.0275552916748922,0.5043756622122707,1.0289909514819622,1.0292025218015237,1.0293235204374014,1.029295563697815
149,0.9074888855822507,0.055110583349784664,4.6835443037974684,1.0292218166369005,0.9991446245216526,1.0275552916748922,0.5043756622122707,1.0289039635534178,1.0290859584692411,1.0292166997402394,1.0291926860809326
149,0.9074888855822507,0.055110583349784664,4.746835443037975,1.0291211007017758,0.9991970846913527,1.0275552916748922,0.5043756622122707,1.0288333007229724,1.02897968544239,1.0291180954149028,1.0290950536727905
149,0.9074888855822507,0.055110583349784664,4.810126582278482,1.0290263842882181,0.9992463277136062,1.0275552916748922,0.5043756622122707,1.0287793237662746,1.0288843914744814,1.0290274084093896,1.0290029048919678
149,0.9074888855822507,0.055110583349784664,4.8734177215189876,1.0289373205352728,0.9992925499149398,1.0275552916748922,0.5043756622122707,1.0287419916860914,1.0288007243217936,1.0289442847853705,1.028915524482727
149,0.9074888855822507,0.055110583349784664,4.936708860759494,1.0288535813481676,0.9993359377553644,1.0275552916748922,0.5043756622122707,1.0287212962829766,1.0287292169483524,1.0288683297371637,1.0288331508636475
149,0.9074888855822507,0.055110583349784664,5.0,1.0287748565464305,0.9993766650137331,1.0275552916748922,0.5043756622122707,1.028717180160804,1.0286704187170779,1.0287991125273022,1.0287549495697021
160,1.127928435677444,0.05444394268460592,0.0,1.127928435677444,1.127928435677444,1.027221971342303,,1.1294997940502907,1.128254324766181,1.1279267156215325,1.127928376197815
160,1.127928435677444,0.05444394268460592,0.06329113924050633,1.1389905317735527,1.1200826850786045,1.027221971342303,,1.1402942158053042,1.1392017420444005,1.1389373495387172,1.1370939016342163
160,1.127928435677444,0.05444394268460592,0.12658227848101267,1.1473245728748662,1.1127180377232704,1.027221971342303,,1.1481373718129686,1.1473929112620915,1.1473256761196742,1.1448215246200562
160,1.127928435677444,0.05444394268460592,0.189873417721519,1.153341566417323,1.105804996467953,1.027221971342303,,1.153727746277443,1.153338772732131,1.153345560595497,1.1510025262832642
160,1.127928435677444,0.05444394268460592,0.25316455696202533,1.1573983377299826,1.0993160375422404,1.027221971342303,,1.1575099705872818,1.1573270532337205,1.1574006552626581,1.155575156211853
160,1.127928435677444,0.05444394268460592,0.31645569620253167,1.159804298109976,1.093225013911733,1.027221971342303,,1.1597799217715663,1.1596147644192518,1.1598094188425567,1.1585664749145508
160,1.127928435677444,0.05444394268460592,0.379746835443038,1.160827388189893,1.0875074961913067,1.027221971342303,,1.16075843552447,1.160494729023963,1.1608301494765534,1.1600943803787231
160,1.127928435677444,0.05444394268460592,0.44303797468354433,1.1606992958875848,1.0821406945454115,1.027221971342303,,1.160632451028091,1.1602604052402,1.1606969232496271,1.1603281497955322
160,1.127928435677444,0.05444394268460592,0.5063291139240507,1.159620036339577,1.077103037411586,1.027221971342303,,1.1595712868538728,1.1591464284306954,1.159618102285642,1.1594576835632324
160,1.127928435677444,0.05444394268460592,0.569620253164557,1.1577619707569637,1.072374292541605,1.027221971342303,,1.1577306832897567,1.1573089652546114,1.1577672291168013,1.157652735710144
160,1.127928435677444,0.05444394268460592,0.6329113924050633,1.1552733319286832,1.067935589854566,1.027221971342303,,1.155251105054745,1.1548531162179414,1.1552847747922668,1.1550625562667847
160,1.127928435677444,0.05444394268460592,0.6962025316455697,1.1522813159825978,1.063769132697062,1.027221971342303,,1.1522569131547977,1.151873531632039,1.1522898401538533,1.151826024055481
160,1.127928435677444,0.05444394268460592,0.759493670886076,1.1488947928689077,1.0598581648978953,1.027221971342303,,1.1488563976806199,1.1484774397592796,1.1488918985253977,1.1480900049209595
160,1.127928435677444,0.05444394268460592,0.8227848101265823,1.1452066817376982,1.0561870619746019,1.027221971342303,,1.1451432373091472,1.144779325372243,1.145193418655213,1.1440279483795166
160,1.127928435677444,0.05444394268460592,0.8860759493670887,1.1412960318412555,1.0527411416761099,1.027221971342303,,1.1411984917690627,1.1408813863728402,1.1412825445428332,1.13979172706604
160,1.127928435677444,0.05444394268460592,0.949367088607595,1.1372298447126084,1.0495065267185617,1.027221971342303,,1.1370926025057542,1.1368577416582417,1.1372257330292528,1.135511040687561
160,1.127928435677444,0.05444394268460592,1.0126582278481013,1.133064669075709,1.0464702800051064,1.027221971342303,,1.132886452459784,1.1327548697912668,1.1330702318933163,1.1312460899353027
160,1.127928435677444,0.05444394268460592,1.0759493670886076,1.1288479961602784,1.0436202887369317,1.027221971342303,,1.1286322229090535,1.1286037933779718,1.1288550377552893,1.127025842666626
160,1.127928435677444,0.05444394268460592,1.139240506329114,1.1246194797643325,1.040945059919561,1.027221971342303,,1.1243737419452822,1.1244342600104724,1.124619861469439,1.122872233390808
160,1.127928435677444,0.05444394268460592,1.2025316455696204,1.1204120024719966,1.0384338816327627,1.027221971342303,,1.120146726357681,1.1202805351759388,1.12040487339298,1.1188238859176636
160,1.127928435677444,0.05444394268460592,1.2658227848101267,1.116252606860199,1.0360767609222936,1.027221971342303,,1.115979267450161,1.1161767767438049,1.1162435845743452,1.114904522895813
160,1.127928435677444,0.05444394268460592,1.3291139240506329,1.112163308252301,1.0338641794536672,1.027221971342303,,1.1118926632851591,1.112147847485899,1.1121579498317533,1.11111581325531
160,1.127928435677444,0.05444394268460592,1.3924050632911393,1.108161803579727,1.031787275311212,1.027221971342303,,1.1079024477141817,1.108205362943203,1.108160854146564,1.1074475049972534
160,1.127928435677444,0.05444394268460592,1.4556962025316458,1.1042620891401858,1.0298377818097204,1.027221971342303,,1.1040193620122207,1.1043510142515696,1.104261975022401,1.1038810014724731
160,1.127928435677444,0.05444394268460592,1.518987341772152,1.1004749985038722,1.02800783864856,1.027221971342303,,1.1002508307781353,1.1005848813556027,1.1004715673417242,1.1004031896591187
160,1.127928435677444,0.05444394268460592,1.5822784810126582,1.0968086704752202,1.0262901089480674,1.027221971342303,,1.0966019376687923,1.0969121196573266,1.096800460451026,1.0970035791397095
160,1.127928435677444,0.05444394268460592,1.6455696202531647,1.0932689557590223,1.024677747844238,1.027221971342303,,1.0930761530999475,1.0933448335897236,1.0932578370081139,1.0936826467514038
160,1.127928435677444,0.05444394268460592,1.708860759493671,1.089859769995262,1.023164270501807,1.027221971342303,,1.089676193138274,1.08989890753064,1.0898492124018564,1.0904440879821777
160,1.127928435677444,0.05444394268460592,1.7721518987341773,1.0865833998492156,1.0217436005646836,1.027221971342303,,1.0864040984210337,1.0865887438079571,1.0865763019997445,1.087288737297058
160,1.127928435677444,0.05444394268460592,1.8354430379746836,1.0834407680457003,1.0204100704536132,1.027221971342303,,1.0832614524663433,1.0834234858295189,1.0834380882455714,1.0842232704162598
160,1.127928435677444,0.05444394268460592,1.89873417721519,1.080431662511948,1.019158330138086,1.027221971342303,,1.0802492894294005,1.080405843512413,1.0804323073000297,1.0812530517578125
160,1.127928435677444,0.05444394268460592,1.9620253164556964,1.0775549341781396,1.0179833472299507,1.027221971342303,,1.0773679239639666,1.0775329665240294,1.0775565848424788,1.078382968902588
160,1.127928435677444,0.05444394268460592,2.0253164556962027,1.074808667390904,1.0168804289551936,1.027221971342303,,1.0746168907514497,1.0747991726479027,1.0748090284489544,1.0756136178970337
160,1.127928435677444,0.05444394268460592,2.088607594936709,1.0721903264542343,1.0158451615287554,1.027221971342303,,1.0719948655812301,1.0721976235456026,1.072188106991385,1.0729535818099976
160,1.127928435677444,0.05444394268460592,2.151898734177215,1.069696881349502,1.0148733771777947,1.027221971342303,,1.069499569007165,1.0697220015435556,1.0696921927273568,1.0704045295715332
160,1.127928435677444,0.05444394268460592,2.2151898734177218,1.067324915315069,1.0139611902762753,1.027221971342303,,1.0671279590345804,1.0673668212120135,1.0673190774334944,1.0679553747177124
160,1.127928435677444,0.05444394268460592,2.278481012658228,1.0650707166431947,1.0131049594637669,1.027221971342303,,1.0648763951092044,1.0651274047667147,1.065065600511218,1.0656208992004395
160,1.127928435677444,0.05444394268460592,2.3417721518987342,1.062930356752946,1.0123012330405914,1.027221971342303,,1.062740586870625,1.0629994474982156,1.062927523878659,1.0633972883224487
160,1.127928435677444,0.05444394268460592,2.405063291139241,1.0608997563427778,1.01154679370595,1.027221971342303,,1.0607162009113356,1.0609786733951356,1.060899819801374,1.0612804889678955
160,1.127928435677444,0.05444394268460592,2.468354430379747,1.0589747412019217,1.0108386373647114,1.027221971342303,,1.0587985840454142,1.0590605645624207,1.058977161405842,1.0592695474624634
160,1.127928435677444,0.05444394268460592,2.5316455696202533,1.0571510890620317,1.010173905366706,1.027221971342303,,1.0569832142780835,1.057240459614702,1.0571543522696039,1.0573620796203613
160,1.127928435677444,0.05444394268460592,2.5949367088607596,1.055424568696861,1.009549935300011,1.027221971342303,,1.055265569614566,1.0555135413771264,1.0554268337309423,1.0555577278137207
160,1.127928435677444,0.05444394268460592,2.6582278481012658,1.053790972325462,1.008964244289863,1.027221971342303,,1.0536413248468022,1.0538750582704128,1.0537908232311,1.0538501739501953
160,1.127928435677444,0.05444394268460592,2.7215189873417724,1.0522461422409608,1.008414469379696,1.027221971342303,,1.052106126068669,1.0523206153912057,1.0522431309158888,1.0522370338439941
160,1.127928435677444,0.05444394268460592,2.7848101265822787,1.0507859924697491,1.0078984070838959,1.027221971342303,,1.050655816160761,1.0508463221021127,1.0507808814453767,1.0507147312164307
160,1.127928435677444,0.05444394268460592,2.848101265822785,1.0494065261603223,1.0074140015666413,1.027221971342303,,1.0492861724081004,1.0494488166300446,1.0494010536318117,1.049280047416687
160,1.127928435677444,0.05444394268460592,2.9113924050632916,1.048103849315278,1.0069593033603135,1.027221971342303,,1.0479931237854707,1.0481253808584672,1.0481001494886482,1.0479291677474976
160,1.127928435677444,0.05444394268460592,2.9746835443037978,1.0468741814011233,1.0065324875509931,1.027221971342303,,1.0467725664698688,1.0468736861445576,1.0468740490782424,1.0466580390930176
160,1.127928435677444,0.05444394268460592,3.037974683544304,1.0457138632927512,1.0061318518966809,1.027221971342303,,1.045620273646594,1.0456918015186514,1.0457181515506495,1.04546320438385
160,1.127928435677444,0.05444394268460592,3.1012658227848102,1.0446193629595784,1.0057557880716181,1.027221971342303,,1.0445322726837882,1.0445779804986313,1.0446276315910594,1.0443404912948608
160,1.127928435677444,0.05444394268460592,3.1645569620253164,1.0435872792433776,1.0054027846963376,1.027221971342303,,1.0435045868498702,1.0435302552173233,1.043597875039807,1.0432864427566528
160,1.127928435677444,0.05444394268460592,3.227848101265823,1.0426143440253925,1.0050714323087022,1.027221971342303,,1.042533366504681,1.0425466496081066,1.0426248271280099,1.0422968864440918
160,1.127928435677444,0.05444394268460592,3.2911392405063293,1.0416974230513631,1.0047604040345801,1.027221971342303,,1.0416149341964385,1.041624740734523,1.0417052098604496,1.0413694381713867
160,1.127928435677444,0.05444394268460592,3.3544303797468356,1.0408335156360586,1.004468448164474,1.027221971342303,,1.0407458502573113,1.040761794081145,1.0408365235247363,1.0404995679855347
160,1.127928435677444,0.05444394268460592,3.417721518987342,1.0400197534453846,1.0041943976606118,1.027221971342303,,1.039922986598437,1.0399547061574503,1.040016909449593,1.0396844148635864
160,1.127928435677444,0.05444394268460592,3.4810126582278484,1.0392533985239094,1.0039371578534733,1.027221971342303,,1.039143383219608,1.0392000823925633,1.0392448493080755,1.0389206409454346
160,1.127928435677444,0.05444394268460592,3.5443037974683547,1.0385318407137927,1.0036956920921905,1.027221971342303,,1.0384044162979253,1.0384942002377462,1.0385188521660547,1.038205862045288
160,1.127928435677444,0.05444394268460592,3.607594936708861,1.0378525945860333,1.0034690340681807,1.027221971342303,,1.03770372439278,1.0378332961470285,1.0378372422163704,1.0375325679779053
160,1.127928435677444,0.05444394268460592,3.670886075949367,1.0372132959944578,1.0032562806862142,1.027221971342303,,1.0370392658419791,1.0372136229733326,1.037197942373342,1.036903977394104
160,1.127928435677444,0.05444394268460592,3.7341772151898738,1.0366116983414106,1.0030565734051609,1.027221971342303,,1.0364092449667257,1.0366313310764994,1.0365985219694958,1.0363149642944336
160,1.127928435677444,0.05444394268460592,3.79746835443038,1.0360456686319186,1.0028691123489906,1.027221971342303,,1.035812120271067,1.03608300948676,1.036036297639774,1.0357630252838135
160,1.127928435677444,0.05444394268460592,3.8607594936708862,1.0355131833804379,1.0026931517937345,1.027221971342303,,1.035246497849088,1.0355653128299183,1.0355084487596922,1.0352460145950317
160,1.127928435677444,0.05444394268460592,3.924050632911393,1.0350123244283391,1.0025279813896169,1.027221971342303,,1.0347113117727362,1.0350753180032761,1.0350122181526449,1.034761667251587
160,1.127928435677444,0.05444394268460592,3.987341772151899,1.0345412747165323,1.0023729393637697,1.027221971342303,,1.0342055453106378,1.0346104093833812,1.034545045243817,1.0343073606491089
160,1.127928435677444,0.05444394268460592,4.050632911392405,1.0340983140517495,1.0022274082516396,1.027221971342303,,1.033728271925332,1.0341683895185558,1.0341046766384827,1.0338810682296753
160,1.127928435677444,0.05444394268460592,4.113924050632912,1.0336818148985802,1.0020908020052781,1.027221971342303,,1.0332788028633078,1.0337473930347076,1.0336892042733599,1.033481240272522
160,1.127928435677444,0.05444394268460592,4.177215189873418,1.0332902382235576,1.0019625725481445,1.027221971342303,,1.0328564821688402,1.0333459891284122,1.0332970821800236,1.033105731010437
160,1.127928435677444,0.05444394268460592,4.2405063291139244,1.032922129412614,1.001842208616381,1.027221971342303,,1.0324607358806706,1.032962927384069,1.0329270742831205,1.0327528715133667
160,1.127928435677444,0.05444394268460592,4.30379746835443,1.0325761142789787,1.001729226715289,1.027221971342303,,1.0320909654391996,1.0325975190481675,1.0325781866573212,1.0324232578277588
160,1.127928435677444,0.05444394268460592,4.367088607594937,1.0322508951749587,1.0016231729318787,1.027221971342303,,1.031746646079848,1.0322491327633225,1.0322496131925003,1.0321125984191895
160,1.127928435677444,0.05444394268460592,4.4303797468354436,1.0319452472180195,1.0015236239376448,1.027221971342303,,1.0314272448385888,1.0319175225461372,1.0319406549276118,1.03182053565979
160,1.127928435677444,0.05444394268460592,4.493670886075949,1.0316580146389644,1.001430180847487,1.027221971342303,,1.0311324255381138,1.0316025080087874,1.0316506679708524,1.0315462350845337
160,1.127928435677444,0.05444394268460592,4.556962025316456,1.0313881072577993,1.0013424677349876,1.027221971342303,,1.030861417430446,1.031304179345185,1.0313790084197234,1.031288743019104
160,1.127928435677444,0.05444394268460592,4.620253164556963,1.0311344970908614,1.0012601340833118,1.027221971342303,,1.030613892537723,1.031022692344815,1.0311250092903987,1.0310468673706055
160,1.127928435677444,0.05444394268460592,4.6835443037974684,1.0308962150909247,1.001182850812579,1.027221971342303,,1.0303893014970258,1.0307582929910735,1.030887963784331,1.030814528465271
160,1.127928435677444,0.05444394268460592,4.746835443037975,1.0306723480200923,1.0011103065838434,1.027221971342303,,1.0301870539482016,1.030511301062377,1.030667116487925,1.0305988788604736
160,1.127928435677444,0.05444394268460592,4.810126582278482,1.0304620354556318,1.0010422111680182,1.027221971342303,,1.0300065759299917,1.0302820117388014,1.0304616769500763,1.0303956270217896
160,1.127928435677444,0.05444394268460592,4.8734177215189876,1.0302644669357084,1.00097829307615,1.027221971342303,,1.0298473590767092,1.0300707857959952,1.0302708147602901,1.0302040576934814
160,1.127928435677444,0.05444394268460592,4.936708860759494,1.030078879228855,1.000918294463137,1.027221971342303,,1.0297087966293088,1.029877910214588,1.0300936799739329,1.0300235748291016
160,1.127928435677444,0.05444394268460592,5.0,1.0299045537325981,1.0008619750199528,1.027221971342303,,1.0295902326320658,1.0297036719752093,1.0299294376302932,1.0298534631729126
164,1.079219904610616,0.10091730065282406,0.0,1.079219904610616,1.079219904610616,1.050458650326412,,1.0796214373077622,1.0797601698936785,1.0792137927597318,1.079219937324524
164,1.079219904610616,0.10091730065282406,0.06329113924050633,1.1094090977579307,1.0743614100097294,1.050458650326412,,1.1095327805710156,1.1097622677062395,1.1093646324893354,1.106445074081421
164,1.079219904610616,0.10091730065282406,0.12658227848101267,1.133947619422685,1.069800839422816,1.050458650326412,,1.1339547173547222,1.1342794133885967,1.1339794564659085,1.1303476095199585
164,1.079219904610616,0.10091730065282406,0.189873417721519,1.1536337398037038,1.0655199266928554,1.050458650326412,,1.1536620441121657,1.1541140386037303,1.153650227952735,1.1507076025009155
164,1.079219904610616,0.10091730065282406,0.25316455696202533,1.1691630631028727,1.0615016276775116,1.050458650326412,,1.1692862207214705,1.1698303810920814,1.1691789310578187,1.1674141883850098
164,1.079219904610616,0.10091730065282406,0.31645569620253167,1.1811412098315603,1.0577297507805998,1.050458650326412,,1.1813658749766816,1.1818779468131837,1.1811731652577606,1.1805481910705566
164,1.079219904610616,0.10091730065282406,0.379746835443038,1.190094962045723,1.0541891680632147,1.050458650326412,,1.1903807154987327,1.1907146215609545,1.1901280173600755,1.1903834342956543
164,1.079219904610616,0.10091730065282406,0.44303797468354433,1.1964820560622471,1.0508657668803543,1.050458650326412,,1.1967695028724425,1.1968545967288318,1.196503192862437,1.197309136390686
164,1.079219904610616,0.10091730065282406,0.5063291139240507,1.2006997851442405,1.047746189004729,1.050458650326412,,1.2009354530817955,1.2008246375615508,1.2007156448772451,1.2017364501953125
164,1.079219904610616,0.10091730065282406,0.569620253164557,1.2030925552227458,1.044817905581704,1.050458650326412,,1.20324450742672,1.2030768697418213,1.2031160891599,1.2040425539016724
164,1.079219904610616,0.10091730065282406,0.6329113924050633,1.20395851961602,1.042069231281107,1.050458650326412,,1.2040206670379943,1.2039303911313797,1.2039897231306627,1.2045557498931885
164,1.079219904610616,0.10091730065282406,0.6962025316455697,1.2035554036405325,1.039489145494598,1.050458650326412,,1.203542934483681,1.2035840465087277,1.2035787921405268,1.203582525253296
164,1.079219904610616,0.10091730065282406,0.759493670886076,1.2021056167376045,1.03706727193424,1.050458650326412,,1.2020449037967997,1.2021788089585546,1.2021059858936454,1.2014400959014893
164,1.079219904610616,0.10091730065282406,0.8227848101265823,1.1998007380523592,1.034793935112297,1.050458650326412,,1.199718655212441,1.1998589477430655,1.1997802568849973,1.1984528303146362
164,1.079219904610616,0.10091730065282406,0.8860759493670887,1.196805451108817,1.0326600430194504,1.050458650326412,,1.1967210441432787,1.1967963478604766,1.19678305982204,1.1948966979980469
164,1.079219904610616,0.10091730065282406,0.949367088607595,1.1932609941605836,1.0306570021237176,1.050458650326412,,1.1931819826205934,1.1931748818998733,1.1932541739532703,1.1909533739089966
164,1.079219904610616,0.10091730065282406,1.0126582278481013,1.1892881848142716,1.0287768011055431,1.050458650326412,,1.189211482618867,1.1891573006760052,1.1892966593949474,1.186737060546875
164,1.079219904610616,0.10091730065282406,1.0759493670886076,1.1849900704938106,1.0270119390933543,1.050458650326412,,1.1849057892418091,1.1848608070779865,1.1849983666899662,1.1823526620864868
164,1.079219904610616,0.10091730065282406,1.139240506329114,1.1804542501246296,1.0253552990304835,1.050458650326412,,1.1803508408888042,1.1803559245456707,1.1804490345496588,1.1779191493988037
164,1.079219904610616,0.10091730065282406,1.2025316455696204,1.1757549069674786,1.0238002475418368,1.050458650326412,,1.1756238845458848,1.1756864381236833,1.175737934501962,1.1735131740570068
164,1.079219904610616,0.10091730065282406,1.2658227848101267,1.1709545877261307,1.0223405964732515,1.050458650326412,,1.1707936479741083,1.1708944109728718,1.1709391436958128,1.1691534519195557
164,1.079219904610616,0.10091730065282406,1.3291139240506329,1.1661057588312844,1.0209704515796658,1.050458650326412,,1.1659196427566,1.1660338159502108,1.1661028263432556,1.1648249626159668
164,1.079219904610616,0.10091730065282406,1.3924050632911393,1.1612521671002967,1.019684325104505,1.050458650326412,,1.1610517379273317,1.161167067242907,1.1612615103637753,1.160498023033142
164,1.079219904610616,0.10091730065282406,1.4556962025316458,1.1564300286815876,1.0184770978886843,1.050458650326412,,1.1562296434059882,1.1563496956027817,1.1564424864286367,1.1561578512191772
164,1.079219904610616,0.10091730065282406,1.518987341772152,1.1516690672801841,1.0173439024274695,1.050458650326412,,1.151483647948159,1.1516174342179388,1.1516752175160772,1.1518127918243408
164,1.079219904610616,0.10091730065282406,1.5822784810126582,1.1469934201864713,1.016280195345465,1.050458650326412,,1.1468352833005075,1.1469845665242837,1.1469901908730535,1.147470474243164
164,1.079219904610616,0.10091730065282406,1.6455696202531647,1.1424224283794497,1.015281737948821,1.050458650326412,,1.1422994068601988,1.1424529004997832,1.1424138367489585,1.1431503295898438
164,1.079219904610616,0.10091730065282406,1.708860759493671,1.1379713249203878,1.0143445144921064,1.050458650326412,,1.1378856365780468,1.1380232396902,1.137964453975759,1.1388752460479736
164,1.079219904610616,0.10091730065282406,1.7721518987341773,1.1336518343091286,1.013464762181323,1.050458650326412,,1.1336000666927062,1.1337026520184674,1.1336521311655676,1.1346622705459595
164,1.079219904610616,0.10091730065282406,1.8354430379746836,1.1294726937191275,1.0126389713582356,1.050458650326412,,1.1294470716089162,1.1295046009758358,1.1294812541508585,1.1305292844772339
164,1.079219904610616,0.10091730065282406,1.89873417721519,1.1254401059254087,1.0118638290072157,1.050458650326412,,1.125429912656546,1.1254443498320748,1.125453686453277,1.1264954805374146
164,1.079219904610616,0.10091730065282406,1.9620253164556964,1.1215581323497454,1.011136218813214,1.050458650326412,,1.1215518901128352,1.1215341813581294,1.1215712245601113,1.1225734949111938
164,1.079219904610616,0.10091730065282406,2.0253164556962027,1.1178290337622498,1.0104532347678228,1.050458650326412,,1.11781608696969,1.1177808754713732,1.1178365955100253,1.118778109550476
164,1.079219904610616,0.10091730065282406,2.088607594936709,1.114253565201425,1.009812143627025,1.050458650326412,,1.1142255493215074,1.1141859101220486,1.1142530680984502,1.1151143312454224
164,1.079219904610616,0.10091730065282406,2.151898734177215,1.110831230858553,1.0092103644902952,1.050458650326412,,1.1107829501878652,1.1107473246174973,1.1108233976222956,1.1115896701812744
164,1.079219904610616,0.10091730065282406,2.2151898734177218,1.107560504010069,1.0086454911770029,1.050458650326412,,1.1074899540564151,1.1074620195669196,1.1075486998858528,1.1082103252410889
164,1.079219904610616,0.10091730065282406,2.278481012658228,1.1044390164331037,1.0081152687684165,1.050458650326412,,1.104347319375964,1.1043268381833904,1.104427669652691,1.1049777269363403
164,1.079219904610616,0.10091730065282406,2.3417721518987342,1.101463721201068,1.0076175597935522,1.050458650326412,,1.1013541483071134,1.1013391935415207,1.1014564599054177,1.1018905639648438
164,1.079219904610616,0.10091730065282406,2.405063291139241,1.0986310322742023,1.0071503719333375,1.050458650326412,,1.0985084360851798,1.0984966832034682,1.098629279004424,1.0989516973495483
164,1.079219904610616,0.10091730065282406,2.468354430379747,1.0959369438810305,1.0067118448966763,1.050458650326412,,1.0958067327930232,1.0957965152576798,1.095939441965032,1.0961577892303467
164,1.079219904610616,0.10091730065282406,2.5316455696202533,1.0933771323155066,1.006300208459517,1.050458650326412,,1.0932444262419545,1.0932348851609524,1.0933805099817673,1.093505859375
164,1.079219904610616,0.10091730065282406,2.5949367088607596,1.0909470424479835,1.0059138139186812,1.050458650326412,,1.0908163712792578,1.0908070536331744,1.0909472236664404,1.09099543094635
164,1.079219904610616,0.10091730065282406,2.6582278481012658,1.0886419609622358,1.0055511237496852,1.050458650326412,,1.0885168979876376,1.0885072277653522,1.0886358185309655,1.0886194705963135
164,1.079219904610616,0.10091730065282406,2.7215189873417724,1.086457078081136,1.0052106746875975,1.050458650326412,,1.086340139663081,1.0863288725985782,1.0864437680919947,1.086375117301941
164,1.079219904610616,0.10091730065282406,2.7848101265822787,1.0843875393212163,1.004891102220148,1.050458650326412,,1.0842803669423047,1.0842654787972152,1.08436898995786,1.0842522382736206
164,1.079219904610616,0.10091730065282406,2.848101265822785,1.082428488625667,1.0045911332674555,1.050458650326412,,1.0823320615977747,1.0823106405436393,1.0824089172100284,1.0822523832321167
164,1.079219904610616,0.10091730065282406,2.9113924050632916,1.0805751040436116,1.0043095606183323,1.050458650326412,,1.0804900600280205,1.0804585413554477,1.0805597880747104,1.0803672075271606
164,1.079219904610616,0.10091730065282406,2.9746835443037978,1.0788226269925612,1.0040452541916833,1.050458650326412,,1.078749387218842,1.0787043025619374,1.078816275182535,1.0785914659500122
164,1.079219904610616,0.10091730065282406,3.037974683544304,1.0771663860056266,1.0037971598712132,1.050458650326412,,1.0771053264386068,1.0770436645506214,1.0771717244848353,1.076922059059143
164,1.079219904610616,0.10091730065282406,3.1012658227848102,1.0756018157228067,1.0035642816984192,1.050458650326412,,1.0755533577423988,1.0754732327506242,1.0756187902793073,1.0753504037857056
164,1.079219904610616,0.10091730065282406,3.1645569620253164,1.0741244718379859,1.0033456837489576,1.050458650326412,,1.0740890616285228,1.0739900430620146,1.0741503110779316,1.073872447013855
164,1.079219904610616,0.10091730065282406,3.227848101265823,1.0727300425683897,1.0031404932109667,1.050458650326412,,1.0727081046894724,1.0725914511632775,1.0727600258340244,1.0724824666976929
164,1.079219904610616,0.10091730065282406,3.2911392405063293,1.0714143571810888,1.0029478884153507,1.050458650326412,,1.071406079722722,1.0712748455306838,1.0714431367491057,1.0711755752563477
164,1.079219904610616,0.10091730065282406,3.3544303797468356,1.0701733920102505,1.002767094238842,1.050458650326412,,1.0701787066171682,1.0700374752499129,1.0701963827320429,1.069947361946106
164,1.079219904610616,0.10091730065282406,3.417721518987342,1.0690032743680389,1.0025973879912868,1.050458650326412,,1.0690216396661343,1.068876310625461,1.0690177188700014,1.0687928199768066
164,1.079219904610616,0.10091730065282406,3.4810126582278484,1.0679002846718122,1.0024380917966946,1.050458650326412,,1.0679307893956493,1.067788014482579,1.067905764782275,1.0677073001861572
164,1.079219904610616,0.10091730065282406,3.5443037974683547,1.0668608570915712,1.0022885637072256,1.050458650326412,,1.0669020683816033,1.0667688150758499,1.0668592162270158,1.0666861534118652
164,1.079219904610616,0.10091730065282406,3.607594936708861,1.0658815789622524,1.0021482053346231,1.050458650326412,,1.0659315572885413,1.0658146659783965,1.0658762637640673,1.065726399421692
164,1.079219904610616,0.10091730065282406,3.670886075949367,1.0649591891810608,1.002016457435607,1.050458650326412,,1.0650154085261654,1.0649212788796683,1.0649543707294677,1.0648232698440552
164,1.079219904610616,0.10091730065282406,3.7341772151898738,1.0640905757774468,1.0018927883571,1.050458650326412,,1.0641502849197262,1.0640841973804607,1.0640901717979203,1.0639731884002686
164,1.079219904610616,0.10091730065282406,3.79746835443038,1.063272772814478,1.0017767027744895,1.050458650326412,,1.0633329394883861,1.063298862588487,1.0632796662172412,1.0631728172302246
164,1.079219904610616,0.10091730065282406,3.8607594936708862,1.0625029567622686,1.0016677388969213,1.050458650326412,,1.0625602974396857,1.0625608632014985,1.062518546160658,1.0624189376831055
164,1.079219904610616,0.10091730065282406,3.924050632911393,1.061778442460118,1.0015654568390706,1.050458650326412,,1.0618296529562605,1.0618658412136486,1.0618025304376004,1.0617073774337769
164,1.079219904610616,0.10091730065282406,3.987341772151899,1.061096678767499,1.0014694467969463,1.050458650326412,,1.0611386609963946,1.0612097174002748,1.0611276186644185,1.0610371828079224
164,1.079219904610616,0.10091730065282406,4.050632911392405,1.060455243990358,1.0013793264045585,1.050458650326412,,1.0604848945239065,1.0605886462209406,1.0604903346159713,1.060404658317566
164,1.079219904610616,0.10091730065282406,4.113924050632912,1.059851841154078,1.0012947327507031,1.050458650326412,,1.0598665742588929,1.0599991839080913,1.059887855431882,1.059807538986206
164,1.079219904610616,0.10091730065282406,4.177215189873418,1.059284293184385,1.0012153264380361,1.050458650326412,,1.059281838926985,1.0594381777745252,1.0593179589075552,1.0592435598373413
164,1.079219904610616,0.10091730065282406,4.2405063291139244,1.0587505380475826,1.0011407908655314,1.050458650326412,,1.058729081436657,1.0589028933048146,1.058779022776635,1.0587102174758911
164,1.079219904610616,0.10091730065282406,4.30379746835443,1.058248623892294,1.0010708266282617,1.050458650326412,,1.0582068668847613,1.0583909690583504,1.0582698251532539,1.0582064390182495
164,1.079219904610616,0.10091730065282406,4.367088607594937,1.0577767042278645,1.0010051526398254,1.050458650326412,,1.057713965354314,1.0579004617662984,1.0577894841557316,1.0577298402786255
164,1.079219904610616,0.10091730065282406,4.4303797468354436,1.0573330331681363,1.0009435067533143,1.050458650326412,,1.057249159227501,1.057429780736026,1.0573373260687413,1.0572786331176758
164,1.079219904610616,0.10091730065282406,4.493670886075949,1.0569159607640854,1.0008856419584418,1.050458650326412,,1.0568114522715657,1.0569776632527632,1.056912697044248,1.056851863861084
164,1.079219904610616,0.10091730065282406,4.556962025316456,1.0565239284451193,1.0008313254621255,1.050458650326412,,1.0563998236554113,1.0565431745796021,1.0565149148753783,1.0564477443695068
164,1.079219904610616,0.10091730065282406,4.620253164556963,1.0561554645808655,1.0007803402062103,1.050458650326412,,1.0560134247363187,1.0561257325558373,1.0561432657834713,1.056065320968628
164,1.079219904610616,0.10091730065282406,4.6835443037974684,1.0558091801781353,1.000732482407411,1.050458650326412,,1.0556514273701858,1.055724906710524,1.055796888421905,1.0556999444961548
164,1.079219904610616,0.10091730065282406,4.746835443037975,1.0554837647191646,1.000687559268546,1.050458650326412,,1.0553130813076523,1.0553405166558387,1.0554747952406884,1.0553557872772217
164,1.079219904610616,0.10091730065282406,4.810126582278482,1.0551779821454674,1.000645391064755,1.050458650326412,,1.0549975543048924,1.0549726525856928,1.0551759218793932,1.0550298690795898
164,1.079219904610616,0.10091730065282406,4.8734177215189876,1.054890666989171,1.0006058096760369,1.050458650326412,,1.054704169907565,1.0546214374917848,1.0548990925849917,1.0547211170196533
164,1.079219904610616,0.10091730065282406,4.936708860759494,1.0546207206707372,1.0005686554313684,1.050458650326412,,1.0544323336557948,1.0542871255569584,1.0546430596320195,1.054429054260254
164,1.079219904610616,0.10091730065282406,5.0,1.0543671079509815,1.0005337795189617,1.050458650326412,,1.0541812174054792,1.0539701021552015,1.054406553039546,1.0541527271270752
178,0.9662972255329967,0.2781865135118912,0.0,0.9662972255329967,0.9662972255329967,1.1390932567559455,0.11983911092534727,0.9668673526609637,0.9674266041129663,0.9661852866276162,0.9662972092628479
178,0.9662972255329967,0.2781865135118912,0.06329113924050633,1.0649760708471578,0.9683641902508624,1.1390932567559455,0.11983911092534727,1.0655012503331254,1.0639276412475867,1.0647175224007603,1.0597357749938965
178,0.9662972255329967,0.2781865135118912,0.12658227848101267,1.1471302373038608,0.9703044082135965,1.1390932567559455,0.11983911092534727,1.1474513077204846,1.1474036771354235,1.1472073397674079,1.1417646408081055
178,0.9662972255329967,0.2781865135118912,0.189873417721519,1.2150183701690143,0.9721256504501271,1.1390932567559455,0.11983911092534727,1.2152482840034742,1.2158936460432392,1.2151021678373917,1.2115377187728882
178,0.9662972255329967,0.2781865135118912,0.25316455696202533,1.2706125413272003,0.9738351681038124,1.1390932567559455,0.11983911092534727,1.2708868913442861,1.2711706577907997,1.27068266804929,1.268998622894287
178,0.9662972255329967,0.2781865135118912,0.31645569620253167,1.3156334278329944,0.9754398496166057,1.1390932567559455,0.11983911092534727,1.3159857660892385,1.3156779260676277,1.3157243360357174,1.3150752782821655
178,0.9662972255329967,0.2781865135118912,0.379746835443038,1.3515812400697986,0.976946130915382,1.1390932567559455,0.11983911092534727,1.3519811396964971,1.3513232489023899,1.351646881674017,1.3513939380645752
178,0.9662972255329967,0.2781865135118912,0.44303797468354433,1.3797629087708791,0.9783600159873201,1.1390932567559455,0.11983911092534727,1.3801648841681107,1.3794844612948594,1.379756694815259,1.379784345626831
178,0.9662972255329967,0.2781865135118912,0.5063291139240507,1.4013159799082493,0.9796871878652872,1.1390932567559455,0.11983911092534727,1.4016798383654716,1.401226802544194,1.401256560575604,1.4014627933502197
178,0.9662972255329967,0.2781865135118912,0.569620253164557,1.4172296124452635,0.9809329767395201,1.1390932567559455,0.11983911092534727,1.4175249408628616,1.4174152650656886,1.4171773116870388,1.4171141386032104
178,0.9662972255329967,0.2781865135118912,0.6329113924050633,1.4283630268594063,0.9821023539369756,1.1390932567559455,0.11983911092534727,1.428570218535763,1.4287705474140922,1.428360648178058,1.4278464317321777
178,0.9662972255329967,0.2781865135118912,0.6962025316455697,1.4354617107606085,0.9832000079899013,1.1390932567559455,0.11983911092534727,1.4355720539303487,1.4359338463103177,1.435504724681687,1.4349066019058228
178,0.9662972255329967,0.2781865135118912,0.759493670886076,1.4391716513060033,0.9842303533152781,1.1390932567559455,0.11983911092534727,1.4391852220510342,1.4395313698869687,1.4392270793815078,1.438969373703003
178,0.9662972255329967,0.2781865135118912,0.8227848101265823,1.4400518318774878,0.9851975061864418,1.1390932567559455,0.11983911092534727,1.439971614571614,1.4401969681608413,1.4400977458169337,1.4403247833251953
178,0.9662972255329967,0.2781865135118912,0.8860759493670887,1.4385852020655077,0.9861053346456609,1.1390932567559455,0.11983911092534727,1.4384123750161697,1.4385336940274567,1.4386264579330765,1.439178466796875
178,0.9662972255329967,0.2781865135118912,0.949367088607595,1.4351883049858842,0.9869574946664142,1.1390932567559455,0.11983911092534727,1.4349210178735647,1.4350452886856129,1.4352350404471375,1.4358792304992676
178,0.9662972255329967,0.2781865135118912,1.0126582278481013,1.430219723923322,0.9877573945297078,1.1390932567559455,0.11983911092534727,1.4298572036676622,1.4300946924377969,1.4302602160471307,1.430846095085144
178,0.9662972255329967,0.2781865135118912,1.0759493670886076,1.4239874908893069,0.9885082253550485,1.1390932567559455,0.11983911092534727,1.4235370374622047,1.4239232969907059,1.4239931746271635,1.4244678020477295
178,0.9662972255329967,0.2781865135118912,1.139240506329114,1.4167555825848521,0.989213014974354,1.1390932567559455,0.11983911092534727,1.4162385132933284,1.4167120805287894,1.4167137410302315,1.417056918144226
178,0.9662972255329967,0.2781865135118912,1.2025316455696204,1.4087496142375948,0.9898745854453618,1.1390932567559455,0.11983911092534727,1.4082025309009363,1.408641168494056,1.4086837862458106,1.4088777303695679
178,0.9662972255329967,0.2781865135118912,1.2658227848101267,1.4001618284939317,0.9904955694140608,1.1390932567559455,0.11983911092534727,1.399631583817249,1.3999161702084186,1.400115020771516,1.400126576423645
178,0.9662972255329967,0.2781865135118912,1.3291139240506329,1.391155464916808,0.9910784744877617,1.1390932567559455,0.11983911092534727,1.3906893657933708,1.390756830839658,1.391154218931588,1.3909779787063599
178,0.9662972255329967,0.2781865135118912,1.3924050632911393,1.3818685853371384,0.9916256353400934,1.1390932567559455,0.11983911092534727,1.3815037553978353,1.3813645615930499,1.381904061814442,1.3815711736679077
178,0.9662972255329967,0.2781865135118912,1.4556962025316458,1.3724174212070697,0.9921392298310894,1.1390932567559455,0.11983911092534727,1.372172473634733,1.3718920525624154,1.3724573455044577,1.3720245361328125
178,0.9662972255329967,0.2781865135118912,1.518987341772152,1.3628993013160384,0.9926213287586768,1.1390932567559455,0.11983911092534727,1.362771053805765,1.362431104751429,1.362914922357978,1.3624345064163208
178,0.9662972255329967,0.2781865135118912,1.5822784810126582,1.3533952110580019,0.9930738650254137,1.1390932567559455,0.11983911092534727,1.3533608441700857,1.3530219446449094,1.3533796845944248,1.3528828620910645
178,0.9662972255329967,0.2781865135118912,1.6455696202531647,1.3439720281791696,0.9934986419122254,1.1390932567559455,0.11983911092534727,1.343995633097122,1.3436793312466624,1.3439401415781433,1.3434340953826904
178,0.9662972255329967,0.2781865135118912,1.708860759493671,1.3346844749008453,0.9938973678503855,1.1390932567559455,0.11983911092534727,1.3347253880142047,1.3344211885468662,1.3346590833007523,1.334140658378601
178,0.9662972255329967,0.2781865135118912,1.7721518987341773,1.3255768209470253,0.994271643657241,1.1390932567559455,0.11983911092534727,1.325597977290345,1.3252863983211034,1.325574010992842,1.3250466585159302
178,0.9662972255329967,0.2781865135118912,1.8354430379746836,1.3166843684075942,0.9946229624577904,1.1390932567559455,0.11983911092534727,1.3166588422583732,1.3163339965845988,1.3167056524723035,1.3161827325820923
178,0.9662972255329967,0.2781865135118912,1.89873417721519,1.3080347450795198,0.9949527337187464,1.1390932567559455,0.11983911092534727,1.3079491441400146,1.307627414255933,1.3080684870166643,1.3075761795043945
178,0.9662972255329967,0.2781865135118912,1.9620253164556964,1.2996490302215586,0.9952622832238721,1.1390932567559455,0.11983911092534727,1.2995040749599012,1.299214683693048,1.2996779436777306,1.2992439270019531
178,0.9662972255329967,0.2781865135118912,2.0253164556962027,1.2915427332981393,0.995552847285512,1.1390932567559455,0.11983911092534727,1.291351086465112,1.2911187141496303,1.2915527884193185,1.291202425956726
178,0.9662972255329967,0.2781865135118912,2.088607594936709,1.2837266440941273,0.995825588716309,1.1390932567559455,0.11983911092534727,1.2835088569949091,1.2833395220245727,1.2837130242727537,1.2834563255310059
178,0.9662972255329967,0.2781865135118912,2.151898734177215,1.2762075702570055,0.9960816055169331,1.1390932567559455,0.11983911092534727,1.2759874062729868,1.2758659068738756,1.2761763432364726,1.2760106325149536
178,0.9662972255329967,0.2781865135118912,2.2151898734177218,1.268988976306406,0.996321921356417,1.1390932567559455,0.11983911092534727,1.2687887185654125,1.2686864878657151,1.2689542437368413,1.2688698768615723
178,0.9662972255329967,0.2781865135118912,2.278481012658228,1.2620715365151176,0.996547495551965,1.1390932567559455,0.11983911092534727,1.2619084809632966,1.261795951758721,1.2620499036009813,1.2620290517807007
178,0.9662972255329967,0.2781865135118912,2.3417721518987342,1.2554536125275975,0.9967592374546155,1.1390932567559455,0.11983911092534727,1.2553377232721032,1.255194659328542,1.2554580901186752,1.2554874420166016
178,0.9662972255329967,0.2781865135118912,2.405063291139241,1.249131665244664,0.9969579946629703,1.1390932567559455,0.11983911092534727,1.2490648514743978,1.2488846768357107,1.249167092916148,1.2492384910583496
178,0.9662972255329967,0.2781865135118912,2.468354430379747,1.2431006093381811,0.9971445586065514,1.1390932567559455,0.11983911092534727,1.2430775991981287,1.2428658730890825,1.2431620418187428,1.2432761192321777
178,0.9662972255329967,0.2781865135118912,2.5316455696202533,1.2373541177321203,0.9973196823973735,1.1390932567559455,0.11983911092534727,1.2373638804590674,1.2371339187808739,1.2374286200456104,1.2375935316085815
178,0.9662972255329967,0.2781865135118912,2.5949367088607596,1.2318848824822908,0.9974840674484422,1.1390932567559455,0.11983911092534727,1.2319131999656185,1.2316805652678469,1.2319558023673267,1.2321807146072388
178,0.9662972255329967,0.2781865135118912,2.6582278481012658,1.2266848376931234,0.9976383678736592,1.1390932567559455,0.11983911092534727,1.2267165875232466,1.2264953172584057,1.226737324928587,1.2270307540893555
178,0.9662972255329967,0.2781865135118912,2.7215189873417724,1.2217453494136372,0.9977832061944504,1.1390932567559455,0.11983911092534727,1.22176682761898,1.2215670809013561,1.22177081420289,1.222133755683899
178,0.9662972255329967,0.2781865135118912,2.7848101265822787,1.2170573768374897,0.9979191629195849,1.1390932567559455,0.11983911092534727,1.2170578526623643,1.2168856970824118,1.2170557455191935,1.2174797058105469
178,0.9662972255329967,0.2781865135118912,2.848101265822785,1.2126116085778493,0.9980467796594611,1.1390932567559455,0.11983911092534727,1.2125844478053887,1.2124421628092505,1.2125907174579011,1.213059663772583
178,0.9662972255329967,0.2781865135118912,2.9113924050632916,1.2083985773620118,0.9981665700017508,1.1390932567559455,0.11983911092534727,1.2083413982000413,1.2082285082198172,1.208370958956316,1.2088639736175537
178,0.9662972255329967,0.2781865135118912,2.9746835443037978,1.204408756039946,0.9982790147204273,1.1390932567559455,0.11983911092534727,1.2043233496077193,1.2042373702111018,1.2043871215343316,1.2048828601837158
178,0.9662972255329967,0.2781865135118912,3.037974683544304,1.2006326373904124,0.998384562271519,1.1390932567559455,0.11983911092534727,1.20052416064295,1.2004613118850753,1.2006257133858047,1.2011067867279053
178,0.9662972255329967,0.2781865135118912,3.1012658227848102,1.1970608000131724,0.9984836363687998,1.1390932567559455,0.11983911092534727,1.1969366977872269,1.196892592964186,1.1970706783308533,1.1975270509719849
178,0.9662972255329967,0.2781865135118912,3.1645569620253164,1.1936839621902222,0.9985766351855223,1.1390932567559455,0.11983911092534727,1.1935531223696396,1.1935227434201385,1.1937059053080163,1.1941343545913696
178,0.9662972255329967,0.2781865135118912,3.227848101265823,1.1904930254020298,0.9986639300447961,1.1390932567559455,0.11983911092534727,1.190364349403401,1.1903428094572905,1.1905172841987377,1.1909207105636597
178,0.9662972255329967,0.2781865135118912,3.2911392405063293,1.187479109003591,0.9987458705119024,1.1390932567559455,0.11983911092534727,1.1873609823227542,1.1873432961165267,1.1874942301344065,1.1878734827041626
178,0.9662972255329967,0.2781865135118912,3.3544303797468356,1.1846335772974532,0.9988227863499832,1.1390932567559455,0.11983911092534727,1.1845328948111993,1.184514437856995,1.1846299071400328,1.18498957157135
178,0.9662972255329967,0.2781865135118912,3.417721518987342,1.1819480601436598,0.9988949850153959,1.1390932567559455,0.11983911092534727,1.1818699605522354,1.1818464855367368,1.1819204040800075,1.1822590827941895
178,0.9662972255329967,0.2781865135118912,3.4810126582278484,1.1794144680786802,0.9989627548990656,1.1390932567559455,0.11983911092534727,1.179362209018847,1.1793298294043855,1.1793634142917742,1.179674506187439
178,0.9662972255329967,0.2781865135118912,3.5443037974683547,1.1770250027550933,0.9990263691068916,1.1390932567559455,0.11983911092534727,1.176999768077377,1.1769552614814547,1.176956550625401,1.177228331565857
178,0.9662972255329967,0.2781865135118912,3.607594936708861,1.1747721634681763,0.9990860822130817,1.1390932567559455,0.11983911092534727,1.1747735199432519,1.1747140657562525,1.1746961163927596,1.1749187707901
178,0.9662972255329967,0.2781865135118912,3.670886075949367,1.172648750377967,0.9991421321382725,1.1390932567559455,0.11983911092534727,1.1726747978014587,1.1725981657739184,1.172576337857928,1.1727319955825806
178,0.9662972255329967,0.2781865135118912,3.7341772151898738,1.1706478649783896,0.9991947450653134,1.1390932567559455,0.11983911092534727,1.1706955825932628,1.170600005744448,1.1705893039506268,1.1706652641296387
178,0.9662972255329967,0.2781865135118912,3.79746835443038,1.1687629082905246,0.9992441317217202,1.1390932567559455,0.11983911092534727,1.1688286588056924,1.168712771927751,1.16872562761263,1.1687129735946655
178,0.9662972255329967,0.2781865135118912,3.8607594936708862,1.1669875771839398,0.9992904885686361,1.1390932567559455,0.11983911092534727,1.1670673684881416,1.166930286040845,1.1669749946864563,1.1668695211410522
178,0.9662972255329967,0.2781865135118912,3.924050632911393,1.1653158591755073,0.9993340027478657,1.1390932567559455,0.11983911092534727,1.1654056604490497,1.1652469478617304,1.1653272251404527,1.1651228666305542
178,0.9662972255329967,0.2781865135118912,3.987341772151899,1.1637420260092568,0.9993748486036158,1.1390932567559455,0.11983911092534727,1.1638380656575618,1.1636577311296668,1.1637729868163726,1.163477897644043
178,0.9662972255329967,0.2781865135118912,4.050632911392405,1.1622606262739226,0.9994131888070591,1.1390932567559455,0.11983911092534727,1.162359566052384,1.1621581015507063,1.162304187768032,1.1619261503219604
178,0.9662972255329967,0.2781865135118912,4.113924050632912,1.1608664772783048,0.999449177752656,1.1390932567559455,0.11983911092534727,1.1609654879489777,1.160743943002677,1.1609143578312546,1.1604632139205933
178,0.9662972255329967,0.2781865135118912,4.177215189873418,1.1595546563720933,0.9994829598312918,1.1390932567559455,0.11983911092534727,1.1596515020395595,1.1594115165379475,1.159598659937478,1.1590847969055176
178,0.9662972255329967,0.2781865135118912,4.2405063291139244,1.158320491871402,0.9995146697355417,1.1390932567559455,0.11983911092534727,1.158413582395869,1.1581574029873032,1.1583535774477451,1.15778648853302
178,0.9662972255329967,0.2781865135118912,4.30379746835443,1.1571595537235515,0.9995444348421907,1.1390932567559455,0.11983911092534727,1.1572477686852183,1.1569784414640951,1.157176720928178,1.1565706729888916
178,0.9662972255329967,0.2781865135118912,4.367088607594937,1.1560676440242785,0.9995723747347153,1.1390932567559455,0.11983911092534727,1.1561504941483542,1.1558716227714365,1.1560664494988357,1.1554254293441772
178,0.9662972255329967,0.2781865135118912,4.4303797468354436,1.1550407874821038,0.999598600939103,1.1390932567559455,0.11983911092534727,1.1551181838265772,1.154834142698604,1.1550214793554416,1.154350996017456
178,0.9662972255329967,0.2781865135118912,4.493670886075949,1.1540752219086545,0.9996232185417214,1.1390932567559455,0.11983911092534727,1.1541474759467978,1.15386327902934,1.1540407289016157,1.1533446311950684
178,0.9662972255329967,0.2781865135118912,4.556962025316456,1.1531673887998684,0.9996463265804673,1.1390932567559455,0.11983911092534727,1.1532350333342665,1.1529563669435126,1.1531229409663992,1.1524038314819336
178,0.9662972255329967,0.2781865135118912,4.620253164556963,1.1523139240607165,0.9996680173990776,1.1390932567559455,0.11983911092534727,1.1523778795898827,1.1521108482137958,1.1522666691180983,1.151525616645813
178,0.9662972255329967,0.2781865135118912,4.6835443037974684,1.1515116489149075,0.99968837769372,1.1390932567559455,0.11983911092534727,1.1515728579267208,1.1513241810117565,1.151470030941947,1.1507054567337036
178,0.9662972255329967,0.2781865135118912,4.746835443037975,1.150757561030885,0.9997074894867092,1.1390932567559455,0.11983911092534727,1.1508171641340579,1.1505938768053634,1.1507309437422804,1.1499444246292114
178,0.9662972255329967,0.2781865135118912,4.810126582278482,1.1500488259058743,0.9997254292389604,1.1390932567559455,0.11983911092534727,1.1501080759956361,1.1499174265639698,1.1500469019670014,1.1492393016815186
178,0.9662972255329967,0.2781865135118912,4.8734177215189876,1.149382768516877,0.9997422684742967,1.1390932567559455,0.11983911092534727,1.1494428630957516,1.1492924483483502,1.149415199519875,1.1485881805419922
178,0.9662972255329967,0.2781865135118912,4.936708860759494,1.1487568652488245,0.999758075122066,1.1390932567559455,0.11983911092534727,1.1488191311960092,1.14871652332177,1.1488328528603253,1.1479897499084473
178,0.9662972255329967,0.2781865135118912,5.0,1.1481687361056292,0.9997729124917394,1.1390932567559455,0.11983911092534727,1.1482344614596736,1.1481872449466637,1.1482969259897795,1.1474417448043823
184,0.7863903726557633,0.04791040644131399,0.0,0.7863903726557633,0.7863903726557633,1.023955203220657,2.3182021852944295,0.7866696571299437,0.7867481094346201,0.7864162093712519,0.7863903641700745
184,0.7863903726557633,0.04791040644131399,0.06329113924050633,0.8161299041408557,0.7994908835216937,1.023955203220657,2.3182021852944295,0.816450375010066,0.8167457846706934,0.8161240124940928,0.8144211173057556
184,0.7863903726557633,0.04791040644131399,0.12658227848101267,0.8422418604264609,0.8117880680277346,1.023955203220657,2.3182021852944295,0.8422825018096675,0.8427004931963518,0.8422722839313552,0.8399413228034973
184,0.7863903726557633,0.04791040644131399,0.189873417721519,0.8651631716607403,0.8233311792879001,1.023955203220657,2.3182021852944295,0.8649423775278466,0.8653908708557304,0.8651845018505667,0.8629288077354431
184,0.7863903726557633,0.04791040644131399,0.25316455696202533,0.8852784731999949,0.834166175359207,1.023955203220657,2.3182021852944295,0.8849402045272903,0.8853068837774085,0.8852902895292416,0.8834156394004822
184,0.7863903726557633,0.04791040644131399,0.31645569620253167,0.9029263445060921,0.8443367154816407,1.023955203220657,2.3182021852944295,0.9026110613910783,0.9028458607427415,0.9029345554028321,0.9015213847160339
184,0.7863903726557633,0.04791040644131399,0.379746835443038,0.9184048049477117,0.8538835908352466,1.023955203220657,2.3182021852944295,0.9181923056982,0.9183274653752784,0.9184067850747677,0.9174419641494751
184,0.7863903726557633,0.04791040644131399,0.44303797468354433,0.9319761549448023,0.8628448549477901,1.023955203220657,2.3182021852944295,0.9318795106479809,0.931974739020317,0.9319724360921193,0.9314014315605164
184,0.7863903726557633,0.04791040644131399,0.5063291139240507,0.9438712403676959,0.8712565271248638,1.023955203220657,2.3182021852944295,0.9438569342034944,0.9439426020211428,0.9438703601414583,0.9436137080192566
184,0.7863903726557633,0.04791040644131399,0.569620253164557,0.9542932088346202,0.8791523903403687,1.023955203220657,2.3182021852944295,0.9543082931643414,0.9543743151080344,0.9543035674386855,0.9542702436447144
184,0.7863903726557633,0.04791040644131399,0.6329113924050633,0.9634208183856449,0.8865639530773738,1.023955203220657,2.3182021852944295,0.963414286933789,0.9634379669354514,0.9634415085664536,0.9635400772094727
184,0.7863903726557633,0.04791040644131399,0.6962025316455697,0.9714113518164104,0.8935209314539734,1.023955203220657,2.3182021852944295,0.9713469399006448,0.9713236288740776,0.9714323429910801,0.9715806245803833
184,0.7863903726557633,0.04791040644131399,0.759493670886076,0.9784031836159504,0.900051304233968,1.023955203220657,2.3182021852944295,0.9782631402753685,0.9782139927926939,0.9784144884995649,0.9785427451133728
184,0.7863903726557633,0.04791040644131399,0.8227848101265823,0.9845180408677707,0.9061811605339724,1.023955203220657,2.3182021852944295,0.984301778483223,0.984258755987128,0.9845187619526733,0.9845593571662903
184,0.7863903726557633,0.04791040644131399,0.8860759493670887,0.9898629945524797,0.9119350161714698,1.023955203220657,2.3182021852944295,0.9895827878290266,0.9895679468307548,0.9898613268926962,0.9897458553314209
184,0.7863903726557633,0.04791040644131399,0.949367088607595,0.9945322133546796,0.9173360428628777,1.023955203220657,2.3182021852944295,0.9942082104252059,0.9942224118666462,0.9945365203129891,0.9942156076431274
184,0.7863903726557633,0.04791040644131399,1.0126582278481013,0.9986085082569844,0.9224058424391157,1.023955203220657,2.3182021852944295,0.9982641650589702,0.9982902802962605,0.9986186796100904,0.9980758428573608
184,0.7863903726557633,0.04791040644131399,1.0759493670886076,1.002164692838614,0.9271646403522249,1.023955203220657,2.3182021852944295,1.001823020045649,1.0018383940079472,1.0021730422119428,1.0014257431030273
184,0.7863903726557633,0.04791040644131399,1.139240506329114,1.005264781231096,0.9316316271305192,1.023955203220657,2.3182021852944295,1.0049454758881184,1.0049342672446724,1.0052647404180923,1.004357099533081
184,0.7863903726557633,0.04791040644131399,1.2025316455696204,1.0079650430687412,0.935824689096746,1.023955203220657,2.3182021852944295,1.0076827791273724,1.00764058477538,1.0079575618966348,1.0069657564163208
184,0.7863903726557633,0.04791040644131399,1.2658227848101267,1.0103149324709564,0.9397605120738846,1.023955203220657,2.3182021852944295,1.0100784770240856,1.0100093228918072,1.0103067340591354,1.0093204975128174
184,0.7863903726557633,0.04791040644131399,1.3291139240506329,1.012357906071512,0.9434549893844161,1.023955203220657,2.3182021852944295,1.0121703772263417,1.0120805276909484,1.0123549458514902,1.0114673376083374
184,0.7863903726557633,0.04791040644131399,1.3924050632911393,1.0141321433170172,0.9469229182897466,1.023955203220657,2.3182021852944295,1.0139916546949181,1.013885143884117,1.0141349458734636,1.0134238004684448
184,0.7863903726557633,0.04791040644131399,1.4556962025316458,1.0156711806794252,0.9501781021599972,1.023955203220657,2.3182021852944295,1.0155719586285725,1.015450705212858,1.0156756859722476,1.0151931047439575
184,0.7863903726557633,0.04791040644131399,1.518987341772152,1.017004470037406,0.9532336658010804,1.023955203220657,2.3182021852944295,1.0169382324086973,1.0168052619838501,1.0170063535049794,1.0167734622955322
184,0.7863903726557633,0.04791040644131399,1.5822784810126582,1.0181578702963128,0.9561018600321542,1.023955203220657,2.3182021852944295,1.018115090773863,1.0179777336451068,1.0181556346585272,1.018168568611145
184,0.7863903726557633,0.04791040644131399,1.6455696202531647,1.0191540801753958,0.9587941141249172,1.023955203220657,2.3182021852944295,1.0191250248059807,1.018995670337066,1.0191493660404543,1.019383430480957
184,0.7863903726557633,0.04791040644131399,1.708860759493671,1.020013019196668,0.9613212561899207,1.023955203220657,2.3182021852944295,1.0199885331214478,1.0198828750530886,1.020008949375849,1.0204280614852905
184,0.7863903726557633,0.04791040644131399,1.7721518987341773,1.0207521630608625,0.963693432276036,1.023955203220657,2.3182021852944295,1.0207242284639533,1.0206573701767112,1.0207512077220826,1.021317720413208
184,0.7863903726557633,0.04791040644131399,1.8354430379746836,1.0213868388343172,0.9659201058734236,1.023955203220657,2.3182021852944295,1.0213488623028173,1.0213320698362645,1.0213895393553534,1.0220650434494019
184,0.7863903726557633,0.04791040644131399,1.89873417721519,1.0219304847613127,0.9680102102424447,1.023955203220657,2.3182021852944295,1.0218773494313307,1.021916091816322,1.0219355248699513,1.0226869583129883
184,0.7863903726557633,0.04791040644131399,1.9620253164556964,1.0223948789222064,0.9699721482573481,1.023955203220657,2.3182021852944295,1.022322858160667,1.0224169222115917,1.0224000095372807,1.0231976509094238
184,0.7863903726557633,0.04791040644131399,2.0253164556962027,1.0227903404431211,0.9718137557186948,1.023955203220657,2.3182021852944295,1.0226969497104743,1.022842014318996,1.0227935056883029,1.023614525794983
184,0.7863903726557633,0.04791040644131399,2.088607594936709,1.0231259065583669,0.9735424025827955,1.023955203220657,2.3182021852944295,1.023009906186738,1.0231993543994835,1.0231261333623785,1.023946762084961
184,0.7863903726557633,0.04791040644131399,2.151898734177215,1.0234094883971896,0.9751650480249006,1.023955203220657,2.3182021852944295,1.0232705665928483,1.02349762566696,1.023407224509558,1.024207592010498
184,0.7863903726557633,0.04791040644131399,2.2151898734177218,1.0236480080382089,0.9766881801031596,1.023955203220657,2.3182021852944295,1.0234866958046969,1.0237454621386521,1.0236447893348157,1.0244101285934448
184,0.7863903726557633,0.04791040644131399,2.278481012658228,1.0238475190762613,0.9781178790110845,1.023955203220657,2.3182021852944295,1.0236651731579465,1.023950948468867,1.023845221893735,1.0245615243911743
184,0.7863903726557633,0.04791040644131399,2.3417721518987342,1.0240133126720377,0.979459908254482,1.023955203220657,2.3182021852944295,1.0238120744424972,1.0241209885916074,1.0240134086750292,1.0246703624725342
184,0.7863903726557633,0.04791040644131399,2.405063291139241,1.0241500108213533,0.9807196399495755,1.023955203220657,2.3182021852944295,1.0239325981074678,1.0242610761360678,1.0241528852245545,1.024744987487793
184,0.7863903726557633,0.04791040644131399,2.468354430379747,1.0242616483742801,0.9819020902105541,1.023955203220657,2.3182021852944295,1.0240313850396108,1.0243753764211,1.0242664111061168,1.0247911214828491
184,0.7863903726557633,0.04791040644131399,2.5316455696202533,1.024351745151711,0.9830120322936088,1.023955203220657,2.3182021852944295,1.0241126415550104,1.0244668740452518,1.0243566074590569,1.0248137712478638
184,0.7863903726557633,0.04791040644131399,2.5949367088607596,1.024423369345878,0.9840539117843946,1.023955203220657,2.3182021852944295,1.0241796064350577,1.0245377582607544,1.024426282059259,1.024821162223816
184,0.7863903726557633,0.04791040644131399,2.6582278481012658,1.0244791932496966,0.9850318744848231,1.023955203220657,2.3182021852944295,1.0242352642783001,1.0245898411452972,1.0244785925203599,1.0248134136199951
184,0.7863903726557633,0.04791040644131399,2.7215189873417724,1.0245215422355358,0.9859498659623399,1.023955203220657,2.3182021852944295,1.0242820093231328,1.024624811784871,1.0245169695412562,1.024795651435852
184,0.7863903726557633,0.04791040644131399,2.7848101265822787,1.024552437795078,0.9868115655063735,1.023955203220657,2.3182021852944295,1.0243216208494594,1.024644392063254,1.0245447364390088,1.0247677564620972
184,0.7863903726557633,0.04791040644131399,2.848101265822785,1.0245736353502444,0.9876204058668168,1.023955203220657,2.3182021852944295,1.0243554681648548,1.024650508850387,1.0245646544446605,1.0247358083724976
184,0.7863903726557633,0.04791040644131399,2.9113924050632916,1.0245866574625833,0.9883796421843211,1.023955203220657,2.3182021852944295,1.0243845188040133,1.0246453268001618,1.0245786991073413,1.0246999263763428
184,0.7863903726557633,0.04791040644131399,2.9746835443037978,1.0245928230044163,0.9890923216249057,1.023955203220657,2.3182021852944295,1.0244093139304078,1.0246309859681302,1.0245879024750497,1.0246615409851074
184,0.7863903726557633,0.04791040644131399,3.037974683544304,1.024593272767198,0.9897612865220793,1.023955203220657,2.3182021852944295,1.0244300913279882,1.0246096674070768,1.0245924707767782,1.0246243476867676
184,0.7863903726557633,0.04791040644131399,3.1012658227848102,1.0245889919338482,0.9903892223918785,1.023955203220657,2.3182021852944295,1.0244468263984152,1.0245835357708932,1.0245921637052118,1.0245862007141113
184,0.7863903726557633,0.04791040644131399,3.1645569620253164,1.0245808298141972,0.9909786528734266,1.023955203220657,2.3182021852944295,1.024459338753864,1.0245543621400364,1.024586662173773,1.0245481729507446
184,0.7863903726557633,0.04791040644131399,3.227848101265823,1.0245695171387037,0.9915319314284833,1.023955203220657,2.3182021852944295,1.024467357812599,1.0245237700049248,1.0245759300253034,1.0245109796524048
184,0.7863903726557633,0.04791040644131399,3.2911392405063293,1.0245556812472387,0.9920512736167709,1.023955203220657,2.3182021852944295,1.0244705637962035,1.0244929072880766,1.0245604153100438,1.0244797468185425
184,0.7863903726557633,0.04791040644131399,3.3544303797468356,1.0245398593846384,0.9925387694911939,1.023955203220657,2.3182021852944295,1.02446854673235,1.024462667729167,1.0245411120902665,1.0244481563568115
184,0.7863903726557633,0.04791040644131399,3.417721518987342,1.0245225103713176,0.992996367723311,1.023955203220657,2.3182021852944295,1.0244611508315538,1.0244335842922223,1.024519376124566,1.024418830871582
184,0.7863903726557633,0.04791040644131399,3.4810126582278484,1.0245040248170956,0.9934258961471532,1.023955203220657,2.3182021852944295,1.024448130110418,1.0244058619634064,1.0244966691681345,1.024392008781433
184,0.7863903726557633,0.04791040644131399,3.5443037974683547,1.024484734066256,0.9938290857195938,1.023955203220657,2.3182021852944295,1.024429517366729,1.024379435147147,1.0244743336401838,1.024367332458496
184,0.7863903726557633,0.04791040644131399,3.607594936708861,1.0244649180356762,0.9942075499428676,1.023955203220657,2.3182021852944295,1.0244053453982733,1.0243541808517451,1.024453311524098,1.0243440866470337
184,0.7863903726557633,0.04791040644131399,3.670886075949367,1.0244448120647933,0.9945627967681535,1.023955203220657,2.3182021852944295,1.0243759749806989,1.0243297301021062,1.0244340619439556,1.02432382106781
184,0.7863903726557633,0.04791040644131399,3.7341772151898738,1.024424612907425,0.9948962597520321,1.023955203220657,2.3182021852944295,1.0243417668896548,1.0243057057236884,1.0244165810915746,1.0243055820465088
184,0.7863903726557633,0.04791040644131399,3.79746835443038,1.0244044839709798,0.9952092744945161,1.023955203220657,2.3182021852944295,1.0243033770808656,1.0242817797386292,1.0244004864668996,1.0242894887924194
184,0.7863903726557633,0.04791040644131399,3.8607594936708862,1.024384559892459,0.9955030861747439,1.023955203220657,2.3182021852944295,1.0242615025072888,1.0242576077701733,1.024385163658407,1.0242748260498047
184,0.7863903726557633,0.04791040644131399,3.924050632911393,1.0243649505314465,0.9957788809054848,1.023955203220657,2.3182021852944295,1.0242169959113665,1.0242329684332636,1.0243699526634988,1.0242600440979004
184,0.7863903726557633,0.04791040644131399,3.987341772151899,1.0243457444537791,0.9960377636877881,1.023955203220657,2.3182021852944295,1.0241709314205982,1.0242077715339877,1.0243542740713927,1.0242477655410767
184,0.7863903726557633,0.04791040644131399,4.050632911392405,1.0243270119682266,0.9962807655385065,1.023955203220657,2.3182021852944295,1.0241243339658035,1.0241820826679184,1.0243377125506492,1.0242369174957275
184,0.7863903726557633,0.04791040644131399,4.113924050632912,1.0243088077711682,0.9965088650163407,1.023955203220657,2.3182021852944295,1.0240783104722677,1.0241559428322884,1.0243200990140406,1.0242267847061157
184,0.7863903726557633,0.04791040644131399,4.177215189873418,1.02429117324772,0.9967229772769013,1.023955203220657,2.3182021852944295,1.0240341236547614,1.0241298111961048,1.0243014817065554,1.0242176055908203
184,0.7863903726557633,0.04791040644131399,4.2405063291139244,1.0242741384719576,0.9969239560074972,1.023955203220657,2.3182021852944295,1.0239930526269474,1.0241039911388905,1.0242821011895957,1.0242092609405518
184,0.7863903726557633,0.04791040644131399,4.30379746835443,1.0242577239437016,0.9971126085276427,1.023955203220657,2.3182021852944295,1.0239563273058097,1.0240790976191374,1.0242623605238363,1.024200201034546
184,0.7863903726557633,0.04791040644131399,4.367088607594937,1.0242419420947717,0.9972896927625319,1.023955203220657,2.3182021852944295,1.0239249808216146,1.0240557783931237,1.0242427346532836,1.0241926908493042
184,0.7863903726557633,0.04791040644131399,4.4303797468354436,1.0242267985935805,0.9974559155686501,1.023955203220657,2.3182021852944295,1.0239004398780636,1.0240347304138067,1.0242237193214734,1.0241856575012207
184,0.7863903726557633,0.04791040644131399,4.493670886075949,1.0242122934734172,0.9976119429878931,1.023955203220657,2.3182021852944295,1.0238836474115107,1.0240167818252892,1.0242058076373532,1.024179220199585
184,0.7863903726557633,0.04791040644131399,4.556962025316456,1.024198422106681,0.9977584027266956,1.023955203220657,2.3182021852944295,1.0238757923417072,1.0240027361733335,1.024189409456761,1.0241731405258179
184,0.7863903726557633,0.04791040644131399,4.620253164556963,1.0241851760446217,0.9978958800636176,1.023955203220657,2.3182021852944295,1.023877727411095,1.023993470798722,1.0241748585194235,1.024167776107788
184,0.7863903726557633,0.04791040644131399,4.6835443037974684,1.02417254373979,0.9980249244826681,1.023955203220657,2.3182021852944295,1.023890411954922,1.0239898548427895,1.0241624011152197,1.0241562128067017
184,0.7863903726557633,0.04791040644131399,4.746835443037975,1.0241605111663072,0.9981460558447626,1.023955203220657,2.3182021852944295,1.0239145757239312,1.0239926754524058,1.0241521730591676,1.0241491794586182
184,0.7863903726557633,0.04791040644131399,4.810126582278482,1.0241490623511162,0.9982597587624896,1.023955203220657,2.3182021852944295,1.023950948468867,1.0240027853700129,1.024144236737957,1.0241421461105347
184,0.7863903726557633,0.04791040644131399,4.8734177215189876,1.0241381798263949,0.998366486556919,1.023955203220657,2.3182021852944295,1.024000087752095,1.0240209225458015,1.02413855137852,1.0241349935531616
184,0.7863903726557633,0.04791040644131399,4.936708860759494,1.0241278450152387,0.9984666697671846,1.023955203220657,2.3182021852944295,1.0240623133520312,1.0240478085310682,1.0241350489340886,1.0241279602050781
184,0.7863903726557633,0.04791040644131399,5.0,1.0241180385591386,0.9985607096513226,1.023955203220657,2.3182021852944295,1.024138174631595,1.0240840746831987,1.0241335849132658,1.0241209268569946
186,0.3654085118507558,0.11226893636067593,0.0,0.3654085118507558,0.3654085118507558,1.056134468180338,,0.36547287720122223,0.3650474899137417,0.3654667501796155,0.3654085099697113
186,0.3654085118507558,0.11226893636067593,0.06329113924050633,0.4433179790577393,0.4043275099749783,1.056134468180338,,0.44376650618785063,0.44441682069333743,0.44325841749841116,0.43937861919403076
186,0.3654085118507558,0.11226893636067593,0.12658227848101267,0.5122227493240914,0.4408599861220378,1.056134468180338,,0.5123223412498749,0.5122512356493153,0.5122710463001162,0.5066959261894226
186,0.3654085118507558,0.11226893636067593,0.189873417721519,0.5731776057597167,0.4751522614447093,1.056134468180338,,0.5730718768165174,0.5729992953155771,0.5732202675839173,0.5674160122871399
186,0.3654085118507558,0.11226893636067593,0.25316455696202533,0.6271128921978325,0.5073408681403283,1.056134468180338,,0.6270549667003896,0.6277092825357972,0.6271374393450551,0.6217743158340454
186,0.3654085118507558,0.11226893636067593,0.31645569620253167,0.6748492491756669,0.5375555090805276,1.056134468180338,,0.674945375824137,0.6754089397347962,0.6748688787262846,0.6702029705047607
186,0.3654085118507558,0.11226893636067593,0.379746835443038,0.7171106015174543,0.5659173667043699,1.056134468180338,,0.7173475345903023,0.7171792819469118,0.7171184521007123,0.71323561668396
186,0.3654085118507558,0.11226893636067593,0.44303797468354433,0.7545356050826157,0.5925394904334295,1.056134468180338,,0.7548622328471559,0.7545267442917483,0.7545271557685946,0.7514137029647827
186,0.3654085118507558,0.11226893636067593,0.5063291139240507,0.7876877357635204,0.6175288864219823,1.056134468180338,,0.7880622183357368,0.7878857990435735,0.7876767319192004,0.7852389812469482
186,0.3654085118507558,0.11226893636067593,0.569620253164557,0.8170641819480711,0.6409859171300368,1.056134468180338,,0.8174624818955218,0.8173213858191346,0.8170691577200121,0.8151721358299255
186,0.3654085118507558,0.11226893636067593,0.6329113924050633,0.8431036825221779,0.6630041879601617,1.056134468180338,,0.8435088602337097,0.8432212400473134,0.8431273213733836,0.8416579961776733
186,0.3654085118507558,0.11226893636067593,0.6962025316455697,0.8661934356117816,0.6836719795569979,1.056134468180338,,0.8665851202470476,0.8661582898569727,0.8662193949563337,0.8651342391967773
186,0.3654085118507558,0.11226893636067593,0.759493670886076,0.886675188388952,0.7030724112329912,1.056134468180338,,0.8870290955326592,0.8865925733967516,0.8866846803047697,0.8860052227973938
186,0.3654085118507558,0.11226893636067593,0.8227848101265823,0.9048506051602903,0.721282988536666,1.056134468180338,,0.9051452971368522,0.9048090706312542,0.9048413402340069,0.9046154618263245
186,0.3654085118507558,0.11226893636067593,0.8860759493670887,0.9209859994026738,0.7383765430594305,1.056134468180338,,0.9212109155499999,0.9210021904383943,0.9209746286863001,0.9212260842323303
186,0.3654085118507558,0.11226893636067593,0.949367088607595,0.9353165052381963,0.7544219133372043,1.056134468180338,,0.935474410401733,0.9353524682325076,0.9353213464235492,0.9359756708145142
186,0.3654085118507558,0.11226893636067593,1.0126582278481013,0.9480497548705207,0.769483274090011,1.056134468180338,,0.9481530998236509,0.9480509839162052,0.9480716174683681,0.9489021897315979
186,0.3654085118507558,0.11226893636067593,1.0759493670886076,0.9593691206033457,0.7836207110914497,1.056134468180338,,0.9594341443829092,0.959294015841216,0.9593916203568043,0.9601264595985413
186,0.3654085118507558,0.11226893636067593,1.139240506329114,0.9694365731000503,0.7968912355636965,1.056134468180338,,0.96947781046195,0.969270635045744,0.9694445222270688,0.9698930978775024
186,0.3654085118507558,0.11226893636067593,1.2025316455696204,0.9783952014089854,0.8093479841949787,1.056134468180338,,0.9784230130843757,0.9781512834254108,0.9783888262635931,0.9784841537475586
186,0.3654085118507558,0.11226893636067593,1.2658227848101267,0.9863714348744886,0.8210405272287781,1.056134468180338,,0.9863917436160912,0.9860814765582988,0.9863632439971429,0.9861423373222351
186,0.3654085118507558,0.11226893636067593,1.3291139240506329,0.9934770022759873,0.8320160805480451,1.056134468180338,,0.9934927595162545,0.9931802376106585,0.9934782554159015,0.9930381774902344
186,0.3654085118507558,0.11226893636067593,1.3924050632911393,0.9998106593496333,0.8423186038574448,1.056134468180338,,0.9998231914288038,0.9995411550655142,0.9998215330319598,0.9992749094963074
186,0.3654085118507558,0.11226893636067593,1.4556962025316458,1.005459712174467,0.8519891042094444,1.056134468180338,,1.0054701994706612,1.005237941947431,1.00547159712814,1.0049121379852295
186,0.3654085118507558,0.11226893636067593,1.518987341772152,1.0105013606093434,0.8610665727778725,1.056134468180338,,1.010511358605721,1.0103318973188844,1.0105063099107354,1.009994387626648
186,0.3654085118507558,0.11226893636067593,1.5822784810126582,1.0150038830524841,0.8695874042966799,1.056134468180338,,1.0150156261795449,1.0148779328734796,1.0150005319106474,1.014552116394043
186,0.3654085118507558,0.11226893636067593,1.6455696202531647,1.019027681422341,0.8775855528466661,1.056134468180338,,1.0190437272933481,1.0189291072299,1.0190208676128738,1.0186306238174438
186,0.3654085118507558,0.11226893636067593,1.708860759493671,1.0226262028220054,0.8850931865789542,1.056134468180338,,1.022649081341463,1.022538249422325,1.0226228677839233,1.0222721099853516
186,0.3654085118507558,0.11226893636067593,1.7721518987341773,1.0258467525445323,0.8921404473759438,1.056134468180338,,1.0258785317620809,1.0257570159640765,1.0258513943546388,1.025515079498291
186,0.3654085118507558,0.11226893636067593,1.8354430379746836,1.028731211259358,0.8987554493744767,1.056134468180338,,1.0287730183918706,1.0286336769970472,1.0287435345339377,1.028397798538208
186,0.3654085118507558,0.11226893636067593,1.89873417721519,1.0313166677431638,0.9049647315047472,1.056134468180338,,1.0313684794051006,1.0312115010007288,1.0313324623256916,1.0309631824493408
186,0.3654085118507558,0.11226893636067593,1.9620253164556964,1.033635977098724,0.9107932570258896,1.056134468180338,,1.0336965482665952,1.033527344487404,1.033649519501267,1.033246397972107
186,0.3654085118507558,0.11226893636067593,2.0253164556962027,1.0357182533504916,0.9162643045344366,1.056134468180338,,1.035785111294102,1.035611766794398,1.0357248749766186,1.0352798700332642
186,0.3654085118507558,0.11226893636067593,2.088607594936709,1.0375893041045563,0.9213997686968399,1.056134468180338,,1.0376591276029457,1.0374896655411878,1.0375873071591222,1.0370944738388062
186,0.3654085118507558,0.11226893636067593,2.151898734177215,1.0392720141560357,0.9262203238311982,1.056134468180338,,1.0393408258927486,1.0391817197319946,1.0392633241794254,1.0387167930603027
186,0.3654085118507558,0.11226893636067593,2.2151898734177218,1.040786684073416,0.9307452446608799,1.056134468180338,,1.0408503768020452,1.0407055048805176,1.0407757965682252,1.040170669555664
186,0.3654085118507558,0.11226893636067593,2.278481012658228,1.0421513290757076,0.9349925942249696,1.056134468180338,,1.0422059667033037,1.0420766327330055,1.042143476133409,1.0414769649505615
186,0.3654085118507558,0.11226893636067593,2.3417721518987342,1.0433819428833129,0.9389794947467105,1.056134468180338,,1.0434240764841076,1.0433095343154017,1.0433811681510163,1.0426535606384277
186,0.3654085118507558,0.11226893636067593,2.405063291139241,1.0444927306813803,0.9427219057091589,1.056134468180338,,1.0445197644280624,1.044417783811485,1.0445002192608932,1.0437169075012207
186,0.3654085118507558,0.11226893636067593,2.468354430379747,1.0454963148377652,0.9462347289845197,1.056134468180338,,1.0455065309239278,1.045414242053183,1.045509879089256,1.0446809530258179
186,0.3654085118507558,0.11226893636067593,2.5316455696202533,1.0464039165868648,0.9495321449624492,1.056134468180338,,1.0463965562495665,1.0463111877117177,1.0464189395775676,1.0455578565597534
186,0.3654085118507558,0.11226893636067593,2.5949367088607596,1.0472255165112294,0.9526273605889733,1.056134468180338,,1.047200913757557,1.0471199483225104,1.0472365855778154,1.0463570356369019
186,0.3654085118507558,0.11226893636067593,2.6582278481012658,1.0479699963180538,0.9555326922125575,1.056134468180338,,1.047929352589858,1.0478509699804774,1.04797278096737,1.0470877885818481
186,0.3654085118507558,0.11226893636067593,2.7215189873417724,1.0486452641063888,0.958259861325054,1.056134468180338,,1.0485905354617588,1.0485135918552493,1.0486382157295044,1.0477569103240967
186,0.3654085118507558,0.11226893636067593,2.7848101265822787,1.0492583650722236,0.9608197983596195,1.056134468180338,,1.049192173952748,1.049116099487574,1.0492431598161174,1.0483759641647339
186,0.3654085118507558,0.11226893636067593,2.848101265822785,1.0498155793628252,0.9632227013298327,1.056134468180338,,1.0497409137142621,1.0496655812990014,1.0497964442287804,1.0489445924758911
186,0.3654085118507558,0.11226893636067593,2.9113924050632916,1.0503225085946752,0.9654782406076275,1.056134468180338,,1.0502426296497602,1.0501681622761114,1.0503048763768417,1.049470067024231
186,0.3654085118507558,0.11226893636067593,2.9746835443037978,1.0507841523345152,0.9675954687137946,1.056134468180338,,1.050702430014449,1.0506290080702365,1.0507727827877051,1.0499563217163086
186,0.3654085118507558,0.11226893636067593,3.037974683544304,1.0512049757656463,0.9695828296530388,1.056134468180338,,1.051124627717218,1.0510523536955236,1.0512024276245007,1.0504059791564941
186,0.3654085118507558,0.11226893636067593,3.1012658227848102,1.0515889695497367,0.9714483015562466,1.056134468180338,,1.0515128961101259,1.0514418356065225,1.0515949289597863,1.0508240461349487
186,0.3654085118507558,0.11226893636067593,3.1645569620253164,1.0519397027691892,0.9731993816508551,1.056134468180338,,1.0518704903734568,1.0518004425015033,1.0519511621043192,1.0512118339538574
186,0.3654085118507558,0.11226893636067593,3.227848101265823,1.0522603698329103,0.9748430616008845,1.056134468180338,,1.052200206518487,1.0521307203086228,1.052272626991497,1.0515719652175903
186,0.3654085118507558,0.11226893636067593,3.2911392405063293,1.0525538319508998,0.976385923391537,1.056134468180338,,1.0525042747946807,1.0524347967842629,1.0525618900909832,1.051906943321228
186,0.3654085118507558,0.11226893636067593,3.3544303797468356,1.0528226539156578,0.9778341761516869,1.056134468180338,,1.052784753263124,1.0527146151972584,1.0528226870161825,1.052217960357666
186,0.3654085118507558,0.11226893636067593,3.417721518987342,1.0530691366463112,0.9791936089951807,1.056134468180338,,1.0530432490153427,1.0529718277360907,1.053059433290436,1.052506446838379
186,0.3654085118507558,0.11226893636067593,3.4810126582278484,1.0532953460446681,0.9804696520513646,1.056134468180338,,1.0532812379517176,1.0532079963953294,1.0532766170020917,1.0527738332748413
186,0.3654085118507558,0.11226893636067593,3.5443037974683547,1.0535031385845604,0.9816674476467174,1.056134468180338,,1.0535001467759495,1.0534246093745248,1.053478306866659,1.0530215501785278
186,0.3654085118507558,0.11226893636067593,3.607594936708861,1.0536941839799416,0.9827917891740217,1.056134468180338,,1.0537009389230094,1.0536230236820825,1.0536675016625052,1.0532511472702026
186,0.3654085118507558,0.11226893636067593,3.670886075949367,1.0538699853084743,0.9838471564546877,1.056134468180338,,1.0538847910134783,1.0538045471297288,1.053846034023208,1.0534628629684448
186,0.3654085118507558,0.11226893636067593,3.7341772151898738,1.0540318968756148,0.9848378082985773,1.056134468180338,,1.054052576288415,1.053970520326976,1.0540146735229778,1.0536576509475708
186,0.3654085118507558,0.11226893636067593,3.79746835443038,1.0541811400627616,0.9857677125060637,1.056134468180338,,1.0542053401772558,1.0541221772905311,1.0541733040302634,1.0538362264633179
186,0.3654085118507558,0.11226893636067593,3.8607594936708862,1.05431881740762,0.9866405682555457,1.056134468180338,,1.0543438616274232,1.0542607192393152,1.0543212776515962,1.053999900817871
186,0.3654085118507558,0.11226893636067593,3.924050632911393,1.054445925116532,0.9874598992509278,1.056134468180338,,1.0544691737691845,1.0543873596914188,1.054457918377381,1.0541502237319946
186,0.3654085118507558,0.11226893636067593,3.987341772151899,1.054563364189658,0.9882289882293572,1.056134468180338,,1.054582112946088,1.0545032629682534,1.054582656575991,1.0542864799499512
186,0.3654085118507558,0.11226893636067593,4.050632911392405,1.0546719503161417,0.9889508981357151,1.056134468180338,,1.0546837122884003,1.0546095072970416,1.054695318571002,1.0544098615646362
186,0.3654085118507558,0.11226893636067593,4.113924050632912,1.0547724226789243,0.9896285360722022,1.056134468180338,,1.054774840937457,1.0547071914036221,1.0547962116419718,1.054520845413208
186,0.3654085118507558,0.11226893636067593,4.177215189873418,1.054865451795147,0.9902646207831266,1.056134468180338,,1.0548565648213104,1.0547972787229658,1.0548861546628159,1.0546202659606934
186,0.3654085118507558,0.11226893636067593,4.2405063291139244,1.054951646501504,0.9908616884027679,1.056134468180338,,1.0549300400619257,1.05488071629115,1.054966268074918,1.0547089576721191
186,0.3654085118507558,0.11226893636067593,4.30379746835443,1.0550315601813705,0.9914221373159613,1.056134468180338,,1.0549962259945498,1.0549583978478498,1.0550380187477124,1.0547902584075928
186,0.3654085118507558,0.11226893636067593,4.367088607594937,1.0551056963193903,0.991948219166901,1.056134468180338,,1.0550563771345065,1.0550311556368912,1.0551030004755348,1.054860234260559
186,0.3654085118507558,0.11226893636067593,4.4303797468354436,1.0551745134593489,0.9924420338848834,1.056134468180338,,1.0551116414043142,1.0550997481070803,1.055162802696191,1.0549213886260986
186,0.3654085118507558,0.11226893636067593,4.493670886075949,1.0552384296324493,0.9929055601472607,1.056134468180338,,1.055163109330365,1.0551648722113751,1.0552189251723358,1.0549744367599487
186,0.3654085118507558,0.11226893636067593,4.556962025316456,1.055297826315479,0.9933406627444282,1.056134468180338,,1.0552121420207878,1.055227163406884,1.0552727327284719,1.0550198554992676
186,0.3654085118507558,0.11226893636067593,4.620253164556963,1.0553530519711445,0.9937490804220058,1.056134468180338,,1.055259920195887,1.0552871997545887,1.05532530626036,1.055058479309082
186,0.3654085118507558,0.11226893636067593,4.6835443037974684,1.0554044252146348,0.9941324455868185,1.056134468180338,,1.0553077311687724,1.0553455593154724,1.0553775413829833,1.0550931692123413
186,0.3654085118507558,0.11226893636067593,4.746835443037975,1.055452237652533,0.9944923026407885,1.056134468180338,,1.0553567966569815,1.0554026643610326,1.0554300720340595,1.055120825767517
186,0.3654085118507558,0.11226893636067593,4.810126582278482,1.05549675642654,0.9948300912721197,1.056134468180338,,1.0554084121730705,1.0554590068580627,1.0554833063932132,1.0551434755325317
186,0.3654085118507558,0.11226893636067593,4.8734177215189876,1.0555382264973885,0.9951471582074068,1.056134468180338,,1.0554637256395574,1.055514959881381,1.055537459685282,1.0551618337631226
186,0.3654085118507558,0.11226893636067593,4.936708860759494,1.0555768726981944,0.9954447824929552,1.056134468180338,,1.0555239218764703,1.0555708883063601,1.0555926163012275,1.055176019668579
186,0.3654085118507558,0.11226893636067593,5.0,1.0556129015694793,0.9957241561834617,1.056134468180338,,1.0555902430999626,1.0556270996122452,1.0556486999612185,1.0551869869232178
214,0.6895613396528792,0.169288564197683,0.0,0.6895613396528792,0.6895613396528792,1.0846442820988416,0.5522111578760606,0.6896918180781948,0.6894058541800033,0.6895595464829316,0.6895613670349121
214,0.6895613396528792,0.169288564197683,0.06329113924050633,0.7673930044633799,0.7086002991494401,1.0846442820988416,0.5522111578760606,0.7673525481838276,0.7671819996954006,0.7673738413919701,0.7637245059013367
214,0.6895613396528792,0.169288564197683,0.12658227848101267,0.8340781603718022,0.7264717852409573,1.0846442820988416,0.5522111578760606,0.8341751678333189,0.8341929934301382,0.8341266091544263,0.8304464817047119
214,0.6895613396528792,0.169288564197683,0.189873417721519,0.8910581727209911,0.74324737742936,1.0846442820988416,0.5522111578760606,0.8913093050298119,0.8915432188412468,0.8910241677135222,0.8893426060676575
214,0.6895613396528792,0.169288564197683,0.25316455696202533,0.9395959127287332,0.7589938665134979,1.0846442820988416,0.5522111578760606,0.9398505534236259,0.940227104807401,0.9395491939782885,0.940265953540802
214,0.6895613396528792,0.169288564197683,0.31645569620253167,0.9807974166485743,0.7737747024237016,1.0846442820988416,0.5522111578760606,0.9809116599072818,0.9813030194915424,0.9807961548461217,0.9835261702537537
214,0.6895613396528792,0.169288564197683,0.379746835443038,1.0156309430192534,0.7876491669416246,1.0846442820988416,0.5522111578760606,1.0155533868821163,1.015872033774292,1.0156545006770759,1.0198113918304443
214,0.6895613396528792,0.169288564197683,0.44303797468354433,1.0449437388670122,0.8006725632215663,1.0846442820988416,0.5522111578760606,1.0447056827790644,1.044938670053038,1.0449625552756363,1.049940824508667
214,0.6895613396528792,0.169288564197683,0.5063291139240507,1.0694767888167476,0.8128972380847537,1.0846442820988416,0.5522111578760606,1.0691402323614403,1.069348217472994,1.0694954006474182,1.0746833086013794
214,0.6895613396528792,0.169288564197683,0.569620253164557,1.0898777884320352,0.824372288293775,1.0846442820988416,0.5522111578760606,1.089494161324941,1.089772422868021,1.089916252927326,1.0947318077087402
214,0.6895613396528792,0.169288564197683,0.6329113924050633,1.1067125542631073,0.83514350509594,1.0846442820988416,0.5522111578760606,1.106311472200831,1.10673081957099,1.106771145559326,1.110741376876831
214,0.6895613396528792,0.169288564197683,0.6962025316455697,1.1204750577472828,0.8452540748963124,1.0846442820988416,0.5522111578760606,1.1200742268512063,1.120636522347744,1.120526705521025,1.12340247631073
214,0.6895613396528792,0.169288564197683,0.759493670886076,1.1315962477801589,0.854744659204677,1.0846442820988416,0.5522111578760606,1.131213904752341,1.131844542635948,1.131612800320828,1.1334468126296997
214,0.6895613396528792,0.169288564197683,0.8227848101265823,1.1404518071062595,0.8636531733084312,1.0846442820988416,0.5522111578760606,1.1401107941857795,1.140688670680641,1.140434696349856,1.1415317058563232
214,0.6895613396528792,0.169288564197683,0.8860759493670887,1.1473689703508079,0.8720152460208976,1.0846442820988416,0.5522111578760606,1.1470922539556663,1.1475013161450478,1.1473503384748516,1.147998571395874
214,0.6895613396528792,0.169288564197683,0.949367088607595,1.1526325162515931,0.8798645527746508,1.0846442820988416,0.5522111578760606,1.152435267516349,1.1526127035398857,1.1526434637090295,1.152880072593689
214,0.6895613396528792,0.169288564197683,1.0126582278481013,1.1564900332059995,0.8872324874892196,1.0846442820988416,0.5522111578760606,1.1563740274604455,1.1563324439672216,1.156530137453087,1.1563079357147217
214,0.6895613396528792,0.169288564197683,1.0759493670886076,1.159156545406837,0.8941484437940705,1.0846442820988416,0.5522111578760606,1.159109461225884,1.1589246498001677,1.1591979672215857,1.1586480140686035
214,0.6895613396528792,0.169288564197683,1.139240506329114,1.160818576411107,0.9006403112650402,1.0846442820988416,0.5522111578760606,1.1608178979109158,1.160590851135974,1.1608381749965933,1.1602102518081665
214,0.6895613396528792,0.169288564197683,1.2025316455696204,1.16163771780056,0.9067340840773029,1.0846442820988416,0.5522111578760606,1.1616572588562666,1.1614699711976895,1.1616395715395555,1.1611398458480835
214,0.6895613396528792,0.169288564197683,1.2658227848101267,1.1617537624988146,0.9124540117209075,1.0846442820988416,0.5522111578760606,1.161770312825422,1.161656443011334,1.1617604243016735,1.1615002155303955
214,0.6895613396528792,0.169288564197683,1.3291139240506329,1.1612874551622405,0.9178231919457108,1.0846442820988416,0.5522111578760606,1.1612856189409804,1.1612283663053822,1.1613147264453476,1.1613311767578125
214,0.6895613396528792,0.169288564197683,1.3924050632911393,1.1603429058426071,0.9228631295970922,1.0846442820988416,0.5522111578760606,1.1603173872940618,1.160271392498589,1.160385389198204,1.1606736183166504
214,0.6895613396528792,0.169288564197683,1.4556962025316458,1.1590097075540093,0.9275938850992106,1.0846442820988416,0.5522111578760606,1.1589644540134882,1.158887719492866,1.1590480386975708,1.1595830917358398
214,0.6895613396528792,0.169288564197683,1.518987341772152,1.1573647934786293,0.9320345327195286,1.0846442820988416,0.5522111578760606,1.1573105108502877,1.1571876708416642,1.1573830762362405,1.1581213474273682
214,0.6895613396528792,0.169288564197683,1.5822784810126582,1.1554740652848177,0.9362028765614238,1.0846442820988416,0.5522111578760606,1.1554245725461472,1.1552702671613535,1.1554703868336313,1.1563479900360107
214,0.6895613396528792,0.169288564197683,1.6455696202531647,1.1533938203632677,0.9401155267741628,1.0846442820988416,0.5522111578760606,1.1533623789387744,1.1532072700082179,1.1533788768472046,1.154327154159546
214,0.6895613396528792,0.169288564197683,1.708860759493671,1.1511720021859293,0.9437882198401085,1.0846442820988416,0.5522111578760606,1.1511684202251984,1.151039537224461,1.1511604853847839,1.1521137952804565
214,0.6895613396528792,0.169288564197683,1.7721518987341773,1.148849295438955,0.9472357010020621,1.0846442820988416,0.5522111578760606,1.1488780688178752,1.1487857799471304,1.148851272957032,1.1497591733932495
214,0.6895613396528792,0.169288564197683,1.8354430379746836,1.1464600846148298,0.9504717235409215,1.0846442820988416,0.5522111578760606,1.146520186768692,1.1464570469304645,1.1464767297328469,1.1473075151443481
214,0.6895613396528792,0.169288564197683,1.89873417721519,1.1440332928522168,0.9535092701551429,1.0846442820988416,0.5522111578760606,1.1441186754643684,1.1440680233832503,1.1440580101891962,1.144797444343567
214,0.6895613396528792,0.169288564197683,1.9620253164556964,1.1415931154596297,0.9563605527335692,1.0846442820988416,0.5522111578760606,1.141694123715214,1.1416414012738398,1.1416159999259328,1.142261028289795
214,0.6895613396528792,0.169288564197683,2.0253164556962027,1.1391596611117558,0.9590369590374125,1.0846442820988416,0.5522111578760606,1.1392651360654713,1.139204845534923,1.1391723892159966,1.1397273540496826
214,0.6895613396528792,0.169288564197683,2.088607594936709,1.1367495119469302,0.9615491998168961,1.0846442820988416,0.5522111578760606,1.1368484475855671,1.1367854266393147,1.1367489590995101,1.1372168064117432
214,0.6895613396528792,0.169288564197683,2.151898734177215,1.1343762125073336,0.9639073888345364,1.0846442820988416,0.5522111578760606,1.134459696669951,1.1344046189375525,1.1343655604326852,1.1347484588623047
214,0.6895613396528792,0.169288564197683,2.2151898734177218,1.1320506962832937,0.9661209551788309,1.0846442820988416,0.5522111578760606,1.1321127813805405,1.1320763532893405,1.132037847854145,1.132332682609558
214,0.6895613396528792,0.169288564197683,2.278481012658228,1.1297816575329898,0.968198735189002,1.0846442820988416,0.5522111578760606,1.1298201259287342,1.1298078370082039,1.1297760156983516,1.1299853324890137
214,0.6895613396528792,0.169288564197683,2.3417721518987342,1.127575875129095,0.9701491049623439,1.0846442820988416,0.5522111578760606,1.127592106714152,1.1276021038893693,1.1275846289466676,1.127712607383728
214,0.6895613396528792,0.169288564197683,2.405063291139241,1.1254384943654792,0.9719798717900551,1.0846442820988416,0.5522111578760606,1.125437042075329,1.1254607036282367,1.125463707000866,1.1255213022232056
214,0.6895613396528792,0.169288564197683,2.468354430379747,1.1233732719423284,0.9736983255859308,1.0846442820988416,0.5522111578760606,1.1233609914032714,1.1233855261972376,1.1234108274800827,1.1234153509140015
214,0.6895613396528792,0.169288564197683,2.5316455696202533,1.1213827887104961,0.9753114033184763,1.0846442820988416,0.5522111578760606,1.1213677469420134,1.1213795110979639,1.1214238092430784,1.121397614479065
214,0.6895613396528792,0.169288564197683,2.5949367088607596,1.11946863419979,0.9768255657529324,1.0846442820988416,0.5522111578760606,1.1194590223758851,1.1194465120702977,1.119502386564431,1.1194621324539185
214,0.6895613396528792,0.169288564197683,2.6582278481012658,1.1176315664624978,0.97824683797912,1.0846442820988416,0.5522111578760606,1.117634686513742,1.1175904761228268,1.1176490809260826,1.117618203163147
214,0.6895613396528792,0.169288564197683,2.7215189873417724,1.1158716503369142,0.979580954086308,1.0846442820988416,0.5522111578760606,1.1158931240646122,1.1158147793776718,1.1158687991214444,1.1158620119094849
214,0.6895613396528792,0.169288564197683,2.7848101265822787,1.1141883768555438,0.9808332611821869,1.0846442820988416,0.5522111578760606,1.114231588213898,1.1141214829707113,1.1141671838627223,1.1141893863677979
214,0.6895613396528792,0.169288564197683,2.848101265822785,1.1125807661928857,0.9820087480787868,1.0846442820988416,0.5522111578760606,1.1126465327009627,1.1125109517773175,1.1125486803670657,1.1126002073287964
214,0.6895613396528792,0.169288564197683,2.9113924050632916,1.1110474562397086,0.9831121454687995,1.0846442820988416,0.5522111578760606,1.111134267774855,1.1109820091769087,1.111014851002262,1.1110912561416626
214,0.6895613396528792,0.169288564197683,2.9746835443037978,1.109586778633856,0.984147881795585,1.0846442820988416,0.5522111578760606,1.109690945845277,1.109532043645756,1.109563646703334,1.1096585988998413
214,0.6895613396528792,0.169288564197683,3.037974683544304,1.1081968239041797,0.9851200878196313,1.0846442820988416,0.5522111578760606,1.1083130452499315,1.1081572834384428,1.1081897865004338,1.1083043813705444
214,0.6895613396528792,0.169288564197683,3.1012658227848102,1.1068754970818777,0.9860326663987313,1.0846442820988416,0.5522111578760606,1.1069972985093648,1.1068535263386068,1.1068860533633822,1.1070188283920288
214,0.6895613396528792,0.169288564197683,3.1645569620253164,1.105620565055192,0.9868892851351387,1.0846442820988416,0.5522111578760606,1.105741069501508,1.1056162093542385,1.1056449751672321,1.1058013439178467
214,0.6895613396528792,0.169288564197683,3.227848101265823,1.1044296967511729,0.9876933643124932,1.0846442820988416,0.5522111578760606,1.1045421361763441,1.1044409006844726,1.1044604652369863,1.1046487092971802
214,0.6895613396528792,0.169288564197683,3.2911392405063293,1.1033004970656957,0.9884481238015626,1.0846442820988416,0.5522111578760606,1.1033988360960827,1.1033235989993881,1.103328767970423,1.1035544872283936
214,0.6895613396528792,0.169288564197683,3.3544303797468356,1.1022305354070618,0.9891566010741522,1.0846442820988416,0.5522111578760606,1.1023096421138026,1.1022607416394556,1.1022486435015297,1.1025197505950928
214,0.6895613396528792,0.169288564197683,3.417721518987342,1.10121736955989,0.9898216281327262,1.0846442820988416,0.5522111578760606,1.1012735169995138,1.1012492251141521,1.1012208764243168,1.1015394926071167
214,0.6895613396528792,0.169288564197683,3.4810126582278484,1.1002585654928865,0.9904458613666735,1.0846442820988416,0.5522111578760606,1.1002893517780696,1.1002866428859126,1.1002471152953286,1.100610613822937
214,0.6895613396528792,0.169288564197683,3.5443037974683547,1.0993517137056563,0.9910318163738965,1.0846442820988416,0.5522111578760606,1.099356033374599,1.0993708876969717,1.0993288678796242,1.0997306108474731
214,0.6895613396528792,0.169288564197683,3.607594936708861,1.0984944425501588,0.9915818380556108,1.0846442820988416,0.5522111578760606,1.0984724241158925,1.0985003688546964,1.0984665030911902,1.0988972187042236
214,0.6895613396528792,0.169288564197683,3.670886075949367,1.0976844289760739,0.9920981179157752,1.0846442820988416,0.5522111578760606,1.0976372940849661,1.0976737580487448,1.0976587366010273,1.0981065034866333
214,0.6895613396528792,0.169288564197683,3.7341772151898738,1.0969194070710766,0.9925827393407484,1.0846442820988416,0.5522111578760606,1.096849122284483,1.0968899360546611,1.0969026761168092,1.0973560810089111
214,0.6895613396528792,0.169288564197683,3.79746835443038,1.0961971747017758,0.9930376433566998,1.0846442820988416,0.5522111578760606,1.09610637951766,1.0961478902407957,1.096194199796259,1.0966436862945557
214,0.6895613396528792,0.169288564197683,3.8607594936708862,1.0955155985408869,0.993464639581249,1.0846442820988416,0.5522111578760606,1.0954071635128952,1.095446607975498,1.0955284274689068,1.0959670543670654
214,0.6895613396528792,0.169288564197683,3.924050632911393,1.0948726177245238,0.9938654517909137,1.0846442820988416,0.5522111578760606,1.094749791333783,1.0947851299235214,1.0949004248659477,1.0953278541564941
214,0.6895613396528792,0.169288564197683,3.987341772151899,1.0942662463485817,0.9942416858826268,1.0846442820988416,0.5522111578760606,1.0941322110688212,1.0941623696581961,1.094305735015869,1.0947186946868896
214,0.6895613396528792,0.169288564197683,4.050632911392405,1.093694574987103,0.9945948402321612,1.0846442820988416,0.5522111578760606,1.0935524405018047,1.0935771464592179,1.0937406266736234,1.0941399335861206
214,0.6895613396528792,0.169288564197683,4.113924050632912,1.0931557713899256,0.994926336977908,1.0846442820988416,0.5522111578760606,1.0930086368071192,1.0930281771132002,1.093202395417927,1.0935896635055542
214,0.6895613396528792,0.169288564197683,4.177215189873418,1.0926480804969076,0.9952375061146117,1.0846442820988416,0.5522111578760606,1.092498897713163,1.092514096412291,1.0926893715520678,1.0930664539337158
214,0.6895613396528792,0.169288564197683,4.2405063291139244,1.0921698238869033,0.9955295883051941,1.0846442820988416,0.5522111578760606,1.092021374244737,1.092033346461644,1.0922006213594462,1.0925685167312622
214,0.6895613396528792,0.169288564197683,4.30379746835443,1.091719398763207,0.9958037568263074,1.0846442820988416,0.5522111578760606,1.0915744634100393,1.0915843119702875,1.0917359769848198,1.0921006202697754
214,0.6895613396528792,0.169288564197683,4.367088607594937,1.0912952765630017,0.9960611131698873,1.0846442820988416,0.5522111578760606,1.0911566155136698,1.0911653243508463,1.0912956273155812,1.0916528701782227
214,0.6895613396528792,0.169288564197683,4.4303797468354436,1.0908960012659428,0.996302684609767,1.0846442820988416,0.5522111578760606,1.0907663280070468,1.0907745182292283,1.09087997270592,1.0912277698516846
214,0.6895613396528792,0.169288564197683,4.493670886075949,1.0905201874661152,0.9965294391039795,1.0846442820988416,0.5522111578760606,1.090402377122771,1.0904101471233165,1.0904894256154516,1.0908242464065552
214,0.6895613396528792,0.169288564197683,4.556962025316456,1.0901665182623261,0.9967422888976716,1.0846442820988416,0.5522111578760606,1.0900635267942742,1.0900704153543146,1.09012427136968,1.090441346168518
214,0.6895613396528792,0.169288564197683,4.620253164556963,1.0898337430147627,0.9969420845755994,1.0846442820988416,0.5522111578760606,1.0897487705394908,1.0897534657475767,1.089784503498659,1.0900787115097046
214,0.6895613396528792,0.169288564197683,4.6835443037974684,1.0895206750051625,0.9971296247023114,1.0846442820988416,0.5522111578760606,1.089457204369438,1.0894575477212627,1.0894699127340937,1.0897380113601685
214,0.6895613396528792,0.169288564197683,4.746835443037975,1.089226189036983,0.9973056647911116,1.0846442820988416,0.5522111578760606,1.0891880247383527,1.0891809762891045,1.0891799293287767,1.089414358139038
214,0.6895613396528792,0.169288564197683,4.810126582278482,1.0889492190014174,0.9974709091290612,1.0846442820988416,0.5522111578760606,1.088940426050611,1.0889220623651112,1.0889137815311163,1.0891093015670776
214,0.6895613396528792,0.169288564197683,4.8734177215189876,1.0886887554305265,0.9976260165272476,1.0846442820988416,0.5522111578760606,1.0887137318518711,1.088679325949179,1.0886704299141794,1.0888221263885498
214,0.6895613396528792,0.169288564197683,4.936708860759494,1.0884438430607972,0.9977716126878041,1.0846442820988416,0.5522111578760606,1.0885074747736798,1.0884513362378827,1.088448682906704,1.0885523557662964
214,0.6895613396528792,0.169288564197683,5.0,1.0882135784358664,0.9979082807584649,1.0846442820988416,0.5522111578760606,1.0883209496636326,1.088236744422264,1.0882472270261117,1.0882997512817383
227,0.6651619547271821,0.12491148313015625,0.0,0.6651619547271821,0.6651619547271821,1.0624557415650782,0.8634410473888283,0.6653733747089556,0.6646502163202388,0.665159589348134,0.6651619672775269
227,0.6651619547271821,0.12491148313015625,0.06329113924050633,0.7290782394946037,0.6856973093596513,1.0624557415650782,0.8634410473888283,0.7293773362104348,0.7290567378499782,0.7290586866956431,0.7257441878318787
227,0.6651619547271821,0.12491148313015625,0.12658227848101267,0.7843720807779628,0.7049734312908338,1.0624557415650782,0.8634410473888283,0.7848708297460458,0.7847834564435132,0.7844130431778923,0.7804906368255615
227,0.6651619547271821,0.12491148313015625,0.189873417721519,0.8321314073303553,0.7230675259193117,1.0624557415650782,0.8634410473888283,0.832748710115451,0.8327626655734944,0.8321202040078286,0.8292182683944702
227,0.6651619547271821,0.12491148313015625,0.25316455696202533,0.8733109475072859,0.7400516335653986,1.0624557415650782,0.8634410473888283,0.8738856942775639,0.8738823489033678,0.8732863768114967,0.8719051480293274
227,0.6651619547271821,0.12491148313015625,0.31645569620253167,0.9087483024961011,0.755994191100394,1.0624557415650782,0.8634410473888283,0.9091612384714085,0.9091346722645575,0.9087457728937482,0.9088156223297119
227,0.6651619547271821,0.12491148313015625,0.379746835443038,0.9391780940475953,0.7709591396451202,1.0624557415650782,0.8634410473888283,0.9394029620348636,0.9393999938352092,0.9391848281216832,0.9404476284980774
227,0.6651619547271821,0.12491148313015625,0.44303797468354433,0.9652444164689377,0.7850061289869532,1.0624557415650782,0.8634410473888283,0.9653312109464761,0.9653608191480006,0.9652459212725559,0.9673829078674316
227,0.6651619547271821,0.12491148313015625,0.5063291139240507,0.9875117953569862,0.7981916202228335,1.0624557415650782,0.8634410473888283,0.9875389855802856,0.9875755469124922,0.9875176382574831,0.9901695251464844
227,0.6651619547271821,0.12491148313015625,0.569620253164557,1.0064748313738174,0.8105685689479049,1.0624557415650782,0.8634410473888283,1.0065075934493048,1.0065229100154771,1.0065018185517929,1.0092930793762207
227,0.6651619547271821,0.12491148313015625,0.6329113924050633,1.022566686159182,0.8221863654401779,1.0624557415650782,0.8634410473888283,1.0226376759112994,1.02260233629663,1.0226130913543345,1.0251978635787964
227,0.6651619547271821,0.12491148313015625,0.6962025316455697,1.036166548737674,0.8330915904039942,1.0624557415650782,0.8634410473888283,1.0362771108854276,1.0361516552533516,1.0362090900492111,1.038330316543579
227,0.6651619547271821,0.12491148313015625,0.759493670886076,1.0476062042835805,0.8433281012005438,1.0624557415650782,0.8634410473888283,1.047738444875625,1.0474866275726284,1.047621824051822,1.0491664409637451
227,0.6651619547271821,0.12491148313015625,0.8227848101265823,1.0571758125783517,0.8529367931252255,1.0624557415650782,0.8634410473888283,1.0573054033311726,1.0569256828613023,1.0571652043995665,1.0581753253936768
227,0.6651619547271821,0.12491148313015625,0.8860759493670887,1.0651289906967576,0.8619560952905573,1.0624557415650782,0.8634410473888283,1.0652346535277064,1.0647800885096457,1.06511678466067,1.0657118558883667
227,0.6651619547271821,0.12491148313015625,0.949367088607595,1.0716872831828115,0.8704223298994641,1.0624557415650782,0.8634410473888283,1.0717557082237208,1.0713222670298577,1.0716972689858946,1.0719243288040161
227,0.6651619547271821,0.12491148313015625,1.0126582278481013,1.0770440930443184,0.8783693583229388,1.0624557415650782,0.8634410473888283,1.0770712454389844,1.0767591478547478,1.0770759784934865,1.0768615007400513
227,0.6651619547271821,0.12491148313015625,1.0759493670886076,1.0813681381458773,0.8858288844261604,1.0624557415650782,0.8634410473888283,1.0813583506706932,1.0812297648998934,1.0814006660125224,1.0807212591171265
227,0.6651619547271821,0.12491148313015625,1.139240506329114,1.0848064898685705,0.892830989807362,1.0624557415650782,0.8634410473888283,1.0847702551761416,1.0848260083379504,1.0848218478296383,1.0838276147842407
227,0.6651619547271821,0.12491148313015625,1.2025316455696204,1.0874872441201497,0.8994037116923009,1.0624557415650782,0.8634410473888283,1.0874384739784129,1.0876233786728338,1.0874881598113124,1.086431860923767
227,0.6651619547271821,0.12491148313015625,1.2658227848101267,1.0895218688037618,0.905573205495505,1.0624557415650782,0.8634410473888283,1.089475122210031,1.0897062205365038,1.0895254228150566,1.0886383056640625
227,0.6651619547271821,0.12491148313015625,1.3291139240506329,1.0910072665766946,0.9113643843685886,1.0624557415650782,0.8634410473888283,1.0909752027585522,1.0911773365400552,1.0910261686127534,1.090466856956482
227,0.6651619547271821,0.12491148313015625,1.3924050632911393,1.092027587102815,0.9168004433620089,1.0624557415650782,0.8634410473888283,1.0920192013913992,1.0921491226470572,1.0920587845402108,1.0919021368026733
227,0.6651619547271821,0.12491148313015625,1.4556962025316458,1.0926558188689797,0.921903019578585,1.0624557415650782,0.8634410473888283,1.0926753006064331,1.0927267531585216,1.0926853219466184,1.0929397344589233
227,0.6651619547271821,0.12491148313015625,1.518987341772152,1.0929551871235221,0.9266926864559971,1.0624557415650782,0.8634410473888283,1.0930014540919335,1.0929942621523705,1.092970785347817,1.0936059951782227
227,0.6651619547271821,0.12491148313015625,1.5822784810126582,1.092980381277238,0.9311886474374175,1.0624557415650782,0.8634410473888283,1.0930477276685893,1.0930101178321538,1.0929797168583273,1.0939242839813232
227,0.6651619547271821,0.12491148313015625,1.6455696202531647,1.092778632227892,0.9354088181713234,1.0624557415650782,0.8634410473888283,1.0928577044696537,1.0928137144388648,1.0927686077648608,1.0939408540725708
227,0.6651619547271821,0.12491148313015625,1.708860759493671,1.092390657830001,0.9393701719721457,1.0624557415650782,0.8634410473888283,1.0924699854396653,1.0924353796754631,1.0923815830567865,1.0936964750289917
227,0.6651619547271821,0.12491148313015625,1.7721518987341773,1.091851492294556,0.9430886130068179,1.0624557415650782,0.8634410473888283,1.0919191189467001,1.0919041744304154,1.0918508133131526,1.093234658241272
227,0.6651619547271821,0.12491148313015625,1.8354430379746836,1.0911912136514645,0.9465789755156587,1.0624557415650782,0.8634410473888283,1.0912362034416947,1.0912504961019778,1.091200331670402,1.0925945043563843
227,0.6651619547271821,0.12491148313015625,1.89873417721519,1.0904355814949995,0.9498552625914811,1.0624557415650782,0.8634410473888283,1.0904493681510006,1.0905039241936116,1.0904504167890887,1.0918141603469849
227,0.6651619547271821,0.12491148313015625,1.9620253164556964,1.0896065959851153,0.9529306459345649,1.0624557415650782,0.8634410473888283,1.0895837433533904,1.0896900389287196,1.0896206579316516,1.090926170349121
227,0.6651619547271821,0.12491148313015625,2.0253164556962027,1.0887229875495188,0.9558174083440301,1.0624557415650782,0.8634410473888283,1.088661594645995,1.088827785128576,1.088730699649058,1.0899561643600464
227,0.6651619547271821,0.12491148313015625,2.088607594936709,1.0878006457532579,0.9585271023973297,1.0624557415650782,0.8634410473888283,1.0877022511991463,1.087929429165233,1.087799860295963,1.0889308452606201
227,0.6651619547271821,0.12491148313015625,2.151898734177215,1.086852994729011,0.9610706367630805,1.0624557415650782,0.8634410473888283,1.0867220227369812,1.0870027318148592,1.086845830604278,1.0878695249557495
227,0.6651619547271821,0.12491148313015625,2.2151898734177218,1.0858913216471953,0.9634581816229136,1.0624557415650782,0.8634410473888283,1.0857345572382968,1.086053047316057,1.0858830449797605,1.0867934226989746
227,0.6651619547271821,0.12491148313015625,2.278481012658228,1.084925063966452,0.9656992678211812,1.0624557415650782,0.8634410473888283,1.0847503674185128,1.0850860906830782,1.084921780835353,1.085712194442749
227,0.6651619547271821,0.12491148313015625,2.3417721518987342,1.083962060498047,0.9678029297869131,1.0624557415650782,0.8634410473888283,1.0837778085136727,1.0841086643817746,1.0839682817510305,1.0846364498138428
227,0.6651619547271821,0.12491148313015625,2.405063291139241,1.0830087707094178,0.969777588436888,1.0624557415650782,0.8634410473888283,1.0828228230726702,1.0831291502963907,1.0830254015840624,1.0835784673690796
227,0.6651619547271821,0.12491148313015625,2.468354430379747,1.082070466160156,0.9716311066464411,1.0624557415650782,0.8634410473888283,1.0818895989628352,1.0821565975411356,1.082094193333149,1.0825433731079102
227,0.6651619547271821,0.12491148313015625,2.5316455696202533,1.0811513974938651,0.9733709666053609,1.0624557415650782,0.8634410473888283,1.0809807190098337,1.081200144399199,1.081175797746639,1.0815361738204956
227,0.6651619547271821,0.12491148313015625,2.5949367088607596,1.080254939995385,0.9750041368722727,1.0624557415650782,0.8634410473888283,1.0800977165101726,1.0802678099293157,1.0802725817393055,1.080568552017212
227,0.6651619547271821,0.12491148313015625,2.6582278481012658,1.0793837203589796,0.9765371160878293,1.0624557415650782,0.8634410473888283,1.079241374510998,1.0793659282039525,1.0793887047035509,1.0796329975128174
227,0.6651619547271821,0.12491148313015625,2.7215189873417724,1.078539726993837,0.9779760890205119,1.0624557415650782,0.8634410473888283,1.0784120496882352,1.0784988982261883,1.0785297644000038,1.0787354707717896
227,0.6651619547271821,0.12491148313015625,2.7848101265822787,1.0777244059099886,0.9793268230418365,1.0624557415650782,0.8634410473888283,1.0776099285792937,1.0776690814366319,1.0777015999293194,1.0778791904449463
227,0.6651619547271821,0.12491148313015625,2.848101265822785,1.0769387439680176,0.9805946990668821,1.0624557415650782,0.8634410473888283,1.076835023483343,1.076877158389348,1.0769088910176454,1.0770610570907593
227,0.6651619547271821,0.12491148313015625,2.9113924050632916,1.0761833410868422,0.9817848196041182,1.0624557415650782,0.8634410473888283,1.0760875393865472,1.0761224690288886,1.0761541374304042,1.076282262802124
227,0.6651619547271821,0.12491148313015625,2.9746835443037978,1.0754584727952414,0.9829019611569483,1.0624557415650782,0.8634410473888283,1.0753676976739635,1.0754034267623442,1.075437110733722,1.0755414962768555
227,0.6651619547271821,0.12491148313015625,3.037974683544304,1.0747641443090754,0.9839505791490836,1.0624557415650782,0.8634410473888283,1.0746758406724854,1.0747180104261385,1.0747552251847992,1.0748389959335327
227,0.6651619547271821,0.12491148313015625,3.1012658227848102,1.0741001372453411,0.9849348831891853,1.0624557415650782,0.8634410473888283,1.0740122471632965,1.0740639651724673,1.0741044796016601,1.0741727352142334
227,0.6651619547271821,0.12491148313015625,3.1645569620253164,1.073466049887353,0.9858588291401253,1.0624557415650782,0.8634410473888283,1.0733773066201078,1.0734392042421816,1.0734807595870985,1.0735411643981934
227,0.6651619547271821,0.12491148313015625,3.227848101265823,1.0728613318087097,0.986726106107783,1.0624557415650782,0.8634410473888283,1.072771226078945,1.072841903258422,1.0728808331170008,1.072942852973938
227,0.6651619547271821,0.12491148313015625,3.2911392405063293,1.0722853136156336,0.9875401870334286,1.0624557415650782,0.8634410473888283,1.0721938927974182,1.0722705043263423,1.0723031433097407,1.07237708568573
227,0.6651619547271821,0.12491148313015625,3.3544303797468356,1.0717372323942644,0.9883043481234437,1.0624557415650782,0.8634410473888283,1.0716452821771876,1.0717238349250844,1.0717479215429382,1.0718406438827515
227,0.6651619547271821,0.12491148313015625,3.417721518987342,1.0712162534474219,0.9890216439657128,1.0624557415650782,0.8634410473888283,1.0711248694536732,1.0712010300130363,1.0712167029178166,1.071332335472107
227,0.6651619547271821,0.12491148313015625,3.4810126582278484,1.0707214888023484,0.9896949397324704,1.0624557415650782,0.8634410473888283,1.070631996621289,1.07070147873143,1.0707116089657402,1.0708503723144531
227,0.6651619547271821,0.12491148313015625,3.5443037974683547,1.0702520128883686,0.990326948738747,1.0624557415650782,0.8634410473888283,1.0701657863392529,1.0702247834071064,1.0702345332401497,1.0703927278518677
227,0.6651619547271821,0.12491148313015625,3.607594936708861,1.069806875795004,0.9909202001867364,1.0624557415650782,0.8634410473888283,1.069725191128267,1.0697705791646943,1.0697865176614976,1.0699617862701416
227,0.6651619547271821,0.12491148313015625,3.670886075949367,1.0693851144086164,0.9914770578248869,1.0624557415650782,0.8634410473888283,1.0693090466669202,1.069338607721627,1.0693672910302654,1.0695505142211914
227,0.6651619547271821,0.12491148313015625,3.7341772151898738,1.0689857617157876,0.9919997687863837,1.0624557415650782,0.8634410473888283,1.0689160840908571,1.068928614895061,1.068975388130725,1.0691593885421753
227,0.6651619547271821,0.12491148313015625,3.79746835443038,1.0686078545285949,0.9924904266552109,1.0624557415650782,0.8634410473888283,1.0685449627905657,1.0685402194107314,1.0686083997135571,1.0687869787216187
227,0.6651619547271821,0.12491148313015625,3.8607594936708862,1.06825043984892,0.9929509832785598,1.0624557415650782,0.8634410473888283,1.0681945122950494,1.068173056393266,1.0682633356346558,1.0684318542480469
227,0.6651619547271821,0.12491148313015625,3.924050632911393,1.0679125800552436,0.9933832979157101,1.0624557415650782,0.8634410473888283,1.067863465789815,1.0678265723800229,1.067937154150082,1.0680959224700928
227,0.6651619547271821,0.12491148313015625,3.987341772151899,1.0675933570800913,0.9937891026814352,1.0624557415650782,0.8634410473888283,1.0675507101999921,1.0675002385066983,1.067627084541306,1.0677738189697266
227,0.6651619547271821,0.12491148313015625,4.050632911392405,1.067291875722943,0.994170013718564,1.0624557415650782,0.8634410473888283,1.0672552554424086,1.0671932512275295,1.067330907638005,1.067466139793396
227,0.6651619547271821,0.12491148313015625,4.113924050632912,1.0670072662235843,0.9945275649405546,1.0624557415650782,0.8634410473888283,1.0669761585807105,1.0669048233956473,1.0670471359466356,1.067171573638916
227,0.6651619547271821,0.12491148313015625,4.177215189873418,1.0667386862049104,0.9948631908750517,1.0624557415650782,0.8634410473888283,1.0667127267616632,1.0666341350663953,1.0667749496504702,1.066889762878418
227,0.6651619547271821,0.12491148313015625,4.2405063291139244,1.0664853220800408,0.9951782296967119,1.0624557415650782,0.8634410473888283,1.0664642999298188,1.0663801736081235,1.0665141000999456,1.0666193962097168
227,0.6651619547271821,0.12491148313015625,4.30379746835443,1.066246390006138,0.9954739468975977,1.0624557415650782,0.8634410473888283,1.0662304517139563,1.0661419919847546,1.0662648515068973,1.0663626194000244
227,0.6651619547271821,0.12491148313015625,4.367088607594937,1.0660211364563703,0.9957515305430307,1.0624557415650782,0.8634410473888283,1.0660108131389805,1.0659185898638084,1.0660277419828146,1.066115140914917
227,0.6651619547271821,0.12491148313015625,4.4303797468354436,1.0658088384718913,0.9960120886469479,1.0624557415650782,0.8634410473888283,1.0658051300220484,1.0657090038103139,1.0658034111064407,1.0658777952194214
227,0.6651619547271821,0.12491148313015625,4.493670886075949,1.0656088036473614,0.996256665245475,1.0624557415650782,0.8634410473888283,1.065613279371461,1.0655122539904076,1.0655924696113468,1.065650224685669
227,0.6651619547271821,0.12491148313015625,4.556962025316456,1.065420369896228,0.9964862442830149,1.0624557415650782,0.8634410473888283,1.065435191491923,1.0653273892682886,1.065395462283941,1.0654317140579224
227,0.6651619547271821,0.12491148313015625,4.620253164556963,1.0652429050355652,0.99670174319729,1.0624557415650782,0.8634410473888283,1.0652709442781765,1.065153606098194,1.0652126975961937,1.0652223825454712
227,0.6651619547271821,0.12491148313015625,4.6835443037974684,1.0650758062245478,0.9969040233172021,1.0624557415650782,0.8634410473888283,1.065120632023857,1.0649900025410024,1.0650442522480563,1.0650229454040527
227,0.6651619547271821,0.12491148313015625,4.746835443037975,1.0649184992854748,0.9970938995367216,1.0624557415650782,0.8634410473888283,1.0649842793273043,1.0648359554387754,1.0648900159739911,1.0648313760757446
227,0.6651619547271821,0.12491148313015625,4.810126582278482,1.064770437934013,0.9972721314974132,1.0624557415650782,0.8634410473888283,1.064862119872745,1.0646908252346812,1.0647496358819768,1.0646483898162842
227,0.6651619547271821,0.12491148313015625,4.8734177215189876,1.0646311029393918,0.9974394297906032,1.0624557415650782,0.8634410473888283,1.0647542930507712,1.0645540379674607,1.0646225870655153,1.0644735097885132
227,0.6651619547271821,0.12491148313015625,4.936708860759494,1.0645000012328656,0.9975964692964203,1.0624557415650782,0.8634410473888283,1.0646609956480997,1.064425179565063,1.0645082210753116,1.0643070936203003
227,0.6651619547271821,0.12491148313015625,5.0,1.0643766649779762,0.997743878995897,1.0624557415650782,0.8634410473888283,1.064582395753385,1.064303889251839,1.0644057557313764,1.0641487836837769
228,1.2709723387323653,0.29149787788470466,0.0,1.2709723387323653,1.2709723387323653,1.1457489389423523,,1.270742302303665,1.2794103144357174,1.2717566247486636,1.2709723711013794
228,1.2709723387323653,0.29149787788470466,0.06329113924050633,1.35558843108962,1.2543538177786757,1.1457489389423523,,1.3545377927291633,1.3521795499043316,1.355616929665258,1.3477568626403809
228,1.2709723387323653,0.29149787788470466,0.12658227848101267,1.424041186222804,1.2387543483780978,1.1457489389423523,,1.423051859810416,1.4203955999009512,1.424281078082589,1.4135661125183105
228,1.2709723387323653,0.29149787788470466,0.189873417721519,1.4786266712341387,1.224111450989516,1.1457489389423523,,1.4781288542586166,1.4772204211754527,1.478803226445473,1.4679193496704102
228,1.2709723387323653,0.29149787788470466,0.25316455696202533,1.521345000572128,1.210366825983141,1.1457489389423523,,1.5214601087132744,1.5208709292813314,1.5213868511653532,1.51114022731781
228,1.2709723387323653,0.29149787788470466,0.31645569620253167,1.5539369319778333,1.1974650898703487,1.1457489389423523,,1.5544805591199995,1.5529427693167537,1.5538695751054434,1.544764757156372
228,1.2709723387323653,0.29149787788470466,0.379746835443038,1.577916025067268,1.1853544974110297,1.1457489389423523,,1.578549017762548,1.5759241125367247,1.5777285902632763,1.570544719696045
228,1.2709723387323653,0.29149787788470466,0.44303797468354433,1.5945968952400051,1.1739867761862692,1.1457489389423523,,1.5949950412993537,1.5919069329385196,1.5942900471285282,1.5888348817825317
228,1.2709723387323653,0.29149787788470466,0.5063291139240507,1.605120032099013,1.1633162342691747,1.1457489389423523,,1.6050829515920269,1.602345123588193,1.6047538515438824,1.6000510454177856
228,1.2709723387323653,0.29149787788470466,0.569620253164557,1.610473595626991,1.1533000166088712,1.1457489389423523,,1.6099630325994352,1.6081936576275773,1.610142812582094,1.6059426069259644
228,1.2709723387323653,0.29149787788470466,0.6329113924050633,1.6115125538118835,1.1438981534368924,1.1457489389423523,,1.6106362399597147,1.6100786775937033,1.6112890948119123,1.608349323272705
228,1.2709723387323653,0.29149787788470466,0.6962025316455697,1.6089754819219948,1.1350729486712865,1.1457489389423523,,1.6079403603244766,1.6084328846803824,1.6088758298921884,1.607701301574707
228,1.2709723387323653,0.29149787788470466,0.759493670886076,1.6034993053149882,1.1267889101333717,1.1457489389423523,,1.6025525695861353,1.60362036711262,1.6034968834711645,1.603853464126587
228,1.2709723387323653,0.29149787788470466,0.8227848101265823,1.5956322339141362,1.1190129427373479,1.1457489389423523,,1.595006094153315,1.5960526387143186,1.5956932865313906,1.5968536138534546
228,1.2709723387323653,0.29149787788470466,0.8860759493670887,1.5858451067601098,1.1117139471901647,1.1457489389423523,,1.5857136613680092,1.5862528897715147,1.5859498142433162,1.587129831314087
228,1.2709723387323653,0.29149787788470466,0.949367088607595,1.5745413388691523,1.1048625292446228,1.1457489389423523,,1.574995279230522,1.5748201062542357,1.5746756606217327,1.575339436531067
228,1.2709723387323653,0.29149787788470466,1.0126582278481013,1.5620656395764505,1.0984312861159427,1.1457489389423523,,1.563105753742121,1.5623085707498694,1.5622057361125896,1.5621285438537598
228,1.2709723387323653,0.29149787788470466,1.0759493670886076,1.5487116512447738,1.0923945610108903,1.1457489389423523,,1.5502592544469267,1.54911165990653,1.5488293497898336,1.5480140447616577
228,1.2709723387323653,0.29149787788470466,1.139240506329114,1.5347286393453055,1.0867280099782892,1.1457489389423523,,1.5366489931036553,1.535436950913305,1.5348155883761203,1.5333715677261353
228,1.2709723387323653,0.29149787788470466,1.2025316455696204,1.5203273491814655,1.0814089435037844,1.1457489389423523,,1.5224594244620981,1.5213745392889848,1.5204085746574232,1.5184555053710938
228,1.2709723387323653,0.29149787788470466,1.2658227848101267,1.5056851306716406,1.0764161949548947,1.1457489389423523,,1.5078711987288427,1.506992939609016,1.5058018107116045,1.5034598112106323
228,1.2709723387323653,0.29149787788470466,1.3291139240506329,1.4909504203686337,1.0717296030176546,1.1457489389423523,,1.4930583409576572,1.4924013357037782,1.4911265101434237,1.4885212182998657
228,1.2709723387323653,0.29149787788470466,1.3924050632911393,1.4762466592124863,1.0673303967753225,1.1457489389423523,,1.4781821834590363,1.4777560746202585,1.4764701432342886,1.4737409353256226
228,1.2709723387323653,0.29149787788470466,1.4556962025316458,1.4616757150591748,1.0632010661019247,1.1457489389423523,,1.4633844782650918,1.463227868835815,1.4619083231721008,1.459184169769287
228,1.2709723387323653,0.29149787788470466,1.518987341772152,1.4473208706471676,1.0593249616572706,1.1457489389423523,,1.4487821166859687,1.448957584842331,1.4475237549255757,1.4449265003204346
228,1.2709723387323653,0.29149787788470466,1.5822784810126582,1.4332494302779162,1.0556865427882545,1.1457489389423523,,1.4344664733541204,1.4350288241969222,1.433404351489348,1.4310091733932495
228,1.2709723387323653,0.29149787788470466,1.6455696202531647,1.4195149923434252,1.0522713110075161,1.1457489389423523,,1.4205045869446133,1.4214665460149143,1.419628368749438,1.4174680709838867
228,1.2709723387323653,0.29149787788470466,1.708860759493671,1.4061594286917969,1.0490655304246053,1.1457489389423523,,1.4069439158541308,1.408258943093262,1.4062517869045217,1.404334545135498
228,1.2709723387323653,0.29149787788470466,1.7721518987341773,1.393214607265468,1.0460563303715393,1.1457489389423523,,1.393816864295474,1.3953888293919778,1.3933059944815749,1.3916242122650146
228,1.2709723387323653,0.29149787788470466,1.8354430379746836,1.3807038897334007,1.0432317060333052,1.1457489389423523,,1.3811453411898487,1.3828583367671672,1.3808042385928103,1.3793548345565796
228,1.2709723387323653,0.29149787788470466,1.89873417721519,1.3686434322152499,1.0405803252125534,1.1457489389423523,,1.3689442859288852,1.3706951629493063,1.3687511573817577,1.3675333261489868
228,1.2709723387323653,0.29149787788470466,1.9620253164556964,1.3570433135238693,1.038091528527891,1.1457489389423523,,1.3572239642196755,1.3589414530937083,1.3571502751793947,1.3561649322509766
228,1.2709723387323653,0.29149787788470466,2.0253164556962027,1.3459085126961006,1.035755375953532,1.1457489389423523,,1.3459909192205735,1.3476360561781697,1.3460068570908978,1.345249891281128
228,1.2709723387323653,0.29149787788470466,2.088607594936709,1.3352397546087722,1.0335625184057176,1.1457489389423523,,1.3352479551423024,1.3368014550851552,1.3353269128886787,1.334787368774414
228,1.2709723387323653,0.29149787788470466,2.151898734177215,1.3250342403850046,1.0315041278928587,1.1457489389423523,,1.324993612483375,1.3264418971279828,1.3251141927191408,1.3247724771499634
228,1.2709723387323653,0.29149787788470466,2.2151898734177218,1.315286277189507,1.0295719740542164,1.1457489389423523,,1.315221790855551,1.3165497568213522,1.3153674077686401,1.3151943683624268
228,1.2709723387323653,0.29149787788470466,2.278481012658228,1.3059878202168982,1.0277583439216231,1.1457489389423523,,1.30592186377609,1.3071133253555773,1.3060787272130172,1.3060483932495117
228,1.2709723387323653,0.29149787788470466,2.3417721518987342,1.2971289380928082,1.026055926257907,1.1457489389423523,,1.2970788590555755,1.298121648270055,1.2972339580500307,1.2973246574401855
228,1.2709723387323653,0.29149787788470466,2.405063291139241,1.2886982115488121,1.0244579063192052,1.1457489389423523,,1.288674934698295,1.2895656405779985,1.2888146434135253,1.2890100479125977
228,1.2709723387323653,0.29149787788470466,2.468354430379747,1.2806830740026238,1.0229579209644455,1.1457489389423523,,1.2806906908136901,1.2814362500904064,1.280800974331049,1.2810922861099243
228,1.2709723387323653,0.29149787788470466,2.5316455696202533,1.2730701016060004,1.02154991512762,1.1457489389423523,,1.2731063667355536,1.2737228995212173,1.2731745345219472,1.273558259010315
228,1.2709723387323653,0.29149787788470466,2.5949367088607596,1.2658452593847045,1.020228249405875,1.1457489389423523,,1.2659031201356927,1.2664127321382272,1.2659206916587966,1.2663992643356323
228,1.2709723387323653,0.29149787788470466,2.6582278481012658,1.2589941092693282,1.0189876646840026,1.1457489389423523,,1.2590637649741199,1.259490792150912,1.2590290590367295,1.2595957517623901
228,1.2709723387323653,0.29149787788470466,2.7215189873417724,1.2525019850836956,1.0178231558522064,1.1457489389423523,,1.2525730502802352,1.2529411398351615,1.2524925511314902,1.2531356811523438
228,1.2709723387323653,0.29149787788470466,2.7848101265822787,1.2463541389381876,1.0167300555849832,1.1457489389423523,,1.2464175945572549,1.2467471959100331,1.2463052708159252,1.2470070123672485
228,1.2709723387323653,0.29149787788470466,2.848101265822785,1.2405358629052499,1.015704009302073,1.1457489389423523,,1.2405852954220573,1.2408928074658059,1.2404599188180445,1.241194248199463
228,1.2709723387323653,0.29149787788470466,2.9113924050632916,1.2350325893669416,1.0147408877276267,1.1457489389423523,,1.2350652148129333,1.2353619691827964,1.2349458684099448,1.2356845140457153
228,1.2709723387323653,0.29149787788470466,2.9746835443037978,1.2298299729604694,1.0138368254099182,1.1457489389423523,,1.2298465294604246,1.2301390857136494,1.229748138099425,1.2304643392562866
228,1.2709723387323653,0.29149787788470466,3.037974683544304,1.2249139567604752,1.012988216735437,1.1457489389423523,,1.2249185800840046,1.2252089388855516,1.2248482655858122,1.225518822669983
228,1.2709723387323653,0.29149787788470466,3.1012658227848102,1.2202708249038108,1.012191655019896,1.1457489389423523,,1.2202702154363532,1.2205563105256896,1.2202257772708016,1.2208372354507446
228,1.2709723387323653,0.29149787788470466,3.1645569620253164,1.215887243610185,1.011443938926333,1.1457489389423523,,1.215889743106677,1.216166441630257,1.2158604219839917,1.2164063453674316
228,1.2709723387323653,0.29149787788470466,3.227848101265823,1.2117502923539254,1.010742082994566,1.1457489389423523,,1.2117647655317794,1.2120248929738633,1.2117342243495262,1.2122132778167725
228,1.2709723387323653,0.29149787788470466,3.2911392405063293,1.20784748659773,1.0100832766986494,1.1457489389423523,,1.2078826063672796,1.2081175861067672,1.207832663396853,1.2082496881484985
228,1.2709723387323653,0.29149787788470466,3.3544303797468356,1.2041667934438487,1.0094648687230492,1.1457489389423523,,1.2042300809031108,1.2044311231332907,1.2041448891327677,1.2044999599456787
228,1.2709723387323653,0.29149787788470466,3.417721518987342,1.2006966412676043,1.008884387100108,1.1457489389423523,,1.200793824041382,1.2009527457145885,1.2006630594557386,1.2009549140930176
228,1.2709723387323653,0.29149787788470466,3.4810126582278484,1.1974259243273337,1.0083395131493986,1.1457489389423523,,1.1975606920692594,1.1976703432680926,1.1973810433002212,1.1976039409637451
228,1.2709723387323653,0.29149787788470466,3.5443037974683547,1.1943440031818382,1.0078280510830353,1.1457489389423523,,1.1945178036561983,1.194572657953678,1.1942928188287505,1.1944373846054077
228,1.2709723387323653,0.29149787788470466,3.607594936708861,1.1914407016311153,1.007347954109027,1.1457489389423523,,1.1916526382473034,1.191649169881409,1.191391570351824,1.1914485692977905
228,1.2709723387323653,0.29149787788470466,3.670886075949367,1.188706300812361,1.0068973093311118,1.1457489389423523,,1.1889533558417433,1.1888899905187356,1.1886688396955054,1.1886239051818848
228,1.2709723387323653,0.29149787788470466,3.7341772151898738,1.186131530977558,1.0064742982255457,1.1457489389423523,,1.1864087559955188,1.1862859692832979,1.1861144866782156,1.1859568357467651
228,1.2709723387323653,0.29149787788470466,3.79746835443038,1.183707561421126,1.0060772265304028,1.1457489389423523,,1.1840083926137135,1.1838287017423732,1.1837170879405257,1.1834396123886108
228,1.2709723387323653,0.29149787788470466,3.8607594936708862,1.1814259889477514,1.0057045146862416,1.1457489389423523,,1.181742606748281,1.18151016063778,1.1814647882469806,1.1810641288757324
228,1.2709723387323653,0.29149787788470466,3.924050632911393,1.179278825216845,1.0053546580616692,1.1457489389423523,,1.1796026167919564,1.1793230484620811,1.1793457936257108,1.1788215637207031
228,1.2709723387323653,0.29149787788470466,3.987341772151899,1.1772584832509436,1.0050262549187476,1.1457489389423523,,1.1775800593092498,1.1772604448823802,1.1773492192016057,1.1767075061798096
228,1.2709723387323653,0.29149787788470466,4.050632911392405,1.175357763348255,1.0047179973714442,1.1457489389423523,,1.1756676203938305,1.1753159379314688,1.1754655447464994,1.1747150421142578
228,1.2709723387323653,0.29149787788470466,4.113924050632912,1.1735698386094398,1.004428644078988,1.1457489389423523,,1.1738583879122493,1.1734834682183393,1.173686737681617,1.1728379726409912
228,1.2709723387323653,0.29149787788470466,4.177215189873418,1.171888240248666,1.004157034129958,1.1457489389423523,,1.1721461220856746,1.1717574027232058,1.1720064855930676,1.1710708141326904
228,1.2709723387323653,0.29149787788470466,4.2405063291139244,1.1703068428334222,1.0039020845879263,1.1457489389423523,,1.1705250751020686,1.1701324159055284,1.1704196745279025,1.1694080829620361
228,1.2709723387323653,0.29149787788470466,4.30379746835443,1.1688198495731472,1.0036627713358646,1.1457489389423523,,1.1689899993156339,1.1686034733051196,1.1689224244963707,1.1678414344787598
228,1.2709723387323653,0.29149787788470466,4.367088607594937,1.167421777755563,1.0034381329154112,1.1457489389423523,,1.1675362128423847,1.1671658315421451,1.1675117243706934,1.16637122631073
228,1.2709723387323653,0.29149787788470466,4.4303797468354436,1.166107444411332,1.0032272726508988,1.1457489389423523,,1.1661590337983365,1.1658150465165702,1.1661849284239667,1.1649912595748901
228,1.2709723387323653,0.29149787788470466,4.493670886075949,1.164871952271778,1.0030293456415955,1.1457489389423523,,1.164854370659656,1.1645468627156306,1.1649396066777757,1.1636977195739746
228,1.2709723387323653,0.29149787788470466,4.556962025316456,1.1637106760705072,1.0028435556168311,1.1457489389423523,,1.1636184926781585,1.1633572706099589,1.163773446106081,1.1624866724014282
228,1.2709723387323653,0.29149787788470466,4.620253164556963,1.1626192492298058,1.002669160127389,1.1457489389423523,,1.162447693704,1.1622425066535846,1.1626838185638018,1.161354422569275
228,1.2709723387323653,0.29149787788470466,4.6835443037974684,1.1615935509715185,1.002505462130877,1.1457489389423523,,1.1613387267563429,1.1611989138933423,1.1616679910035914,1.1602941751480103
228,1.2709723387323653,0.29149787788470466,4.746835443037975,1.1606296938553342,1.0023518021629927,1.1457489389423523,,1.1602884104499223,1.1602230977583565,1.1607229810024735,1.1593079566955566
228,1.2709723387323653,0.29149787788470466,4.810126582278482,1.1597240117782714,1.0022075654733,1.1457489389423523,,1.159293735587851,1.1593118276666834,1.1598453999240672,1.158390760421753
228,1.2709723387323653,0.29149787788470466,4.8734177215189876,1.158873048428459,1.002072177005917,1.1457489389423523,,1.1583520373499971,1.1584620698230956,1.1590318714976195,1.1575404405593872
228,1.2709723387323653,0.29149787788470466,4.936708860759494,1.1580735461895841,1.001945090604752,1.1457489389423523,,1.157460585320657,1.1576708806262788,1.1582787477339869,1.1567542552947998
228,1.2709723387323653,0.29149787788470466,5.0,1.1573224355536202,1.0018257972580382,1.1457489389423523,,1.1566169606630954,1.1569354845635726,1.1575823221371107,1.156029462814331
230,0.518468902529623,0.19809223419057068,0.0,0.518468902529623,0.518468902529623,1.0990461170952854,0.7611704287855443,0.518897379052172,0.5196592060308611,0.5184864532521756,0.5184689164161682
230,0.518468902529623,0.19809223419057068,0.06329113924050633,0.6167969155026682,0.5480008269710628,1.0990461170952854,0.7611704287855443,0.6169659412829844,0.6171528558667432,0.6167157577888961,0.6125737428665161
230,0.518468902529623,0.19809223419057068,0.12658227848101267,0.7016370271998582,0.5757218469672601,1.0990461170952854,0.7611704287855443,0.701502956857492,0.701603318083374,0.7016920929059864,0.6973991394042969
230,0.518468902529623,0.19809223419057068,0.189873417721519,0.7747031282063974,0.6017429917182548,1.0990461170952854,0.7611704287855443,0.7746026628202198,0.774851630815537,0.7746998720327629,0.7725324630737305
230,0.518468902529623,0.19809223419057068,0.25316455696202533,0.8374985715914618,0.6261678625172453,1.0990461170952854,0.7611704287855443,0.8376028316750539,0.8379605571295295,0.8374799468730658,0.8378771543502808
230,0.518468902529623,0.19809223419057068,0.31645569620253167,0.8913416201962647,0.6490948785319753,1.0990461170952854,0.7611704287855443,0.8915806411153421,0.8917441052819421,0.8913648344452214,0.8938793540000916
230,0.518468902529623,0.19809223419057068,0.379746835443038,0.9373878425212298,0.6706159935846513,1.0990461170952854,0.7611704287855443,0.9375962303844827,0.9375806514360207,0.9374322950346761,0.9413930773735046
230,0.518468902529623,0.19809223419057068,0.44303797468354433,0.976649822034869,0.690816990124385,1.0990461170952854,0.7611704287855443,0.9767091155679358,0.9767146993910425,0.9766824787028485,0.9813950061798096
230,0.518468902529623,0.19809223419057068,0.5063291139240507,1.0100145007187296,0.7097790649397668,1.0990461170952854,0.7611704287855443,1.0099047553498404,1.0100541820639315,1.0100387774125685,1.014793038368225
230,0.518468902529623,0.19809223419057068,0.569620253164557,1.038258439426378,0.727578373551971,1.0990461170952854,0.7611704287855443,1.0380296195957137,1.038325320336694,1.0382974692456775,1.0424126386642456
230,0.518468902529623,0.19809223419057068,0.6329113924050633,1.062061244069204,0.7442859441942306,1.0990461170952854,0.7611704287855443,1.0617807350580897,1.062164141179188,1.062119182201585,1.06508207321167
230,0.518468902529623,0.19809223419057068,0.6962025316455697,1.0820173769352468,0.7599687646476508,1.0990461170952854,0.7611704287855443,1.081736172968685,1.0821380995896985,1.082068220423216,1.083740472793579
230,0.518468902529623,0.19809223419057068,0.759493670886076,1.0986465462734898,0.7746899062494474,1.0990461170952854,0.7611704287855443,1.098393693030033,1.0987520262684851,1.0986601206493467,1.099425196647644
230,0.518468902529623,0.19809223419057068,0.8227848101265823,1.112402844250519,0.7885081805855582,1.0990461170952854,0.7611704287855443,1.1121948046914116,1.1124556383108304,1.1123786085633176,1.1129634380340576
230,0.518468902529623,0.19809223419057068,0.8860759493670887,1.123682783097106,0.8014788526206035,1.0990461170952854,0.7611704287855443,1.1235314906950191,1.123654591036071,1.1236542857371277,1.124515414237976
230,0.518468902529623,0.19809223419057068,0.949367088607595,1.1328323613879427,0.8136541573693432,1.0990461170952854,0.7611704287855443,1.1327467256909722,1.132717263029624,1.1328351899472389,1.133905291557312
230,0.518468902529623,0.19809223419057068,1.0126582278481013,1.140153276652281,0.8250827909204272,1.0990461170952854,0.7611704287855443,1.140135794298338,1.1399725761151347,1.1401903812860046,1.1413320302963257
230,0.518468902529623,0.19809223419057068,1.0759493670886076,1.1459083866437134,0.8358103466501416,1.0990461170952854,0.7611704287855443,1.1459521537094246,1.1457035013928,1.145951189963476,1.147181749343872
230,0.518468902529623,0.19809223419057068,1.139240506329114,1.1503265093808743,0.8458800849502371,1.0990461170952854,0.7611704287855443,1.150414948482553,1.1501421159980258,1.1503480618076114,1.1517333984375
230,0.518468902529623,0.19809223419057068,1.2025316455696204,1.1536066413088324,0.855332326197325,1.0990461170952854,0.7611704287855443,1.1537167508196073,1.1534708535170264,1.1536074161793979,1.1551531553268433
230,0.518468902529623,0.19809223419057068,1.2658227848101267,1.1559216634326666,0.8642046845324528,1.0990461170952854,0.7611704287855443,1.1560291587381744,1.1558333641537921,1.1559225269811269,1.1575685739517212
230,0.518468902529623,0.19809223419057068,1.3291139240506329,1.1574215969692057,0.8725329875964953,1.0990461170952854,0.7611704287855443,1.1575059036617885,1.1573519918504298,1.1574382013297788,1.1591097116470337
230,0.518468902529623,0.19809223419057068,1.3924050632911393,1.15823646267753,0.8803505922264643,1.0990461170952854,0.7611704287855443,1.158284473910351,1.1581435869198513,1.1582633926808874,1.1598992347717285
230,0.518468902529623,0.19809223419057068,1.4556962025316458,1.158478791568557,0.8876886147725358,1.0990461170952854,0.7611704287855443,1.1584863606835265,1.1583283368497184,1.1584966516855388,1.1600514650344849
230,0.518468902529623,0.19809223419057068,1.518987341772152,1.1582458289017379,0.8945766419264362,1.0990461170952854,0.7611704287855443,1.1582171728529949,1.1580285240862889,1.158239475146482,1.15967857837677
230,0.518468902529623,0.19809223419057068,1.5822784810126582,1.157621468545093,0.9010422901887256,1.0990461170952854,0.7611704287855443,1.157567046934779,1.1573573132912465,1.1575907025177306,1.1588737964630127
230,0.518468902529623,0.19809223419057068,1.6455696202531647,1.156677950180438,0.9071113240804851,1.0990461170952854,0.7611704287855443,1.1566114096377749,1.1564068416455746,1.1566356767387953,1.1577228307724
230,0.518468902529623,0.19809223419057068,1.708860759493671,1.1554773479129476,0.9128081529507618,1.0990461170952854,0.7611704287855443,1.1554127079469763,1.155241905275706,1.1554402223311357,1.1563024520874023
230,0.518468902529623,0.19809223419057068,1.7721518987341773,1.1540728756782297,0.9181556486060017,1.0990461170952854,0.7611704287855443,1.1540218194282812,1.1539022714974512,1.1540520880623848,1.154672622680664
230,0.518468902529623,0.19809223419057068,1.8354430379746836,1.152510031395214,0.9231751441895517,1.0990461170952854,0.7611704287855443,1.1524803152757441,1.152412222971795,1.152506870238406,1.1528884172439575
230,0.518468902529623,0.19809223419057068,1.89873417721519,1.1508275996143136,0.9278867775702886,1.0990461170952854,0.7611704287855443,1.1508223215859434,1.1507913481765668,1.1508347331927429,1.1509959697723389
230,0.518468902529623,0.19809223419057068,1.9620253164556964,1.149058529667742,0.9323094909902399,1.0990461170952854,0.7611704287855443,1.1490763150367784,1.1490624087754144,1.1490648429577421,1.1490330696105957
230,0.518468902529623,0.19809223419057068,2.0253164556962027,1.1472307045108063,0.9364609483613207,1.0990461170952854,0.7611704287855443,1.1472666479845295,1.1472532377896822,1.147226542802517,1.1470305919647217
230,0.518468902529623,0.19809223419057068,2.088607594936709,1.1453676135811903,0.9403577634625742,1.0990461170952854,0.7611704287855443,1.1454144668018722,1.1453945052492243,1.1453488339141817,1.145015001296997
230,0.518468902529623,0.19809223419057068,2.151898734177215,1.1434889413014624,0.944015624066781,1.0990461170952854,0.7611704287855443,1.1435386220164456,1.1435152084967966,1.1434582848341885,1.1430054903030396
230,0.518468902529623,0.19809223419057068,2.2151898734177218,1.141611081562659,0.9474491559274706,1.0990461170952854,0.7611704287855443,1.1416558486986768,1.1416387610520478,1.1415767573638473,1.141024112701416
230,0.518468902529623,0.19809223419057068,2.278481012658228,1.1397475872334364,0.9506720653662663,1.0990461170952854,0.7611704287855443,1.1397814142180582,1.139781410118335,1.1397198010785312,1.1390775442123413
230,0.518468902529623,0.19809223419057068,2.3417721518987342,1.1379095626479567,0.953697344809169,1.0990461170952854,0.7611704287855443,1.1379285688802296,1.1379527736464718,1.1378965141244364,1.1371796131134033
230,0.518468902529623,0.19809223419057068,2.405063291139241,1.1361060060740427,0.9565371043892879,1.0990461170952854,0.7611704287855443,1.13610892515138,1.136157951692218,1.136110484487927,1.1353362798690796
230,0.518468902529623,0.19809223419057068,2.468354430379747,1.1343441083122574,0.95920265171949,1.0990461170952854,0.7611704287855443,1.1343322198742982,1.1343996869704474,1.1343621157984163,1.1335536241531372
230,0.518468902529623,0.19809223419057068,2.5316455696202533,1.1326295128374293,0.9617047469481869,1.0990461170952854,0.7611704287855443,1.1326063798639452,1.1326807262957572,1.1326516565506897,1.1318351030349731
230,0.518468902529623,0.19809223419057068,2.5949367088607596,1.1309665422340882,0.9640534115700394,1.0990461170952854,0.7611704287855443,1.1309371898298681,1.131004374045111,1.1309811388719277,1.1301828622817993
230,0.518468902529623,0.19809223419057068,2.6582278481012658,1.1293583951057156,0.9662579912899653,1.0990461170952854,0.7611704287855443,1.1293286961989442,1.129375144013839,1.1293555115871965,1.1285991668701172
230,0.518468902529623,0.19809223419057068,2.7215189873417724,1.127807317126087,0.9683273804328267,1.0990461170952854,0.7611704287855443,1.1277834899962857,1.1277981403574249,1.1277823898868289,1.1270842552185059
230,0.518468902529623,0.19809223419057068,2.7848101265822787,1.126314749460699,0.970269873064292,1.0990461170952854,0.7611704287855443,1.1263021779809381,1.126278569724433,1.1262700074780585,1.1256344318389893
230,0.518468902529623,0.19809223419057068,2.848101265822785,1.1248814573941943,0.9720932074864604,1.0990461170952854,0.7611704287855443,1.1248845715656306,1.124820909012685,1.1248251229991526,1.1242523193359375
230,0.518468902529623,0.19809223419057068,2.9113924050632916,1.1235076416218306,0.9738047216244456,1.0990461170952854,0.7611704287855443,1.1235293219414044,1.12342849539693,1.1234512253642464,1.122934341430664
230,0.518468902529623,0.19809223419057068,2.9746835443037978,1.1221930344239903,0.975411284574966,1.0990461170952854,0.7611704287855443,1.1222344858394246,1.122103128655688,1.1221475367206226,1.1216784715652466
230,0.518468902529623,0.19809223419057068,3.037974683544304,1.120936982643067,0.9769193036896187,1.0990461170952854,0.7611704287855443,1.1209976895199127,1.120845120367928,1.120909514006859,1.120489239692688
230,0.518468902529623,0.19809223419057068,3.1012658227848102,1.1197385190741649,0.9783348328129129,1.0990461170952854,0.7611704287855443,1.1198164034536053,1.119653306212239,1.1197304847235656,1.1193550825119019
230,0.518468902529623,0.19809223419057068,3.1645569620253164,1.1185964238546648,0.9796635608772557,1.0990461170952854,0.7611704287855443,1.118688130909025,1.1185254139169927,1.1186033998518585,1.1182771921157837
230,0.518468902529623,0.19809223419057068,3.227848101265823,1.1175092770316823,0.980910793191319,1.0990461170952854,0.7611704287855443,1.117610539143626,1.1174582313490002,1.117522806970087,1.1172529458999634
230,0.518468902529623,0.19809223419057068,3.2911392405063293,1.116475503538929,0.9820815241972387,1.0990461170952854,0.7611704287855443,1.1165815413982587,1.116448157926291,1.1164857564217325,1.1162805557250977
230,0.518468902529623,0.19809223419057068,3.3544303797468356,1.1154934114848094,0.983180465412275,1.0990461170952854,0.7611704287855443,1.1155993788916363,1.1154913399089825,1.1154921264062883,1.1153568029403687
230,0.518468902529623,0.19809223419057068,3.417721518987342,1.1145612247176,0.9842120096439311,1.0990461170952854,0.7611704287855443,1.1146624773300196,1.1145839071582988,1.1145437468192425,1.1144800186157227
230,0.518468902529623,0.19809223419057068,3.4810126582278484,1.1136771103269705,0.9851802773007048,1.0990461170952854,0.7611704287855443,1.113769582198085,1.113722264216924,1.1136432894666504,1.113647699356079
230,0.518468902529623,0.19809223419057068,3.5443037974683547,1.1128392018365167,0.9860891704049752,1.0990461170952854,0.7611704287855443,1.1129195660719307,1.1129031436054038,1.112793170624795,1.1128582954406738
230,0.518468902529623,0.19809223419057068,3.607594936708861,1.11204561862093,0.9869423262062887,1.0990461170952854,0.7611704287855443,1.1121114696163092,1.1121237083152293,1.1119943253425117,1.1121037006378174
230,0.518468902529623,0.19809223419057068,3.670886075949367,1.1112944820592805,0.9877431440148509,1.0990461170952854,0.7611704287855443,1.111344272000124,1.11138144521603,1.111245918553634,1.1113898754119873
230,0.518468902529623,0.19809223419057068,3.7341772151898738,1.1105839288885373,0.9884948554362657,1.0990461170952854,0.7611704287855443,1.110617120480933,1.1106743946400783,1.1105453224526018,1.110711932182312
230,0.518468902529623,0.19809223419057068,3.79746835443038,1.1099121221389232,0.9892004712567745,1.0990461170952854,0.7611704287855443,1.1099288671362175,1.11000082650415,1.1098884255303108,1.1100674867630005
230,0.518468902529623,0.19809223419057068,3.8607594936708862,1.1092772599798106,0.9898627984308003,1.0990461170952854,0.7611704287855443,1.1092784972844665,1.1093594001987332,1.1092704945797496,1.1094552278518677
230,0.518468902529623,0.19809223419057068,3.924050632911393,1.108677582781229,0.9904845107619258,1.0990461170952854,0.7611704287855443,1.10866484865413,1.1087490825935613,1.108686681814892,1.1088751554489136
230,0.518468902529623,0.19809223419057068,3.987341772151899,1.1081113786473034,0.991068099207016,1.0990461170952854,0.7611704287855443,1.1080864822423366,1.1081689553506195,1.1081326159028246,1.1083232164382935
230,0.518468902529623,0.19809223419057068,4.050632911392405,1.10757698764461,0.9916158879435041,1.0990461170952854,0.7611704287855443,1.1075421148357003,1.107618284619441,1.107604817325295,1.1077992916107178
230,0.518468902529623,0.19809223419057068,4.113924050632912,1.1070728049203398,0.9921300828946407,1.0990461170952854,0.7611704287855443,1.1070303873759535,1.1070964390426403,1.1071008490490053,1.107301950454712
230,0.518468902529623,0.19809223419057068,4.177215189873418,1.1065972828796233,0.9926127470567914,1.0990461170952854,0.7611704287855443,1.1065498854585651,1.106602820060619,1.1066192918529099,1.1068298816680908
230,0.518468902529623,0.19809223419057068,4.2405063291139244,1.1061489325685583,0.9930658048609443,1.0990461170952854,0.7611704287855443,1.1060990942357831,1.1061368168146086,1.1061596929742439,1.106382131576538
230,0.518468902529623,0.19809223419057068,4.30379746835443,1.1057263243905224,0.9934910762131407,1.0990461170952854,0.7611704287855443,1.1056767591922843,1.105697888141136,1.1057221637110388,1.1059585809707642
230,0.518468902529623,0.19809223419057068,4.367088607594937,1.1053280882657897,0.9938902696719096,1.0990461170952854,0.7611704287855443,1.1052814679733984,1.1052852755913944,1.105307289026339,1.1055574417114258
230,0.518468902529623,0.19809223419057068,4.4303797468354436,1.104952913329479,0.9942649786737705,1.0990461170952854,0.7611704287855443,1.1049120972549473,1.1048983109104893,1.1049157987667457,1.1051782369613647
230,0.518468902529623,0.19809223419057068,4.493670886075949,1.104599547250052,0.9946167046486635,1.0990461170952854,0.7611704287855443,1.1045673740728525,1.1045361782534882,1.1045484050595862,1.1048203706741333
230,0.518468902529623,0.19809223419057068,4.556962025316456,1.1042667952387606,0.994946862608541,1.0990461170952854,0.7611704287855443,1.1042463636902065,1.104198012578779,1.1042056221832421,1.1044831275939941
230,0.518468902529623,0.19809223419057068,4.620253164556963,1.1039535188107603,0.9952567719219862,1.0990461170952854,0.7611704287855443,1.1039479796803398,1.1038828463516677,1.1038877016262907,1.104166030883789
230,0.518468902529623,0.19809223419057068,4.6835443037974684,1.1036586343504071,0.9955476712673199,1.0990461170952854,0.7611704287855443,1.103671514840987,1.1035896956385671,1.1035945170378272,1.1038663387298584
230,0.518468902529623,0.19809223419057068,4.746835443037975,1.1033811115245447,0.9958207325445788,1.0990461170952854,0.7611704287855443,1.1034160959310895,1.1033174535141923,1.1033256709985753,1.10358726978302
230,0.518468902529623,0.19809223419057068,4.810126582278482,1.1031199715805602,0.9960770481957042,1.0990461170952854,0.7611704287855443,1.103181183837036,1.1030650458510436,1.103080426625596,1.1033270359039307
230,0.518468902529623,0.19809223419057068,4.8734177215189876,1.1028742855606324,0.996317640123241,1.0990461170952854,0.7611704287855443,1.1029660283094664,1.10283128372937,1.10285775363464,1.1030853986740112
230,0.518468902529623,0.19809223419057068,4.936708860759494,1.1026431724683343,0.9965434788734673,1.0990461170952854,0.7611704287855443,1.102770172229235,1.1026149905285902,1.1026565053837991,1.102862000465393
230,0.518468902529623,0.19809223419057068,5.0,1.1024257974022003,0.9967554689842927,1.0990461170952854,0.7611704287855443,1.1025932015242905,1.1024150060270164,1.1024753485059267,1.102656364440918
237,1.2629180567773315,0.294087597580209,0.0,1.2629180567773315,1.2629180567773315,1.1470437987901045,,1.2628688657398581,1.2720225310915998,1.2637233721095238,1.2629181146621704
237,1.2629180567773315,0.294087597580209,0.06329113924050633,1.3489275051189478,1.246793498617272,1.1470437987901045,,1.3480322534359002,1.3455323733712083,1.3489713044040605,1.3410900831222534
237,1.2629180567773315,0.294087597580209,0.12658227848101267,1.4185906683041973,1.2316577020974349,1.1470437987901045,,1.4177524591059807,1.4147981657129896,1.418849848109676,1.4081283807754517
237,1.2629180567773315,0.294087597580209,0.189873417721519,1.4742264254387523,1.2174500447955645,1.1470437987901045,,1.4738698649291586,1.4727457208059207,1.4744210220011063,1.4635415077209473
237,1.2629180567773315,0.294087597580209,0.25316455696202533,1.5178549256640894,1.2041139599585862,1.1470437987901045,,1.5181090932979728,1.5174033505337474,1.517910722184585,1.5076576471328735
237,1.2629180567773315,0.294087597580209,0.31645569620253167,1.5512345183064367,1.1915957102962855,1.1470437987901045,,1.551920134341916,1.5503078607661283,1.5511763727598702,1.5420345067977905
237,1.2629180567773315,0.294087597580209,0.379746835443038,1.5758942056956897,1.1798450886250045,1.1470437987901045,,1.5766681959130602,1.5739675278010317,1.5757111418583278,1.5684596300125122
237,1.2629180567773315,0.294087597580209,0.44303797468354433,1.5931621560742095,1.168815257357421,1.1470437987901045,,1.5936897878005207,1.5905110263585307,1.592855128711042,1.5873051881790161
237,1.2629180567773315,0.294087597580209,0.5063291139240507,1.6041907500157686,1.1584618826966426,1.1470437987901045,,1.6042596943597176,1.6014215707255743,1.6038209529088914,1.598995327949524
237,1.2629180567773315,0.294087597580209,0.569620253164557,1.6099785772917603,1.148743383399536,1.1470437987901045,,1.6095413514617993,1.6076765677297808,1.6096423992441813,1.6053115129470825
237,1.2629180567773315,0.294087597580209,0.6329113924050633,1.6113897511342243,1.1396209777443058,1.1470437987901045,,1.610549948984128,1.6099198379149624,1.6111606926037456,1.6081079244613647
237,1.2629180567773315,0.294087597580209,0.6962025316455697,1.6091708629679478,1.1310580901134508,1.1470437987901045,,1.6081370158507475,1.608596972004921,1.6090663787875967,1.607797622680664
237,1.2629180567773315,0.294087597580209,0.759493670886076,1.603965862025504,1.1230202832847311,1.1470437987901045,,1.6029920599216974,1.6040778306350392,1.6039594872236964,1.6042183637619019
237,1.2629180567773315,0.294087597580209,0.8227848101265823,1.5963291102065795,1.115475445878483,1.1470437987901045,,1.5956582125370449,1.5967715005930385,1.5963866645209681,1.5974353551864624
237,1.2629180567773315,0.294087597580209,0.8860759493670887,1.5867368325522258,1.1083934029855842,1.1470437987901045,,1.586555941316335,1.58719346468519,1.5868379589958943,1.5878968238830566
237,1.2629180567773315,0.294087597580209,0.949367088607595,1.5755971572932563,1.1017456340626082,1.1470437987901045,,1.5760103051189527,1.5759377236180125,1.5757273762218043,1.5762617588043213
237,1.2629180567773315,0.294087597580209,1.0126582278481013,1.5632589161738566,1.0955055508350533,1.1470437987901045,,1.5642785369823466,1.5635622333309531,1.5633941632999089,1.563187599182129
237,1.2629180567773315,0.294087597580209,1.0759493670886076,1.5500193552712005,1.0896482591227543,1.1470437987901045,,1.5515756263952936,1.550471849697308,1.5501315072055537,1.5491896867752075
237,1.2629180567773315,0.294087597580209,1.139240506329114,1.536130888498754,1.0841501385651702,1.1470437987901045,,1.538094030767426,1.5368872690206596,1.5362119767874973,1.5346434116363525
237,1.2629180567773315,0.294087597580209,1.2025316455696204,1.52180701010396,1.07898917406271,1.1470437987901045,,1.5240169585326582,1.522906425490708,1.5218827810126327,1.5198193788528442
237,1.2629180567773315,0.294087597580209,1.2658227848101267,1.5072274684930724,1.0741448281320782,1.1470437987901045,,1.5095236823905558,1.5085997687522885,1.5073397928332042,1.5048987865447998
237,1.2629180567773315,0.294087597580209,1.3291139240506329,1.4925427913721385,1.0695975387267767,1.1470437987901045,,1.4947875714391625,1.4940738916106677,1.4927159218180197,1.4900166988372803
237,1.2629180567773315,0.294087597580209,1.3924050632911393,1.4778782413952711,1.0653290928698769,1.1470437987901045,,1.4799704499557662,1.4794818613342091,1.4781000986966748,1.4752821922302246
237,1.2629180567773315,0.294087597580209,1.4556962025316458,1.4633372720031774,1.0613225008999374,1.1470437987901045,,1.465215185097211,1.4649929472976762,1.4635691190155877,1.4607717990875244
237,1.2629180567773315,0.294087597580209,1.518987341772152,1.449004544669756,1.0575616083556216,1.1470437987901045,,1.4506407016363885,1.450749459095547,1.4492072169483823,1.4465469121932983
237,1.2629180567773315,0.294087597580209,1.5822784810126582,1.4349485612975414,1.0540313365084697,1.1470437987901045,,1.4363403420729264,1.4368381468724158,1.4351036451576138,1.4326579570770264
237,1.2629180567773315,0.294087597580209,1.6455696202531647,1.4212239593313556,1.0507176178188187,1.1470437987901045,,1.422383703309217,1.4232875447023077,1.4213379696670159,1.41913902759552
237,1.2629180567773315,0.294087597580209,1.708860759493671,1.4078735109785843,1.0476071246767644,1.1470437987901045,,1.4088202444069045,1.4100879116427107,1.407967088039231,1.406022071838379
237,1.2629180567773315,0.294087597580209,1.7721518987341773,1.3949298632514582,1.0446873689773173,1.1470437987901045,,1.395684075063674,1.397222586418217,1.3950231645708948,1.3933262825012207
237,1.2629180567773315,0.294087597580209,1.8354430379746836,1.3824170509085278,1.0419467027321623,1.1470437987901045,,1.3829987440900433,1.3846926841535587,1.3825199448284295,1.3810646533966064
237,1.2629180567773315,0.294087597580209,1.89873417721519,1.3703518105873722,1.0393741305780086,1.1470437987901045,,1.3707803715979472,1.3725247874544797,1.370462580137462,1.3692494630813599
237,1.2629180567773315,0.294087597580209,1.9620253164556964,1.3587447208272938,1.0369593099689887,1.1470437987901045,,1.3590403384192098,1.3607612710607973,1.3588550169963616,1.3578846454620361
237,1.2629180567773315,0.294087597580209,2.0253164556962027,1.3476011899301978,1.03469259633298,1.1470437987901045,,1.3477857780723368,1.3494420990750395,1.3477030406571864,1.3469712734222412
237,1.2629180567773315,0.294087597580209,2.088607594936709,1.33692231062729,1.0325649184749444,1.1470437987901045,,1.3370202655160286,1.3385915090612353,1.3370131234824254,1.3365076780319214
237,1.2629180567773315,0.294087597580209,2.151898734177215,1.3267055984245153,1.0305677108032634,1.1470437987901045,,1.3267428988111634,1.3282152570308685,1.3267894311224802,1.326488733291626
237,1.2629180567773315,0.294087597580209,2.2151898734177218,1.31694562835391,1.0286929875934068,1.1470437987901045,,1.3169480531374018,1.3183063734543645,1.3170310155345213,1.3169089555740356
237,1.2629180567773315,0.294087597580209,2.278481012658228,1.307634583052152,1.0269332651346315,1.1470437987901045,,1.307625462787652,1.30885316592093,1.307730320632039,1.3077583312988281
237,1.2629180567773315,0.294087597580209,2.3417721518987342,1.2987627234936816,1.0252814495062854,1.1470437987901045,,1.2987605163481455,1.2998446307732825,1.298873266509656,1.299027919769287
237,1.2629180567773315,0.294087597580209,2.405063291139241,1.2903187923321322,1.023730928523441,1.1470437987901045,,1.2903355686098879,1.2912714534401313,1.290441521277928,1.2907061576843262
237,1.2629180567773315,0.294087597580209,2.468354430379747,1.2822903585617211,1.022275528180687,1.1470437987901045,,1.2823311048900685,1.2831247949180857,1.2824151991701076,1.2827814817428589
237,1.2629180567773315,0.294087597580209,2.5316455696202533,1.27466411113258,1.020909373390567,1.1470437987901045,,1.2747274301180527,1.275394225511123,1.2747759747436234,1.2752412557601929
237,1.2629180567773315,0.294087597580209,2.5949367088607596,1.2674261082071925,1.0196269923737595,1.1470437987901045,,1.267505603572289,1.2680671016726488,1.2675091862200079,1.2680691480636597
237,1.2629180567773315,0.294087597580209,2.6582278481012658,1.2605619879125862,1.0184232823350587,1.1470437987901045,,1.2606482424260725,1.2611287627922159,1.2606045163023836,1.2612560987472534
237,1.2629180567773315,0.294087597580209,2.7215189873417724,1.2540571457032565,1.0172933869347083,1.1470437987901045,,1.254139882523193,1.2545631707523546,1.2540549373779915,1.2547861337661743
237,1.2629180567773315,0.294087597580209,2.7848101265822787,1.247896882823006,1.0162327775770685,1.1470437987901045,,1.2479670275746144,1.2483538774632676,1.2478546732308313,1.24864661693573
237,1.2629180567773315,0.294087597580209,2.848101265822785,1.242066529782961,1.0152372291158185,1.1470437987901045,,1.2421174932027501,1.2424846808185548,1.2419966243627028,1.2428231239318848
237,1.2629180567773315,0.294087597580209,2.9113924050632916,1.2365515482795997,1.0143027350121827,1.1470437987901045,,1.2365802593514246,1.2369395918974257,1.236470129110753,1.2373013496398926
237,1.2629180567773315,0.294087597580209,2.9746835443037978,1.2313376145050476,1.0134255447096985,1.1470437987901045,,1.231344650341218,1.2317030645492046,1.2312604220161119,1.2320681810379028
237,1.2629180567773315,0.294087597580209,3.037974683544304,1.2264106865109077,1.0126021597667825,1.1470437987901045,,1.2264000560882833,1.2267597822077194,1.2263490021746863,1.227115511894226
237,1.2629180567773315,0.294087597580209,3.1012658227848102,1.2217570578655381,1.011829274758176,1.1470437987901045,,1.221735440137552,1.2220947890824463,1.2217153869792405,1.2224233150482178
237,1.2629180567773315,0.294087597580209,3.1645569620253164,1.217363399561321,1.0111037835022776,1.1470437987901045,,1.2173391756738035,1.2176932687734534,1.2173393723348918,1.2179814577102661
237,1.2629180567773315,0.294087597580209,3.227848101265823,1.213216791960034,1.0104227892776232,1.1470437987901045,,1.2131992095105957,1.2135407738559036,1.2132029935748303,1.2137778997421265
237,1.2629180567773315,0.294087597580209,3.2911392405063293,1.2093047481897656,1.0097835650973053,1.1470437987901045,,1.2093028325057626,1.209623283276181,1.209291702336911,1.209803819656372
237,1.2629180567773315,0.294087597580209,3.3544303797468356,1.205615230372524,1.0091835384525154,1.1470437987901045,,1.2056369911403821,1.2059273253435894,1.2055946752749147,1.2060439586639404
237,1.2629180567773315,0.294087597580209,3.417721518987342,1.202136659749538,1.0086203108514527,1.1470437987901045,,1.202188451507708,1.2024400761237104,1.2021041718761611,1.2024892568588257
237,1.2629180567773315,0.294087597580209,3.4810126582278484,1.1988579217171684,1.008091632533292,1.1470437987901045,,1.1989440616954596,1.1991494250339763,1.1988139927308392,1.199129581451416
237,1.2629180567773315,0.294087597580209,3.5443037974683547,1.1957683666072223,1.0075953729769376,1.1470437987901045,,1.1958909321736464,1.196043991242563,1.1957182024204,1.1959547996520996
237,1.2629180567773315,0.294087597580209,3.607594936708861,1.192857806938393,1.0071295462284897,1.1470437987901045,,1.1930165505868193,1.193113123668391,1.1928099899398272,1.1929508447647095
237,1.2629180567773315,0.294087597580209,3.670886075949367,1.1901165117766932,1.0066922962499105,1.1470437987901045,,1.1903090113385744,1.1903469501778028,1.1900807855370994,1.1901158094406128
237,1.2629180567773315,0.294087597580209,3.7341772151898738,1.1875351987377716,1.0062818585705855,1.1470437987901045,,1.1877571139849123,1.187736279191206,1.1875204705102391,1.1874383687973022
237,1.2629180567773315,0.294087597580209,3.79746835443038,1.185105024104686,1.0058965892882055,1.1470437987901045,,1.1853503632342375,1.1852725422869461,1.1851176267819594,1.1849104166030884
237,1.2629180567773315,0.294087597580209,3.8607594936708862,1.1828175714550042,1.005534955793572,1.1470437987901045,,1.1830789853462518,1.182947736805182,1.1828602169174869,1.1825238466262817
237,1.2629180567773315,0.294087597580209,3.924050632911393,1.1806648391398775,1.0051954981784015,1.1470437987901045,,1.180934001926973,1.1807545242412432,1.1807364691850073,1.180273413658142
237,1.2629180567773315,0.294087597580209,3.987341772151899,1.1786392269024035,1.0048768563694974,1.1470437987901045,,1.1789072053303953,1.1786860334589129,1.1787354147666702,1.1781495809555054
237,1.2629180567773315,0.294087597580209,4.050632911392405,1.1767335218825714,1.0045777613559508,1.1470437987901045,,1.1769910110684518,1.176735770496517,1.1768474717777848,1.1761469841003418
237,1.2629180567773315,0.294087597580209,4.113924050632912,1.174940884219051,1.0042970086941456,1.1470437987901045,,1.1751785562043728,1.174897733359174,1.1750646255597295,1.1742600202560425
237,1.2629180567773315,0.294087597580209,4.177215189873418,1.1732548324208034,1.0040334719791637,1.1470437987901045,,1.1734634779676285,1.173166248029865,1.1733804283654967,1.1724828481674194
237,1.2629180567773315,0.294087597580209,4.2405063291139244,1.1716692286551118,1.0037861004633817,1.1470437987901045,,1.1718399547511618,1.1715360832616855,1.1717899004772678,1.1708099842071533
237,1.2629180567773315,0.294087597580209,4.30379746835443,1.1701782640738738,1.0035539004702478,1.1470437987901045,,1.1703027799064079,1.1700021676969388,1.1702890842585187,1.1692346334457397
237,1.2629180567773315,0.294087597580209,4.367088607594937,1.1687764442786015,1.0033359391194343,1.1470437987901045,,1.168847017366538,1.168559868648319,1.1688749238064302,1.1677547693252563
237,1.2629180567773315,0.294087597580209,4.4303797468354436,1.1674585750061144,1.0031313463877312,1.1470437987901045,,1.1674681574359451,1.1672047215171746,1.1675448396511106,1.1663652658462524
237,1.2629180567773315,0.294087597580209,4.493670886075949,1.1662197481008862,1.0029393024879247,1.1470437987901045,,1.1661620839924565,1.165932503588528,1.1662964404172682,1.1650620698928833
237,1.2629180567773315,0.294087597580209,4.556962025316456,1.1650553278259645,1.0027590348174018,1.1470437987901045,,1.1649248203044906,1.1647393037263702,1.16512731298491,1.1638412475585938
237,1.2629180567773315,0.294087597580209,4.620253164556963,1.1639609375528603,1.0025898229952321,1.1470437987901045,,1.1637528652083673,1.1636212763902654,1.1640349310254015,1.1626994609832764
237,1.2629180567773315,0.294087597580209,4.6835443037974684,1.1629324468726356,1.002430990697654,1.1470437987901045,,1.1626427011415126,1.162574912217086,1.1630165641217916,1.16163170337677
237,1.2629180567773315,0.294087597580209,4.746835443037975,1.1619659591332698,1.0022818980620356,1.1470437987901045,,1.1615913189070393,1.1615968494337432,1.1620691323141683,1.1606366634368896
237,1.2629180567773315,0.294087597580209,4.810126582278482,1.1610577994327376,1.0021419486105605,1.1470437987901045,,1.1605956847097205,1.1606838246605065,1.1611893922395318,1.1597111225128174
237,1.2629180567773315,0.294087597580209,4.8734177215189876,1.1602045030674466,1.0020105843800975,1.1470437987901045,,1.1596530435355126,1.1598327795038088,1.1603738219747783,1.158852458000183
237,1.2629180567773315,0.294087597580209,4.936708860759494,1.1594028044287037,1.0018872754482997,1.1470437987901045,,1.1587606403703714,1.1590408687556948,1.1596188724941479,1.1580584049224854
237,1.2629180567773315,0.294087597580209,5.0,1.158649626394682,1.001771527933067,1.1470437987901045,,1.1579160973747953,1.1583053210032273,1.1589207826666408,1.157326340675354
251,0.30506510392386704,0.09920027091310094,0.0,0.30506510392386704,0.30506510392386704,1.0496001354565505,,0.3053251482142235,0.3050474821559498,0.30519463958886034,0.3050650954246521
251,0.30506510392386704,0.09920027091310094,0.06329113924050633,0.3821367846106937,0.34768491591618156,1.0496001354565505,,0.38299975178343426,0.38415843197557853,0.3821060758452627,0.37823957204818726
251,0.30506510392386704,0.09920027091310094,0.12658227848101267,0.4507471378534653,0.3876912711679755,1.0496001354565505,,0.451022491627979,0.45133348023706843,0.45081099687894993,0.44500285387039185
251,0.30506510392386704,0.09920027091310094,0.189873417721519,0.5118591254108311,0.42524440453425916,1.0496001354565505,,0.5116182383749611,0.5111793383995513,0.5119223549262486,0.5054848194122314
251,0.30506510392386704,0.09920027091310094,0.25316455696202533,0.566323856295607,0.4604938310812376,1.0496001354565505,,0.565969057038111,0.5661873591032975,0.5663644041040711,0.5599757432937622
251,0.30506510392386704,0.09920027091310094,0.31645569620253167,0.6148937238868498,0.49358158714772793,1.0496001354565505,,0.6146923003477484,0.614860848171215,0.6149178112772682,0.6089138984680176
251,0.30506510392386704,0.09920027091310094,0.379746835443038,0.6582339909930595,0.5246403784306545,1.0496001354565505,,0.6582696037947484,0.6575361469011535,0.6582372791095779,0.6527990102767944
251,0.30506510392386704,0.09920027091310094,0.44303797468354433,0.6969330067502365,0.5537940042394954,1.0496001354565505,,0.6971956891866946,0.695956228047051,0.6969154697263824,0.6921232342720032
251,0.30506510392386704,0.09920027091310094,0.5063291139240507,0.7315112175265973,0.5811596459611592,1.0496001354565505,,0.7319680333452139,0.7308268343731333,0.7314885180813379,0.7273411750793457
251,0.30506510392386704,0.09920027091310094,0.569620253164557,0.7624291146659806,0.6068472095383156,1.0496001354565505,,0.7630451821196715,0.7620196937374315,0.7624204182843614,0.7588757276535034
251,0.30506510392386704,0.09920027091310094,0.6329113924050633,0.7900942449707202,0.630959201326504,1.0496001354565505,,0.7908242183080264,0.7896696378391616,0.7901043224146682,0.7871372699737549
251,0.30506510392386704,0.09920027091310094,0.6962025316455697,0.814867394889552,0.6535922965912373,1.0496001354565505,,0.8156461404937738,0.8142991026152764,0.8148838955455746,0.8125230669975281
251,0.30506510392386704,0.09920027091310094,0.759493670886076,0.8370680462133334,0.6748375184739145,1.0496001354565505,,0.837815377728756,0.8364304748060492,0.8370751738624976,0.8353707790374756
251,0.30506510392386704,0.09920027091310094,0.8227848101265823,0.856979189478291,0.694779742538288,1.0496001354565505,,0.8576180087034163,0.8563920274539157,0.856973793163009,0.855944812297821
251,0.30506510392386704,0.09920027091310094,0.8860759493670887,0.8748515710518555,0.7134987259436514,1.0496001354565505,,0.8753286820796946,0.8743691172477889,0.8748459364337705,0.8744580745697021
251,0.30506510392386704,0.09920027091310094,0.949367088607595,0.8909074408688842,0.731069853093512,1.0496001354565505,,0.8912054672385887,0.8905077107353117,0.8909156916230032,0.8910534381866455
251,0.30506510392386704,0.09920027091310094,1.0126582278481013,0.9053438598457034,0.7475634010924683,1.0496001354565505,,0.9054794573819174,0.9049664016118281,0.905365963262067,0.905806839466095
251,0.30506510392386704,0.09920027091310094,1.0759493670886076,0.9183356190004883,0.7630451692801065,1.0496001354565505,,0.9183471440470201,0.9179216255683946,0.9183573539667401,0.9188309907913208
251,0.30506510392386704,0.09920027091310094,1.139240506329114,0.9300378161445145,0.7775775900850084,1.0496001354565505,,0.9299700071344297,0.9295535572436984,0.9300461229034149,0.9303219318389893
251,0.30506510392386704,0.09920027091310094,1.2025316455696204,0.9405881305743489,0.7912188529717383,1.0496001354565505,,0.940479778952563,0.9400300229099091,0.9405831981316968,0.9405226707458496
251,0.30506510392386704,0.09920027091310094,1.2658227848101267,0.9501088314073787,0.8040232418263075,1.0496001354565505,,0.9499867912543177,0.9494974974803564,0.9501016980861471,0.9496675133705139
251,0.30506510392386704,0.09920027091310094,1.3291139240506329,0.9587085509700739,0.8160424622976545,1.0496001354565505,,0.9585871087555791,0.9580784642877386,0.958709990892793,0.9579493403434753
251,0.30506510392386704,0.09920027091310094,1.3924050632911393,0.9664838509343343,0.8273246542259048,1.0496001354565505,,0.9663680555622004,0.9658712674940841,0.966495622040578,0.96550452709198
251,0.30506510392386704,0.09920027091310094,1.4556962025316458,0.9735206056463572,0.8379147240308471,1.0496001354565505,,0.9734098714582079,0.9729546381852526,0.9735367049044725,0.9724189639091492
251,0.30506510392386704,0.09920027091310094,1.518987341772152,0.9798952241683605,0.8478553705633672,1.0496001354565505,,0.9797869418227848,0.9793937127647087,0.979909601008456,0.978747546672821
251,0.30506510392386704,0.09920027091310094,1.5822784810126582,0.9856757299661426,0.8571864493385792,1.0496001354565505,,0.9855673630596035,0.9852448542280986,0.9856871589144167,0.9845346808433533
251,0.30506510392386704,0.09920027091310094,1.6455696202531647,0.9909227150755998,0.8659451431363855,1.0496001354565505,,0.9908130573890774,0.9905591779252714,0.9909345601527328,0.9898132681846619
251,0.30506510392386704,0.09920027091310094,1.708860759493671,0.9956901834179728,0.8741666789825944,1.0496001354565505,,0.9955793874743731,0.9953851097876043,0.9957072414435443,0.9946199655532837
251,0.30506510392386704,0.09920027091310094,1.7721518987341773,1.000026296327235,0.8818840649561522,1.0496001354565505,,0.9999154516014856,0.9997684273252363,1.0000511151229923,0.9989921450614929
251,0.30506510392386704,0.09920027091310094,1.8354430379746836,1.0039740317494945,0.8891280885717213,1.0496001354565505,,1.0038644690532275,1.0037519234497587,1.0040050879248605,1.002967357635498
251,0.30506510392386704,0.09920027091310094,1.89873417721519,1.0075717672521254,0.8959278123506961,1.0496001354565505,,1.007464378668827,1.0073750948952462,1.0076043827001724,1.0065803527832031
251,0.30506510392386704,0.09920027091310094,1.9620253164556964,1.0108537957271067,0.9023105733126046,1.0496001354565505,,1.0107486669880315,1.0106736994481427,1.0108823073031359,1.0098659992218018
251,0.30506510392386704,0.09920027091310094,2.0253164556962027,1.0138507817335722,0.9083018636194897,1.0496001354565505,,1.0137469504118117,1.0136798379417262,1.0138707746356581,1.012855887413025
251,0.30506510392386704,0.09920027091310094,2.088607594936709,1.016590165353728,0.9139256599051991,1.0496001354565505,,1.0164855573630684,1.0164221756411675,1.0166001181314372,1.0155802965164185
251,0.30506510392386704,0.09920027091310094,2.151898734177215,1.0190965197258506,0.9192046024121215,1.0496001354565505,,1.0189882580373766,1.0189266145981462,1.019098297841954,1.0180656909942627
251,0.30506510392386704,0.09920027091310094,2.2151898734177218,1.0213918676558058,0.9241597987002075,1.0496001354565505,,1.021276543184167,1.021216342847531,1.0213897136565626,1.0203393697738647
251,0.30506510392386704,0.09920027091310094,2.278481012658228,1.023495962073814,0.9288110294258654,1.0496001354565505,,1.0233702226663264,1.0233123263741732,1.0234948495718155,1.0224199295043945
251,0.30506510392386704,0.09920027091310094,2.3417721518987342,1.0254265345379803,0.9331770449673323,1.0496001354565505,,1.0252873270668377,1.025233571495197,1.0254305133520967,1.0243289470672607
251,0.30506510392386704,0.09920027091310094,2.405063291139241,1.0271995155034734,0.9372753223975062,1.0496001354565505,,1.027044575057235,1.0269971494583379,1.0272102270898555,1.0260835886001587
251,0.30506510392386704,0.09920027091310094,2.468354430379747,1.0288292296331965,0.9411221806100465,1.0496001354565505,,1.0286573405998163,1.0286183276330887,1.0288454281493855,1.0276997089385986
251,0.30506510392386704,0.09920027091310094,2.5316455696202533,1.0303285690416484,0.9447331484101728,1.0496001354565505,,1.0301397431415562,1.0301108646907755,1.03034693935094,1.029191017150879
251,0.30506510392386704,0.09920027091310094,2.5949367088607596,1.0317091470251918,0.9481226885945643,1.0496001354565505,,1.0315045656196402,1.0314868548150729,1.0317256207620948,1.0305674076080322
251,0.30506510392386704,0.09920027091310094,2.6582278481012658,1.0329814345330837,0.9513042886752712,1.0496001354565505,,1.0327634840459683,1.032756981884847,1.0329926952558899,1.0318429470062256
251,0.30506510392386704,0.09920027091310094,2.7215189873417724,1.0341548813639214,0.9542907847426891,1.0496001354565505,,1.0339269445154564,1.0339307449589366,1.0341597456984635,1.0330257415771484
251,0.30506510392386704,0.09920027091310094,2.7848101265822787,1.035238023850351,0.9570941466066389,1.0496001354565505,,1.0350042124027166,1.0350164500767058,1.035237795587442,1.034124493598938
251,0.30506510392386704,0.09920027091310094,2.848101265822785,1.036238580583996,0.959725542011516,1.0496001354565505,,1.0360035773482197,1.0360214849395044,1.0362364536934463,1.0351463556289673
251,0.30506510392386704,0.09920027091310094,2.9113924050632916,1.0371635375566919,0.9621955608864851,1.0496001354565505,,1.0369323286599565,1.0369524378026427,1.0371635082105204,1.0360981225967407
251,0.30506510392386704,0.09920027091310094,2.9746835443037978,1.0380192238975523,0.9645141165579445,1.0496001354565505,,1.0377966979173125,1.037815216367366,1.0380246442863763,1.0369853973388672
251,0.30506510392386704,0.09920027091310094,3.037974683544304,1.0388113793224587,0.9666904559724985,1.0496001354565505,,1.0386022525445007,1.0386151420744913,1.0388237611574291,1.03781259059906
251,0.30506510392386704,0.09920027091310094,3.1012658227848102,1.0395452142193922,0.9687333159026726,1.0496001354565505,,1.0393536662260598,1.0393569952013628,1.0395637375284568,1.0385854244232178
251,0.30506510392386704,0.09920027091310094,3.1645569620253164,1.0402254631738148,0.9706509064886033,1.0496001354565505,,1.040055161676968,1.040045260845248,1.0402472533097322,1.0393073558807373
251,0.30506510392386704,0.09920027091310094,3.227848101265823,1.0408564327534264,0.9724508842326557,1.0496001354565505,,1.0407102072631191,1.0406838665410485,1.0408773752732243,1.039982557296753
251,0.30506510392386704,0.09920027091310094,3.2911392405063293,1.0414420440971874,0.974140457002225,1.0496001354565505,,1.0413219351730993,1.0412766004330747,1.041457986405645,1.0406122207641602
251,0.30506510392386704,0.09920027091310094,3.3544303797468356,1.0419858710011973,0.9757264243530811,1.0496001354565505,,1.0418929610303607,1.0418268611919255,1.041993793680517,1.0412018299102783
251,0.30506510392386704,0.09920027091310094,3.417721518987342,1.0424911739108478,0.9772151258870059,1.0496001354565505,,1.042425744668871,1.0423378261031422,1.042489918351735,1.0417531728744507
251,0.30506510392386704,0.09920027091310094,3.4810126582278484,1.04296093033718,0.9786125080851962,1.0496001354565505,,1.0429223605486093,1.0428124551669327,1.0429514326661349,1.0422687530517578
251,0.30506510392386704,0.09920027091310094,3.5443037974683547,1.043397862085412,0.9799242022586737,1.0496001354565505,,1.043384727340071,1.0432534542006615,1.0433828890923351,1.0427507162094116
251,0.30506510392386704,0.09920027091310094,3.607594936708861,1.0438044596154454,0.9811554576048596,1.0496001354565505,,1.0438147227165178,1.0436633855313784,1.0437878581117754,1.043196678161621
251,0.30506510392386704,0.09920027091310094,3.670886075949367,1.0441830038913649,0.982311179932105,1.0496001354565505,,1.0442138471766698,1.0440446105996921,1.0441688320879483,1.0436153411865234
251,0.30506510392386704,0.09920027091310094,3.7341772151898738,1.0445355859855032,0.9833960330211564,1.0496001354565505,,1.0445837816070718,1.044399314558111,1.044527335928228,1.0440055131912231
251,0.30506510392386704,0.09920027091310094,3.79746835443038,1.044864124664731,0.9844143619710917,1.0496001354565505,,1.044926067503677,1.0447295718666139,1.0448640968894953,1.0443686246871948
251,0.30506510392386704,0.09920027091310094,3.8607594936708862,1.0451703821959935,0.9853702177158645,1.0496001354565505,,1.0452421971657588,1.0450372806970798,1.0451793620561955,1.044706106185913
251,0.30506510392386704,0.09920027091310094,3.924050632911393,1.0454559785598128,0.9862674590289774,1.0496001354565505,,1.0455335972970188,1.0453242490274748,1.0454732840061611,1.0450211763381958
251,0.30506510392386704,0.09920027091310094,3.987341772151899,1.0457224042450985,0.9871096808035821,1.0496001354565505,,1.0458018585900895,1.0455921454451733,1.0457461141511302,1.0453126430511475
251,0.30506510392386704,0.09920027091310094,4.050632911392405,1.0459710317749482,0.9879002372404778,1.0496001354565505,,1.0460485061420304,1.0458424499502796,1.045998374730593,1.0455827713012695
251,0.30506510392386704,0.09920027091310094,4.113924050632912,1.0462031260981537,0.9886423118786787,1.0496001354565505,,1.0462749666565432,1.0460767122381933,1.046230970694005,1.045832633972168
251,0.30506510392386704,0.09920027091310094,4.177215189873418,1.046419853968493,0.9893388819883276,1.0496001354565505,,1.0464828226268137,1.046296215522301,1.0464451773446142,1.0460636615753174
251,0.30506510392386704,0.09920027091310094,4.2405063291139244,1.0466222924181838,0.9899927248651236,1.0496001354565505,,1.0466736565460277,1.0465022676143283,1.0466425443298675,1.0462764501571655
251,0.30506510392386704,0.09920027091310094,4.30379746835443,1.046811436420238,0.9906064669567044,1.0496001354565505,,1.046849034508478,1.0466960041376243,1.0468248378135898,1.046473741531372
251,0.30506510392386704,0.09920027091310094,4.367088607594937,1.046988205824082,0.9911825740164781,1.0496001354565505,,1.0470105964034764,1.0468786017127698,1.046993914375246,1.0466545820236206
251,0.30506510392386704,0.09920027091310094,4.4303797468354436,1.047153451639564,0.9917233456563689,1.0496001354565505,,1.0471599370233786,1.0470509827775027,1.0471516039582998,1.0468207597732544
251,0.30506510392386704,0.09920027091310094,4.493670886075949,1.047307961736318,0.9922309487065025,1.0496001354565505,,1.0472987741522388,1.047214258356832,1.0472996269753312,1.046973466873169
251,0.30506510392386704,0.09920027091310094,4.556962025316456,1.0474524660182936,0.9927074252805296,1.0496001354565505,,1.0474286697846262,1.0473691950990107,1.0474395512213477,1.0471135377883911
251,0.30506510392386704,0.09920027091310094,4.620253164556963,1.0475876411264389,0.9931546794616936,1.0496001354565505,,1.047551231012067,1.0475166949431605,1.047572704156929,1.0472420454025269
251,0.30506510392386704,0.09920027091310094,4.6835443037974684,1.047714114713394,0.9935744988825679,1.0496001354565505,,1.047668241214187,1.0476575696344903,1.047700180537415,1.0473560094833374
251,0.30506510392386704,0.09920027091310094,4.746835443037975,1.0478324693391226,0.9939685748021831,1.0496001354565505,,1.047781172191644,1.0477925571231912,1.0478228903911313,1.0474623441696167
251,0.30506510392386704,0.09920027091310094,4.810126582278482,1.0479432460200557,0.994338483809305,1.0496001354565505,,1.0478917417284919,1.0479223625616665,1.0479414802702882,1.047559380531311
251,0.30506510392386704,0.09920027091310094,4.8734177215189876,1.0480469474695395,0.994685700691061,1.0496001354565505,,1.0480014339245582,1.048047650105088,1.0480564484236312,1.0476478338241577
251,0.30506510392386704,0.09920027091310094,4.936708860759494,1.048144041061515,0.9950116261186991,1.0496001354565505,,1.0481118394724749,1.0481691249058593,1.0481681120298223,1.047728419303894
251,0.30506510392386704,0.09920027091310094,5.0,1.0482349615259412,0.9953175654988069,1.0496001354565505,,1.0482244137740067,1.0482872871302211,1.0482766976530453,1.0478018522262573
253,0.34170651430964144,0.05415579532830235,0.0,0.34170651430964144,0.34170651430964144,1.0270778976641513,,0.34105945144304384,0.33995469081147145,0.34175030096640685,0.3417065143585205
253,0.34170651430964144,0.05415579532830235,0.06329113924050633,0.40088741158750574,0.3820791373485839,1.0270778976641513,,0.40057713495644964,0.4012385351136841,0.4008358809742245,0.39842304587364197
253,0.34170651430964144,0.05415579532830235,0.12658227848101267,0.4543999827316072,0.41997610179398887,1.0270778976641513,,0.4537515298251016,0.45381942124261,0.4544109808612215,0.45061221718788147
253,0.34170651430964144,0.05415579532830235,0.189873417721519,0.5028342717819428,0.4555491938949445,1.0270778976641513,,0.5019473519342783,0.5017302961849687,0.502856096645719,0.4984282851219177
253,0.34170651430964144,0.05415579532830235,0.25316455696202533,0.5467153137515569,0.4889400453275301,1.0270778976641513,,0.5457666374481274,0.5459737226704212,0.5467271162178398,0.5421079397201538
253,0.34170651430964144,0.05415579532830235,0.31645569620253167,0.5865105484610323,0.5202832033667506,1.0270778976641513,,0.5855546158645685,0.5859943685824204,0.5865094518128463,0.5819551944732666
253,0.34170651430964144,0.05415579532830235,0.379746835443038,0.6226363722511191,0.5497043766168104,1.0270778976641513,,0.6216557623324381,0.6219236874481997,0.6226194895123558,0.6182984113693237
253,0.34170651430964144,0.05415579532830235,0.44303797468354433,0.6554639288789661,0.5773208368961525,1.0270778976641513,,0.654456861144817,0.654644759662163,0.6554341113001549,0.6514555215835571
253,0.34170651430964144,0.05415579532830235,0.5063291139240507,0.685324228941347,0.6032435870398358,1.0270778976641513,,0.6843401705002854,0.6847008477555223,0.6852935749547111,0.6817195415496826
253,0.34170651430964144,0.05415579532830235,0.569620253164557,0.7125126766140726,0.6275767380466126,1.0270778976641513,,0.711631733191815,0.7120914925592708,0.7124941263399787,0.7093586921691895
253,0.34170651430964144,0.05415579532830235,0.6329113924050633,0.7372930731984554,0.6504173914816432,1.0270778976641513,,0.7365811403726616,0.736814004654937,0.7372900193478378,0.7346324324607849
253,0.34170651430964144,0.05415579532830235,0.6962025316455697,0.7599011587580848,0.6718571252724052,1.0270778976641513,,0.7593751426376529,0.7591424095465225,0.7599065373003072,0.757781445980072
253,0.34170651430964144,0.05415579532830235,0.759493670886076,0.7805477459011648,0.6919821632383791,1.0270778976641513,,0.7801686439311811,0.7794966500889924,0.7805520281094818,0.7789949178695679
253,0.34170651430964144,0.05415579532830235,0.8227848101265823,0.7994214933901268,0.7108729057609936,1.0270778976641513,,0.7991150067016859,0.7982328118475107,0.7994214155440185,0.7984026670455933
253,0.34170651430964144,0.05415579532830235,0.8860759493670887,0.8166913616401852,0.7286049046922224,1.0270778976641513,,0.8163815980523292,0.8155571600997156,0.8166916678150945,0.8161180019378662
253,0.34170651430964144,0.05415579532830235,0.949367088607595,0.8325087872137513,0.7452495696878939,1.0270778976641513,,0.8321472807103489,0.8315578552950093,0.8325154667836884,0.8322563171386719
253,0.34170651430964144,0.05415579532830235,1.0126582278481013,0.8470096090501701,0.7608734723943763,1.0270778976641513,,0.8465891135247401,0.8462765998185906,0.8470214793712969,0.8469335436820984
253,0.34170651430964144,0.05415579532830235,1.0759493670886076,0.8603157753195269,0.775538942789427,1.0270778976641513,,0.8598658049830985,0.8597629839232487,0.8603246794526663,0.860268235206604
253,0.34170651430964144,0.05415579532830235,1.139240506329114,0.8725368563902575,0.7893051214648636,1.0270778976641513,,0.872107726285712,0.8720948203568282,0.8725361559276664,0.8723849654197693
253,0.34170651430964144,0.05415579532830235,1.2025316455696204,0.8837713864096711,0.802227129764676,1.0270778976641513,,0.8834146810960967,0.8833717815917,0.8837620772290969,0.8834244012832642
253,0.34170651430964144,0.05415579532830235,1.2658227848101267,0.8941080533550636,0.8143563893813685,1.0270778976641513,,0.893861218782367,0.893701936333512,0.8940970702615396,0.893527626991272
253,0.34170651430964144,0.05415579532830235,1.3291139240506329,0.9036267550802415,0.8257418797115231,1.0270778976641513,,0.9035055718139849,0.9031907130661196,0.9036210427427906,0.9028268456459045
253,0.34170651430964144,0.05415579532830235,1.3924050632911393,0.9123995368220229,0.836429202355148,1.0270778976641513,,0.9123980027983569,0.9119330121839966,0.9124008650469801,0.9114288091659546
253,0.34170651430964144,0.05415579532830235,1.4556962025316458,0.9204914238490979,0.8464608959784808,1.0270778976641513,,0.9205868720712882,0.9200101393992217,0.9204967575080185,0.9194132685661316
253,0.34170651430964144,0.05415579532830235,1.518987341772152,0.9279611613127213,0.8558774080760252,1.0270778976641513,,0.9281214747054911,0.927490445298311,0.9279670143000557,0.9268419146537781
253,0.34170651430964144,0.05415579532830235,1.5822784810126582,0.9348618719206662,0.8647164927253533,1.0270778976641513,,0.9350524832807003,0.9344294073366826,0.9348670483205249,0.9337597489356995
253,0.34170651430964144,0.05415579532830235,1.6455696202531647,0.9412416408988104,0.8730133721924852,1.0270778976641513,,0.941431045944551,0.9408715157113654,0.9412472654756974,0.9401950240135193
253,0.34170651430964144,0.05415579532830235,1.708860759493671,0.9471440365151758,0.8808014161092511,1.0270778976641513,,0.9473068513431904,0.946853126768402,0.9471521521271574,0.9461746215820312
253,0.34170651430964144,0.05415579532830235,1.7721518987341773,0.9526085735200467,0.8881118921576309,1.0270778976641513,,0.9527269642998673,0.9524042340833054,0.9526201577857215,0.9517276287078857
253,0.34170651430964144,0.05415579532830235,1.8354430379746836,0.9576711260076682,0.8949739645377104,1.0270778976641513,,0.9577346942913063,0.9575507971038811,0.9576850162138315,0.9568778872489929
253,0.34170651430964144,0.05415579532830235,1.89873417721519,0.9623642954246765,0.9014151634089568,1.0270778976641513,,0.9623691690764867,0.9623168566074404,0.9623777234570696,0.9616528749465942
253,0.34170651430964144,0.05415579532830235,1.9620253164556964,0.9667177387895011,0.9074613844084538,1.0270778976641513,,0.9666649903198877,0.966725895808928,0.9667275794764748,0.966077446937561
253,0.34170651430964144,0.05415579532830235,2.0253164556962027,0.9707584616429142,0.9131367755885074,1.0270778976641513,,0.9706527091593881,0.970801430721075,0.9707623835316078,0.9701784253120422
253,0.34170651430964144,0.05415579532830235,2.088607594936709,0.9745110796536108,0.9184640493815485,1.0270778976641513,,0.9743592361785942,0.9745674529245133,0.9745084503932238,0.9739781022071838
253,0.34170651430964144,0.05415579532830235,2.151898734177215,0.977998052414663,0.9234646522916402,1.0270778976641513,,0.9778080955896842,0.9780485279611335,0.9779902075701619,0.9774995446205139
253,0.34170651430964144,0.05415579532830235,2.2151898734177218,0.9812398925324649,0.9281585789532338,1.0270778976641513,,0.981020105787471,0.9812689589905363,0.981229494023013,0.9807682037353516
253,0.34170651430964144,0.05415579532830235,2.278481012658228,0.9842553527542085,0.9325645670600785,1.0270778976641513,,0.9840136909283728,0.9842525244077431,0.9842454272903973,0.9837996959686279
253,0.34170651430964144,0.05415579532830235,2.3417721518987342,0.9870615935648859,0.9367003783506018,1.0270778976641513,,0.9868054712905647,0.9870218218874703,0.9870547152554239,0.9866152405738831
253,0.34170651430964144,0.05415579532830235,2.405063291139241,0.9896743334123081,0.9405825683946895,1.0270778976641513,,0.989410501057929,0.9895976780239777,0.9896717978440739,0.9892312288284302
253,0.34170651430964144,0.05415579532830235,2.468354430379747,0.9921079834682982,0.9442265956496012,1.0270778976641513,,0.9918424569073262,0.9919988285526526,0.9921095291803945,0.9916636943817139
253,0.34170651430964144,0.05415579532830235,2.5316455696202533,0.9943757686174389,0.9476471701426704,1.0270778976641513,,0.9941137528008464,0.9942416559677201,0.9943801149176836,0.9939273595809937
253,0.34170651430964144,0.05415579532830235,2.5949367088607596,0.9964898361731097,0.9508579920994716,1.0270778976641513,,0.9962360237531569,0.996340287915601,0.9964952681565522,0.9960363507270813
253,0.34170651430964144,0.05415579532830235,2.6582278481012658,0.9984613536512412,0.9538718378841929,1.0270778976641513,,0.9982197978536395,0.9983065070010009,0.9984664058163872,0.9980014562606812
253,0.34170651430964144,0.05415579532830235,2.7215189873417724,1.000300596777846,0.9567008667865,1.0270778976641513,,1.0000750374298633,1.0001501771581298,1.0003047650237846,0.9998342990875244
253,0.34170651430964144,0.05415579532830235,2.7848101265822787,1.0020170287795827,0.9593564174913208,1.0270778976641513,,1.0018106306818984,1.001879522431887,1.002020864481094,1.001545786857605
253,0.34170651430964144,0.05415579532830235,2.848101265822785,1.0036193718883766,0.9618490689081431,1.0270778976641513,,1.0034349410452348,1.003501348362916,1.003624138168568,1.003144383430481
253,0.34170651430964144,0.05415579532830235,2.9113924050632916,1.0051156718902938,0.9641888525973725,1.0270778976641513,,1.0049556350024051,1.005021525754953,1.0051228837515631,1.0046385526657104
253,0.34170651430964144,0.05415579532830235,2.9746835443037978,1.0065133564281952,0.9663851591915067,1.0270778976641513,,1.0063795754901794,1.0064452776554567,1.0065241080742142,1.0060367584228516
253,0.34170651430964144,0.05415579532830235,3.037974683544304,1.0078192877403023,0.9684467480789374,1.0270778976641513,,1.0077131334785339,1.0077773269456443,1.0078336999512274,1.0073435306549072
253,0.34170651430964144,0.05415579532830235,3.1012658227848102,1.0090398104095557,0.970381895373767,1.0270778976641513,,1.0089621879706514,1.009022248916696,1.0090569043536757,1.0085681676864624
253,0.34170651430964144,0.05415579532830235,3.1645569620253164,1.0101807946015968,0.9721983783249816,1.0270778976641513,,1.0101320030112229,1.010184487668647,1.010198673652483,1.0097157955169678
253,0.34170651430964144,0.05415579532830235,3.227848101265823,1.0112476753257742,0.9739034497352719,1.0270778976641513,,1.011227358877592,1.0112684709026387,1.011263941597444,1.0107918977737427
253,0.34170651430964144,0.05415579532830235,3.2911392405063293,1.012245488033668,0.9755039374270927,1.0270778976641513,,1.012252683270901,1.0122786591175998,1.0122578719287225,1.0117977857589722
253,0.34170651430964144,0.05415579532830235,3.3544303797468356,1.0131789010206431,0.9770062824402761,1.0270778976641513,,1.013212075914429,1.0132195784080305,1.0131858559561313,1.0127429962158203
253,0.34170651430964144,0.05415579532830235,3.417721518987342,1.0140522448627376,0.978416490112172,1.0270778976641513,,1.0141091937613413,1.0140955826800535,1.0140532833954252,1.0136297941207886
253,0.34170651430964144,0.05415579532830235,3.4810126582278484,1.014869539247293,0.9797401933874941,1.0270778976641513,,1.014947537975319,1.0149111406320437,1.014865292155396,1.0144617557525635
253,0.34170651430964144,0.05415579532830235,3.5443037974683547,1.015634517432125,0.9809827266586195,1.0270778976641513,,1.0157302489443938,1.0156705733723375,1.0156266098920856,1.0152422189712524
253,0.34170651430964144,0.05415579532830235,3.607594936708861,1.016350648545254,0.9821490623516381,1.0270778976641513,,1.0164603850621323,1.016377972424768,1.0163412748099467,1.015974998474121
253,0.34170651430964144,0.05415579532830235,3.670886075949367,1.0170211579692028,0.9832438476093268,1.0270778976641513,,1.0171408079353839,1.0170373555181489,1.0170125784149242,1.016662836074829
253,0.34170651430964144,0.05415579532830235,3.7341772151898738,1.0176490459794303,0.9842715003081196,1.0270778976641513,,1.0177743217748711,1.0176524616001115,1.0176432173816305,1.017308235168457
253,0.34170651430964144,0.05415579532830235,3.79746835443038,1.018237104790908,0.9852361364457415,1.0270778976641513,,1.0183633454173295,1.018226832831569,1.0182353199481666,1.0179139375686646
253,0.34170651430964144,0.05415579532830235,3.8607594936708862,1.0187879341783441,0.9861415933649621,1.0270778976641513,,1.0189106584751424,1.0187638145867173,1.0187906366904922,1.0184820890426636
253,0.34170651430964144,0.05415579532830235,3.924050632911393,1.019303955797352,0.986991526380064,1.0270778976641513,,1.019418589591132,1.0192664078629974,1.0193108072381618,1.0190165042877197
253,0.34170651430964144,0.05415579532830235,3.987341772151899,1.0197874263310769,0.9877893408384535,1.0270778976641513,,1.019889672394286,1.0197374660678113,1.019797409113639,1.0195173025131226
253,0.34170651430964144,0.05415579532830235,4.050632911392405,1.0202404495642023,0.9885382140860259,1.0270778976641513,,1.020326169931854,1.0201796376223982,1.0202520660116186,1.0199871063232422
253,0.34170651430964144,0.05415579532830235,4.113924050632912,1.0206649874832738,0.9892411618052717,1.0270778976641513,,1.020730648630609,1.0205952265712406,1.0206765623714003,1.020427942276001
253,0.34170651430964144,0.05415579532830235,4.177215189873418,1.021062870491747,0.9899010042856209,1.0270778976641513,,1.0211052977427824,1.0209865123604824,1.021072781722131,1.0208412408828735
253,0.34170651430964144,0.05415579532830235,4.2405063291139244,1.0214358068181137,0.9905203723859896,1.0270778976641513,,1.0214525361051092,1.0213554792561905,1.0214426923361855,1.0212290287017822
253,0.34170651430964144,0.05415579532830235,4.30379746835443,1.0217853911879304,0.9911017540709064,1.0270778976641513,,1.0217747005598585,1.0217040131310735,1.0217883099899818,1.0215907096862793
253,0.34170651430964144,0.05415579532830235,4.367088607594937,1.022113112823775,0.9916474850834958,1.0270778976641513,,1.0220740787526206,1.0220338850655883,1.0221116429413426,1.0219308137893677
253,0.34170651430964144,0.05415579532830235,4.4303797468354436,1.0224203628310382,0.9921597437854347,1.0270778976641513,,1.0223530403234506,1.0223467021512604,1.022414610610078,1.0222495794296265
253,0.34170651430964144,0.05415579532830235,4.493670886075949,1.0227084410220078,0.9926405827576991,1.0270778976641513,,1.0226137417267938,1.022644022282936,1.0226990218671712,1.0225483179092407
253,0.34170651430964144,0.05415579532830235,4.556962025316456,1.0229785622259466,0.9930919364406326,1.0270778976641513,,1.022858544403259,1.0229272229676372,1.022966547133808,1.0228281021118164
253,0.34170651430964144,0.05415579532830235,4.620253164556963,1.0232318621284866,0.9935156085220259,1.0270778976641513,,1.0230896458045242,1.0231976735129389,1.0232186829216425,1.0230904817581177
253,0.34170651430964144,0.05415579532830235,4.6835443037974684,1.0234694026746471,0.9939132923790838,1.0270778976641513,,1.0233092023850343,1.0234566940297374,1.0234567418110168,1.0233327150344849
253,0.34170651430964144,0.05415579532830235,4.746835443037975,1.0236921770773553,0.9942865900970438,1.0270778976641513,,1.0235194443942535,1.0237055226344631,1.0236818993946815,1.023561716079712
253,0.34170651430964144,0.05415579532830235,4.810126582278482,1.0239011144603287,0.994636995136606,1.0270778976641513,,1.023722372497142,1.0239453400474205,1.0238951312496032,1.0237758159637451
253,0.34170651430964144,0.05415579532830235,4.8734177215189876,1.024097084166727,0.9949659045246442,1.0270778976641513,,1.0239200693531259,1.0241773269889143,1.0240972936711104,1.02397620677948
253,0.34170651430964144,0.05415579532830235,4.936708860759494,1.0242808997652562,0.9952746450799302,1.0270778976641513,,1.0241144536326998,1.024402483791424,1.0242891397440343,1.0241636037826538
253,0.34170651430964144,0.05415579532830235,5.0,1.024453322757062,0.9955644533801391,1.0270778976641513,,1.0243074194080193,1.0246219993747014,1.0244712942324234,1.0243386030197144
260,0.8844217615994567,0.2924790225260452,0.0,0.8844217615994567,0.8844217615994567,1.1462395112630226,0.1776421668932311,0.8854659038439736,0.8857947344487753,0.8844223105297235,0.8844217658042908
260,0.8844217615994567,0.2924790225260452,0.06329113924050633,0.9930856861616164,0.8915100842881686,1.1462395112630226,0.1776421668932311,0.9942310704822124,0.991602393510972,0.9928589792751414,0.9878439903259277
260,0.8844217615994567,0.2924790225260452,0.12658227848101267,1.0840744869758667,0.8981637493882167,1.1462395112630226,0.1776421668932311,1.0850188213985774,1.0843086898805812,1.0842025811948224,1.0788899660110474
260,0.8844217615994567,0.2924790225260452,0.189873417721519,1.1597813405716824,0.9044094063920624,1.1462395112630226,0.1776421668932311,1.1604322369420135,1.1608693371389036,1.1599175435585114,1.1566046476364136
260,0.8844217615994567,0.2924790225260452,0.25316455696202533,1.2222969927414231,0.9102719219283139,1.1462395112630226,0.1776421668932311,1.2227916108488157,1.2230797967970246,1.2224037335250955,1.2209374904632568
260,0.8844217615994567,0.2924790225260452,0.31645569620253167,1.2734468142399304,0.915774918799511,1.1462395112630226,0.1776421668932311,1.2738866752667866,1.2736554672727163,1.273555250226202,1.2729429006576538
260,0.8844217615994567,0.2924790225260452,0.379746835443038,1.3148233830307237,0.9209404679805935,1.1462395112630226,0.1776421668932311,1.3152500297495,1.3146508633916483,1.3148882409724507,1.314355731010437
260,0.8844217615994567,0.2924790225260452,0.44303797468354433,1.3478151294323395,0.9257891591788636,1.1462395112630226,0.1776421668932311,1.3482480136726536,1.3475075872494835,1.347792171353701,1.347123622894287
260,0.8844217615994567,0.2924790225260452,0.5063291139240507,1.3736315161842096,0.9303404814404876,1.1462395112630226,0.1776421668932311,1.3740836990320617,1.3733668706160882,1.3735444921403124,1.3726820945739746
260,0.8844217615994567,0.2924790225260452,0.569620253164557,1.3933251690278021,0.9346127137946458,1.1462395112630226,0.1776421668932311,1.39379990783999,1.3931993147784372,1.3932423306934167,1.391842007637024
260,0.8844217615994567,0.2924790225260452,0.6329113924050633,1.4078113237174448,0.9386229046066812,1.1462395112630226,0.1776421668932311,1.4082979068633104,1.4078294232847157,1.4077834676265775,1.4057625532150269
260,0.8844217615994567,0.2924790225260452,0.6962025316455697,1.4178849117995036,0.9423871324430148,1.1462395112630226,0.1776421668932311,1.4183620715587486,1.4179694164619316,1.4179123905924795,1.4157428741455078
260,0.8844217615994567,0.2924790225260452,0.759493670886076,1.424235568907887,0.945920535835898,1.1462395112630226,0.1776421668932311,1.4246782692320714,1.4242713143004557,1.424286243918311,1.4224512577056885
260,0.8844217615994567,0.2924790225260452,0.8227848101265823,1.4274608154023471,0.9492372308819564,1.1462395112630226,0.1776421668932311,1.4278450266842992,1.4273629976199893,1.4275108732548705,1.4261548519134521
260,0.8844217615994567,0.2924790225260452,0.8860759493670887,1.4280776293033284,0.9523504824093384,1.1462395112630226,0.1776421668932311,1.4283820248383408,1.4278389262960594,1.428129795301471,1.4271304607391357
260,0.8844217615994567,0.2924790225260452,0.949367088607595,1.4265326051634255,0.9552728279904262,1.1462395112630226,0.1776421668932311,1.4267402332549408,1.4262174365423395,1.426596009727795,1.4257688522338867
260,0.8844217615994567,0.2924790225260452,1.0126582278481013,1.4232108693397731,0.9580159557761468,1.1462395112630226,0.1776421668932311,1.4233125366154196,1.422903810603347,1.4232733166060423,1.422498345375061
260,0.8844217615994567,0.2924790225260452,1.0759493670886076,1.418443901721099,0.9605908091970321,1.1462395112630226,0.1776421668932311,1.4184434428664001,1.4181926381950536,1.4184757289882606,1.417699933052063
260,0.8844217615994567,0.2924790225260452,1.139240506329114,1.4125163959890503,0.9630077717151202,1.1462395112630226,0.1776421668932311,1.4124346916412531,1.412307797006306,1.412503263711494,1.41170072555542
260,0.8844217615994567,0.2924790225260452,1.2025316455696204,1.4056722746581476,0.9652765211230289,1.1462395112630226,0.1776421668932311,1.4055476484984932,1.4054508622313109,1.4056365445923547,1.4047669172286987
260,0.8844217615994567,0.2924790225260452,1.2658227848101267,1.3981199611837876,0.9674060856562836,1.1462395112630226,0.1776421668932311,1.3980028129549846,1.397830526183887,1.3981042002340591,1.3971253633499146
260,0.8844217615994567,0.2924790225260452,1.3291139240506329,1.3900369992088966,0.9694050647503947,1.1462395112630226,0.1776421668932311,1.3899799496770868,1.389661942341743,1.3900676193895645,1.3889670372009277
260,0.8844217615994567,0.2924790225260452,1.3924050632911393,1.3815740981562874,0.9712814647926573,1.1462395112630226,0.1776421668932311,1.3816202859323319,1.3811452755942764,1.3816418185522925,1.3804422616958618
260,0.8844217615994567,0.2924790225260452,1.4556962025316458,1.37285867488274,0.9730427544033878,1.1462395112630226,0.1776421668932311,1.3730323987920539,1.3724411530995781,1.372930664556035,1.3716938495635986
260,0.8844217615994567,0.2924790225260452,1.518987341772152,1.3639979526285315,0.9746960350506501,1.1462395112630226,0.1776421668932311,1.3643002177912307,1.3636576435632957,1.3640454172002134,1.3628212213516235
260,0.8844217615994567,0.2924790225260452,1.5822784810126582,1.355081671385019,0.976247935312542,1.1462395112630226,0.1776421668932311,1.355491060386112,1.3548544553552717,1.3550981658875665,1.3539165258407593
260,0.8844217615994567,0.2924790225260452,1.6455696202531647,1.3461844570089088,0.9777046392506409,1.1462395112630226,0.1776421668932311,1.3466632082428385,1.3460616312476983,1.3461853643194845,1.3450547456741333
260,0.8844217615994567,0.2924790225260452,1.708860759493671,1.3373678907771722,0.9790720056549198,1.1462395112630226,0.1776421668932311,1.3378706137197687,1.337304556727122,1.3373761587490895,1.3362975120544434
260,0.8844217615994567,0.2924790225260452,1.7721518987341773,1.3286823162838783,0.9803555242707135,1.1462395112630226,0.1776421668932311,1.3291648677346517,1.3286223595525226,1.328713235387818,1.3276913166046143
260,0.8844217615994567,0.2924790225260452,1.8354430379746836,1.3201684156697993,0.9815603155297906,1.1462395112630226,0.1776421668932311,1.320595363753559,1.3200721406697367,1.320221759353557,1.3192723989486694
260,0.8844217615994567,0.2924790225260452,1.89873417721519,1.3118585838289003,0.9826912129712971,1.1462395112630226,0.1776421668932311,1.3122078546882896,1.311718511717649,1.3119205454225726,1.3110730648040771
260,0.8844217615994567,0.2924790225260452,1.9620253164556964,1.303778125337337,0.9837527631571796,1.1462395112630226,0.1776421668932311,1.3040423702369448,1.303616376190419,1.303829242223679,1.3031151294708252
260,0.8844217615994567,0.2924790225260452,2.0253164556962027,1.2959462960814196,0.9847492058215579,1.1462395112630226,0.1776421668932311,1.2961317409835464,1.2957981383008472,1.2959708693875833,1.295411229133606
260,0.8844217615994567,0.2924790225260452,2.088607594936709,1.2883772089115209,0.9856845286431618,1.1462395112630226,0.1776421668932311,1.288500040503192,1.2882720630910658,1.2883697060673356,1.287977695465088
260,0.8844217615994567,0.2924790225260452,2.151898734177215,1.2810806201369396,0.9865624970384952,1.1462395112630226,0.1776421668932311,1.2811624869686946,1.2810305906713468,1.2810474578106203,1.2808215618133545
260,0.8844217615994567,0.2924790225260452,2.2151898734177218,1.2740626117818017,0.9873866215156792,1.1462395112630226,0.1776421668932311,1.2741262466963472,1.2740619630353247,1.2740192410262425,1.27393639087677
260,0.8844217615994567,0.2924790225260452,2.278481012658228,1.2673261826544377,0.9881601918986042,1.1462395112630226,0.1776421668932311,1.2673914508772948,1.2673586202932725,1.2672913069965066,1.2673346996307373
260,0.8844217615994567,0.2924790225260452,2.3417721518987342,1.2608717596792713,0.9888863266602361,1.1462395112630226,0.1776421668932311,1.260952983056884,1.260919873691679,1.2608607690148164,1.2610105276107788
260,0.8844217615994567,0.2924790225260452,2.405063291139241,1.2546976395569063,0.9895679325035046,1.1462395112630226,0.1776421668932311,1.2548022502151217,1.25474906860474,1.2547176322453615,1.2549608945846558
260,0.8844217615994567,0.2924790225260452,2.468354430379747,1.2488003695770218,0.9902077235085229,1.1462395112630226,0.1776421668932311,1.248928953847129,1.2488494356144,1.24884814108344,1.2491811513900757
260,0.8844217615994567,0.2924790225260452,2.5316455696202533,1.2431750753323862,0.9908082823516849,1.1462395112630226,0.1776421668932311,1.2433223690768078,1.2432207123383694,1.2432386827297424,1.243666172027588
260,0.8844217615994567,0.2924790225260452,2.5949367088607596,1.2378157421247036,0.9913720144159548,1.1462395112630226,0.1776421668932311,1.2379724925793552,1.2378581594965365,1.2378789118435052,1.238401174545288
260,0.8844217615994567,0.2924790225260452,2.6582278481012658,1.2327154560217126,0.9919011628796369,1.1462395112630226,0.1776421668932311,1.2328703213624497,1.232753331658946,1.2327630098551268,1.2333883047103882
260,0.8844217615994567,0.2924790225260452,2.7215189873417724,1.2278666097819317,0.9923978625797264,1.1462395112630226,0.1776421668932311,1.2280083447330434,1.2278961271074371,1.2278893377986928,1.228615641593933
260,0.8844217615994567,0.2924790225260452,2.7848101265822787,1.2232610782271975,0.9928641042775761,1.1462395112630226,0.1776421668932311,1.2233801835217133,1.22327637032883,1.223258220615198,1.2240735292434692
260,0.8844217615994567,0.2924790225260452,2.848101265822785,1.2188903670695845,0.9933017453388406,1.1462395112630226,0.1776421668932311,1.2189802785036925,1.218885115726929,1.2188690957748798,1.2197545766830444
260,0.8844217615994567,0.2924790225260452,2.9113924050632916,1.2147457386685157,0.9937125470297465,1.1462395112630226,0.1776421668932311,1.2148033984320763,1.2147147050186478,1.2147179661526035,1.2156492471694946
260,0.8844217615994567,0.2924790225260452,2.9746835443037978,1.2108183178346767,0.9940981580872221,1.1462395112630226,0.1776421668932311,1.2108443776555324,1.2107585950456323,1.2107963655966627,1.2117486000061035
260,0.8844217615994567,0.2924790225260452,3.037974683544304,1.207099180352395,0.9944601164190084,1.1462395112630226,0.1776421668932311,1.207097599553168,1.2070107018185359,1.207091329780365,1.2080466747283936
260,0.8844217615994567,0.2924790225260452,3.1012658227848102,1.2035794265035216,0.9947998750832706,1.1462395112630226,0.1776421668932311,1.203556619359988,1.203464957746905,1.203587423908163,1.2045308351516724
260,0.8844217615994567,0.2924790225260452,3.1645569620253164,1.2002502417583045,0.9951187995510663,1.1462395112630226,0.1776421668932311,1.2002142871585926,1.200114680281794,1.2002690193413716,1.2011946439743042
260,0.8844217615994567,0.2924790225260452,3.227848101265823,1.1971029462928144,0.995418163215211,1.1462395112630226,0.1776421668932311,1.1970626166880334,1.1969524325251735,1.197122561615052,1.1980292797088623
260,0.8844217615994567,0.2924790225260452,3.2911392405063293,1.1941290350103781,0.9956991648535524,1.1462395112630226,0.1776421668932311,1.1940929411332974,1.1939701462216301,1.1941380343543528,1.195025086402893
260,0.8844217615994567,0.2924790225260452,3.3544303797468356,1.1913202093208626,0.9959629353356885,1.1462395112630226,0.1776421668932311,1.191296077114239,1.1911589987666658,1.1913091510723812,1.192177176475525
260,0.8844217615994567,0.2924790225260452,3.417721518987342,1.1886684019640674,0.9962105290336917,1.1462395112630226,0.1776421668932311,1.188662578868422,1.1885097903812416,1.188632592505866,1.1894769668579102
260,0.8844217615994567,0.2924790225260452,3.4810126582278484,1.1861657958141754,0.9964429349378061,1.1462395112630226,0.1776421668932311,1.1861828202455857,1.1860132064940665,1.1861065370016493,1.1869171857833862
260,0.8844217615994567,0.2924790225260452,3.5443037974683547,1.1838048376319579,0.9966610896207375,1.1462395112630226,0.1776421668932311,1.1838474046799743,1.1836599817305289,1.1837288637008327,1.1844909191131592
260,0.8844217615994567,0.2924790225260452,3.607594936708861,1.1815782475097842,0.9968658661037431,1.1462395112630226,0.1776421668932311,1.1816474603704104,1.1814411786938792,1.1814960994102415,1.182194471359253
260,0.8844217615994567,0.2924790225260452,3.670886075949367,1.1794790246833302,0.9970580802973366,1.1462395112630226,0.1776421668932311,1.179574312302435,1.179348351954162,1.179402602415792,1.1800177097320557
260,0.8844217615994567,0.2924790225260452,3.7341772151898738,1.177500450308735,0.9972385078591813,1.1462395112630226,0.1776421668932311,1.1776200726084578,1.1773734988515356,1.1774404696567387,1.177956223487854
260,0.8844217615994567,0.2924790225260452,3.79746835443038,1.1756360877034755,0.9974078714453626,1.1462395112630226,0.1776421668932311,1.1757772797921104,1.1755094366708145,1.1756002369206402,1.1760046482086182
260,0.8844217615994567,0.2924790225260452,3.8607594936708862,1.173879780485873,0.9975668447877378,1.1462395112630226,0.1776421668932311,1.1740392841022338,1.173749605854751,1.1738715684434897,1.1741578578948975
260,0.8844217615994567,0.2924790225260452,3.924050632911393,1.172225648993455,0.997716069658993,1.1462395112630226,0.1776421668932311,1.1723999605522477,1.1720879880095714,1.1722442747380322,1.1724085807800293
260,0.8844217615994567,0.2924790225260452,3.987341772151899,1.1706680853029454,0.9978561439445148,1.1462395112630226,0.1776421668932311,1.1708536761223667,1.17051938878588,1.170708931346595,1.170755386352539
260,0.8844217615994567,0.2924790225260452,4.050632911392405,1.1692017471295226,0.9979876254988964,1.1462395112630226,0.1776421668932311,1.1693953471557241,1.1690390443052263,1.1692575682203747,1.1691927909851074
260,0.8844217615994567,0.2924790225260452,4.113924050632912,1.1678215508449825,0.9981110437930806,1.1462395112630226,0.1776421668932311,1.1680202753694415,1.1676428507446077,1.1678837499188581,1.1677170991897583
260,0.8844217615994567,0.2924790225260452,4.177215189873418,1.1665226638162103,0.9982268939923588,1.1462395112630226,0.1776421668932311,1.1667240576607165,1.1663270035608206,1.166582747923745,1.1663236618041992
260,0.8844217615994567,0.2924790225260452,4.2405063291139244,1.1653004962386286,0.998335638003231,1.1462395112630226,0.1776421668932311,1.165502651702396,1.1650882557730278,1.1653511852139613,1.1650092601776123
260,0.8844217615994567,0.2924790225260452,4.30379746835443,1.1641506926113239,0.9984377126438707,1.1462395112630226,0.1776421668932311,1.16435222015349,1.1639235735860023,1.1641867839374673,1.1637701988220215
260,0.8844217615994567,0.2924790225260452,4.367088607594937,1.1630691229777186,0.9985335280065566,1.1462395112630226,0.1776421668932311,1.163269056864154,1.1628301609884675,1.1630880758541216,1.1626033782958984
260,0.8844217615994567,0.2924790225260452,4.4303797468354436,1.1620518740360823,0.9986234665517064,1.1462395112630226,0.1776421668932311,1.162249759064066,1.1618054925508834,1.162053962695135,1.1615062952041626
260,0.8844217615994567,0.2924790225260452,4.493670886075949,1.1610952402088695,0.9987078886560959,1.1462395112630226,0.1776421668932311,1.1612908747862247,1.1608471084392822,1.1610834063708095,1.1604758501052856
260,0.8844217615994567,0.2924790225260452,4.556962025316456,1.1601957147400639,0.9987871339542471,1.1462395112630226,0.1776421668932311,1.1603891406508995,1.1599526554125013,1.1601753617596495,1.1595097780227661
260,0.8844217615994567,0.2924790225260452,4.620253164556963,1.15934998088361,0.9988615191241379,1.1462395112630226,0.1776421668932311,1.1595415556606499,1.159119813027165,1.1593283906013134,1.1586048603057861
260,0.8844217615994567,0.2924790225260452,4.6835443037974684,1.1585549032310638,0.9989313414763131,1.1462395112630226,0.1776421668932311,1.158744995826337,1.1583463510338086,1.158540829611192,1.1577626466751099
260,0.8844217615994567,0.2924790225260452,4.746835443037975,1.1578075192158077,0.9989968822930915,1.1462395112630226,0.1776421668932311,1.1579966323388977,1.1576300145846288,1.1578105196105037,1.156975507736206
260,0.8844217615994567,0.2924790225260452,4.810126582278482,1.157105030821464,0.9990584037848743,1.1462395112630226,0.1776421668932311,1.157293701984842,1.1569685160340355,1.1571351315335372,1.1562442779541016
260,0.8844217615994567,0.2924790225260452,4.8734177215189876,1.1564447965197384,0.9991161512311002,1.1462395112630226,0.1776421668932311,1.1566335399440377,1.1563596128333948,1.1565118943594939,1.1555671691894531
260,0.8844217615994567,0.2924790225260452,4.936708860759494,1.155824323488444,0.9991703575845322,1.1462395112630226,0.1776421668932311,1.1560137273797504,1.15580103373601,1.1559379424781668,1.1549427509307861
260,0.8844217615994567,0.2924790225260452,5.0,1.155241260082939,0.999221239954793,1.1462395112630226,0.1776421668932311,1.1554317142641,1.1552904623982283,1.1554102436211964,1.1543693542480469
263,0.916999023308672,0.06013272845114852,0.0,0.916999023308672,0.916999023308672,1.0300663642255743,0.4183562373889814,0.917108306065315,0.9175639001139189,0.9170040803855309,0.9169990420341492
263,0.916999023308672,0.06013272845114852,0.06329113924050633,0.9429730565021909,0.9220894080939761,1.0300663642255743,0.4183562373889814,0.9428346600043055,0.9436099340753513,0.9429478064377587,0.9409776926040649
263,0.916999023308672,0.06013272845114852,0.12658227848101267,0.9650903255496837,0.9268676493055017,1.0300663642255743,0.4183562373889814,0.9646778708452091,0.9654599340580058,0.9651103345972599,0.9625179767608643
263,0.916999023308672,0.06013272845114852,0.189873417721519,0.9838565249906697,0.9313528849222764,1.0300663642255743,0.4183562373889814,0.9833111459483053,0.9839318112550347,0.9838662207028505,0.9815366864204407
263,0.916999023308672,0.06013272845114852,0.25316455696202533,0.999714332540417,0.9355629725833347,1.0300663642255743,0.4183562373889814,0.9991875211348714,0.9995960913574594,0.9997179009170906,0.9980111122131348
263,0.916999023308672,0.06013272845114852,0.31645569620253167,1.0130510789693021,0.9395148766905402,1.0300663642255743,0.4183562373889814,1.0126387132148982,1.012881088855182,1.0130574871606983,1.0120269060134888
263,0.916999023308672,0.06013272845114852,0.379746835443038,1.0242054951668622,0.943224447221379,1.0300663642255743,0.4183562373889814,1.0239389034818718,1.0241068691446327,1.0242095640097106,1.0237791538238525
263,0.916999023308672,0.06013272845114852,0.44303797468354433,1.033473646787143,0.9467064704006594,1.0300663642255743,0.4183562373889814,1.0333362727842397,1.0335039145688616,1.0334729600874646,1.0335109233856201
263,0.916999023308672,0.06013272845114852,0.5063291139240507,1.0411141536954238,0.9499749420280138,1.0300663642255743,0.4183562373889814,1.0410644233544677,1.0412469635334873,1.0411166000654928,1.0414669513702393
263,0.916999023308672,0.06013272845114852,0.569620253164557,1.0473527798393125,0.9530429889454493,1.0300663642255743,0.4183562373889814,1.0473419442383718,1.0474990210361024,1.0473671536728593,1.047867774963379
263,0.916999023308672,0.06013272845114852,0.6329113924050633,1.0523864689510272,0.9559228542100852,1.0300663642255743,0.4183562373889814,1.05237055002075,1.0524435947904207,1.0524110927050823,1.0529029369354248
263,0.916999023308672,0.06013272845114852,0.6962025316455697,1.0563868924882316,0.9586260844308263,1.0300663642255743,0.4183562373889814,1.056332858775364,1.0562895861961488,1.0564095700753546,1.056749701499939
263,0.916999023308672,0.06013272845114852,0.759493670886076,1.0595035682933729,0.9611635511435254,1.0300663642255743,0.4183562373889814,1.0593918017047874,1.0592505170411295,1.0595126424287513,1.0595920085906982
263,0.916999023308672,0.06013272845114852,0.8227848101265823,1.0618666014685045,0.9635453916354707,1.0300663642255743,0.4183562373889814,1.0616909429188222,1.0615136093883675,1.06186204952323,1.0616081953048706
263,0.916999023308672,0.06013272845114852,0.8860759493670887,1.0635890928116998,0.9657811318668018,1.0300663642255743,0.4183562373889814,1.0633550779940955,1.0632168927212369,1.0635821590576915,1.0629616975784302
263,0.916999023308672,0.06013272845114852,0.949367088607595,1.0647692547433187,0.9678797755285894,1.0300663642255743,0.4183562373889814,1.0644911933093095,1.0644462644418895,1.0647708663614048,1.0638048648834229
263,0.916999023308672,0.06013272845114852,1.0126582278481013,1.065492269878389,0.9698497163111689,1.0300663642255743,0.4183562373889814,1.0651897451589027,1.0652510688197174,1.0655023677694526,1.0642545223236084
263,0.916999023308672,0.06013272845114852,1.0759493670886076,1.0658319231983555,0.9716988130938162,1.0300663642255743,0.4183562373889814,1.06552602086118,1.0656682320622994,1.0658407323452652,1.0644078254699707
263,0.916999023308672,0.06013272845114852,1.139240506329114,1.0658520350737948,0.9734345226218714,1.0300663642255743,0.4183562373889814,1.0655617704481775,1.0657409734524474,1.0658509546847899,1.0643463134765625
263,0.916999023308672,0.06013272845114852,1.2025316455696204,1.0656077191273505,0.9750637948735533,1.0300663642255743,0.4183562373889814,1.0653477812918808,1.0655236512211246,1.0655975028850797,1.0641447305679321
263,0.916999023308672,0.06013272845114852,1.2658227848101267,1.0651464860525437,0.9765931133562835,1.0300663642255743,0.4183562373889814,1.0649253622040546,1.065074440441667,1.0651352343049318,1.0638644695281982
263,0.916999023308672,0.06013272845114852,1.3291139240506329,1.0645092119872324,0.9780286536404481,1.0300663642255743,0.4183562373889814,1.0643290902508382,1.0644441653835703,1.064504099672775,1.0635114908218384
263,0.916999023308672,0.06013272845114852,1.3924050632911393,1.063730987801421,0.9793761654067352,1.0300663642255743,0.4183562373889814,1.063588048869176,1.0636704082101378,1.0637325514837597,1.0630828142166138
263,0.916999023308672,0.06013272845114852,1.4556962025316458,1.0628418636988934,0.9806410121456195,1.0300663642255743,0.4183562373889814,1.0627277342381436,1.0627791570672385,1.0628451325118957,1.0625669956207275
263,0.916999023308672,0.06013272845114852,1.518987341772152,1.0618675017934833,0.981828293682063,1.0300663642255743,0.4183562373889814,1.0617709654175145,1.0617917797126046,1.0618671732873097,1.0619478225708008
263,0.916999023308672,0.06013272845114852,1.5822784810126582,1.0608297478502822,0.98294277024138,1.0300663642255743,0.4183562373889814,1.0607384911068063,1.0607304269511155,1.060824115752438,1.0612242221832275
263,0.916999023308672,0.06013272845114852,1.6455696202531647,1.0597471319681873,0.9839888828252497,1.0300663642255743,0.4183562373889814,1.0596494734126272,1.0596198037152533,1.0597385005826205,1.0604057312011719
263,0.916999023308672,0.06013272845114852,1.708860759493671,1.0586353068513557,0.9849708388458697,1.0300663642255743,0.4183562373889814,1.0585214222531039,1.0584845862394376,1.0586277864851605,1.059501051902771
263,0.916999023308672,0.06013272845114852,1.7721518987341773,1.0575074312843287,0.9858925806909321,1.0300663642255743,0.4183562373889814,1.0573702035573282,1.0573457159101798,1.0575042454748589,1.0585272312164307
263,0.916999023308672,0.06013272845114852,1.8354430379746836,1.056374505458401,0.9867577855304973,1.0300663642255743,0.4183562373889814,1.0562098342791928,1.0562177508448456,1.0563764115568044,1.057495355606079
263,0.916999023308672,0.06013272845114852,1.89873417721519,1.0552456640605787,0.9875699245064997,1.0300663642255743,0.4183562373889814,1.0550524250012652,1.0551086691049365,1.0552509784943163,1.056423544883728
263,0.916999023308672,0.06013272845114852,1.9620253164556964,1.0541284322794506,0.9883322626720091,1.0300663642255743,0.4183562373889814,1.0539079544500076,1.0540214552890004,1.0541341908382151,1.055323839187622
263,0.916999023308672,0.06013272845114852,2.0253164556962027,1.0530289492648262,0.9890478447357682,1.0300663642255743,0.4183562373889814,1.0527846302714257,1.0529564209760063,1.0530323821610101,1.0542129278182983
263,0.916999023308672,0.06013272845114852,2.088607594936709,1.0519521630621258,0.9897195343962888,1.0300663642255743,0.4183562373889814,1.051688548754036,1.05191314799418,1.0519518861344686,1.0530972480773926
263,0.916999023308672,0.06013272845114852,2.151898734177215,1.050902000516363,0.9903500357374172,1.0300663642255743,0.4183562373889814,1.0506242810892952,1.0508920463158489,1.0508984032531363,1.0519888401031494
263,0.916999023308672,0.06013272845114852,2.2151898734177218,1.0498815152382444,0.9909418697839307,1.0300663642255743,0.4183562373889814,1.0495948610724302,1.049894313060211,1.049876438994408,1.050894856452942
263,0.916999023308672,0.06013272845114852,2.278481012658228,1.0488930163512473,0.9914973990791579,1.0300663642255743,0.4183562373889814,1.0486023959612063,1.0489218996955474,1.0488888287594627,1.0498226881027222
263,0.916999023308672,0.06013272845114852,2.3417721518987342,1.0479381804025507,0.992018863113037,1.0300663642255743,0.4183562373889814,1.0476479352847836,1.047977126665234,1.0479367666066126,1.0487775802612305
263,0.916999023308672,0.06013272845114852,2.405063291139241,1.0470181485329328,0.9925083492956671,1.0300663642255743,0.4183562373889814,1.0467321185999934,1.0470619946342314,1.0470200958091105,1.0477640628814697
263,0.916999023308672,0.06013272845114852,2.468354430379747,1.046133610746787,0.9929678067076311,1.0300663642255743,0.4183562373889814,1.045854995103515,1.0461779672037503,1.0461379406327955,1.046785593032837
263,0.916999023308672,0.06013272845114852,2.5316455696202533,1.0452848788983105,0.9933990900636751,1.0300663642255743,0.4183562373889814,1.0450164664019899,1.0453260201079315,1.045289445140073,1.04584538936615
263,0.916999023308672,0.06013272845114852,2.5949367088607596,1.0444719498133181,0.9938039267576249,1.0300663642255743,0.4183562373889814,1.0442163275092537,1.0445064075296178,1.0444742317673932,1.044942855834961
263,0.916999023308672,0.06013272845114852,2.6582278481012658,1.0436945597919145,0.9941839276981838,1.0300663642255743,0.4183562373889814,1.0434539798657083,1.043719121269363,1.0436926471805634,1.044081211090088
263,0.916999023308672,0.06013272845114852,2.7215189873417724,1.042952231585551,0.9945406259901826,1.0300663642255743,0.4183562373889814,1.042728952003176,1.0429639563410031,1.042945568402956,1.0432608127593994
263,0.916999023308672,0.06013272845114852,2.7848101265822787,1.0422443148086007,0.994875451272444,1.0300663642255743,0.4183562373889814,1.0420403542817052,1.0422406462625249,1.0422339740614353,1.042480230331421
263,0.916999023308672,0.06013272845114852,2.848101265822785,1.041570020622828,0.9951897373874418,1.0300663642255743,0.4183562373889814,1.0413872273660487,1.0415491213386328,1.0415583974522484,1.0417402982711792
263,0.916999023308672,0.06013272845114852,2.9113924050632916,1.0409284514298602,0.9954847491651216,1.0300663642255743,0.4183562373889814,1.0407683003419896,1.0408893241732005,1.0409185142928936,1.0410401821136475
263,0.916999023308672,0.06013272845114852,2.9746835443037978,1.0403186262281685,0.9957616706240083,1.0300663642255743,0.4183562373889814,1.040182146505827,1.0402614474532224,1.0403130033714074,1.040378451347351
263,0.916999023308672,0.06013272845114852,3.037974683544304,1.0397395021909464,0.9960216061921187,1.0300663642255743,0.4183562373889814,1.039627142367142,1.0396655567742707,1.0397396555873237,1.0397549867630005
263,0.916999023308672,0.06013272845114852,3.1012658227848102,1.0391899929568496,0.9962655993638728,1.0300663642255743,0.4183562373889814,1.0391013446571,1.0391017054327485,1.0391958097946477,1.0391675233840942
263,0.916999023308672,0.06013272845114852,3.1645569620253164,1.0386689840882264,0.9964946307341735,1.0300663642255743,0.4183562373889814,1.0386029576969047,1.038569795035297,1.0386788307408452,1.0386148691177368
263,0.916999023308672,0.06013272845114852,3.227848101265823,1.0381753460446617,0.9967096147731568,1.0300663642255743,0.4183562373889814,1.0381298414310043,1.0380693910112482,1.0381865575582607,1.038095474243164
263,0.916999023308672,0.06013272845114852,3.2911392405063293,1.0377079450395283,0.9969114123672104,1.0300663642255743,0.4183562373889814,1.0376801099866901,1.037599812806538,1.03771759043584,1.0376074314117432
263,0.916999023308672,0.06013272845114852,3.3544303797468356,1.0372656520345527,0.9971008356353154,1.0300663642255743,0.4183562373889814,1.0372518282945744,1.037159928897541,1.0372713264425437,1.0371496677398682
263,0.916999023308672,0.06013272845114852,3.417721518987342,1.0368473501573274,0.9972786417607702,1.0300663642255743,0.4183562373889814,1.0368431760775207,1.0367483986747454,1.0368477616789908,1.0367202758789062
263,0.916999023308672,0.06013272845114852,3.4810126582278484,1.0364519407389476,0.9974455409737818,1.0300663642255743,0.4183562373889814,1.0364525872412367,1.0363634592571402,1.0364471807328524,1.0363179445266724
263,0.916999023308672,0.06013272845114852,3.5443037974683547,1.0360783481766511,0.9976022058615986,1.0300663642255743,0.4183562373889814,1.0360786350820206,1.0360032616695272,1.0360698023605934,1.0359407663345337
263,0.916999023308672,0.06013272845114852,3.607594936708861,1.0357255237907774,0.9977492633728403,1.0300663642255743,0.4183562373889814,1.035720073283996,1.0356656904546933,1.0357154670587307,1.0355876684188843
263,0.916999023308672,0.06013272845114852,3.670886075949367,1.0353924488142365,0.9978872994428044,1.0300663642255743,0.4183562373889814,1.0353759507113616,1.0353486834518295,1.0353834894726042,1.0352566242218018
263,0.916999023308672,0.06013272845114852,3.7341772151898738,1.0350781366479958,0.998016871099739,1.0300663642255743,0.4183562373889814,1.0350456360067326,1.0350501211040002,1.0350726648649988,1.0349462032318115
263,0.916999023308672,0.06013272845114852,3.79746835443038,1.0347816344931282,0.998138497309513,1.0300663642255743,0.4183562373889814,1.0347285470094032,1.0347679494498425,1.0347813698949806,1.0346548557281494
263,0.916999023308672,0.06013272845114852,3.8607594936708862,1.03450202445339,0.9982526619037103,1.0300663642255743,0.4183562373889814,1.0344243967387439,1.0345003441124967,1.0345077628637223,1.0343811511993408
263,0.916999023308672,0.06013272845114852,3.924050632911393,1.0342384241923641,0.9983598257628608,1.0300663642255743,0.4183562373889814,1.0341331769953082,1.0342456406043112,1.0342499847589919,1.0341269969940186
263,0.916999023308672,0.06013272845114852,3.987341772151899,1.033989987217889,0.9984604182504134,1.0300663642255743,0.4183562373889814,1.0338547319896114,1.0340024081218622,1.0340063226374359,1.0338869094848633
263,0.916999023308672,0.06013272845114852,4.050632911392405,1.0337559028559546,0.9985548399822342,1.0300663642255743,0.4183562373889814,1.033589496292321,1.033769429047335,1.0337753561541376,1.0336614847183228
263,0.916999023308672,0.06013272845114852,4.113924050632912,1.0335353959679077,0.9986434711908475,1.0300663642255743,0.4183562373889814,1.033337642091815,1.0335457645440986,1.0335559743833336,1.033449411392212
263,0.916999023308672,0.06013272845114852,4.177215189873418,1.0333277264574319,0.9987266674726307,1.0300663642255743,0.4183562373889814,1.0330995465626351,1.0333308119528315,1.033347450492701,1.0332502126693726
263,0.916999023308672,0.06013272845114852,4.2405063291139244,1.0331321886072704,0.9988047605396011,1.0300663642255743,0.4183562373889814,1.0328757426688073,1.0331240629078464,1.033149318466855,1.0330628156661987
263,0.916999023308672,0.06013272845114852,4.30379746835443,1.0329481102799176,0.9988780640869278,1.0300663642255743,0.4183562373889814,1.0326665911859807,1.0329253493204893,1.0329613620619136,1.0328853130340576
263,0.916999023308672,0.06013272845114852,4.367088607594937,1.0327748520117153,0.9989468726169334,1.0300663642255743,0.4183562373889814,1.0324725594826085,1.032734687589653,1.0327835234271072,1.032718539237976
263,0.916999023308672,0.06013272845114852,4.4303797468354436,1.032611806025323,0.9990114607884866,1.0300663642255743,0.4183562373889814,1.0322941477249314,1.0325521597098033,1.0326158122517786,1.0325610637664795
263,0.916999023308672,0.06013272845114852,4.493670886075949,1.0324583951819086,0.9990720874013822,1.0300663642255743,0.4183562373889814,1.0321317248880444,1.032378175653268,1.0324582561920936,1.0324122905731201
263,0.916999023308672,0.06013272845114852,4.556962025316456,1.0323140718911876,0.9991289963596407,1.0300663642255743,0.4183562373889814,1.0319856435481494,1.0322131781901613,1.0323108341825478,1.0322712659835815
263,0.916999023308672,0.06013272845114852,4.620253164556963,1.0321783169945704,0.999182415081345,1.0300663642255743,0.4183562373889814,1.0318562152842157,1.0320576018911511,1.0321734692081512,1.0321375131607056
263,0.916999023308672,0.06013272845114852,4.6835443037974684,1.0320506386341457,0.9992325570761146,1.0300663642255743,0.4183562373889814,1.0317437762735522,1.0319120945125153,1.0320459801430604,1.0320130586624146
263,0.916999023308672,0.06013272845114852,4.746835443037975,1.0319305711178692,0.9992796243431121,1.0300663642255743,0.4183562373889814,1.031648310117266,1.031777262813299,1.0319281095180046,1.0318938493728638
263,0.916999023308672,0.06013272845114852,4.810126582278482,1.0318176737892208,0.9993238051852521,1.0300663642255743,0.4183562373889814,1.0315701119954328,1.0316537299514414,1.0318195072403735,1.03178071975708
263,0.916999023308672,0.06013272845114852,4.8734177215189876,1.0317115299120039,0.9993652757467048,1.0300663642255743,0.4183562373889814,1.0315090425174613,1.031542110885434,1.0317197631387909,1.031673550605774
263,0.916999023308672,0.06013272845114852,4.936708860759494,1.0316117455734717,0.999404203319401,1.0300663642255743,0.4183562373889814,1.031465134481138,1.0314429959754288,1.0316283820813736,1.031571865081787
263,0.916999023308672,0.06013272845114852,5.0,1.0315179486110575,0.9994407438177386,1.0300663642255743,0.4183562373889814,1.0314381829002985,1.0313569181854525,1.031544871652829,1.0314754247665405
281,0.4541975921777131,0.15977520392835015,0.0,0.4541975921777131,0.4541975921777131,1.079887601964175,1.2448357479479635,0.454346350476277,0.4550897450991015,0.45419822159530626,0.45419758558273315
281,0.4541975921777131,0.15977520392835015,0.06329113924050633,0.5431601694839784,0.4876712256614889,1.079887601964175,1.2448357479479635,0.5433491126246741,0.5435935217277045,0.5430763727655858,0.5389617681503296
281,0.4541975921777131,0.15977520392835015,0.12658227848101267,0.6206517244298339,0.5190922481887944,1.079887601964175,1.2448357479479635,0.6205665478515416,0.620448738203382,0.6206943977872273,0.6156575083732605
281,0.4541975921777131,0.15977520392835015,0.189873417721519,0.6880909420617054,0.5485865083393745,1.079887601964175,1.2448357479479635,0.6879438600607488,0.6883564890093834,0.6880996768152603,0.6841135025024414
281,0.4541975921777131,0.15977520392835015,0.25316455696202533,0.7467244671846722,0.5762714353625088,1.079887601964175,1.2448357479479635,0.7466532093345828,0.7475834857433798,0.7467191409031204,0.7444052696228027
281,0.4541975921777131,0.15977520392835015,0.31645569620253167,0.7976475659245179,0.6022585847091596,1.079887601964175,1.2448357479479635,0.7975979778971274,0.7983528845429206,0.7976665546473916,0.7969661951065063
281,0.4541975921777131,0.15977520392835015,0.379746835443038,0.8418223178396097,0.6266521835368932,1.079887601964175,1.2448357479479635,0.841658507527635,0.8422196776501325,0.84185148287958,0.8424792289733887
281,0.4541975921777131,0.15977520392835015,0.44303797468354433,0.8800936331777728,0.6495494639196505,1.079887601964175,1.2448357479479635,0.879726701225007,0.8804063697491749,0.8801129018664384,0.8816978335380554
281,0.4541975921777131,0.15977520392835015,0.5063291139240507,0.9132033545938927,0.6710424602098398,1.079887601964175,1.2448357479479635,0.9126488238685966,0.9135323306342211,0.9132203001265545,0.9153263568878174
281,0.4541975921777131,0.15977520392835015,0.569620253164557,0.9418026717450853,0.6912174926203074,1.079887601964175,1.2448357479479635,0.9411600050390969,0.9421209309791314,0.9418366102252267,0.9440051317214966
281,0.4541975921777131,0.15977520392835015,0.6329113924050633,0.9664630499882325,0.7101550697224116,1.079887601964175,1.2448357479479635,0.9658555819528168,0.9667265681635457,0.9665146585039608,0.9683541655540466
281,0.4541975921777131,0.15977520392835015,0.6962025316455697,0.9876858504568773,0.7279311203448702,1.079887601964175,1.2448357479479635,0.9872073671636538,0.9878553366274246,0.9877308724772613,0.9890317320823669
281,0.4541975921777131,0.15977520392835015,0.759493670886076,1.0059107976830064,0.7446171341337259,1.079887601964175,1.2448357479479635,1.0056029895076841,1.005952458119475,1.005923034849857,1.0067617893218994
281,0.4541975921777131,0.15977520392835015,0.8227848101265823,1.0215234323164368,0.7602797724227562,1.079887601964175,1.2448357479479635,1.021381610892374,1.0214288069067674,1.0215026793675035,1.022233009338379
281,0.4541975921777131,0.15977520392835015,0.8860759493670887,1.034861670109226,0.7749816765468961,1.079887601964175,1.2448357479479635,1.0348540805362214,1.0346647635146207,1.0348363434281174,1.0358227491378784
281,0.4541975921777131,0.15977520392835015,0.949367088607595,1.0462215738959908,0.7887820534752865,1.079887601964175,1.2448357479479635,1.0463076250521877,1.0459921308472142,1.04622163231716,1.0474646091461182
281,0.4541975921777131,0.15977520392835015,1.0126582278481013,1.0558624325825903,0.8017360989005341,1.079887601964175,1.2448357479479635,1.0560044381428901,1.0556782231615405,1.0558906193470379,1.0571348667144775
281,0.4541975921777131,0.15977520392835015,1.0759493670886076,1.0640112299513467,0.8138954916751314,1.079887601964175,1.2448357479479635,1.0641791715699536,1.063927690444266,1.064043894313538,1.065128207206726
281,0.4541975921777131,0.15977520392835015,1.139240506329114,1.0708665762142158,0.82530926627703,1.079887601964175,1.2448357479479635,1.071039109392251,1.070898536030582,1.070881125277328,1.0718271732330322
281,0.4541975921777131,0.15977520392835015,1.2025316455696204,1.076602166557711,0.8360231247569483,1.079887601964175,1.2448357479479635,1.076765643866284,1.0767237467442292,1.0765984456489528,1.0774961709976196
281,0.4541975921777131,0.15977520392835015,1.2658227848101267,1.0813698232639024,0.8460797017211672,1.079887601964175,1.2448357479479635,1.0815169689643769,1.081530446804658,1.0813648418913169,1.0822856426239014
281,0.4541975921777131,0.15977520392835015,1.3291139240506329,1.085302171237598,0.8555196068265867,1.079887601964175,1.2448357479479635,1.0854308230895504,1.0854506729247388,1.085309444858323,1.0862889289855957
281,0.4541975921777131,0.15977520392835015,1.3924050632911393,1.0885149908374951,0.8643806491410985,1.079887601964175,1.2448357479479635,1.0886268074690377,1.0886188037842652,1.0885312772351823,1.0895744562149048
281,0.4541975921777131,0.15977520392835015,1.4556962025316458,1.0911092866142174,0.87269809820169,1.079887601964175,1.2448357479479635,1.0912085979549921,1.0911625242398464,1.091119624539319,1.0922207832336426
281,0.4541975921777131,0.15977520392835015,1.518987341772152,1.09317310605499,0.8805054897190694,1.079887601964175,1.2448357479479635,1.0932652794844158,1.093192342332481,1.0931652890075674,1.0942949056625366
281,0.4541975921777131,0.15977520392835015,1.5822784810126582,1.0947831383156075,0.8878341262458214,1.079887601964175,1.2448357479479635,1.0948736952205975,1.0947947560737816,1.0947563903344408,1.0958727598190308
281,0.4541975921777131,0.15977520392835015,1.6455696202531647,1.0960061192240704,0.8947132111661525,1.079887601964175,1.2448357479479635,1.0960997420656704,1.0960334198172472,1.0959699613621425,1.097022294998169
281,0.4541975921777131,0.15977520392835015,1.708860759493671,1.0969000659715333,0.9011704118135899,1.079887601964175,1.2448357479479635,1.0969998527105769,1.0969559006022283,1.0968672459134254,1.0978069305419922
281,0.4541975921777131,0.15977520392835015,1.7721518987341773,1.0975153617866031,0.907231652758947,1.079887601964175,1.2448357479479635,1.0976228466601292,1.0976013999827232,1.0974947728245195,1.0982869863510132
281,0.4541975921777131,0.15977520392835015,1.8354430379746836,1.0978957087583006,0.9129211145402251,1.079887601964175,1.2448357479479635,1.0980108157732378,1.0980065940831907,1.0978887286812125,1.098514199256897
281,0.4541975921777131,0.15977520392835015,1.89873417721519,1.0980789645353555,0.918261622884319,1.079887601964175,1.2448357479479635,1.0982004238751912,1.0982081692773968,1.098080528065858,1.0985349416732788
281,0.4541975921777131,0.15977520392835015,1.9620253164556964,1.098097877017875,0.9232746483075984,1.079887601964175,1.2448357479479635,1.0982236488075694,1.0982416640165904,1.0981000037857518,1.0983891487121582
281,0.4541975921777131,0.15977520392835015,2.0253164556962027,1.097980729199308,0.9279802123739923,1.079887601964175,1.2448357479479635,1.0981085203784346,1.098138978247609,1.0979764553160491,1.0981112718582153
281,0.4541975921777131,0.15977520392835015,2.088607594936709,1.0977519050676512,0.9323971463503734,1.079887601964175,1.2448357479479635,1.097879692273728,1.0979264772908628,1.097738297041616,1.0977307558059692
281,0.4541975921777131,0.15977520392835015,2.151898734177215,1.0974323860883417,0.936543231900698,1.079887601964175,1.2448357479479635,1.09755855479966,1.0976243932807364,1.0974116335962179,1.0972721576690674
281,0.4541975921777131,0.15977520392835015,2.2151898734177218,1.0970401866213417,0.9404350469189675,1.079887601964175,1.2448357479479635,1.0971639236362223,1.097247472921866,1.097018353097113,1.0967546701431274
281,0.4541975921777131,0.15977520392835015,2.278481012658228,1.0965907356784206,0.9440881271481137,1.079887601964175,1.2448357479479635,1.096711797953513,1.0968069002593583,1.0965751231736784,1.0961967706680298
281,0.4541975921777131,0.15977520392835015,2.3417721518987342,1.0960972115153906,0.9475171991497889,1.079887601964175,1.2448357479479635,1.0962160143176003,1.0963121866512215,1.0960933842656284,1.0956143140792847
281,0.4541975921777131,0.15977520392835015,2.405063291139241,1.0955708347736015,0.9507359894306399,1.079887601964175,1.2448357479479635,1.095688334834573,1.0957724539817526,1.0955800565814646,1.0950158834457397
281,0.4541975921777131,0.15977520392835015,2.468354430379747,1.095021125201291,0.9537573148624366,1.079887601964175,1.2448357479479635,1.0951383692557985,1.0951972259081297,1.0950394804835482,1.0944117307662964
281,0.4541975921777131,0.15977520392835015,2.5316455696202533,1.0944561263812782,0.9565933717808731,1.079887601964175,1.2448357479479635,1.0945742739807411,1.0945966615446396,1.0944757680731185,1.093809962272644
281,0.4541975921777131,0.15977520392835015,2.5949367088607596,1.0938826023590078,0.9592555192776997,1.079887601964175,1.2448357479479635,1.094002393331176,1.0939810921939466,1.0938943035045452,1.0932140350341797
281,0.4541975921777131,0.15977520392835015,2.6582278481012658,1.0933062095967252,0.961754350455364,1.079887601964175,1.2448357479479635,1.0934280179999953,1.0933603735908144,1.0933024368243227,1.092630386352539
281,0.4541975921777131,0.15977520392835015,2.7215189873417724,1.092731647268752,0.9640999467892838,1.079887601964175,1.2448357479479635,1.09285513701795,1.0927434390322692,1.0927093806984225,1.0920617580413818
281,0.4541975921777131,0.15977520392835015,2.7848101265822787,1.0921627885491045,0.9663017093774062,1.079887601964175,1.2448357479479635,1.0922871675043935,1.092137754114403,1.0921243845576252,1.0915096998214722
281,0.4541975921777131,0.15977520392835015,2.848101265822785,1.0916027952053236,0.9683684093747975,1.079887601964175,1.2448357479479635,1.091726618489973,1.0915490379511907,1.0915552627431448,1.0909768342971802
281,0.4541975921777131,0.15977520392835015,2.9113924050632916,1.091054217569966,0.9703083641200769,1.079887601964175,1.2448357479479635,1.0911754557920008,1.0909812467755968,1.091006898549365,1.0904637575149536
281,0.4541975921777131,0.15977520392835015,2.9746835443037978,1.0905190816966943,0.9721293595476072,1.079887601964175,1.2448357479479635,1.0906355201862294,1.0904367133301678,1.0904806929101873,1.0899714231491089
281,0.4541975921777131,0.15977520392835015,3.037974683544304,1.0899989652379465,0.9738386582162675,1.079887601964175,1.2448357479479635,1.0901081112849387,1.0899163272548547,1.0899749787460173,1.0894969701766968
281,0.4541975921777131,0.15977520392835015,3.1012658227848102,1.0894950634890521,0.9754431219941841,1.079887601964175,1.2448357479479635,1.0895945840466723,1.089419813868198,1.0894863232820093,1.089044213294983
281,0.4541975921777131,0.15977520392835015,3.1645569620253164,1.0890082468056193,0.9769491991316197,1.079887601964175,1.2448357479479635,1.0890958311861743,1.0889462343335672,1.0890110804759092,1.0886110067367554
281,0.4541975921777131,0.15977520392835015,3.227848101265823,1.088539110432337,0.9783629030516775,1.079887601964175,1.2448357479479635,1.0886129934514475,1.088494096351688,1.0885467029818738,1.0881974697113037
281,0.4541975921777131,0.15977520392835015,3.2911392405063293,1.088088017758792,0.9796898948187885,1.079887601964175,1.2448357479479635,1.088146790343927,1.0880616821385063,1.0880926653418939,1.087797999382019
281,0.4541975921777131,0.15977520392835015,3.3544303797468356,1.0876551377509625,0.9809355148096157,1.079887601964175,1.2448357479479635,1.087697912666986,1.0876473231066477,1.0876504507182776,1.0874180793762207
281,0.4541975921777131,0.15977520392835015,3.417721518987342,1.08724047734652,0.9821047421520916,1.079887601964175,1.2448357479479635,1.087266859561933,1.0872493793668,1.087223053458756,1.0870546102523804
281,0.4541975921777131,0.15977520392835015,3.4810126582278484,1.0868439094327045,0.98320224721722,1.079887601964175,1.2448357479479635,1.0868540338265809,1.0868665472069607,1.086813938086738,1.086706280708313
281,0.4541975921777131,0.15977520392835015,3.5443037974683547,1.086465196939944,0.9842324528412408,1.079887601964175,1.2448357479479635,1.086459562552351,1.0864976664054415,1.0864262841421868,1.0863724946975708
281,0.4541975921777131,0.15977520392835015,3.607594936708861,1.086104013597665,0.9851994817476799,1.079887601964175,1.2448357479479635,1.0860834354899354,1.0861419908126055,1.0860619149994881,1.0860525369644165
281,0.4541975921777131,0.15977520392835015,3.670886075949367,1.0857599617391172,0.9861071869622389,1.079887601964175,1.2448357479479635,1.085725366683635,1.08579897926498,1.0857211335491908,1.0857455730438232
281,0.4541975921777131,0.15977520392835015,3.7341772151898738,1.0854325875438877,0.9869592314220013,1.079887601964175,1.2448357479479635,1.0853852228924434,1.0854683242833187,1.0854028167866834,1.085450530052185
281,0.4541975921777131,0.15977520392835015,3.79746835443038,1.0851213940572524,0.9877590277712864,1.079887601964175,1.2448357479479635,1.0850623666093906,1.0851499889701124,1.085104595279622,1.0851668119430542
281,0.4541975921777131,0.15977520392835015,3.8607594936708862,1.0848258522774703,0.9885097576166507,1.079887601964175,1.2448357479479635,1.0847562997180982,1.084844014322594,1.0848235165402789,1.0848941802978516
281,0.4541975921777131,0.15977520392835015,3.924050632911393,1.0845454105544947,0.9892144516417725,1.079887601964175,1.2448357479479635,1.0844664246838982,1.0845506596482604,1.0845565220964677,1.0846292972564697
281,0.4541975921777131,0.15977520392835015,3.987341772151899,1.0842795025285157,0.9898759332785356,1.079887601964175,1.2448357479479635,1.0841920876009274,1.084270078686735,1.0843009154441905,1.0843755006790161
281,0.4541975921777131,0.15977520392835015,4.050632911392405,1.0840275538036468,0.9904968369188711,1.079887601964175,1.2448357479479635,1.083932661211524,1.084002592241364,1.0840546498899961,1.0841307640075684
281,0.4541975921777131,0.15977520392835015,4.113924050632912,1.0837889875262614,0.9910796629168093,1.079887601964175,1.2448357479479635,1.0836875018591337,1.0837484872927776,1.0838164884093464,1.0838944911956787
281,0.4541975921777131,0.15977520392835015,4.177215189873418,1.0835632290165342,0.9916267496226426,1.079887601964175,1.2448357479479635,1.0834560683802827,1.083507960627693,1.083586050578144,1.0836666822433472
281,0.4541975921777131,0.15977520392835015,4.2405063291139244,1.08334970958312,0.9921402783265763,1.079887601964175,1.2448357479479635,1.083237926204304,1.0832810901408523,1.0833634954577094,1.083446741104126
281,0.4541975921777131,0.15977520392835015,4.30379746835443,1.0831478696344419,0.9926223118426305,1.079887601964175,1.2448357479479635,1.0830327145555487,1.083068060319803,1.083149590137629,1.0832350254058838
281,0.4541975921777131,0.15977520392835015,4.367088607594937,1.0829571611855513,0.9930747867754485,1.079887601964175,1.2448357479479635,1.0828400234616893,1.0828687522725704,1.0829453350054694,1.0830305814743042
281,0.4541975921777131,0.15977520392835015,4.4303797468354436,1.0827770498468063,0.993499509242009,1.079887601964175,1.2448357479479635,1.0826596971332405,1.0826830881044118,1.0827519070403346,1.0828338861465454
281,0.4541975921777131,0.15977520392835015,4.493670886075949,1.082607016369493,0.9938981810723418,1.079887601964175,1.2448357479479635,1.0824916515258758,1.0825108341311005,1.0825703040370127,1.0826447010040283
281,0.4541975921777131,0.15977520392835015,4.556962025316456,1.0824465578137756,0.9942724061440412,1.079887601964175,1.2448357479479635,1.082335814894437,1.0823516705742207,1.0824014707762761,1.082463026046753
281,0.4541975921777131,0.15977520392835015,4.620253164556963,1.0822951883958318,0.994623679925536,1.079887601964175,1.2448357479479635,1.0821922343857426,1.082205199760614,1.0822460039581603,1.0822889804840088
281,0.4541975921777131,0.15977520392835015,4.6835443037974684,1.0821524400634692,0.9949534064249816,1.079887601964175,1.2448357479479635,1.0820610329914906,1.0820708805268078,1.0821042290687493,1.08212149143219
281,0.4541975921777131,0.15977520392835015,4.746835443037975,1.082017862842745,0.9952629139590612,1.079887601964175,1.2448357479479635,1.0819423992989519,1.0819482045071156,1.081976231128448,1.08196222782135
281,0.4541975921777131,0.15977520392835015,4.810126582278482,1.0818910249924318,0.9955534407811966,1.079887601964175,1.2448357479479635,1.0818365075463656,1.0818365403441519,1.081861750443357,1.0818103551864624
281,0.4541975921777131,0.15977520392835015,4.8734177215189876,1.0817715129988332,0.9958261451901947,1.079887601964175,1.2448357479479635,1.0817436959609028,1.081735227982469,1.0817603350189113,1.081666350364685
281,0.4541975921777131,0.15977520392835015,4.936708860759494,1.081658931439785,0.9960821272739805,1.079887601964175,1.2448357479479635,1.0816641736284505,1.0816435581699395,1.081671369793352,1.0815300941467285
281,0.4541975921777131,0.15977520392835015,5.0,1.0815529027398638,0.9963224123012505,1.079887601964175,1.2448357479479635,1.0815982070310217,1.0815608626516686,1.081594089988326,1.0814012289047241
284,1.2465421737030733,0.12762166663841693,0.0,1.2465421737030733,1.2465421737030733,1.0638108333192084,,1.2476513488820933,1.246745933195263,1.2465405706206742,1.24654221534729
284,1.2465421737030733,0.12762166663841693,0.06329113924050633,1.2757437211093778,1.2314219356048985,1.0638108333192084,,1.2761711394714805,1.2756345676886602,1.2756421454738958,1.2718755006790161
284,1.2465421737030733,0.12762166663841693,0.12658227848101267,1.2983498460255558,1.2172288740081885,1.0638108333192084,,1.2983176642394945,1.2979632841592148,1.2983788704933088,1.2934255599975586
284,1.2465421737030733,0.12762166663841693,0.189873417721519,1.3153362913487312,1.2039061423656139,1.0638108333192084,,1.3150396811474758,1.3149834493429742,1.3153747851270285,1.310909628868103
284,1.2465421737030733,0.12762166663841693,0.25316455696202533,1.327551037540622,1.1914006971911817,1.0638108333192084,,1.3271526579535025,1.3275625154892003,1.3275957258026667,1.324215292930603
284,1.2465421737030733,0.12762166663841693,0.31645569620253167,1.3357302138817357,1.179662148228319,1.0638108333192084,,1.3353532524350131,1.336231117981405,1.3357915971525898,1.333474040031433
284,1.2465421737030733,0.12762166663841693,0.379746835443038,1.340512073712804,1.1686434154538958,1.0638108333192084,,1.3402352193151301,1.341350885210626,1.3405681906701727,1.3390499353408813
284,1.2465421737030733,0.12762166663841693,0.44303797468354433,1.3424492665704464,1.1583005785654001,1.0638108333192084,,1.3423069734771906,1.3432910054576286,1.3424817473947632,1.341471791267395
284,1.2465421737030733,0.12762166663841693,0.5063291139240507,1.3420196122524655,1.1485920651018593,1.0638108333192084,,1.3420081036501155,1.34254233039122,1.3420354838270359,1.3412821292877197
284,1.2465421737030733,0.12762166663841693,0.569620253164557,1.3396355573172387,1.1394788837129155,1.0638108333192084,,1.3397240658166425,1.3397095855940193,1.3396529982422842,1.3389201164245605
284,1.2465421737030733,0.12762166663841693,0.6329113924050633,1.3356524729147499,1.1309246682010217,1.0638108333192084,,1.335797350859541,1.3353859846256766,1.3356775788870345,1.3347203731536865
284,1.2465421737030733,0.12762166663841693,0.6962025316455697,1.3303759338170649,1.1228951210654512,1.0638108333192084,,1.3305347328723693,1.3300093287357624,1.3303967799401222,1.3290272951126099
284,1.2465421737030733,0.12762166663841693,0.759493670886076,1.3240681017570446,1.115357950010531,1.0638108333192084,,1.324209696195656,1.3238120886331173,1.3240702304158596,1.3222306966781616
284,1.2465421737030733,0.12762166663841693,0.8227848101265823,1.3169533214254932,1.108283043717777,1.0638108333192084,,1.3170622714279685,1.3168845238254627,1.3169386221357287,1.3147050142288208
284,1.2465421737030733,0.12762166663841693,0.8860759493670887,1.3092230244804823,1.101642106725943,1.0638108333192084,,1.3092980678912207,1.309281832987034,1.3092104942318867,1.3067086935043335
284,1.2465421737030733,0.12762166663841693,0.949367088607595,1.3010400254783814,1.0954083948971114,1.0638108333192084,,1.3010882900295642,1.3011008187839064,1.3010474610885263,1.2983795404434204
284,1.2465421737030733,0.12762166663841693,1.0126582278481013,1.292542283559206,1.0895569760106847,1.0638108333192084,,1.2925725744178984,1.292495811199213,1.292569007659061,1.289806842803955
284,1.2465421737030733,0.12762166663841693,1.0759493670886076,1.2838461948464486,1.0840645064235301,1.0638108333192084,,1.2838635322552647,1.2836475424340077,1.2838755679031044,1.2810890674591064
284,1.2465421737030733,0.12762166663841693,1.139240506329114,1.2750494727101365,1.07890883697213,1.0638108333192084,,1.2750521937973611,1.2747177055744336,1.27506710114673,1.2723416090011597
284,1.2465421737030733,0.12762166663841693,1.2025316455696204,1.2662336661652223,1.0740693237700438,1.0638108333192084,,1.2662140103514234,1.2658193217918599,1.2662416081346075,1.2636642456054688
284,1.2465421737030733,0.12762166663841693,1.2658227848101267,1.2574663606200946,1.0695267085136138,1.0638108333192084,,1.257413150786222,1.257016018791584,1.2574792774016699,1.255108118057251
284,1.2465421737030733,0.12762166663841693,1.3291139240506329,1.248803099845521,1.065262647580783,1.0638108333192084,,1.2487052565461068,1.24834152909675,1.2488326637487768,1.2466994524002075
284,1.2465421737030733,0.12762166663841693,1.3924050632911393,1.2402890633840546,1.061260062392101,1.0638108333192084,,1.2401395571082174,1.2398247639559246,1.2403337988111198,1.2384588718414307
284,1.2465421737030733,0.12762166663841693,1.4556962025316458,1.2319605294607479,1.0575030214892511,1.0638108333192084,,1.2317588699824853,1.2315018009339678,1.2320082695722894,1.2303909063339233
284,1.2465421737030733,0.12762166663841693,1.518987341772152,1.2238461497983484,1.0539763765934822,1.0638108333192084,,1.2235993383293422,1.2234113742164239,1.223884043518783,1.222510576248169
284,1.2465421737030733,0.12762166663841693,1.5822784810126582,1.2159680595701903,1.050665988156766,1.0638108333192084,,1.2156898078017828,1.2155826738330429,1.215990964328062,1.214827299118042
284,1.2465421737030733,0.12762166663841693,1.6455696202531647,1.2083428429674121,1.0475586648378543,1.0638108333192084,,1.208051137791853,1.2080273757957252,1.20835471484267,1.2073554992675781
284,1.2465421737030733,0.12762166663841693,1.708860759493671,1.2009823721991895,1.0446419091386443,1.0638108333192084,,1.2006961276356316,1.2007419379435569,1.2009916510868843,1.2001067399978638
284,1.2465421737030733,0.12762166663841693,1.7721518987341773,1.1938945358238653,1.0419040107772806,1.0638108333192084,,1.193630180768401,1.1937169473118883,1.1939083153388288,1.193092942237854
284,1.2465421737030733,0.12762166663841693,1.8354430379746836,1.1870838701130135,1.0393340472618136,1.0638108333192084,,1.186852354253807,1.1869467790803803,1.1871042664192661,1.1863235235214233
284,1.2465421737030733,0.12762166663841693,1.89873417721519,1.1805521057326271,1.0369217080764903,1.0638108333192084,,1.1803572856537996,1.180433081337791,1.1805759614979487,1.179807186126709
284,1.2465421737030733,0.12762166663841693,1.9620253164556964,1.1742986402923512,1.0346572948621675,1.0638108333192084,,1.1741368821146254,1.1741826104280848,1.174319840244753,1.1735490560531616
284,1.2465421737030733,0.12762166663841693,2.0253164556962027,1.1683209462161692,1.0325317637600673,1.0638108333192084,,1.1681821816411952,1.1682025859639573,1.1683337012674615,1.167550802230835
284,1.2465421737030733,0.12762166663841693,2.088607594936709,1.1626149221118198,1.030536608575636,1.0638108333192084,,1.1624847716013398,1.162496213929013,1.1626162682039483,1.1618149280548096
284,1.2465421737030733,0.12762166663841693,2.151898734177215,1.1571751948422235,1.0286637972261676,1.0638108333192084,,1.1570373872854078,1.157061374766316,1.1571658967692513,1.1563385725021362
284,1.2465421737030733,0.12762166663841693,2.2151898734177218,1.1519953786380024,1.0269058413789542,1.0638108333192084,,1.1518344038730595,1.1518915171180661,1.1519792863697602,1.151128888130188
284,1.2465421737030733,0.12762166663841693,2.278481012658228,1.1470682967839056,1.0252557234470847,1.0638108333192084,,1.1468715658515312,1.1469773592107584,1.1470505224391294,1.1461694240570068
284,1.2465421737030733,0.12762166663841693,2.3417721518987342,1.142386170735673,1.0237067913556153,1.0638108333192084,,1.1421452408659967,1.142308590240345,1.1423708986668257,1.1414600610733032
284,1.2465421737030733,0.12762166663841693,2.405063291139241,1.1379407809186872,1.0222528447603596,1.0638108333192084,,1.1376521737361727,1.1378750305939227,1.137929660542395,1.136993408203125
284,1.2465421737030733,0.12762166663841693,2.468354430379747,1.1337236029352422,1.0208880942045824,1.0638108333192084,,1.1333884430767418,1.133666828636451,1.133715288884644,1.1327629089355469
284,1.2465421737030733,0.12762166663841693,2.5316455696202533,1.1297259224396887,1.019607030531362,1.0638108333192084,,1.1293493670037194,1.129674432012689,1.1297167055914623,1.1287611722946167
284,1.2465421737030733,0.12762166663841693,2.5949367088607596,1.1259389315329393,1.0184045227718168,1.0638108333192084,,1.1255290890624001,1.1258883867607536,1.1259244147237697,1.1249752044677734
284,1.2465421737030733,0.12762166663841693,2.6582278481012658,1.1223538091678131,1.0172757859589598,1.0638108333192084,,1.1219204552356619,1.1222992512179326,1.1223308374943533,1.1214015483856201
284,1.2465421737030733,0.12762166663841693,2.7215189873417724,1.118961787745785,1.0162162662307446,1.0638108333192084,,1.1185153316725176,1.1188976974888338,1.1189299019857435,1.1180293560028076
284,1.2465421737030733,0.12762166663841693,2.7848101265822787,1.1157542078070726,1.0152217170556617,1.0638108333192084,,1.1153048301728976,1.1156747861268468,1.1157162160206637,1.1148478984832764
284,1.2465421737030733,0.12762166663841693,2.848101265822785,1.1127225624769221,1.0142881764511407,1.0638108333192084,,1.1122795459715986,1.1126220706770849,1.11268393313395,1.1118500232696533
284,1.2465421737030733,0.12762166663841693,2.9113924050632916,1.1098585331091682,1.0134118874261606,1.0638108333192084,,1.1094298816164236,1.1097318764575685,1.1098258205111304,1.1090261936187744
284,1.2465421737030733,0.12762166663841693,2.9746835443037978,1.1071540173908374,1.0125893330281228,1.0638108333192084,,1.1067464200429993,1.1069974471243336,1.1071329649986552,1.1063672304153442
284,1.2465421737030733,0.12762166663841693,3.037974683544304,1.1046011510189977,1.0118172327163029,1.0638108333192084,,1.1042200639653685,1.1044127970813917,1.1045950431760112,1.103861689567566
284,1.2465421737030733,0.12762166663841693,3.1012658227848102,1.1021923238815359,1.011092486944255,1.0638108333192084,,1.1018418206405176,1.101972633585989,1.1022010107574365,1.1015048027038574
284,1.2465421737030733,0.12762166663841693,3.1645569620253164,1.0999201915939454,1.0104121829992763,1.0638108333192084,,1.0996034188767305,1.0996720738676997,1.0999401583574018,1.0992865562438965
284,1.2465421737030733,0.12762166663841693,3.227848101265823,1.097777683100264,1.0097736045825503,1.0638108333192084,,1.0974968703631969,1.0975064483417085,1.0978030453645975,1.097198247909546
284,1.2465421737030733,0.12762166663841693,3.2911392405063293,1.0957580049670208,1.0091741945578803,1.0638108333192084,,1.0955147013043782,1.0954710382265207,1.0957820534610034,1.0952366590499878
284,1.2465421737030733,0.12762166663841693,3.3544303797468356,1.0938546429096154,1.0086115406454803,1.0638108333192084,,1.093649614192837,1.0935608623583517,1.0938715338427603,1.0933890342712402
284,1.2465421737030733,0.12762166663841693,3.417721518987342,1.092061361020273,1.0080833937439033,1.0638108333192084,,1.0918948711333634,1.0917705869972147,1.0920674067681864,1.091650366783142
284,1.2465421737030733,0.12762166663841693,3.4810126582278484,1.0903721990991564,1.0075876442189506,1.0638108333192084,,1.0902439187182953,1.0900944520319023,1.0903665096858248,1.090014100074768
284,1.2465421737030733,0.12762166663841693,3.5443037974683547,1.0887814684353172,1.00712229424929,1.0638108333192084,,1.0886905561161722,1.0885263488747277,1.0887658636468975,1.0884743928909302
284,1.2465421737030733,0.12762166663841693,3.607594936708861,1.0872837463388878,1.006685481576402,1.0638108333192084,,1.08722876493322,1.0870598655584822,1.0872620030870594,1.0870215892791748
284,1.2465421737030733,0.12762166663841693,3.670886075949367,1.0858738696803258,1.0062754657658035,1.0638108333192084,,1.0858529367479923,1.0856883400328363,1.0858507108232756,1.0856550931930542
284,1.2465421737030733,0.12762166663841693,3.7341772151898738,1.0845469276514836,1.0058905922471466,1.0638108333192084,,1.0845576414770053,1.0844049923804164,1.0845268026193873,1.0843673944473267
284,1.2465421737030733,0.12762166663841693,3.79746835443038,1.0832982539388012,1.0055293195087756,1.0638108333192084,,1.0833378159620088,1.0832031380024159,1.0832844893997973,1.0831538438796997
284,1.2465421737030733,0.12762166663841693,3.8607594936708862,1.0821234184693076,1.005190210400243,1.0638108333192084,,1.0821885364353445,1.0820761978679014,1.0821176257988163,1.0820096731185913
284,1.2465421737030733,0.12762166663841693,3.924050632911393,1.0810182188603088,1.00487189594383,1.0638108333192084,,1.081105496137707,1.0810178174057898,1.0810201406059676,1.0809299945831299
284,1.2465421737030733,0.12762166663841693,3.987341772151899,1.0799786716872468,1.0045731007786645,1.0638108333192084,,1.0800843165646337,1.0800219208261812,1.0799864151766865,1.0799115896224976
284,1.2465421737030733,0.12762166663841693,4.050632911392405,1.0790010036655635,1.0042926349343348,1.0638108333192084,,1.0791210763308077,1.079082895607906,1.0790114786104055,1.078950047492981
284,1.2465421737030733,0.12762166663841693,4.113924050632912,1.0780816428239512,1.0040293689861428,1.0638108333192084,,1.0782121635800201,1.078195481805996,1.0780911683628225,1.0780421495437622
284,1.2465421737030733,0.12762166663841693,4.177215189873418,1.0772172097370811,1.0037822466874364,1.0638108333192084,,1.0773541386444394,1.077354960638957,1.0772221309132668,1.0771840810775757
284,1.2465421737030733,0.12762166663841693,4.2405063291139244,1.076404508870383,1.0035502827365361,1.0638108333192084,,1.076543873435203,1.0765569986992825,1.0764017357768418,1.0763729810714722
284,1.2465421737030733,0.12762166663841693,4.30379746835443,1.0756405200806434,1.0033325453481543,1.0638108333192084,,1.0757784837969842,1.0757976848509636,1.075627890566282,1.075608491897583
284,1.2465421737030733,0.12762166663841693,4.367088607594937,1.0749223903074498,1.0031281597465276,1.0638108333192084,,1.0750552598126948,1.0750737639137167,1.0748989607303014,1.074884295463562
284,1.2465421737030733,0.12762166663841693,4.4303797468354436,1.074247425482966,1.0029363100979476,1.0638108333192084,,1.0743716514544552,1.0743822840867805,1.0742135142392966,1.0741994380950928
284,1.2465421737030733,0.12762166663841693,4.493670886075949,1.0736130826809276,1.0027562276757473,1.0638108333192084,,1.0737254776694807,1.073720752738401,1.0735702200130643,1.0735514163970947
284,1.2465421737030733,0.12762166663841693,4.556962025316456,1.0730169625218333,1.0025871879989614,1.0638108333192084,,1.0731145963523576,1.0730871200069385,1.072967749339712,1.0729386806488037
284,1.2465421737030733,0.12762166663841693,4.620253164556963,1.0724568018464662,1.0024285155556738,1.0638108333192084,,1.0725370621843902,1.0724797173050182,1.0724047147916778,1.0723590850830078
284,1.2465421737030733,0.12762166663841693,4.6835443037974684,1.071930466660395,1.0022795761470287,1.0638108333192084,,1.0719909872430078,1.0718971548264484,1.0718795847974416,1.0718116760253906
284,1.2465421737030733,0.12762166663841693,4.746835443037975,1.071435945360028,1.0021397697643093,1.0638108333192084,,1.0714747459879304,1.071338419939579,1.0713907483084188,1.0712934732437134
284,1.2465421737030733,0.12762166663841693,4.810126582278482,1.0709713422351443,1.0020085370814,1.0638108333192084,,1.0709869096655948,1.0708027500958799,1.070936413606703,1.0708036422729492
284,1.2465421737030733,0.12762166663841693,4.8734177215189876,1.0705348712433298,1.0018853548879738,1.0638108333192084,,1.0705258342869663,1.0702896369296648,1.0705147832127841,1.070340871810913
284,1.2465421737030733,0.12762166663841693,4.936708860759494,1.0701248500675753,1.0017697262679663,1.0638108333192084,,1.0700903924281429,1.0697987483633478,1.0701239603092425,1.06990385055542
284,1.2465421737030733,0.12762166663841693,5.0,1.0697396944691882,1.0016611881007629,1.0638108333192084,,1.0696791614851464,1.0693299532057838,1.0697620220492638,1.0694913864135742
286,0.6034184305748898,0.28399860207836874,0.0,0.6034184305748898,0.6034184305748898,1.1419993010391845,0.42282075325002466,0.6039227208659468,0.6050155759011155,0.6036723084826845,0.6034184098243713
286,0.6034184305748898,0.28399860207836874,0.06329113924050633,0.7263710678226069,0.6277404671051482,1.1419993010391845,0.42282075325002466,0.7271536135058498,0.7271641743930177,0.7262621032093193,0.7215011119842529
286,0.6034184305748898,0.28399860207836874,0.12658227848101267,0.831091514038626,0.6505710707232931,1.1419993010391845,0.42282075325002466,0.8319531506136182,0.832678506454013,0.8312549586980008,0.8268381953239441
286,0.6034184305748898,0.28399860207836874,0.189873417721519,0.9199691513445282,0.6720016833624323,1.1419993010391845,0.42282075325002466,0.9205772951177073,0.9208218518107758,0.9201084988579128,0.9184255599975586
286,0.6034184305748898,0.28399860207836874,0.25316455696202533,0.9950956773009779,0.692117629446403,1.1419993010391845,0.42282075325002466,0.9954813712902069,0.9953395372636294,0.9951935372332881,0.9960454702377319
286,0.6034184305748898,0.28399860207836874,0.31645569620253167,1.0583013326356039,0.7109999654806106,1.1419993010391845,0.42282075325002466,1.0584986113927768,1.0585566388760748,1.0584009154869365,1.0606069564819336
286,0.6034184305748898,0.28399860207836874,0.379746835443038,1.111186770372965,0.7287244232118039,1.1419993010391845,0.42282075325002466,1.1111802871686673,1.1116214163686104,1.1112524215416952,1.113641381263733
286,0.6034184305748898,0.28399860207836874,0.44303797468354433,1.1551510879985496,0.7453616517392343,1.1419993010391845,0.42282075325002466,1.1549587537876842,1.1556260944439507,1.1551411601826391,1.156760573387146
286,0.6034184305748898,0.28399860207836874,0.5063291139240507,1.191416481371831,0.7609785234830226,1.1419993010391845,0.42282075325002466,1.1911320471858264,1.191803967232996,1.19134935373503,1.1914887428283691
286,0.6034184305748898,0.28399860207836874,0.569620253164557,1.2210499251537859,0.7756377589533634,1.1419993010391845,0.42282075325002466,1.2208103949756597,1.221331666591201,1.2209844941526389,1.2192631959915161
286,0.6034184305748898,0.28399860207836874,0.6329113924050633,1.2449822357712919,0.7893978559053486,1.1419993010391845,0.42282075325002466,1.2449011889106347,1.2452032073251886,1.2449599950624228,1.2414605617523193
286,0.6034184305748898,0.28399860207836874,0.6962025316455697,1.2640248305816641,0.8023139844401463,1.1419993010391845,0.42282075325002466,1.2641456507602382,1.2642331552539159,1.2640409647236537,1.2595428228378296
286,0.6034184305748898,0.28399860207836874,0.759493670886076,1.2788844594213786,0.8144380891362691,1.1419993010391845,0.42282075325002466,1.2791744327571082,1.279106984109714,1.2789079705491955,1.2745791673660278
286,0.6034184305748898,0.28399860207836874,0.8227848101265823,1.2901761517718893,0.8258186063069146,1.1419993010391845,0.42282075325002466,1.2905531163259911,1.2904204164828803,1.290191516400554,1.2867697477340698
286,0.6034184305748898,0.28399860207836874,0.8860759493670887,1.2984345937211066,0.8365010513227797,1.1419993010391845,0.42282075325002466,1.2988037438304045,1.2986960031026193,1.2984583451460547,1.2961620092391968
286,0.6034184305748898,0.28399860207836874,0.949367088607595,1.3041241233028322,0.8465284441346864,1.1419993010391845,0.42282075325002466,1.3044091642793147,1.3043875833359715,1.3041798199817236,1.3029862642288208
286,0.6034184305748898,0.28399860207836874,1.0126582278481013,1.3076475102605514,0.8559408900886094,1.1419993010391845,0.42282075325002466,1.3078079332713757,1.3078871727229218,1.3077309061648519,1.3074802160263062
286,0.6034184305748898,0.28399860207836874,1.0759493670886076,1.3093536664300796,0.8647759391845767,1.1419993010391845,0.42282075325002466,1.3093877862354693,1.3095387708444064,1.3094318935196056,1.3098962306976318
286,0.6034184305748898,0.28399860207836874,1.139240506329114,1.309544415442869,0.8730692200126089,1.1419993010391845,0.42282075325002466,1.3094811943306692,1.3096524479715004,1.3095907397556288,1.310522437095642
286,0.6034184305748898,0.28399860207836874,1.2025316455696204,1.3084804350796342,0.8808539398116987,1.1419993010391845,0.42282075325002466,1.3083655612329597,1.308510297863619,1.3085016652483696,1.3096648454666138
286,0.6034184305748898,0.28399860207836874,1.2658227848101267,1.306386472005056,0.8881610770070549,1.1419993010391845,0.42282075325002466,1.3062669292850786,1.30636328918104,1.3064131815582862,1.3076010942459106
286,0.6034184305748898,0.28399860207836874,1.3291139240506329,1.303455916708167,0.8950201386899584,1.1419993010391845,0.42282075325002466,1.3033681297463988,1.3034238367863207,1.3035100111269569,1.3045810461044312
286,0.6034184305748898,0.28399860207836874,1.3924050632911393,1.2998548159296759,0.9014585970358177,1.1419993010391845,0.42282075325002466,1.2998174250095997,1.2998590454003331,1.299930016873822,1.3008171319961548
286,0.6034184305748898,0.28399860207836874,1.4556962025316458,1.2957253905305885,0.9075020789897046,1.1419993010391845,0.42282075325002466,1.2957384955265772,1.2957924806827217,1.2957963695188597,1.2964825630187988
286,0.6034184305748898,0.28399860207836874,1.518987341772152,1.2911891187839857,0.913174951693641,1.1419993010391845,0.42282075325002466,1.2912378685070256,1.2913144513378867,1.2912352534267595,1.2917306423187256
286,0.6034184305748898,0.28399860207836874,1.5822784810126582,1.2863494377392892,0.9184999596706552,1.1419993010391845,0.42282075325002466,1.2864104935420984,1.2864983916092108,1.2863698724252361,1.2866811752319336
286,0.6034184305748898,0.28399860207836874,1.6455696202531647,1.2812941088636711,0.9234983221820925,1.1419993010391845,0.42282075325002466,1.281342825596313,1.281416882997634,1.2813053038673692,1.2814342975616455
286,0.6034184305748898,0.28399860207836874,1.708860759493671,1.2760972890334084,0.9281901423905694,1.1419993010391845,0.42282075325002466,1.2761137433455676,1.2761510836251972,1.2761201345793707,1.2760752439498901
286,0.6034184305748898,0.28399860207836874,1.7721518987341773,1.2708213424424073,0.9325942571623653,1.1419993010391845,0.42282075325002466,1.2707939588169865,1.2707891047446236,1.2708679082135415,1.270667552947998
286,0.6034184305748898,0.28399860207836874,1.8354430379746836,1.2655184252840546,0.9367282361446245,1.1419993010391845,0.42282075325002466,1.265445197444266,1.2654152530654326,1.2655856312822313,1.2652667760849
286,0.6034184305748898,0.28399860207836874,1.89873417721519,1.2602318706953364,0.9406086645749064,1.1419993010391845,0.42282075325002466,1.2601192469318727,1.2600970428305909,1.2603039308268191,1.2599148750305176
286,0.6034184305748898,0.28399860207836874,1.9620253164556964,1.2549973986555059,0.9442511429909735,1.1419993010391845,0.42282075325002466,1.254857481687143,1.2548766847909842,1.255053444329759,1.2546440362930298
286,0.6034184305748898,0.28399860207836874,2.0253164556962027,1.2498441720752866,0.9476702191176731,1.1419993010391845,0.42282075325002466,1.2496916335682604,1.2497722341279354,1.2498667951348938,1.2494897842407227
286,0.6034184305748898,0.28399860207836874,2.088607594936709,1.2447957180877252,0.9508795758066468,1.1419993010391845,0.42282075325002466,1.2446442510532623,1.2447858390964428,1.2447773692174982,1.2444626092910767
286,0.6034184305748898,0.28399860207836874,2.151898734177215,1.2398707311382078,0.9538921332650866,1.1419993010391845,0.42282075325002466,1.2397310278828622,1.2399149250702872,1.2398158695194894,1.2395817041397095
286,0.6034184305748898,0.28399860207836874,2.2151898734177218,1.2350837724037438,0.9567199370375462,1.1419993010391845,0.42282075325002466,1.2349618033929313,1.2351608203598112,1.2350066327400793,1.2348520755767822
286,0.6034184305748898,0.28399860207836874,2.278481012658228,1.2304458784012027,0.9593742754386732,1.1419993010391845,0.42282075325002466,1.2303425959772436,1.2305319211982908,1.2303652905345142,1.2302876710891724
286,0.6034184305748898,0.28399860207836874,2.3417721518987342,1.2259650900510295,0.961865848829714,1.1419993010391845,0.42282075325002466,1.2258770461900714,1.2260421502459833,1.2258981882746356,1.225892424583435
286,0.6034184305748898,0.28399860207836874,2.405063291139241,1.221646912090432,0.9642046309291253,1.1419993010391845,0.42282075325002466,1.2215673678819858,1.2217064632934125,1.2216037973148335,1.2216659784317017
286,0.6034184305748898,0.28399860207836874,2.468354430379747,1.2174947115307522,0.9663999345120965,1.1419993010391845,0.42282075325002466,1.2174151845434051,1.2175364707569059,1.2174758742816718,1.2176092863082886
286,0.6034184305748898,0.28399860207836874,2.5316455696202533,1.213510062795146,0.9684606214705516,1.1419993010391845,0.42282075325002466,1.213421939276924,1.2135381910302376,1.2135073687978022,1.2137205600738525
286,0.6034184305748898,0.28399860207836874,2.5949367088607596,1.2096930462405893,0.9703949453526023,1.1419993010391845,0.42282075325002466,1.2095887800050609,1.209711804501232,1.209693509381888,1.2099988460540771
286,0.6034184305748898,0.28399860207836874,2.6582278481012658,1.2060425059492395,0.9722106031363725,1.1419993010391845,0.42282075325002466,1.2059168792486732,1.20605318684827,1.2060335359787495,1.2064396142959595
286,0.6034184305748898,0.28399860207836874,2.7215189873417724,1.2025562719558656,0.9739149200503554,1.1419993010391845,0.42282075325002466,1.2024068273679136,1.202556286879791,1.2025304238198213,1.2030391693115234
286,0.6034184305748898,0.28399860207836874,2.7848101265822787,1.1992313514426483,0.9755147269588437,1.1419993010391845,0.42282075325002466,1.199058640761675,1.1992151108003604,1.1991888969995887,1.1997921466827393
286,0.6034184305748898,0.28399860207836874,2.848101265822785,1.1960640928516089,0.977016397007836,1.1419993010391845,0.42282075325002466,1.1958715158841948,1.1960246651470237,1.1960125262941015,1.1966949701309204
286,0.6034184305748898,0.28399860207836874,2.9113924050632916,1.1930503264319163,0.978425973599045,1.1419993010391845,0.42282075325002466,1.1928436898544625,1.192981489753333,1.1930014009009873,1.1937419176101685
286,0.6034184305748898,0.28399860207836874,2.9746835443037978,1.1901854842791724,0.9797491140143741,1.1419993010391845,0.42282075325002466,1.1899720960794653,1.1900835183587555,1.1901507274588714,1.1909279823303223
286,0.6034184305748898,0.28399860207836874,3.037974683544304,1.187464702477834,0.9809910952495434,1.1419993010391845,0.42282075325002466,1.1872528644204274,1.1873291848689986,1.1874513284590922,1.1882460117340088
286,0.6034184305748898,0.28399860207836874,3.1012658227848102,1.1848829077670253,0.9821569031573509,1.1419993010391845,0.42282075325002466,1.1846809358188217,1.1847169231897692,1.1848913555653704,1.1856927871704102
286,0.6034184305748898,0.28399860207836874,3.1645569620253164,1.1824348907493776,0.9832512230545729,1.1419993010391845,0.42282075325002466,1.1822505132659311,1.1822445440688363,1.1824588163322312,1.183262586593628
286,0.6034184305748898,0.28399860207836874,3.227848101265823,1.180115367399182,0.9842784243114623,1.1419993010391845,0.42282075325002466,1.1799552093928862,1.179908898918721,1.180143608984394,1.1809499263763428
286,0.6034184305748898,0.28399860207836874,3.2911392405063293,1.177919030522643,0.9852426202733349,1.1419993010391845,0.42282075325002466,1.177788013672879,1.177705724027213,1.1779390301185586,1.1787500381469727
286,0.6034184305748898,0.28399860207836874,3.3544303797468356,1.1758405924480095,0.9861476912730268,1.1419993010391845,0.42282075325002466,1.175741981174674,1.1756296487568159,1.175841964127379,1.1766573190689087
286,0.6034184305748898,0.28399860207836874,3.417721518987342,1.1738748202116802,0.9869972551588684,1.1419993010391845,0.42282075325002466,1.1738098143908338,1.173674531722057,1.1738519484487846,1.174667239189148
286,0.6034184305748898,0.28399860207836874,3.4810126582278484,1.1720165642652292,0.9877947054356199,1.1419993010391845,0.42282075325002466,1.171984748777947,1.1718336247784182,1.1719697073468,1.1727756261825562
286,0.6034184305748898,0.28399860207836874,3.5443037974683547,1.1702607815841284,0.9885432557486334,1.1419993010391845,0.42282075325002466,1.1702601837815338,1.1700998723021356,1.1701956454403675,1.1709777116775513
286,0.6034184305748898,0.28399860207836874,3.607594936708861,1.168602554031455,0.9892459016803863,1.1419993010391845,0.42282075325002466,1.1686299534177818,1.1684661325752566,1.1685285514288104,1.1692698001861572
286,0.6034184305748898,0.28399860207836874,3.670886075949367,1.1670371026227773,0.9899054428502244,1.1419993010391845,0.42282075325002466,1.167088498461924,1.1669255877579667,1.166964901293822,1.1676474809646606
286,0.6034184305748898,0.28399860207836874,3.7341772151898738,1.165559798306041,0.990524540758585,1.1419993010391845,0.42282075325002466,1.165630604065949,1.1654717356891453,1.1654991557762728,1.166107416152954
286,0.6034184305748898,0.28399860207836874,3.79746835443038,1.1641661697880696,0.9911056750425042,1.1419993010391845,0.42282075325002466,1.1642517441353561,1.1640986317700368,1.1641239562643044,1.164646029472351
286,0.6034184305748898,0.28399860207836874,3.8607594936708862,1.162851908859849,0.9916511574662418,1.1419993010391845,0.42282075325002466,1.1629477533512933,1.162800847967019,1.162831217130583,1.1632601022720337
286,0.6034184305748898,0.28399860207836874,3.924050632911393,1.1616128736079978,0.9921631901330966,1.1419993010391845,0.42282075325002466,1.1617149665611488,1.1615736040027484,1.1616127963385003,1.161942720413208
286,0.6034184305748898,0.28399860207836874,3.987341772151899,1.1604450898586836,0.9926438245566437,1.1419993010391845,0.42282075325002466,1.1605501121857456,1.1604127017605868,1.1604613198532985,1.160696268081665
286,0.6034184305748898,0.28399860207836874,4.050632911392405,1.1593447511491755,0.993094974893497,1.1419993010391845,0.42282075325002466,1.1594499186459066,1.1593145252846013,1.1593706208883174,1.1595162153244019
286,0.6034184305748898,0.28399860207836874,4.113924050632912,1.1583082174814001,0.9935184579079542,1.1419993010391845,0.42282075325002466,1.1584117621187329,1.1582759669845462,1.1583360860668317,1.1583995819091797
286,0.6034184305748898,0.28399860207836874,4.177215189873418,1.1573320130771447,0.9939159726519378,1.1419993010391845,0.42282075325002466,1.1574327400001427,1.1572943128436104,1.1573543289047985,1.1573443412780762
286,0.6034184305748898,0.28399860207836874,4.2405063291139244,1.1564128233239344,0.9942891040570669,1.1419993010391845,0.42282075325002466,1.1565103186611492,1.156367299814544,1.1564233664709092,1.1563478708267212
286,0.6034184305748898,0.28399860207836874,4.30379746835443,1.155547491073837,0.9946393509698296,1.1419993010391845,0.42282075325002466,1.1556418496805139,1.1554929682296189,1.155542114904905,1.15540611743927
286,0.6034184305748898,0.28399860207836874,4.367088607594937,1.1547330124340858,0.9949681205326231,1.1419993010391845,0.42282075325002466,1.1548249552187346,1.1546694896122527,1.1547100776014267,1.1545201539993286
286,0.6034184305748898,0.28399860207836874,4.4303797468354436,1.153966532168138,0.9952767250751335,1.1419993010391845,0.42282075325002466,1.1540569294584468,1.153895347064832,1.1539270625300453,1.1536868810653687
286,0.6034184305748898,0.28399860207836874,4.493670886075949,1.1532453388081751,0.995566401151846,1.1419993010391845,0.42282075325002466,1.1533354191584884,1.1531691015844858,1.1531928817626589,1.1529045104980469
286,0.6034184305748898,0.28399860207836874,4.556962025316456,1.1525668595646834,0.995838314144722,1.1419993010391845,0.42282075325002466,1.1526578250942998,1.1524892567722167,1.1525071963211135,1.1521714925765991
286,0.6034184305748898,0.28399860207836874,4.620253164556963,1.1519286551052066,0.9960935506653282,1.1419993010391845,0.42282075325002466,1.1520218104236117,1.151854504816299,1.1518693221984333,1.1514860391616821
286,0.6034184305748898,0.28399860207836874,4.6835443037974684,1.1513284142621534,0.9963331308700214,1.1419993010391845,0.42282075325002466,1.1514249481102432,1.151263476409157,1.1512781894223196,1.1508499383926392
286,0.6034184305748898,0.28399860207836874,4.746835443037975,1.1507639487182564,0.99655801991767,1.1419993010391845,0.42282075325002466,1.150864852115245,1.1507147694454292,1.1507323801387144,1.150256872177124
286,0.6034184305748898,0.28399860207836874,4.810126582278482,1.1502331877194236,0.9967691175264348,1.1419993010391845,0.42282075325002466,1.1503393823830654,1.1502069244236282,1.15023009154274,1.149707555770874
286,0.6034184305748898,0.28399860207836874,4.8734177215189876,1.149734172849124,0.9969672653194124,1.1419993010391845,0.42282075325002466,1.1498462348692213,1.1497384449447567,1.149769223101869,1.1492013931274414
286,0.6034184305748898,0.28399860207836874,4.936708860759494,1.1492650528828405,0.9971532626234392,1.1419993010391845,0.42282075325002466,1.1493834663048783,1.1493078141112019,1.1493474988581007,1.1487371921539307
286,0.6034184305748898,0.28399860207836874,5.0,1.1488240787468422,0.997327854402299,1.1419993010391845,0.42282075325002466,1.1489490678256296,1.1489133346375253,1.148962455361168,1.1483136415481567
300,0.4655866515803549,0.2146017121506844,0.0,0.4655866515803549,0.4655866515803549,1.1073008560753421,0.784567977614603,0.4656734595263038,0.4669281716365471,0.46564246385506547,0.46558666229248047
300,0.4655866515803549,0.2146017121506844,0.06329113924050633,0.5728915292494582,0.4983618029858085,1.1073008560753421,0.784567977614603,0.5732953937297155,0.5734968377327768,0.57278078389759,0.5683438777923584
300,0.4655866515803549,0.2146017121506844,0.12658227848101267,0.665536433529045,0.5291271745175766,1.1073008560753421,0.784567977614603,0.6656615688566112,0.6657987947942224,0.6656032127878878,0.6609396934509277
300,0.4655866515803549,0.2146017121506844,0.189873417721519,0.7453810359441777,0.5580059887190773,1.1073008560753421,0.784567977614603,0.7453901009910632,0.7455565169584244,0.7454093411276479,0.7429237961769104
300,0.4655866515803549,0.2146017121506844,0.25316455696202533,0.8140567435339321,0.5851132244863553,1.1073008560753421,0.784567977614603,0.8142276362390681,0.8145415766489188,0.8140693052829486,0.8142074346542358
300,0.4655866515803549,0.2146017121506844,0.31645569620253167,0.8729942778624156,0.610558109483541,1.1073008560753421,0.784567977614603,0.8733861347965106,0.8734230487049193,0.8730428792697029,0.8752965927124023
300,0.4655866515803549,0.2146017121506844,0.379746835443038,0.9234479478310295,0.6344426959981893,1.1073008560753421,0.784567977614603,0.9239409704784958,0.9236402803742844,0.9235099449507231,0.927132248878479
300,0.4655866515803549,0.2146017121506844,0.44303797468354433,0.9665170114840013,0.6568621871980835,1.1073008560753421,0.784567977614603,0.9669602441910305,0.9666183190700739,0.966557556275278,0.970776379108429
300,0.4655866515803549,0.2146017121506844,0.5063291139240507,1.003164474062759,0.6779066969884304,1.1073008560753421,0.784567977614603,1.0034744541782024,1.0032905733896704,1.0031877098806379,1.0072181224822998
300,0.4655866515803549,0.2146017121506844,0.569620253164557,1.0342336287815779,0.6976607443697372,1.1073008560753421,0.784567977614603,1.0344072598954357,1.0343752246577296,1.034266442250772,1.0373737812042236
300,0.4655866515803549,0.2146017121506844,0.6329113924050633,1.060462610064855,0.7162031579704227,1.1073008560753421,0.784567977614603,1.0605384041121504,1.0605769579098707,1.0605137146650694,1.0621896982192993
300,0.4655866515803549,0.2146017121506844,0.6962025316455697,1.0824971968206931,0.7336082822400801,1.1073008560753421,0.784567977614603,1.082515997732571,1.0825706613929182,1.0825432390527956,1.082774043083191
300,0.4655866515803549,0.2146017121506844,0.759493670886076,1.1009020750187577,0.7499461150764315,1.1073008560753421,0.784567977614603,1.1008914822358524,1.1009438982229116,1.100912673300194,1.100343108177185
300,0.4655866515803549,0.2146017121506844,0.8227848101265823,1.11617074389383,0.7652819268155615,1.1073008560753421,0.784567977614603,1.116148864802787,1.1161871572431485,1.116143772339833,1.115726113319397
300,0.4655866515803549,0.2146017121506844,0.8860759493670887,1.1287342281031485,0.779677051678558,1.1073008560753421,0.784567977614603,1.12871778823362,1.128719499868089,1.1287023155239693,1.1288926601409912
300,0.4655866515803549,0.2146017121506844,0.949367088607595,1.1389687388006056,0.7931894611843724,1.1073008560753421,0.784567977614603,1.1389751462390194,1.1389150729938051,1.1389682591321075,1.1396676301956177
300,0.4655866515803549,0.2146017121506844,1.0126582278481013,1.1472024095364846,0.8058731992772626,1.1073008560753421,0.784567977614603,1.1472460837725595,1.1471130272535235,1.1472375154372467,1.1483228206634521
300,0.4655866515803549,0.2146017121506844,1.0759493670886076,1.153721217858865,0.8177788664459905,1.1073008560753421,0.784567977614603,1.1538083222387783,1.1536149095936215,1.1537632696473672,1.155219316482544
300,0.4655866515803549,0.2146017121506844,1.139240506329114,1.1587741902566238,0.8289544739839732,1.1073008560753421,0.784567977614603,1.1588997439812447,1.1586783056277494,1.1587948804168537,1.1605879068374634
300,0.4655866515803549,0.2146017121506844,1.2025316455696204,1.162577976427961,0.8394447702939368,1.1073008560753421,0.784567977614603,1.1627270488482648,1.1625132851767488,1.1625763913054712,1.164602279663086
300,0.4655866515803549,0.2146017121506844,1.2658227848101267,1.1653208685898175,0.8492915003414119,1.1073008560753421,0.784567977614603,1.165472494137952,1.165288322269067,1.1653175865651648,1.1674314737319946
300,0.4655866515803549,0.2146017121506844,1.3291139240506329,1.1671663324917032,0.8585344263964273,1.1073008560753421,0.784567977614603,1.1672992160390436,1.1671435782441841,1.167177588268006,1.1692396402359009
300,0.4655866515803549,0.2146017121506844,1.3924050632911393,1.1682561087922814,0.8672105685788719,1.1073008560753421,0.784567977614603,1.168353312290328,1.1682052261857494,1.1682773053993905,1.1701971292495728
300,0.4655866515803549,0.2146017121506844,1.4556962025316458,1.1687129365402544,0.8753544604691907,1.1073008560753421,0.784567977614603,1.168765047499288,1.1685970613379104,1.168725211240143,1.1704394817352295
300,0.4655866515803549,0.2146017121506844,1.518987341772152,1.168642944255901,0.8829989380006718,1.1073008560753421,0.784567977614603,1.1686491893194093,1.1684436742911313,1.1686316727808075,1.1701055765151978
300,0.4655866515803549,0.2146017121506844,1.5822784810126582,1.1681377485672069,0.8901746505469741,1.1073008560753421,0.784567977614603,1.1681050986440942,1.167864096411109,1.1681034117779376,1.1693086624145508
300,0.4655866515803549,0.2146017121506844,1.6455696202531647,1.1672762957774718,0.896910192115955,1.1073008560753421,0.784567977614603,1.167217164177328,1.166961468536109,1.1672326103817179,1.168139934539795
300,0.4655866515803549,0.2146017121506844,1.708860759493671,1.1661264773696796,0.9032326527170055,1.1073008560753421,0.784567977614603,1.166055999552876,1.165814792333727,1.1660907224217676,1.1666834354400635
300,0.4655866515803549,0.2146017121506844,1.7721518987341773,1.1647465466782148,0.9091674159623904,1.1073008560753421,0.784567977614603,1.1646796650518234,1.1644773150099172,1.1647301018962994,1.1650079488754272
300,0.4655866515803549,0.2146017121506844,1.8354430379746836,1.1631863609281268,0.9147381578236621,1.1073008560753421,0.784567977614603,1.1631353566885632,1.162981998339847,1.1631900778617357,1.1631717681884766
300,0.4655866515803549,0.2146017121506844,1.89873417721519,1.1614884696451664,0.9199672277316125,1.1073008560753421,0.784567977614603,1.1614617020558347,1.1613514072004465,1.1615041284282621,1.1612226963043213
300,0.4655866515803549,0.2146017121506844,1.9620253164556964,1.1596890681435055,0.9248756481851911,1.1073008560753421,0.784567977614603,1.1596901788289782,1.1596065485737996,1.1597042614217417,1.1592013835906982
300,0.4655866515803549,0.2146017121506844,2.0253164556962027,1.1578188324869654,0.9294830229656692,1.1073008560753421,0.784567977614603,1.1578468694474977,1.157771889608439,1.1578226227079969,1.1571379899978638
300,0.4655866515803549,0.2146017121506844,2.088607594936709,1.1559036502576736,0.9338077903947555,1.1073008560753421,0.784567977614603,1.1559540600071405,1.155875681497483,1.1558908340070149,1.155060887336731
300,0.4655866515803549,0.2146017121506844,2.151898734177215,1.1539652598836028,0.9378673610929208,1.1073008560753421,0.784567977614603,1.1540309372128548,1.153947065074003,1.1539380507828305,1.1529889106750488
300,0.4655866515803549,0.2146017121506844,2.2151898734177218,1.152021809669345,0.9416779670293103,1.1073008560753421,0.784567977614603,1.1520944821184642,1.1520119956860808,1.151988424600388,1.150948166847229
300,0.4655866515803549,0.2146017121506844,2.278481012658228,1.1500883463189733,0.9452548197681849,1.1073008560753421,0.784567977614603,1.1501598718995494,1.1500904225871946,1.1500594971304927,1.1489415168762207
300,0.4655866515803549,0.2146017121506844,2.3417721518987342,1.148177241592227,0.9486123385774167,1.1073008560753421,0.784567977614603,1.148240701238505,1.1481955468863048,1.1481619290395804,1.1469820737838745
300,0.4655866515803549,0.2146017121506844,2.405063291139241,1.1462985646841304,0.9517639635376537,1.1073008560753421,0.784567977614603,1.1463490643190057,1.1463348218803329,1.1463003756677068,1.1450787782669067
300,0.4655866515803549,0.2146017121506844,2.468354430379747,1.1444604069971152,0.9547222440756864,1.1073008560753421,0.784567977614603,1.1444953252415022,1.1445118594254886,1.1444759056684568,1.143236517906189
300,0.4655866515803549,0.2146017121506844,2.5316455696202533,1.1426691651701208,0.9574991220307278,1.1073008560753421,0.784567977614603,1.1426884050038506,1.1427288897712355,1.1426891750169121,1.1414598226547241
300,0.4655866515803549,0.2146017121506844,2.5949367088607596,1.1409297875200413,0.9601057194685119,1.1073008560753421,0.784567977614603,1.1409355027201296,1.1409880857709125,1.1409425575050731,1.1397472620010376
300,0.4655866515803549,0.2146017121506844,2.6582278481012658,1.1392459884273012,0.9625524084490876,1.1073008560753421,0.784567977614603,1.1392419234322628,1.139292546815318,1.1392414455805144,1.1381049156188965
300,0.4655866515803549,0.2146017121506844,2.7215189873417724,1.1376204346447367,0.9648490600814108,1.1073008560753421,0.784567977614603,1.1376115454784728,1.137646458721921,1.1375939171887093,1.136530876159668
300,0.4655866515803549,0.2146017121506844,2.7848101265822787,1.1360549070173735,0.9670048792941531,1.1073008560753421,0.784567977614603,1.136046584759192,1.1360547083608703,1.1360087648055794,1.135026454925537
300,0.4655866515803549,0.2146017121506844,2.848101265822785,1.1345504407023552,0.9690284542178902,1.1073008560753421,0.784567977614603,1.1345478489199068,1.1345220924084032,1.1344932486650403,1.133588433265686
300,0.4655866515803549,0.2146017121506844,2.9113924050632916,1.1331074465875075,0.9709279286363764,1.1073008560753421,0.784567977614603,1.1331151350243143,1.1330529524714725,1.1330511264679397,1.132215976715088
300,0.4655866515803549,0.2146017121506844,2.9746835443037978,1.1317258162475357,0.9727109260177316,1.1073008560753421,0.784567977614603,1.1317471065626257,1.1316503838411542,1.131681666999245,1.1309075355529785
300,0.4655866515803549,0.2146017121506844,3.037974683544304,1.1304050125309233,0.9743845573756647,1.1073008560753421,0.784567977614603,1.1304419514571515,1.1303161903956915,1.130380264093616,1.1296623945236206
300,0.4655866515803549,0.2146017121506844,3.1012658227848102,1.129144147647153,0.9759555413942158,1.1073008560753421,0.784567977614603,1.1291972713697733,1.129050708312393,1.1291399701653007,1.1284761428833008
300,0.4655866515803549,0.2146017121506844,3.1645569620253164,1.1279420502440298,0.9774301917703574,1.1073008560753421,0.784567977614603,1.128010561369567,1.1278528265662502,1.1279535659341375,1.127347707748413
300,0.4655866515803549,0.2146017121506844,3.227848101265823,1.1267973230219457,0.9788143964472986,1.1073008560753421,0.784567977614603,1.1268791443372315,1.1267203354064153,1.1268154610850862,1.1262743473052979
300,0.4655866515803549,0.2146017121506844,3.2911392405063293,1.125708391963992,0.9801136983620975,1.1073008560753421,0.784567977614603,1.1258005604387986,1.125650164140152,1.1257227181242633,1.1252540349960327
300,0.4655866515803549,0.2146017121506844,3.3544303797468356,1.1246735484071368,0.9813333264557407,1.1073008560753421,0.784567977614603,1.1247725302281253,1.1246386681134648,1.1246753147649549,1.124284267425537
300,0.4655866515803549,0.2146017121506844,3.417721518987342,1.1236909847576395,0.9824781559585072,1.1073008560753421,0.784567977614603,1.1237930161427414,1.123682005885641,1.12367524912801,1.1233628988265991
300,0.4655866515803549,0.2146017121506844,3.4810126582278484,1.1227588248007296,0.9835527597864774,1.1073008560753421,0.784567977614603,1.1228601938057878,1.122776110531187,1.1227253738997454,1.1224876642227173
300,0.4655866515803549,0.2146017121506844,3.5443037974683547,1.121875149244917,0.9845614684861923,1.1073008560753421,0.784567977614603,1.1219724315273993,1.121917255401642,1.1218282189183524,1.1216567754745483
300,0.4655866515803549,0.2146017121506844,3.607594936708861,1.1210380171574572,0.9855083187538027,1.1073008560753421,0.784567977614603,1.1211284132964028,1.1211018860369228,1.1209848129928508,1.120864748954773
300,0.4655866515803549,0.2146017121506844,3.670886075949367,1.1202454838704874,0.9863970832153313,1.1073008560753421,0.784567977614603,1.120326941993601,1.1203268456501039,1.1201942811109538,1.1201144456863403
300,0.4655866515803549,0.2146017121506844,3.7341772151898738,1.119495615806285,0.9872313483746941,1.1073008560753421,0.784567977614603,1.1195668123003497,1.1195893833268649,1.1194538419085036,1.1194020509719849
300,0.4655866515803549,0.2146017121506844,3.79746835443038,1.118786502656115,0.9880144556658146,1.1073008560753421,0.784567977614603,1.1188469254908098,1.1188871202027728,1.1187593422511541,1.1187257766723633
300,0.4655866515803549,0.2146017121506844,3.8607594936708862,1.1181162672859752,0.9887495203058225,1.1073008560753421,0.784567977614603,1.1181661500413564,1.1182180822610686,1.1181058193180207,1.11808443069458
300,0.4655866515803549,0.2146017121506844,3.924050632911393,1.1174830736887196,0.9894395097382254,1.1073008560753421,0.784567977614603,1.117523309331408,1.1175807310805914,1.1174882731726514,1.1174741983413696
300,0.4655866515803549,0.2146017121506844,3.987341772151899,1.1168851332607286,0.990087188479386,1.1073008560753421,0.784567977614603,1.1169172431392769,1.1169736522568103,1.116902245378365,1.1168965101242065
300,0.4655866515803549,0.2146017121506844,4.050632911392405,1.1163207096460028,0.9906951359503423,1.1073008560753421,0.784567977614603,1.1163464796643054,1.1163958126594584,1.1163441185051202,1.1163491010665894
300,0.4655866515803549,0.2146017121506844,4.113924050632912,1.1157881223620445,0.9912658003311512,1.1073008560753421,0.784567977614603,1.1158099160809316,1.11584639234388,1.1158114315392615,1.115830421447754
300,0.4655866515803549,0.2146017121506844,4.177215189873418,1.1152857493914228,0.9918014711786046,1.1073008560753421,0.784567977614603,1.1153059739956925,1.1153246369609917,1.115302711663711,1.1153392791748047
300,0.4655866515803549,0.2146017121506844,4.2405063291139244,1.114812028898855,0.9923042842667222,1.1073008560753421,0.784567977614603,1.1148332718018434,1.1148299315523014,1.1148174790984615,1.1148749589920044
300,0.4655866515803549,0.2146017121506844,4.30379746835443,1.1143654602124828,0.992776259365538,1.1073008560753421,0.784567977614603,1.1143904934882112,1.114361743153783,1.1143558925462582,1.114436388015747
300,0.4655866515803549,0.2146017121506844,4.367088607594937,1.1139446041894414,0.9932192926692737,1.1073008560753421,0.784567977614603,1.1139761262569061,1.1139195306019634,1.1139185102448401,1.1140227317810059
300,0.4655866515803549,0.2146017121506844,4.4303797468354436,1.113548083069564,0.993635152607324,1.1073008560753421,0.784567977614603,1.1135889770884533,1.1135027609328163,1.1135061248207534,1.113633155822754
300,0.4655866515803549,0.2146017121506844,4.493670886075949,1.1131745799068204,0.9940255054982515,1.1073008560753421,0.784567977614603,1.1132276438774917,1.1131108437861896,1.113119386550419,1.113267183303833
300,0.4655866515803549,0.2146017121506844,4.556962025316456,1.1128228376555984,0.99439192175212,1.1073008560753421,0.784567977614603,1.1128909418039932,1.1127431724030379,1.1127588699214062,1.1129238605499268
300,0.4655866515803549,0.2146017121506844,4.620253164556963,1.1124916579778792,0.994735865631963,1.1073008560753421,0.784567977614603,1.1125778090396286,1.1123991195256993,1.1124247314197346,1.1126030683517456
300,0.4655866515803549,0.2146017121506844,4.6835443037974684,1.1121798998282393,0.9950587118490195,1.1073008560753421,0.784567977614603,1.1122871386591124,1.1120778693092412,1.1121168569028126,1.1123034954071045
300,0.4655866515803549,0.2146017121506844,4.746835443037975,1.1118864778675528,0.995361761002502,1.1073008560753421,0.784567977614603,1.1120180492219394,1.1117786756040269,1.1118347462615032,1.1120253801345825
300,0.4655866515803549,0.2146017121506844,4.810126582278482,1.1116103607433472,0.9956462255076164,1.1073008560753421,0.784567977614603,1.1117696264898183,1.1115006569695511,1.111577630125846,1.1117680072784424
300,0.4655866515803549,0.2146017121506844,4.8734177215189876,1.1113505692757482,0.9959132394933621,1.1073008560753421,0.784567977614603,1.1115411817092382,1.111242903267246,1.1113443992842706,1.111531376838684
300,0.4655866515803549,0.2146017121506844,4.936708860759494,1.1111061745731992,0.9961638800925111,1.1073008560753421,0.784567977614603,1.1113319933289019,1.111004410064908,1.1111338171102176,1.1113147735595703
300,0.4655866515803549,0.2146017121506844,5.0,1.1108762961052265,0.996399151179933,1.1073008560753421,0.784567977614603,1.1111414176922545,1.1107842508250756,1.1109444328817006,1.111117959022522
315,0.5410901584912773,0.0432503252869865,0.0,0.5410901584912773,0.5410901584912773,1.0216251626434933,,0.5397677255588512,0.5413016780211075,0.5411067186409512,0.5410901308059692
315,0.5410901584912773,0.0432503252869865,0.06329113924050633,0.5842555078976536,0.5692347390512119,1.0216251626434933,,0.5839253202377243,0.5847731102141378,0.5842304598574307,0.5824847221374512
315,0.5410901584912773,0.0432503252869865,0.12658227848101267,0.6231453139759386,0.5956534874139748,1.0216251626434933,,0.6231833192263784,0.6233338610652015,0.623166414228599,0.620562732219696
315,0.5410901584912773,0.0432503252869865,0.189873417721519,0.6582153876965272,0.6204522168756561,1.0216251626434933,,0.6582934805831282,0.6582885609151928,0.6582384024026968,0.6553955078125
315,0.5410901584912773,0.0432503252869865,0.25316455696202533,0.689870567379215,0.6437296617719859,1.0216251626434933,,0.6898412119944995,0.6899590544404455,0.6898850092243799,0.6871147751808167
315,0.5410901584912773,0.0432503252869865,0.31645569620253167,0.718470581621396,0.665579617757923,1.0216251626434933,,0.7183184146584595,0.7185121183839691,0.7184769787303886,0.7159252166748047
315,0.5410901584912773,0.0432503252869865,0.379746835443038,0.7443352272518614,0.6860897188703899,1.0216251626434933,,0.7441262710962464,0.7443014768703189,0.7443312577838898,0.7420716881752014
315,0.5410901584912773,0.0432503252869865,0.44303797468354433,0.7677489430137259,0.7053417176905447,1.0216251626434933,,0.7675711454290903,0.7676906933599205,0.7677366216853942,0.765803337097168
315,0.5410901584912773,0.0432503252869865,0.5063291139240507,0.7889648501243389,0.723412996563118,1.0216251626434933,,0.7888769481436244,0.7889058101955121,0.7889536982698805,0.7873494029045105
315,0.5410901584912773,0.0432503252869865,0.569620253164557,0.8082083224442509,0.7403761333929132,1.0216251626434933,,0.8082148508862141,0.8080979923738554,0.8082077919812171,0.8069169521331787
315,0.5410901584912773,0.0432503252869865,0.6329113924050633,0.825680141568998,0.7562988196653336,1.0216251626434933,,0.8257354938890413,0.8254492676085601,0.8256910807275492,0.8246980905532837
315,0.5410901584912773,0.0432503252869865,0.6962025316455697,0.8415592856185631,0.7712448962250757,1.0216251626434933,,0.8415927315673388,0.8411929757498018,0.8415738881699579,0.8408739566802979
315,0.5410901584912773,0.0432503252869865,0.759493670886076,0.8560053947355374,0.7852744714587366,1.0216251626434933,,0.8559515859825529,0.8555601772016129,0.8560148498637509,0.855599045753479
315,0.5410901584912773,0.0432503252869865,0.8227848101265823,0.8691609512222999,0.798443594115241,1.0216251626434933,,0.8689819496673861,0.8687238966852815,0.8691631994402172,0.8689906597137451
315,0.5410901584912773,0.0432503252869865,0.8860759493670887,0.8811532077688493,0.8108049329345484,1.0216251626434933,,0.8808464176471029,0.880789300302373,0.8811537207366911,0.8811354637145996
315,0.5410901584912773,0.0432503252869865,0.949367088607595,0.8920958932748442,0.8224082690470372,1.0216251626434933,,0.8916882834497685,0.8918208193039481,0.8921009004124805,0.8921350836753845
315,0.5410901584912773,0.0432503252869865,1.0126582278481013,0.9020907222889896,0.8333000109078251,1.0216251626434933,,0.9016259798814809,0.9018767025583617,0.9020997769341995,0.9020891189575195
315,0.5410901584912773,0.0432503252869865,1.0759493670886076,0.9112287310207058,0.8435236100181652,1.0216251626434933,,0.9107532430153025,0.9110292363864781,0.9112351999605574,0.9111026525497437
315,0.5410901584912773,0.0432503252869865,1.139240506329114,0.9195914601742095,0.8531202944931809,1.0216251626434933,,0.9191438186735849,0.9193659416808679,0.9195900106720475,0.919284999370575
315,0.5410901584912773,0.0432503252869865,1.2025316455696204,0.9272520024698726,0.8621284905482036,1.0216251626434933,,0.9268578579962847,0.9269785210518469,0.9272438590822065,0.9267511963844299
315,0.5410901584912773,0.0432503252869865,1.2658227848101267,0.9342759306099165,0.8705840452959057,1.0216251626434933,,0.9339473618734794,0.9339517403779418,0.934267166121186,0.9336104393005371
315,0.5410901584912773,0.0432503252869865,1.3291139240506329,0.9407221196042398,0.8785211032745784,1.0216251626434933,,0.9404602150730732,0.9403585255368485,0.9407182615773035,0.9399552345275879
315,0.5410901584912773,0.0432503252869865,1.3924050632911393,0.9466434757275131,0.8859714542914988,1.0216251626434933,,0.9464423672935828,0.9462589128762718,0.9466452256831834,0.9458449482917786
315,0.5410901584912773,0.0432503252869865,1.4556962025316458,0.9520875829407494,0.8929647529201761,1.0216251626434933,,0.9519376691752056,0.9517025582445731,0.9520914407621821,0.9513275027275085
315,0.5410901584912773,0.0432503252869865,1.518987341772152,0.9570972763186457,0.8995291959356108,1.0216251626434933,,0.9569882494743618,0.9567320331682865,0.95709950241952,0.9564239978790283
315,0.5410901584912773,0.0432503252869865,1.5822784810126582,0.9617111509562404,0.9056911024768205,1.0216251626434933,,0.9616335475290002,0.9613840711679963,0.9617103496146474,0.9611566066741943
315,0.5410901584912773,0.0432503252869865,1.6455696202531647,0.9659640137812285,0.9114750267052021,1.0216251626434933,,0.9659101984663463,0.9656899613317718,0.9659613174475282,0.9655407667160034
315,0.5410901584912773,0.0432503252869865,1.708860759493671,0.9698872848425281,0.9169042312730799,1.0216251626434933,,0.9698513608482846,0.9696764748526279,0.969885047476231,0.9695982336997986
315,0.5410901584912773,0.0432503252869865,1.7721518987341773,0.9735093539215239,0.9220005135204905,1.0216251626434933,,0.9734870938459005,0.973365824031293,0.9735093341880456,0.9733434915542603
315,0.5410901584912773,0.0432503252869865,1.8354430379746836,0.9768558975439856,0.9267842044073339,1.0216251626434933,,0.9768443654389264,0.9767768593954063,0.9768581417030735,0.9767969846725464
315,0.5410901584912773,0.0432503252869865,1.89873417721519,0.9799501609744109,0.9312744957703634,1.0216251626434933,,0.9799470606151888,0.9799265210015585,0.9799532341638749,0.9799792766571045
315,0.5410901584912773,0.0432503252869865,1.9620253164556964,0.982813209163372,0.9354894399873624,1.0216251626434933,,0.982816866910836,0.9828312159423143,0.9828151110600436,0.9829099774360657
315,0.5410901584912773,0.0432503252869865,2.0253164556962027,0.9854641501910439,0.9394458711591002,1.0216251626434933,,0.9854730776236216,0.9855075890941885,0.9854632071822196,0.9856125116348267
315,0.5410901584912773,0.0432503252869865,2.088607594936709,0.9879203343505036,0.9431596225863699,1.0216251626434933,,0.9879331657741626,0.9879730560816721,0.9879159778091153,0.9881011843681335
315,0.5410901584912773,0.0432503252869865,2.151898734177215,0.9901975316126667,0.9466456450654082,1.0216251626434933,,0.9902129562943179,0.9902457868783402,0.9901905648853425,0.9903954267501831
315,0.5410901584912773,0.0432503252869865,2.2151898734177218,0.9923100899248973,0.949917877264495,1.0216251626434933,,0.9923269868028367,0.9923442056406105,0.9923022659662487,0.9925122261047363
315,0.5410901584912773,0.0432503252869865,2.278481012658228,0.9942710765053596,0.952989381612863,1.0216251626434933,,0.9942885158048047,0.9942860641702835,0.9942643733412998,0.9944661259651184
315,0.5410901584912773,0.0432503252869865,2.3417721518987342,0.9960924040411087,0.9558725401813446,1.0216251626434933,,0.9961098014728278,0.9960879581471946,0.9960883924699208,0.9962723851203918
315,0.5410901584912773,0.0432503252869865,2.405063291139241,0.9977849434809013,0.9585788941960309,1.0216251626434933,,0.9978020852481382,0.9977647285696154,0.9977841663495117,0.9979428648948669
315,0.5410901584912773,0.0432503252869865,2.468354430379747,0.9993586249184219,0.9611192200633805,1.0216251626434933,,0.9993756820345072,0.9993289287902278,0.9993603980827079,0.9994891285896301
315,0.5410901584912773,0.0432503252869865,2.5316455696202533,1.0008225278896312,0.9635037724440533,1.0216251626434933,,1.0008402097827485,1.0007910295022877,1.000825390925764,1.000921607017517
315,0.5410901584912773,0.0432503252869865,2.5949367088607596,1.0021849622567365,0.9657421020452639,1.0216251626434933,,1.0022042697123024,1.002159435138518,1.0021871968059397,1.0022552013397217
315,0.5410901584912773,0.0432503252869865,2.6582278481012658,1.0034535407168392,0.9678431155315761,1.0216251626434933,,1.0034758070868848,1.0034406396605933,1.003453774562802,1.0034912824630737
315,0.5410901584912773,0.0432503252869865,2.7215189873417724,1.0046352438544808,0.9698152893923285,1.0216251626434933,,1.0046620292200208,1.004639915312651,1.004633061388472,1.0046406984329224
315,0.5410901584912773,0.0432503252869865,2.7848101265822787,1.005736478555313,0.9716665280565003,1.0216251626434933,,1.0057694546717246,1.0057615258069021,1.0057325070600451,1.005712866783142
315,0.5410901584912773,0.0432503252869865,2.848101265822785,1.0067631305025155,0.9734042062980306,1.0216251626434933,,1.0068038886501607,1.006809087099279,1.006758747352078,1.0067111253738403
315,0.5410901584912773,0.0432503252869865,2.9113924050632916,1.0077206113871402,0.9750353173226934,1.0216251626434933,,1.0077705296044468,1.0077860019601037,1.0077175159275018,1.007642388343811
315,0.5410901584912773,0.0432503252869865,2.9746835443037978,1.0086139014192361,0.9765664075323838,1.0216251626434933,,1.0086740594185684,1.0086956485613583,1.0086134787439656,1.0085117816925049
315,0.5410901584912773,0.0432503252869865,3.037974683544304,1.0094475876362439,0.9780035832756153,1.0216251626434933,,1.0095186598102706,1.0095413722772388,1.0094504075607134,1.0093250274658203
315,0.5410901584912773,0.0432503252869865,3.1012658227848102,1.0102258984355887,0.9793526140008076,1.0216251626434933,,1.0103080287299513,1.0103266988697661,1.0102315096575232,1.0100854635238647
315,0.5410901584912773,0.0432503252869865,3.1645569620253164,1.0109527347781795,0.9806189213870137,1.0216251626434933,,1.0110455197512533,1.0110553098904447,1.0109597808896857,1.010797142982483
315,0.5410901584912773,0.0432503252869865,3.227848101265823,1.0116316983524096,0.9818075615113578,1.0216251626434933,,1.011734060076598,1.0117308376941003,1.0116382488874611,1.01146399974823
315,0.5410901584912773,0.0432503252869865,3.2911392405063293,1.0122661170816862,0.9829232941882222,1.0216251626434933,,1.0123764293183692,1.0123570376272573,1.012270216754514,1.0120904445648193
315,0.5410901584912773,0.0432503252869865,3.3544303797468356,1.0128590681843865,0.9839706095983191,1.0216251626434933,,1.0129750791110879,1.0129375830419736,1.0128592552306235,1.0126773118972778
315,0.5410901584912773,0.0432503252869865,3.417721518987342,1.013413399106511,0.9849536941848492,1.0216251626434933,,1.0135323708953627,1.0134759997002698,1.0134090307223886,1.013228416442871
315,0.5410901584912773,0.0432503252869865,3.4810126582278484,1.0139317464833053,0.9858764747887204,1.0216251626434933,,1.0140504447267462,1.0139756657741281,1.0139231254070813,1.0137463808059692
315,0.5410901584912773,0.0432503252869865,3.5443037974683547,1.0144165533709437,0.9867426701240214,1.0216251626434933,,1.0145313586663243,1.0144397626488137,1.0144048423749952,1.0142334699630737
315,0.5410901584912773,0.0432503252869865,3.607594936708861,1.0148700849150543,0.9875557465704237,1.0216251626434933,,1.0149771133790573,1.0148712257261945,1.01485697084313,1.0146865844726562
315,0.5410901584912773,0.0432503252869865,3.670886075949367,1.015294442595059,0.9883189437461279,1.0216251626434933,,1.0153896603332264,1.0152727526241883,1.0152817367131126,1.0151150226593018
315,0.5410901584912773,0.0432503252869865,3.7341772151898738,1.0156915772018993,0.9890353414431247,1.0216251626434933,,1.0157709345982195,1.0156468605728888,1.015680879643622,1.0155177116394043
315,0.5410901584912773,0.0432503252869865,3.79746835443038,1.0160633006768496,0.9897078090076463,1.0216251626434933,,1.016122863043978,1.0159957798217603,1.0160557078573669,1.0158958435058594
315,0.5410901584912773,0.0432503252869865,3.8607594936708862,1.016411296910383,0.9903390215296569,1.0216251626434933,,1.0164473151443174,1.0163216258280146,1.016407219757097,1.0162508487701416
315,0.5410901584912773,0.0432503252869865,3.924050632911393,1.0167371316066374,0.9909315272034143,1.0216251626434933,,1.016746348960324,1.0166263172621468,1.0167363172613544,1.0165873765945435
315,0.5410901584912773,0.0432503252869865,3.987341772151899,1.017042261304845,0.9914876999661906,1.0216251626434933,,1.0170217847691334,1.0169116416035064,1.017043904418378,1.016901969909668
315,0.5410901584912773,0.0432503252869865,4.050632911392405,1.0173280416370296,0.9920097548107526,1.0216251626434933,,1.0172757790251914,1.0171792305419594,1.017330922992918,1.0171973705291748
315,0.5410901584912773,0.0432503252869865,4.113924050632912,1.0175957348933355,0.9924997940310025,1.0216251626434933,,1.0175101930028665,1.0174307485651564,1.0175984737269008,1.017474889755249
315,0.5410901584912773,0.0432503252869865,4.177215189873418,1.0178465169593978,0.9929597837083425,1.0216251626434933,,1.017727158558264,1.0176676305762455,1.017847772551464,1.0177358388900757
315,0.5410901584912773,0.0432503252869865,4.2405063291139244,1.0180814836844825,0.9933915578682893,1.0216251626434933,,1.0179286681568978,1.0178913688745008,1.0180801182497734,1.017980933189392
315,0.5410901584912773,0.0432503252869865,4.30379746835443,1.0183016567316936,0.9937968509217614,1.0216251626434933,,1.018116779859854,1.0181033327674973,1.0182968863770796,1.018211007118225
315,0.5410901584912773,0.0432503252869865,4.367088607594937,1.0185079889575464,0.9941772911630223,1.0216251626434933,,1.0182934943320936,1.0183049243605968,1.0184994619356689,1.0184268951416016
315,0.5410901584912773,0.0432503252869865,4.4303797468354436,1.0187013693626896,0.9945343971725001,1.0216251626434933,,1.0184609188313816,1.018497480163588,1.0186891648175205,1.0186296701431274
315,0.5410901584912773,0.0432503252869865,4.493670886075949,1.0188826276523006,0.9948695998463056,1.0216251626434933,,1.0186209638287664,1.0186823366862605,1.0188672535869276,1.0188199281692505
315,0.5410901584912773,0.0432503252869865,4.556962025316456,1.019052538440252,0.9951842477222843,1.0216251626434933,,1.0187755151969569,1.0188607156461515,1.019034876065854,1.018998622894287
315,0.5410901584912773,0.0432503252869865,4.620253164556963,1.0192118251275057,0.9954795981880266,1.0216251626434933,,1.0189265736009132,1.0190339371541568,1.019193054459645,1.019166111946106
315,0.5410901584912773,0.0432503252869865,4.6835443037974684,1.0193611634833053,0.995756831731523,1.0216251626434933,,1.0190759593177716,1.0192032229278136,1.0193426752784849,1.0193219184875488
315,0.5410901584912773,0.0432503252869865,4.746835443037975,1.019501184955009,0.9960170651996011,1.0216251626434933,,1.0192253368351833,1.0193697454879802,1.0194845066506992,1.0194687843322754
315,0.5410901584912773,0.0432503252869865,4.810126582278482,1.0196324797307335,0.9962613397136715,1.0216251626434933,,1.0193764116380328,1.0195345953610488,1.0196191923208018,1.019606351852417
315,0.5410901584912773,0.0432503252869865,4.8734177215189876,1.0197555995710328,0.9964906291695643,1.0216251626434933,,1.0195307580200592,1.0196989614667704,1.0197472642041963,1.0197352170944214
315,0.5410901584912773,0.0432503252869865,4.936708860759494,1.019871060425133,0.9967058585194337,1.0216251626434933,,1.019689728889945,1.0198638031403924,1.0198691728336802,1.0198558568954468
315,0.5410901584912773,0.0432503252869865,5.0,1.0199793448600922,0.9969078898081317,1.0216251626434933,,1.0198547427519447,1.0200301289138416,1.0199852977250163,1.0199685096740723
318,0.8468168121929678,0.021048975434809346,0.0,0.8468168121929678,0.8468168121929678,1.0105244877174047,,0.8465503793391954,0.8461108890036335,0.8468429875880984,0.8468168377876282
318,0.8468168121929678,0.021048975434809346,0.06329113924050633,0.8635216479509974,0.856211416927285,1.0105244877174047,,0.8643123648520399,0.8641044760839832,0.8635216287541119,0.8627049922943115
318,0.8468168121929678,0.021048975434809346,0.12658227848101267,0.8784095605464167,0.865029942323853,1.0105244877174047,,0.8792367350964277,0.8791049207935454,0.8784257364898272,0.8772746324539185
318,0.8468168121929678,0.021048975434809346,0.189873417721519,0.8916861988076772,0.873307708649403,1.0105244877174047,,0.8922111129601561,0.8921316439241063,0.8916991991524117,0.8905341029167175
318,0.8468168121929678,0.021048975434809346,0.25316455696202533,0.903533396880054,0.8810776732278475,1.0105244877174047,,0.9037633624137996,0.9037424374261811,0.9035404299973676,0.902511477470398
318,0.8468168121929678,0.021048975434809346,0.31645569620253167,0.9141119667102597,0.8883711448613288,1.0105244877174047,,0.914170706745518,0.9142288572205144,0.9141148643371204,0.9132711291313171
318,0.8468168121929678,0.021048975434809346,0.379746835443038,0.9235641609012327,0.8952173756162051,1.0105244877174047,,0.9235699619205945,0.9237359515167347,0.92356275776755,0.9229085445404053
318,0.8468168121929678,0.021048975434809346,0.44303797468354433,0.9320158449853992,0.9016436543406557,1.0105244877174047,,0.9320390062824464,0.9323273316212468,0.9320115792326726,0.9315300583839417
318,0.8468168121929678,0.021048975434809346,0.5063291139240507,0.93957841352826,0.9076758111066773,1.0105244877174047,,0.9396425498633174,0.9400339258464712,0.9395757374483149,0.9392389059066772
318,0.8468168121929678,0.021048975434809346,0.569620253164557,0.9463504803909621,0.913338072273821,1.0105244877174047,,0.9464501403689207,0.9468939600122658,0.9463532940446897,0.9461274147033691
318,0.8468168121929678,0.021048975434809346,0.6329113924050633,0.9524193698824701,0.91865303312461,1.0105244877174047,,0.9525383770290105,0.9529727673088128,0.952427234707976,0.9522790908813477
318,0.8468168121929678,0.021048975434809346,0.6962025316455697,0.9578624323611955,0.9236420036053961,1.0105244877174047,,0.9579860893228049,0.9583587869666974,0.9578709181688017,0.957767903804779
318,0.8468168121929678,0.021048975434809346,0.759493670886076,0.962748205051725,0.9283250477754783,1.0105244877174047,,0.9628683349841051,0.9631460994357375,0.9627529070996366,0.9626650810241699
318,0.8468168121929678,0.021048975434809346,0.8227848101265823,0.9671374363798552,0.9327208745952147,1.0105244877174047,,0.9672530136298658,0.9674186998464834,0.9671377676598764,0.9670319557189941
318,0.8468168121929678,0.021048975434809346,0.8860759493670887,0.9710839899590888,0.9368470647847278,1.0105244877174047,,0.9711991038791862,0.9712458817218053,0.9710832424969686,0.97092205286026
318,0.8468168121929678,0.021048975434809346,0.949367088607595,0.9746356424493349,0.9407202351858328,1.0105244877174047,,0.9747567371483277,0.9746855167555162,0.9746373079685934,0.9743918776512146
318,0.8468168121929678,0.021048975434809346,1.0126582278481013,0.9778347878231902,0.9443558768480849,1.0105244877174047,,0.9779684275676986,0.9777882775273511,0.97783885388962,0.9775030612945557
318,0.8468168121929678,0.021048975434809346,1.0759493670886076,0.9807190590899251,0.9477684937957508,1.0105244877174047,,0.9808701789071398,0.9805982524614574,0.9807222397854717,0.9803114533424377
318,0.8468168121929678,0.021048975434809346,1.139240506329114,0.9833218772179764,0.950971847891249,1.0105244877174047,,0.9834931736619149,0.9831509615603288,0.9833212428662262,0.9828590750694275
318,0.8468168121929678,0.021048975434809346,1.2025316455696204,0.9856729358418943,0.953978765728449,1.0105244877174047,,0.9858645438006876,0.9854716837177065,0.9856686458710042,0.985187292098999
318,0.8468168121929678,0.021048975434809346,1.2658227848101267,0.9877986293269622,0.9568012130019075,1.0105244877174047,,0.9880083546991085,0.9875776623697043,0.9877933749977353,0.9873178005218506
318,0.8468168121929678,0.021048975434809346,1.3291139240506329,0.9897224308639849,0.9594505870902577,1.0105244877174047,,0.9899463840872386,0.9894831973511211,0.9897188901158163,0.9892821311950684
318,0.8468168121929678,0.021048975434809346,1.3924050632911393,0.9914652264812118,0.9619374993676271,1.0105244877174047,,0.9916982204429069,0.9912042939816398,0.9914639764785964,0.9910918474197388
318,0.8468168121929678,0.021048975434809346,1.4556962025316458,0.9930456101546156,0.9642718484713754,1.0105244877174047,,0.9932818779502038,0.9927605407390899,0.9930452679841266,0.992760956287384
318,0.8468168121929678,0.021048975434809346,1.518987341772152,0.9944801445979881,0.9664630464286381,1.0105244877174047,,0.9947137063055679,0.9941740269325016,0.9944790747268577,0.9942983984947205
318,0.8468168121929678,0.021048975434809346,1.5822784810126582,0.9957835917710361,0.968519878515413,1.0105244877174047,,0.996008784291221,0.9954660629234813,0.9957811797074905,0.995701789855957
318,0.8468168121929678,0.021048975434809346,1.6455696202531647,0.996969116644361,0.9704505408616908,1.0105244877174047,,0.997180706589558,0.9966541545304327,0.996965955840652,0.9969854950904846
318,0.8468168121929678,0.021048975434809346,1.708860759493671,0.9980484673823143,0.9722627984943238,1.0105244877174047,,0.9982419199604556,0.9977504697320493,0.9980457908746038,0.9981555342674255
318,0.8468168121929678,0.021048975434809346,1.7721518987341773,0.9990321346887077,0.9739639273218422,1.0105244877174047,,0.9992036084490201,0.9987622896368755,0.9990309593198744,0.9992164373397827
318,0.8468168121929678,0.021048975434809346,1.8354430379746836,0.9999294927723772,0.9755607137780252,1.0105244877174047,,1.000075914770645,0.9996938697576754,0.9999300611773616,1.0001765489578247
318,0.8468168121929678,0.021048975434809346,1.89873417721519,1.0007489240680236,0.9770595640596192,1.0105244877174047,,1.0008678993137783,1.0005481946929966,1.0007507204866932,1.0010448694229126
318,0.8468168121929678,0.021048975434809346,1.9620253164556964,1.001497929630046,0.978466504014242,1.0105244877174047,,1.001587859918337,1.0013287656065195,1.0015000450195048,1.0018292665481567
318,0.8468168121929678,0.021048975434809346,2.0253164556962027,1.0021832268541218,0.9797871528310842,1.0105244877174047,,1.0022432416817972,1.0020402315844432,1.0021847849776697,1.0025346279144287
318,0.8468168121929678,0.021048975434809346,2.088607594936709,1.0028108360165622,0.9810267956343032,1.0105244877174047,,1.002840850144803,1.0026886028210955,1.0028113769721931,1.0031719207763672
318,0.8468168121929678,0.021048975434809346,2.151898734177215,1.0033861569333227,0.9821904229697961,1.0105244877174047,,1.0033868102939334,1.003280619261548,1.0033858041760242,1.0037455558776855
318,0.8468168121929678,0.021048975434809346,2.2151898734177218,1.0039140368836927,0.9832826875371737,1.0105244877174047,,1.0038868535423335,1.0038230782469977,1.0039133507811326,1.0042674541473389
318,0.8468168121929678,0.021048975434809346,2.278481012658228,1.0043988308172165,0.9843079495492049,1.0105244877174047,,1.004345989751851,1.0043221129634712,1.004398530679873,1.0047376155853271
318,0.8468168121929678,0.021048975434809346,2.3417721518987342,1.004844454739047,0.9852703421163835,1.0105244877174047,,1.0047688270114516,1.0047828726634072,1.0048451352121677,1.0051621198654175
318,0.8468168121929678,0.021048975434809346,2.405063291139241,1.0052544330637982,0.9861737176769102,1.0105244877174047,,1.005159670030579,1.005209145491116,1.0052562783895076,1.0055475234985352
318,0.8468168121929678,0.021048975434809346,2.468354430379747,1.0056319406356395,0.98702167337372,1.0105244877174047,,1.0055219953745744,1.0056035224717104,1.0056346284937039,1.005897879600525
318,0.8468168121929678,0.021048975434809346,2.5316455696202533,1.0059798400306392,0.9878176321920439,1.0105244877174047,,1.0058590500242748,1.0059676516939486,1.0059827050565633,1.0062174797058105
318,0.8468168121929678,0.021048975434809346,2.5949367088607596,1.0063007146851903,0.9885647821388585,1.0105244877174047,,1.0061735889937244,1.0063025416897575,1.006302975789091,1.0065065622329712
318,0.8468168121929678,0.021048975434809346,2.6582278481012658,1.0065968983307831,0.9892660962409919,1.0105244877174047,,1.0064677359395817,1.0066089714065602,1.006597933931928,1.0067721605300903
318,0.8468168121929678,0.021048975434809346,2.7215189873417724,1.006870501159583,0.989924403933646,1.0105244877174047,,1.0067435161251468,1.0068877771879057,1.0068701188284737,1.0070160627365112
318,0.8468168121929678,0.021048975434809346,2.7848101265822787,1.0071234330957242,0.9905423436994144,1.0105244877174047,,1.0070022168635295,1.0071400167624,1.007121915624348,1.0072392225265503
318,0.8468168121929678,0.021048975434809346,2.848101265822785,1.0073574245002255,0.9911223772230907,1.0105244877174047,,1.0072449942766948,1.0073671660304238,1.0073554261030355,1.0074455738067627
318,0.8468168121929678,0.021048975434809346,2.9113924050632916,1.0075740446059083,0.991666838822786,1.0105244877174047,,1.0074726273120655,1.0075710124713269,1.007572374797838,1.0076360702514648
318,0.8468168121929678,0.021048975434809346,2.9746835443037978,1.007774717942055,0.992177913674377,1.0105244877174047,,1.0076857719253665,1.0077536961406612,1.0077740605752392,1.0078126192092896
318,0.8468168121929678,0.021048975434809346,3.037974683544304,1.007960738968364,0.9926576400647743,1.0105244877174047,,1.0078847314961203,1.00791749648457,1.0079614015632428,1.007975697517395
318,0.8468168121929678,0.021048975434809346,3.1012658227848102,1.0081332851300886,0.9931079438243484,1.0105244877174047,,1.0080699897916743,1.0080648815364681,1.0081350998290968,1.00812828540802
318,0.8468168121929678,0.021048975434809346,3.1645569620253164,1.0082934285101695,0.9935306346987094,1.0105244877174047,,1.0082417435987456,1.0081981225430516,1.0082957889638926,1.0082701444625854
318,0.8468168121929678,0.021048975434809346,3.227848101265823,1.0084421462288105,0.9939274003963172,1.0105244877174047,,1.008400255299624,1.008319433354892,1.0084441665158057,1.008402705192566
318,0.8468168121929678,0.021048975434809346,3.2911392405063293,1.0085803297448523,0.994299829733672,1.0105244877174047,,1.0085457544788132,1.0084307572408233,1.0085810916316496,1.008528709411621
318,0.8468168121929678,0.021048975434809346,3.3544303797468356,1.0087087931661316,0.994649421524152,1.0105244877174047,,1.0086786921058741,1.0085338078851769,1.0087076008526612,1.008646011352539
318,0.8468168121929678,0.021048975434809346,3.417721518987342,1.0088282806906024,0.9949775731941025,1.0105244877174047,,1.0087995519481538,1.0086299709944206,1.008824826181054,1.0087566375732422
318,0.8468168121929678,0.021048975434809346,3.4810126582278484,1.008939473271547,0.9952855955151737,1.0105244877174047,,1.0089087931746592,1.0087204108899663,1.0089339037413725,1.00886070728302
318,0.8468168121929678,0.021048975434809346,3.5443037974683547,1.0090429945856763,0.9955747297867189,1.0105244877174047,,1.009007243929493,1.0088060459098285,1.009035876504901,1.0089595317840576
318,0.8468168121929678,0.021048975434809346,3.607594936708861,1.0091394163931198,0.9958461330793178,1.0105244877174047,,1.0090956175645058,1.0088876468019836,1.00913158579604,1.0090525150299072
318,0.8468168121929678,0.021048975434809346,3.670886075949367,1.0092292633464732,0.99610088677105,1.0105244877174047,,1.0091748406171588,1.0089657219321182,1.0092216344400653,1.0091404914855957
318,0.8468168121929678,0.021048975434809346,3.7341772151898738,1.0093130173105345,0.9963400188903325,1.0105244877174047,,1.0092459462177183,1.0090408534609383,1.0093064169996218,1.0092235803604126
318,0.8468168121929678,0.021048975434809346,3.79746835443038,1.009391121247693,0.996564487219221,1.0105244877174047,,1.0093101642831686,1.0091134431613251,1.0093861324792273,1.009302020072937
318,0.8468168121929678,0.021048975434809346,3.8607594936708862,1.0094639827165977,0.9967751846973825,1.0105244877174047,,1.0093685935393477,1.0091839748006255,1.0094608686657909,1.0093759298324585
318,0.8468168121929678,0.021048975434809346,3.924050632911393,1.0095319770226676,0.9969729619069616,1.0105244877174047,,1.0094225540971526,1.0092529485450799,1.0095306769089407,1.0094506740570068
318,0.8468168121929678,0.021048975434809346,3.987341772151899,1.009595450058852,0.9971586112634752,1.0105244877174047,,1.0094733168707992,1.0093207579681227,1.0095956214345672,1.0095188617706299
318,0.8468168121929678,0.021048975434809346,4.050632911392405,1.009654720869816,0.9973328721270835,1.0105244877174047,,1.0095223659601151,1.0093880180282462,1.0096558160307123,1.009583592414856
318,0.8468168121929678,0.021048975434809346,4.113924050632912,1.0097100839685258,0.9974964462392907,1.0105244877174047,,1.009570914883191,1.0094553846811747,1.0097114621785268,1.0096454620361328
318,0.8468168121929678,0.021048975434809346,4.177215189873418,1.0097618114311018,0.9976499898741401,1.0105244877174047,,1.0096202837509227,1.009523464685954,1.0097628412034663,1.0097044706344604
318,0.8468168121929678,0.021048975434809346,4.2405063291139244,1.0098101547929883,0.9977941152256841,1.0105244877174047,,1.009671923865351,1.0095929877933278,1.0098102959286235,1.009761095046997
318,0.8468168121929678,0.021048975434809346,4.30379746835443,1.009855346766986,0.997929401236821,1.0105244877174047,,1.0097270241462275,1.0096646919534862,1.0098542148624825,1.0098111629486084
318,0.8468168121929678,0.021048975434809346,4.367088607594937,1.009897602801421,0.9980563914289209,1.0105244877174047,,1.00978675711441,1.0097393397149592,1.0098950142412344,1.0098614692687988
318,0.8468168121929678,0.021048975434809346,4.4303797468354436,1.0099371224947358,0.9981755927010927,1.0105244877174047,,1.0098523608863283,1.0098177592218494,1.009933105253428,1.00990891456604
318,0.8468168121929678,0.021048975434809346,4.493670886075949,1.0099740908810015,0.9982874826835907,1.0105244877174047,,1.0099247619994443,1.0099006638260073,1.009968865871929,1.0099543333053589
318,0.8468168121929678,0.021048975434809346,4.556962025316456,1.0100086795993073,0.998392511515641,1.0105244877174047,,1.0100049115895584,1.0099888160759631,1.01000265151211,1.0099976062774658
318,0.8468168121929678,0.021048975434809346,4.620253164556963,1.0100410479586137,0.9984910989107022,1.0105244877174047,,1.0100938017897045,1.0100830113180328,1.0100347585490785,1.01003897190094
318,0.8468168121929678,0.021048975434809346,4.6835443037974684,1.010071343908507,0.998583638913341,1.0105244877174047,,1.010192088555607,1.0101838645107084,1.0100654399283269,1.0100764036178589
318,0.8468168121929678,0.021048975434809346,4.746835443037975,1.0100997049252798,0.9986705043248933,1.0105244877174047,,1.0103003704468652,1.0102920644075009,1.0100948957774991,1.010113000869751
318,0.8468168121929678,0.021048975434809346,4.810126582278482,1.0101262588203264,0.9987520426694816,1.0105244877174047,,1.0104193608153293,1.0104081685707762,1.0101232772660624,1.0101476907730103
318,0.8468168121929678,0.021048975434809346,4.8734177215189876,1.0101511244787216,0.9988285790315429,1.0105244877174047,,1.0105493958383083,1.0105327181640074,1.010150694376369,1.0101805925369263
318,0.8468168121929678,0.021048975434809346,4.936708860759494,1.0101744125361578,0.9989004221581884,1.0105244877174047,,1.0106908198925577,1.0106661559573085,1.0101772318730842,1.0102115869522095
318,0.8468168121929678,0.021048975434809346,5.0,1.0101962259995465,0.9989678597985885,1.0105244877174047,,1.01084396095594,1.0108089083219003,1.010202937735623,1.010240912437439
323,1.2024606086422616,0.2450151168153569,0.0,1.2024606086422616,1.2024606086422616,1.1225075584076785,,1.2039315472533445,1.2023586228215932,1.2024759307331003,1.2024606466293335
323,1.2024606086422616,0.2450151168153569,0.06329113924050633,1.2751354393339478,1.1900438583467958,1.1225075584076785,,1.2758335026610745,1.2750334662614204,1.2749060416761968,1.2691665887832642
323,1.2024606086422616,0.2450151168153569,0.12658227848101267,1.3341291970998594,1.1783885060547055,1.1225075584076785,,1.3346524785354021,1.335418323242905,1.3341554470329544,1.326835036277771
323,1.2024606086422616,0.2450151168153569,0.189873417721519,1.3813776508895461,1.1674478693408357,1.1225075584076785,,1.3820403927762284,1.382967422204188,1.3814032518856938,1.3749300241470337
323,1.2024606086422616,0.2450151168153569,0.25316455696202533,1.4185674521832672,1.1571783888567087,1.1225075584076785,,1.4194065826570055,1.4195417751318702,1.4185769528839745,1.4134628772735596
323,1.2024606086422616,0.2450151168153569,0.31645569620253167,1.4471669172403494,1.1475386840877368,1.1225075584076785,,1.4480647963032018,1.447368892874847,1.4471891237028307,1.4431960582733154
323,1.2024606086422616,0.2450151168153569,0.379746835443038,1.4684530781733165,1.1384900928853934,1.1225075584076785,,1.4692583649932365,1.4682131651414685,1.4684522008799168,1.4655505418777466
323,1.2024606086422616,0.2450151168153569,0.44303797468354433,1.483535450796549,1.1299965478659746,1.1225075584076785,,1.4841368839324662,1.483307887087566,1.4834786013565735,1.4818229675292969
323,1.2024606086422616,0.2450151168153569,0.5063291139240507,1.4933769136413964,1.1220239096949196,1.1225075584076785,,1.4937319090935852,1.4934907797691785,1.4932857296009607,1.4925318956375122
323,1.2024606086422616,0.2450151168153569,0.569620253164557,1.4988120455100291,1.1145401586475427,1.1225075584076785,,1.4989437725065569,1.4993464637259621,1.4987403984343577,1.498239517211914
323,1.2024606086422616,0.2450151168153569,0.6329113924050633,1.5005632273762635,1.1075154307765178,1.1225075584076785,,1.5005390568290744,1.5013426025918557,1.500547069586382,1.5001059770584106
323,1.2024606086422616,0.2450151168153569,0.6962025316455697,1.4992547778354286,1.1009215609498197,1.1225075584076785,,1.4991573516905254,1.4999602414975821,1.499288445923037,1.4992412328720093
323,1.2024606086422616,0.2450151168153569,0.759493670886076,1.4954253590959259,1.0947320307112418,1.1225075584076785,,1.495325422335646,1.4957779333923438,1.4954793782034554,1.4961905479431152
323,1.2024606086422616,0.2450151168153569,0.8227848101265823,1.489538862133482,1.088922112624598,1.1225075584076785,,1.4894769538918342,1.4894520931698674,1.4895936098505953,1.4911619424819946
323,1.2024606086422616,0.2450151168153569,0.8860759493670887,1.4819939546412606,1.0834685704369602,1.1225075584076785,,1.4819741979080665,1.4815979089065814,1.482052083494839,1.4842252731323242
323,1.2024606086422616,0.2450151168153569,0.949367088607595,1.4731324534030485,1.0783494418432222,1.1225075584076785,,1.473129094129233,1.4726624472266676,1.4731999594702894,1.4755674600601196
323,1.2024606086422616,0.2450151168153569,1.0126582278481013,1.4632466633378787,1.0735442524860719,1.1225075584076785,,1.4632186198600965,1.4628890021084249,1.4633109416250547,1.4655565023422241
323,1.2024606086422616,0.2450151168153569,1.0759493670886076,1.4525858084000016,1.0690338325491417,1.1225075584076785,,1.4524939077498658,1.4523860030331495,1.4526208842661879,1.4545897245407104
323,1.2024606086422616,0.2450151168153569,1.139240506329114,1.4413616644926408,1.064799993123576,1.1225075584076785,,1.4411821480637974,1.4412333454081119,1.4413556539522512,1.442992091178894
323,1.2024606086422616,0.2450151168153569,1.2025316455696204,1.4297534913231151,1.0608257814351256,1.1225075584076785,,1.4294840960514419,1.4295585470261976,1.4297259980191916,1.4310122728347778
323,1.2024606086422616,0.2450151168153569,1.2658227848101267,1.417912348454108,1.0570953825511114,1.1225075584076785,,1.4175703657967986,1.4175505231361258,1.4179003060421402,1.4188350439071655
323,1.2024606086422616,0.2450151168153569,1.3291139240506329,1.4059648705966976,1.0535937326760343,1.1225075584076785,,1.4055791015754935,1.405423640068735,1.4059916694755137,1.406595230102539
323,1.2024606086422616,0.2450151168153569,1.3924050632911393,1.394016568132332,1.0503068068682857,1.1225075584076785,,1.3936177817330218,1.3933661571170193,1.3940748578065518,1.3943992853164673
323,1.2024606086422616,0.2450151168153569,1.4556962025316458,1.3821547109144023,1.0472215222029493,1.1225075584076785,,1.3817674168013863,1.3815015251483713,1.3822154063829384,1.3823429346084595
323,1.2024606086422616,0.2450151168153569,1.518987341772152,1.3704508463030947,1.0443254389027246,1.1225075584076785,,1.370088567892872,1.3698810235015708,1.3704858222124934,1.3704822063446045
323,1.2024606086422616,0.2450151168153569,1.5822784810126582,1.3589629964417937,1.0416069455607009,1.1225075584076785,,1.3586277750661475,1.3585060952792118,1.358962392447869,1.3588656187057495
323,1.2024606086422616,0.2450151168153569,1.6455696202531647,1.3477375741868443,1.0390552094380494,1.1225075584076785,,1.3474226737809185,1.3473651464638605,1.347711673673944,1.347546100616455
323,1.2024606086422616,0.2450151168153569,1.708860759493671,1.3368110522733883,1.0366599675804267,1.1225075584076785,,1.3365051762831928,1.3364641626515046,1.3367796244768249,1.336552381515503
323,1.2024606086422616,0.2450151168153569,1.7721518987341773,1.3262114164270875,1.0344116034960331,1.1225075584076785,,1.325903898641461,1.3258372371409366,1.3261908896221497,1.3259084224700928
323,1.2024606086422616,0.2450151168153569,1.8354430379746836,1.3159594289411054,1.0323011476266999,1.1225075584076785,,1.3156442263422703,1.3155344521517385,1.31595519795172,1.3156335353851318
323,1.2024606086422616,0.2450151168153569,1.89873417721519,1.3060697265178154,1.030320132969547,1.1225075584076785,,1.3057479535145737,1.3056008718421985,1.3060760876853632,1.3057383298873901
323,1.2024606086422616,0.2450151168153569,1.9620253164556964,1.2965517728531206,1.0284605952251382,1.1225075584076785,,1.296231872624925,1.2960615209232151,1.29655736142215,1.2962294816970825
323,1.2024606086422616,0.2450151168153569,2.0253164556962027,1.287410684216478,1.0267151075702046,1.1225075584076785,,1.287106790543888,1.286919711971198,1.2874054811841205,1.287109375
323,1.2024606086422616,0.2450151168153569,2.088607594936709,1.2786479439937826,1.025076684711719,1.1225075584076785,,1.2783766266069183,1.2781659500270317,1.2786281975794527,1.278377652168274
323,1.2024606086422616,0.2450151168153569,2.151898734177215,1.2702620201158619,1.0235387306976436,1.1225075584076785,,1.2700385438055066,1.2697885098821367,1.2702316291086673,1.2700307369232178
323,1.2024606086422616,0.2450151168153569,2.2151898734177218,1.2622488977100204,1.0220950961038249,1.1225075584076785,,1.262083817928514,1.2617794380733511,1.2622172469792945,1.262062430381775
323,1.2024606086422616,0.2450151168153569,2.278481012658228,1.254602537744777,1.0207400180828927,1.1225075584076785,,1.254499592243736,1.2541346512762885,1.2545803249106695,1.2544649839401245
323,1.2024606086422616,0.2450151168153569,2.3417721518987342,1.2473152711172757,1.0194680339461661,1.1225075584076785,,1.24727059938168,1.246850869712325,1.247309845537401,1.2472273111343384
323,1.2024606086422616,0.2450151168153569,2.405063291139241,1.2403781364756161,1.0182740519665827,1.1225075584076785,,1.2403810144104868,1.2399228457356632,1.2403903902289415,1.2403414249420166
323,1.2024606086422616,0.2450151168153569,2.468354430379747,1.2337811690412996,1.0171533178381476,1.1225075584076785,,1.2338161111241364,1.2333417895395917,1.2338047816713928,1.233794927597046
323,1.2024606086422616,0.2450151168153569,2.5316455696202533,1.2275136468017886,1.0161013074372738,1.1225075584076785,,1.2275627704081347,1.227096205500035,1.2275369571170465,1.2275760173797607
323,1.2024606086422616,0.2450151168153569,2.5949367088607596,1.2215642996480771,1.0151138072086607,1.1225075584076785,,1.2216102345885962,1.2211728597102465,1.221574111853859,1.2216717004776
323,1.2024606086422616,0.2450151168153569,2.6582278481012658,1.2159214863419257,1.0141868877340103,1.1225075584076785,,1.2159496318643441,1.2155582476817437,1.2159074982947442,1.2160707712173462
323,1.2024606086422616,0.2450151168153569,2.7215189873417724,1.2105733435846888,1.0133168093785676,1.1225075584076785,,1.2105734351434372,1.2102391601061202,1.2105315534812398,1.2107596397399902
323,1.2024606086422616,0.2450151168153569,2.7848101265822787,1.2055079109278963,1.0125000848876309,1.1225075584076785,,1.2054748716830177,1.20520283864453,1.2054419488455006,1.2057275772094727
323,1.2024606086422616,0.2450151168153569,2.848101265822785,1.2007132347958733,1.0117334606782933,1.1225075584076785,,1.2006471605407814,1.200437016924921,1.20063334905708,1.2009607553482056
323,1.2024606086422616,0.2450151168153569,2.9113924050632916,1.1961774544529449,1.0110138515068516,1.1225075584076785,,1.1960829960098442,1.195929649960298,1.1960972505859202,1.1964468955993652
323,1.2024606086422616,0.2450151168153569,2.9746835443037978,1.1918888724374492,1.010338369249326,1.1225075584076785,,1.1917740966491817,1.1916687911570245,1.1918213759087932,1.1921744346618652
323,1.2024606086422616,0.2450151168153569,3.037974683544304,1.1878360116369924,1.0097043199233386,1.1225075584076785,,1.1877110166963578,1.1876425185198038,1.1877899777684042,1.1881345510482788
323,1.2024606086422616,0.2450151168153569,3.1012658227848102,1.184007660853843,1.0091091581791394,1.1225075584076785,,1.183883293657563,1.1838391150395031,1.183985461933823,1.1843127012252808
323,1.2024606086422616,0.2450151168153569,3.1645569620253164,1.1803929105885482,1.0085504920949833,1.1225075584076785,,1.1802796778921187,1.1802471260892795,1.1803903502742388,1.1806995868682861
323,1.2024606086422616,0.2450151168153569,3.227848101265823,1.176981180404348,1.008026091044346,1.1225075584076785,,1.1768881572108159,1.1768554250201524,1.1769892555186763,1.1772844791412354
323,1.2024606086422616,0.2450151168153569,3.2911392405063293,1.1737622391839064,1.0075338551051636,1.1225075584076785,,1.1736965390366212,1.1736534591444003,1.1737699819873484,1.174055814743042
323,1.2024606086422616,0.2450151168153569,3.3544303797468356,1.1707262193144834,1.0070718033115553,1.1225075584076785,,1.1706926225930552,1.1706311144446928,1.1707238182092259,1.1710070371627808
323,1.2024606086422616,0.2450151168153569,3.417721518987342,1.1678636257893136,1.0066380886998127,1.1225075584076785,,1.167864567879286,1.1677788713635748,1.1678448858088128,1.1681276559829712
323,1.2024606086422616,0.2450151168153569,3.4810126582278484,1.165165341001227,1.0062309788368293,1.1225075584076785,,1.1652008792712387,1.1650876654128755,1.1651290174262257,1.165408968925476
323,1.2024606086422616,0.2450151168153569,3.5443037974683547,1.1626226259656387,1.005848833110302,1.1225075584076785,,1.1626908646906,1.162549034763746,1.162572160493391,1.1628427505493164
323,1.2024606086422616,0.2450151168153569,3.607594936708861,1.1602271185672441,1.005490122232211,1.1225075584076785,,1.160324578208694,1.1601549439585583,1.160169408984211,1.160420536994934
323,1.2024606086422616,0.2450151168153569,3.670886075949367,1.157970829361872,1.0051534169565184,1.1225075584076785,,1.1580928446448209,1.1578977511131194,1.157914325973049,1.1581352949142456
323,1.2024606086422616,0.2450151168153569,3.7341772151898738,1.155846135389037,1.0048373585488755,1.1225075584076785,,1.1559872267684717,1.1557701915177785,1.155798707365371,1.155980110168457
323,1.2024606086422616,0.2450151168153569,3.79746835443038,1.1538457723782711,1.0045406811188118,1.1225075584076785,,1.153999959703755,1.153765517028017,1.1538131785051178,1.1539475917816162
323,1.2024606086422616,0.2450151168153569,3.8607594936708862,1.1519628256902672,1.0042622044773566,1.1225075584076785,,1.1521240493227558,1.151877127089355,1.1519476119959617,1.1520317792892456
323,1.2024606086422616,0.2450151168153569,3.924050632911393,1.1501907202753292,1.0040008044190334,1.1225075584076785,,1.150353091857712,1.1500988270199177,1.1501920742511138,1.1502281427383423
323,1.2024606086422616,0.2450151168153569,3.987341772151899,1.148523209891291,1.0037554336165853,1.1225075584076785,,1.1486811263109749,1.148424758315138,1.1485372828371883,1.1485284566879272
323,1.2024606086422616,0.2450151168153569,4.050632911392405,1.1469543657883179,1.003525114865463,1.1225075584076785,,1.1471027328483687,1.1468492633568905,1.146975208450384,1.1469284296035767
323,1.2024606086422616,0.2450151168153569,4.113924050632912,1.145478565036219,1.0033089206812988,1.1225075584076785,,1.1456128032146877,1.1453670207043587,1.1454991808545003,1.1454229354858398
323,1.2024606086422616,0.2450151168153569,4.177215189873418,1.1440904786389117,1.003105983673591,1.1225075584076785,,1.144206680124286,1.1439729344015057,1.1441039681676415,1.1440078020095825
323,1.2024606086422616,0.2450151168153569,4.2405063291139244,1.142785059561855,1.002915494711897,1.1225075584076785,,1.1428798456821099,1.1426621421765222,1.1427856486878716,1.142677903175354
323,1.2024606086422616,0.2450151168153569,4.30379746835443,1.141557530773839,1.0027366886134756,1.1225075584076785,,1.1416281837659867,1.1414300277409954,1.141541194588227,1.1414262056350708
323,1.2024606086422616,0.2450151168153569,4.367088607594937,1.1404033733877383,1.0025688470118472,1.1225075584076785,,1.140447717644335,1.14027219619157,1.1403683254737293,1.1402539014816284
323,1.2024606086422616,0.2450151168153569,4.4303797468354436,1.1393183149693116,1.0024112999437895,1.1225075584076785,,1.139334716568971,1.1391844576110541,1.1392651998597823,1.1391551494598389
323,1.2024606086422616,0.2450151168153569,4.493670886075949,1.1382983180715658,1.0022634161304167,1.1225075584076785,,1.1382855973817478,1.1381628516667597,1.138230014946126,1.1381266117095947
323,1.2024606086422616,0.2450151168153569,4.556962025316456,1.1373395690388788,1.0021246006274456,1.1225075584076785,,1.1372971213012752,1.137203639411056,1.137261050209118,1.1371650695800781
323,1.2024606086422616,0.2450151168153569,4.620253164556963,1.1364384671137098,1.00199429870401,1.1225075584076785,,1.1363659450032182,1.1363032048880104,1.1363562922589265,1.1362677812576294
323,1.2024606086422616,0.2450151168153569,4.6835443037974684,1.1355916138777382,1.0018719895555537,1.1225075584076785,,1.135489133085709,1.1354582724187228,1.1355135319219558,1.1354286670684814
323,1.2024606086422616,0.2450151168153569,4.746835443037975,1.1347958030424794,1.00175718045448,1.1225075584076785,,1.1346637357978482,1.1346656401193116,1.1347302550219645,1.1346495151519775
323,1.2024606086422616,0.2450151168153569,4.810126582278482,1.134048010600075,1.0016494120817985,1.1225075584076785,,1.133887063721164,1.1339223889868018,1.1340037625667465,1.1339263916015625
323,1.2024606086422616,0.2450151168153569,4.8734177215189876,1.1333453853398494,1.0015482547768224,1.1225075584076785,,1.133156497132481,1.1332257312093637,1.1333311095703122,1.1332570314407349
323,1.2024606086422616,0.2450151168153569,4.936708860759494,1.132685239773739,1.0014533004717332,1.1225075584076785,,1.1324695925967248,1.1325731044599472,1.1327092462989998,1.1326395273208618
323,1.2024606086422616,0.2450151168153569,5.0,1.1320650414372773,1.0013641688515127,1.1225075584076785,,1.1318240665680286,1.1319621349987736,1.1321349899748965,1.1320713758468628
351,1.2817498173443336,0.24460297262278574,0.0,1.2817498173443336,1.2817498173443336,1.122301486311393,,1.2835300935614968,1.2823138532545084,1.2819040379433413,1.2817498445510864
351,1.2817498173443336,0.24460297262278574,0.06329113924050633,1.3494187185270363,1.264470322082422,1.122301486311393,,1.3501702755250506,1.349016711787559,1.3491829348768856,1.3428215980529785
351,1.2817498173443336,0.24460297262278574,0.12658227848101267,1.4037290754395624,1.2482504094712592,1.122301486311393,,1.404222224361125,1.4046385922573907,1.4037305652101144,1.3951586484909058
351,1.2817498173443336,0.24460297262278574,0.189873417721519,1.4465950315915013,1.2330251149488554,1.122301486311393,,1.4472118242765628,1.4478458054845043,1.4465961191185623,1.4383137226104736
351,1.2817498173443336,0.24460297262278574,0.25316455696202533,1.4796831586593775,1.2187338201136386,1.122301486311393,,1.480475667054945,1.480186849749351,1.4796530080710117,1.4723821878433228
351,1.2817498173443336,0.24460297262278574,0.31645569620253167,1.504443117856829,1.2053189386899141,1.122301486311393,,1.5052862084088687,1.503924116346489,1.504405523470822,1.4982465505599976
351,1.2817498173443336,0.24460297262278574,0.379746835443038,1.52213460065731,1.192726667355847,1.122301486311393,,1.522868314463102,1.5209435435800578,1.5220614804557182,1.5173537731170654
351,1.2817498173443336,0.24460297262278574,0.44303797468354433,1.5338509957541273,1.180906813736541,1.122301486311393,,1.534367119924074,1.5325551078301092,1.5337198304478927,1.5306346416473389
351,1.2817498173443336,0.24460297262278574,0.5063291139240507,1.5405401758350201,1.169811868583944,1.122301486311393,,1.540814246360051,1.5396080421756506,1.5403803166214662,1.5383567810058594
351,1.2817498173443336,0.24460297262278574,0.569620253164557,1.5430227506481242,1.1593972723580952,1.122301486311393,,1.5431072707869524,1.5426494792866707,1.5428935673304043,1.541254997253418
351,1.2817498173443336,0.24460297262278574,0.6329113924050633,1.5420080914652705,1.1496214655587973,1.122301486311393,,1.542003330100036,1.542076862736777,1.5419503682275109,1.540658712387085
351,1.2817498173443336,0.24460297262278574,0.6962025316455697,1.5381083954914925,1.1404452528045073,1.122301486311393,,1.5381259758112198,1.5382874721106456,1.5381206878727407,1.5375862121582031
351,1.2817498173443336,0.24460297262278574,0.759493670886076,1.531851026624583,1.1318317302735736,1.122301486311393,,1.5319805234130413,1.5317912473886734,1.5319055584527879,1.53239107131958
351,1.2817498173443336,0.24460297262278574,0.8227848101265823,1.5236893406565684,1.1237464865776512,1.122301486311393,,1.523976486064443,1.5232211858452147,1.5237643597804031,1.5251613855361938
351,1.2817498173443336,0.24460297262278574,0.8860759493670887,1.5140121780743305,1.1161571855005141,1.122301486311393,,1.514451254592434,1.5132190089657624,1.514105252018613,1.5159775018692017
351,1.2817498173443336,0.24460297262278574,0.949367088607595,1.5031521856580927,1.1090332636871787,1.122301486311393,,1.5036930231446701,1.5022798977269072,1.503264520893772,1.505112886428833
351,1.2817498173443336,0.24460297262278574,1.0126582278481013,1.4913931087399668,1.1023462284522194,1.122301486311393,,1.4919585983873789,1.4906778448348643,1.491509959907296,1.4930049180984497
351,1.2817498173443336,0.24460297262278574,1.0759493670886076,1.4789761789581286,1.096069402545696,1.122301486311393,,1.479484222774818,1.4785161305184908,1.479071539399031,1.4800810813903809
351,1.2817498173443336,0.24460297262278574,1.139240506329114,1.4661057073505699,1.0901774737758574,1.122301486311393,,1.46648901831683,1.4658414588253867,1.4661672251968154,1.4666815996170044
351,1.2817498173443336,0.24460297262278574,1.2025316455696204,1.452953979423511,1.0846468501902733,1.122301486311393,,1.453172493947088,1.4527402191244978,1.4529989307830724,1.4530490636825562
351,1.2817498173443336,0.24460297262278574,1.2658227848101267,1.439665537204542,1.0794555232885068,1.122301486311393,,1.439709757046306,1.439370037576474,1.439727854340544,1.4393584728240967
351,1.2817498173443336,0.24460297262278574,1.3291139240506329,1.426360923093262,1.0745825298735256,1.122301486311393,,1.4262468233588068,1.4259324893755212,1.426461855246082,1.4257370233535767
351,1.2817498173443336,0.24460297262278574,1.3924050632911393,1.4131399512770788,1.0700083524462818,1.122301486311393,,1.412899436272217,1.4126196055600515,1.41327132234704,1.412273645401001
351,1.2817498173443336,0.24460297262278574,1.4556962025316458,1.4000845645534246,1.0657147844443708,1.122301486311393,,1.3997549362912824,1.3995671033695092,1.400216672702653,1.399046540260315
351,1.2817498173443336,0.24460297262278574,1.518987341772152,1.3872613273712793,1.0616845143275104,1.122301486311393,,1.3868768199301569,1.3868373313955287,1.387364481372598,1.3861058950424194
351,1.2817498173443336,0.24460297262278574,1.5822784810126582,1.3747235999510987,1.057901383338705,1.122301486311393,,1.3743102333415935,1.3744354224916562,1.3747855720694366,1.37349534034729
351,1.2817498173443336,0.24460297262278574,1.6455696202531647,1.3625134326655242,1.0543503163371317,1.122301486311393,,1.3620877119295385,1.3623444530001936,1.3625421861290443,1.361251711845398
351,1.2817498173443336,0.24460297262278574,1.708860759493671,1.3506632152628126,1.0510170311099143,1.122301486311393,,1.3502334604602342,1.350558256937329,1.3506774066556018,1.349395751953125
351,1.2817498173443336,0.24460297262278574,1.7721518987341773,1.339197111392858,1.0478881450794428,1.122301486311393,,1.3387667804308803,1.3390970213404902,1.3392135223689943,1.3379504680633545
351,1.2817498173443336,0.24460297262278574,1.8354430379746836,1.328132304956637,1.044951175958953,1.122301486311393,,1.3277039067456635,1.3280000543564812,1.328158013608281,1.3269253969192505
351,1.2817498173443336,0.24460297262278574,1.89873417721519,1.3174800818738013,1.0421943408316046,1.122301486311393,,1.317058188103582,1.317307238093365,1.3175117016590558,1.3163297176361084
351,1.2817498173443336,0.24460297262278574,1.9620253164556964,1.3072467677640613,1.0396065563566612,1.122301486311393,,1.3068399230095142,1.3070430560985666,1.3072751528232225,1.3061656951904297
351,1.2817498173443336,0.24460297262278574,2.0253164556962027,1.2974345396122455,1.0371774871601767,1.122301486311393,,1.2970549002727303,1.2972127232200976,1.2974511404413516,1.2964296340942383
351,1.2817498173443336,0.24460297262278574,2.088607594936709,1.288042127363543,1.0348974123139791,1.122301486311393,,1.2877037102533826,1.287808564775979,1.2880436542744316,1.2871215343475342
351,1.2817498173443336,0.24460297262278574,2.151898734177215,1.2790654192997715,1.0327571527076507,1.122301486311393,,1.2787814332835357,1.2788190523443483,1.2790551017906753,1.278233528137207
351,1.2817498173443336,0.24460297262278574,2.2151898734177218,1.27049798344299,1.0307481506314042,1.122301486311393,,1.2702777216616323,1.2702348385561288,1.2704837419265058,1.2697556018829346
351,1.2817498173443336,0.24460297262278574,2.278481012658228,1.262331515715936,1.0288623863464639,1.122301486311393,,1.262178587131843,1.2620496098374698,1.2623221870165238,1.261680006980896
351,1.2817498173443336,0.24460297262278574,2.3417721518987342,1.2545562242499881,1.0270922578232367,1.122301486311393,,1.2544674996099041,1.254257724969139,1.2545574129595183,1.2539939880371094
351,1.2817498173443336,0.24460297262278574,2.405063291139241,1.2471611580806539,1.0254306792726433,1.122301486311393,,1.247127453443653,1.2468518700448052,1.247172530379346,1.2466856241226196
351,1.2817498173443336,0.24460297262278574,2.468354430379747,1.2401344874523226,1.023871034470152,1.122301486311393,,1.2401420333410782,1.239822025340774,1.240149347939028,1.239741563796997
351,1.2817498173443336,0.24460297262278574,2.5316455696202533,1.2334637420553018,1.0224070275194752,1.122301486311393,,1.2334967426806636,1.2331553997204128,1.2334709362901672,1.2331483364105225
351,1.2817498173443336,0.24460297262278574,2.5949367088607596,1.2271360127344761,1.0210327947197957,1.122301486311393,,1.2271787411290977,1.2268378081411748,1.2271235415642867,1.226894736289978
351,1.2817498173443336,0.24460297262278574,2.6582278481012658,1.2211381215147539,1.0197428677832572,1.122301486311393,,1.2211775169958918,1.2208544260036813,1.2210973813219128,1.220963716506958
351,1.2817498173443336,0.24460297262278574,2.7215189873417724,1.2154567641830578,1.0185320425300621,1.122301486311393,,1.2154836409175034,1.2151905435008057,1.2153854368596773,1.2153427600860596
351,1.2817498173443336,0.24460297262278574,2.7848101265822787,1.210078629136852,1.017395465999521,1.122301486311393,,1.2100885198739384,1.209831729606604,1.2099818605254544,1.2100175619125366
351,1.2817498173443336,0.24460297262278574,2.848101265822785,1.2049904957328463,1.0163286104151126,1.122301486311393,,1.2049837986291532,1.2047638894724408,1.2048796163150381,1.204975962638855
351,1.2817498173443336,0.24460297262278574,2.9113924050632916,1.2001793149516287,1.0153271822658403,1.122301486311393,,1.2001605151880588,1.1999732726264376,1.200068651826668,1.2002043724060059
351,1.2817498173443336,0.24460297262278574,2.9746835443037978,1.1956322748791084,1.014387162358001,1.122301486311393,,1.195609002403162,1.1954461449956073,1.1955352503417758,1.1956899166107178
351,1.2817498173443336,0.24460297262278574,3.037974683544304,1.1913368531317905,1.0135048016707424,1.122301486311393,,1.1913185681961502,1.1911693628671163,1.1912625598580842,1.191420078277588
351,1.2817498173443336,0.24460297262278574,3.1012658227848102,1.1872808580848402,1.0126765580245198,1.122301486311393,,1.187277692344608,1.1871299547165082,1.1872319601644816,1.1873835325241089
351,1.2817498173443336,0.24460297262278574,3.1645569620253164,1.1834524605919077,1.011899102754464,1.122301486311393,,1.183474034681464,1.183315481983353,1.1834252022245573,1.1835688352584839
351,1.2817498173443336,0.24460297262278574,3.227848101265823,1.1798402175404599,1.0111693316586303,1.122301486311393,,1.1798946974772808,1.179714162062945,1.1798260759883963,1.1799647808074951
351,1.2817498173443336,0.24460297262278574,3.2911392405063293,1.1764330885509044,1.0104843224270303,1.122301486311393,,1.1765267256064955,1.1763147371151592,1.1764215918367202,1.176556944847107
351,1.2817498173443336,0.24460297262278574,3.3544303797468356,1.1732204468241116,1.0098413182924213,1.122301486311393,,1.1733570901485255,1.1731066708511673,1.1732020903596982,1.1733407974243164
351,1.2817498173443336,0.24460297262278574,3.417721518987342,1.1701920851175016,1.0092377489687019,1.122301486311393,,1.1703731885540098,1.1700799312481043,1.1701608333134537,1.170304298400879
351,1.2817498173443336,0.24460297262278574,3.4810126582278484,1.1673382176158147,1.008671203553748,1.122301486311393,,1.1675629348387204,1.1672251299396599,1.1672926005808555,1.1674381494522095
351,1.2817498173443336,0.24460297262278574,3.5443037974683547,1.1646494784106862,1.0081393989258276,1.122301486311393,,1.1649148333785817,1.1645333336288084,1.1645925291488388,1.164733648300171
351,1.2817498173443336,0.24460297262278574,3.607594936708861,1.16211691717927,1.007640206885167,1.122301486311393,,1.1624182904886395,1.1619960312900213,1.1620549019021318,1.162180781364441
351,1.2817498173443336,0.24460297262278574,3.670886075949367,1.1597319925803566,1.0071716384532052,1.122301486311393,,1.1600633192429848,1.1596051382689916,1.1596726847413443,1.159773588180542
351,1.2817498173443336,0.24460297262278574,3.7341772151898738,1.1574865638122225,1.0067318027774108,1.122301486311393,,1.15784085925317,1.157352951185677,1.157437175900827,1.1575037240982056
351,1.2817498173443336,0.24460297262278574,3.79746835443038,1.1553728807060135,1.00631893820938,1.122301486311393,,1.155742637277617,1.1552320536406653,1.155338656200687,1.1553634405136108
351,1.2817498173443336,0.24460297262278574,3.8607594936708862,1.1533835726847432,1.0059314023652948,1.122301486311393,,1.153761027831026,1.1532353941099152,1.153366711626575,1.153346061706543
351,1.2817498173443336,0.24460297262278574,3.924050632911393,1.1515116368654965,1.0055676307695258,1.122301486311393,,1.1518889875888028,1.1513561711525062,1.1515111436665342,1.1514488458633423
351,1.2817498173443336,0.24460297262278574,3.987341772151899,1.1497504255372917,1.0052261659323165,1.122301486311393,,1.150120129182078,1.1495878990062105,1.1497624799684014,1.149660348892212
351,1.2817498173443336,0.24460297262278574,4.050632911392405,1.1480936332140819,1.0049056479486211,1.122301486311393,,1.1484485572087755,1.1479243583908125,1.1481124006536239,1.1479768753051758
351,1.2817498173443336,0.24460297262278574,4.113924050632912,1.1465352834310565,1.0046047861053833,1.122301486311393,,1.1468688190369338,1.1463595883086644,1.1465540424438663,1.1463931798934937
351,1.2817498173443336,0.24460297262278574,4.177215189873418,1.145069715426049,1.0043223733178412,1.122301486311393,,1.1453758802063656,1.1448879639394263,1.1450818296383771,1.144904375076294
351,1.2817498173443336,0.24460297262278574,4.2405063291139244,1.1436915708210322,1.0040572835775545,1.122301486311393,,1.1439649932375133,1.143504069548646,1.1436915403591161,1.1435050964355469
351,1.2817498173443336,0.24460297262278574,4.30379746835443,1.142395780402242,1.0038084520349264,1.122301486311393,,1.1426317796259142,1.1422027968811177,1.1423797935873792,1.1421911716461182
351,1.2817498173443336,0.24460297262278574,4.367088607594937,1.1411775510777602,1.0035748789911711,1.122301486311393,,1.1413722052438615,1.1409792590666916,1.141144030223397,1.1409581899642944
351,1.2817498173443336,0.24460297262278574,4.4303797468354436,1.1400323530779648,1.0033556321068235,1.122301486311393,,1.140182219564755,1.139828802919446,1.1399820566474974,1.1398026943206787
351,1.2817498173443336,0.24460297262278574,4.493670886075949,1.1389559074482867,1.0031498328766157,1.122301486311393,,1.1390582558293414,1.1387471401288303,1.1388917789389401,1.1387207508087158
351,1.2817498173443336,0.24460297262278574,4.556962025316456,1.137944173876466,1.0029566533595224,1.122301486311393,,1.1379968620706196,1.1377301627721186,1.1378711652074112,1.1377087831497192
351,1.2817498173443336,0.24460297262278574,4.620253164556963,1.1369933388857802,1.002775321576631,1.122301486311393,,1.1369946929143933,1.1367739884113648,1.1369179299377494,1.1367634534835815
351,1.2817498173443336,0.24460297262278574,4.6835443037974684,1.1360998044161787,1.002605112761838,1.122301486311393,,1.136048712515574,1.1358750256889767,1.1360296628348472,1.1358835697174072
351,1.2817498173443336,0.24460297262278574,4.746835443037975,1.1352601768076265,1.002445341221739,1.122301486311393,,1.1351561207631622,1.135029888233525,1.1352036257584177,1.1350635290145874
351,1.2817498173443336,0.24460297262278574,4.810126582278482,1.1344712561914616,1.0022953677552051,1.122301486311393,,1.1343139187095785,1.1342355217511664,1.1344368977367756,1.1343019008636475
351,1.2817498173443336,0.24460297262278574,4.8734177215189876,1.133730026307107,1.0021545944344517,1.122301486311393,,1.1335195727258365,1.1334889211447374,1.133726392680273,1.1335965394973755
351,1.2817498173443336,0.24460297262278574,4.936708860759494,1.1330336447644758,1.0020224533809237,1.122301486311393,,1.1327706680749245,1.132787450292169,1.1330688481571847,1.1329450607299805
351,1.2817498173443336,0.24460297262278574,5.0,1.1323794337108728,1.0018984153377664,1.122301486311393,,1.132064749022598,1.1321286944564497,1.1324610518236704,1.132345199584961
352,1.0588813398723669,0.1662307457244235,0.0,1.0588813398723669,1.0588813398723669,1.0831153728622118,0.026864261176190552,1.0599481423532617,1.0597514417300347,1.0589438971588212,1.0588812828063965
352,1.0588813398723669,0.1662307457244235,0.06329113924050633,1.113000709639507,1.0552701934910504,1.0831153728622118,0.026864261176190552,1.1139808327392309,1.1134230131155836,1.1130166435422701,1.1090617179870605
352,1.0588813398723669,0.1662307457244235,0.12658227848101267,1.1575429578758871,1.0518804834420434,1.0831153728622118,0.026864261176190552,1.1584426986306,1.157677661568583,1.1576452717528745,1.153265118598938
352,1.0588813398723669,0.1662307457244235,0.189873417721519,1.1938395125068577,1.0486986331399546,1.0831153728622118,0.026864261176190552,1.1946311692043228,1.1938226545769268,1.1938820644313657,1.1910523176193237
352,1.0588813398723669,0.1662307457244235,0.25316455696202533,1.2230516771818252,1.0457119742794798,1.0831153728622118,0.026864261176190552,1.2237347603887105,1.2230817564647523,1.2230857603295582,1.2222317457199097
352,1.0588813398723669,0.1662307457244235,0.31645569620253167,1.246191583625652,1.0429084722225737,1.0831153728622118,0.026864261176190552,1.246793194805229,1.2464162170502329,1.2462590175094614,1.2470253705978394
352,1.0588813398723669,0.1662307457244235,0.379746835443038,1.264140608375334,1.040276882909846,1.0831153728622118,0.026864261176190552,1.2646907171696937,1.264570218103063,1.2642135031601769,1.2660239934921265
352,1.0588813398723669,0.1662307457244235,0.44303797468354433,1.2776655580781495,1.0378067169137866,1.0831153728622118,0.026864261176190552,1.2781761993352303,1.2781695577835175,1.2777133012001038,1.2800226211547852
352,1.0588813398723669,0.1662307457244235,0.5063291139240507,1.2874328911983224,1.0354880455387598,1.0831153728622118,0.026864261176190552,1.287891821956339,1.2878197488210854,1.2874616077460395,1.289835810661316
352,1.0588813398723669,0.1662307457244235,0.569620253164557,1.2940212120282601,1.033311556532351,1.0831153728622118,0.026864261176190552,1.2943981975931511,1.2941587081580561,1.2940547944196545,1.2961554527282715
352,1.0588813398723669,0.1662307457244235,0.6329113924050633,1.2979322446598005,1.0312685646039033,1.0831153728622118,0.026864261176190552,1.298192524286111,1.2978299447592725,1.297977922679387,1.2995127439498901
352,1.0588813398723669,0.1662307457244235,0.6962025316455697,1.2996004697699979,1.0293508785268748,1.0831153728622118,0.026864261176190552,1.2997189824542124,1.2993941859771176,1.2996394661097188,1.3004041910171509
352,1.0588813398723669,0.1662307457244235,0.759493670886076,1.2994015851992438,1.0275507859751827,1.0831153728622118,0.026864261176190552,1.299373654562934,1.2992539426431726,1.2994110752103945,1.299360990524292
352,1.0588813398723669,0.1662307457244235,0.8227848101265823,1.2976599320351379,1.0258610955026286,1.0831153728622118,0.026864261176190552,1.2975050990854982,1.2976544438051238,1.2976403988318173,1.2968833446502686
352,1.0588813398723669,0.1662307457244235,0.8860759493670887,1.294655010952264,1.0242750493417876,1.0831153728622118,0.026864261176190552,1.2944133993670714,1.2947552670919023,1.2946316953200137,1.293371558189392
352,1.0588813398723669,0.1662307457244235,0.949367088607595,1.2906271986183955,1.0227862602257236,1.0831153728622118,0.026864261176190552,1.2903498028491143,1.2907161705202632,1.29062343645981,1.2890650033950806
352,1.0588813398723669,0.1662307457244235,1.0126582278481013,1.2857827608209604,1.0213887736253084,1.0831153728622118,0.026864261176190552,1.2855190497122047,1.28574428850918,1.2857956399758208,1.284099817276001
352,1.0588813398723669,0.1662307457244235,1.0759493670886076,1.2802982473776263,1.0200770144092592,1.0831153728622118,0.026864261176190552,1.2800850960897363,1.2800859324332852,1.280303775259017,1.2786214351654053
352,1.0588813398723669,0.1662307457244235,1.139240506329114,1.2743243436961242,1.0188456927222727,1.0831153728622118,0.026864261176190552,1.274179165924439,1.2739817396501916,1.274305186615993,1.2727653980255127
352,1.0588813398723669,0.1662307457244235,1.2025316455696204,1.2679892448666328,1.01768987821237,1.0831153728622118,0.026864261176190552,1.2679089015507397,1.2676190019181999,1.2679536660963664,1.2666385173797607
352,1.0588813398723669,0.1662307457244235,1.2658227848101267,1.2614016102488252,1.01660497144447,1.0831153728622118,0.026864261176190552,1.2613664483490679,1.2611083133724976,1.2613746062677769,1.2603086233139038
352,1.0588813398723669,0.1662307457244235,1.3291139240506329,1.25465314956865,1.0155865914356816,1.0831153728622118,0.026864261176190552,1.2546340303695174,1.2544940658167554,1.2546524823280683,1.2538294792175293
352,1.0588813398723669,0.1662307457244235,1.3924050632911393,1.2478208853740915,1.0146306593315593,1.0831153728622118,0.026864261176190552,1.2477875908861176,1.2477892963710018,1.247843232111739,1.2472538948059082
352,1.0588813398723669,0.1662307457244235,1.4556962025316458,1.2409691313112015,1.0137333702430744,1.0831153728622118,0.026864261176190552,1.2408974319536652,1.2410138148981233,1.2409961789802428,1.2406240701675415
352,1.0588813398723669,0.1662307457244235,1.518987341772152,1.234151220994394,1.012891106326934,1.0831153728622118,0.026864261176190552,1.2340276732442514,1.2342150961936968,1.2341657814837816,1.2339873313903809
352,1.0588813398723669,0.1662307457244235,1.5822784810126582,1.2274110179488371,1.0121004906536633,1.0831153728622118,0.026864261176190552,1.2272347105513095,1.2274627043623287,1.227408476780693,1.2273894548416138
352,1.0588813398723669,0.1662307457244235,1.6455696202531647,1.2207842334451944,1.0113583727527538,1.0831153728622118,0.026864261176190552,1.2205657234903393,1.220826490489255,1.2207727698965742,1.2208632230758667
352,1.0588813398723669,0.1662307457244235,1.708860759493671,1.2142995759572,1.0106617678633336,1.0831153728622118,0.026864261176190552,1.2140572979918873,1.21435483950862,1.21429233908295,1.2144412994384766
352,1.0588813398723669,0.1662307457244235,1.7721518987341773,1.207979752808544,1.0100078792343414,1.0831153728622118,0.026864261176190552,1.2077356886838355,1.208068430424646,1.2079861983797684,1.2081553936004639
352,1.0588813398723669,0.1662307457244235,1.8354430379746836,1.2018423424515525,1.0093940982615328,1.0831153728622118,0.026864261176190552,1.2016172944593018,1.2019688047332857,1.2018634978407459,1.2020282745361328
352,1.0588813398723669,0.1662307457244235,1.89873417721519,1.1959005532143467,1.0088179624981257,1.0831153728622118,0.026864261176190552,1.1957101343770207,1.1960527236531484,1.1959296238648467,1.1960794925689697
352,1.0588813398723669,0.1662307457244235,1.9620253164556964,1.1901638827613636,1.0082771556978882,1.0831153728622118,0.026864261176190552,1.1900162009025061,1.1903223108408931,1.1901904032128432,1.1903232336044312
352,1.0588813398723669,0.1662307457244235,2.0253164556962027,1.1846386905410242,1.0077695179280401,1.0831153728622118,0.026864261176190552,1.1845335261685843,1.1847868316711312,1.1846537066560376,1.1847728490829468
352,1.0588813398723669,0.1662307457244235,2.088607594936709,1.179328694114198,1.0072930176654358,1.0831153728622118,0.026864261176190552,1.1792582400364788,1.1794585033192357,1.179328396378262,1.1794334650039673
352,1.0588813398723669,0.1662307457244235,2.151898734177215,1.1742353989291414,1.0068457366184302,1.0831153728622118,0.026864261176190552,1.1741863165779296,1.1743469109382338,1.1742222438765888,1.174309253692627
352,1.0588813398723669,0.1662307457244235,2.2151898734177218,1.1693584699011637,1.0064258863584699,1.0831153728622118,0.026864261176190552,1.1693144268176334,1.1694559205671786,1.1693397608384097,1.1694097518920898
352,1.0588813398723669,0.1662307457244235,2.278481012658228,1.1646960521476715,1.0060317908845942,1.0831153728622118,0.026864261176190552,1.1646405044950576,1.1647836627322543,1.1646807820048535,1.1647276878356934
352,1.0588813398723669,0.1662307457244235,2.3417721518987342,1.1602450473418906,1.0056618614905795,1.0831153728622118,0.026864261176190552,1.1601637296655463,1.160324606906757,1.1602403036717823,1.1602602005004883
352,1.0588813398723669,0.1662307457244235,2.405063291139241,1.156001351342731,1.0053146173564598,1.0831153728622118,0.026864261176190552,1.155883979337401,1.1560718942536399,1.1560097393689803,1.1560083627700806
352,1.0588813398723669,0.1662307457244235,2.468354430379747,1.1519600580640588,1.0049886757939726,1.0831153728622118,0.026864261176190552,1.1518012125133887,1.1520189939137189,1.1519788202056844,1.1519664525985718
352,1.0588813398723669,0.1662307457244235,2.5316455696202533,1.1481156339351557,1.0046827210584885,1.0831153728622118,0.026864261176190552,1.1479147814372317,1.1481602359696983,1.1481377504110724,1.1481291055679321
352,1.0588813398723669,0.1662307457244235,2.5949367088607596,1.1444620667661538,1.0043955277275245,1.0831153728622118,0.026864261176190552,1.1442229068290264,1.1444905777619447,1.1444789898360566,1.144487738609314
352,1.0588813398723669,0.1662307457244235,2.6582278481012658,1.1409929923597935,1.0041259530137703,1.0831153728622118,0.026864261176190552,1.140722464699634,1.141004964331654,1.1409978073155997,1.1410377025604248
352,1.0588813398723669,0.1662307457244235,2.7215189873417724,1.1377018017961347,1.003872909324403,1.0831153728622118,0.026864261176190552,1.137408494383886,1.137697828254613,1.1376918080899645,1.137770652770996
352,1.0588813398723669,0.1662307457244235,2.7848101265822787,1.134581731944522,1.0036353824659419,1.0831153728622118,0.026864261176190552,1.1342747417539198,1.1345627698627825,1.1345595454901791,1.134682059288025
352,1.0588813398723669,0.1662307457244235,2.848101265822785,1.131625941445781,1.0034124262033526,1.0831153728622118,0.026864261176190552,1.1313137576125365,1.131592704834335,1.13159877975091,1.1317603588104248
352,1.0588813398723669,0.1662307457244235,2.9113924050632916,1.1288275741320724,1.0032031432594604,1.0831153728622118,0.026864261176190552,1.1285171682749378,1.1287799830856315,1.128805007684464,1.1289993524551392
352,1.0588813398723669,0.1662307457244235,2.9746835443037978,1.1261798115872217,1.0030066936851463,1.0831153728622118,0.026864261176190552,1.1258762864274943,1.1261167536465915,1.126170818441573,1.126391887664795
352,1.0588813398723669,0.1662307457244235,3.037974683544304,1.1236759163257988,1.0028222939932276,1.0831153728622118,0.026864261176190552,1.1233824698535329,1.123595567320016,1.123686235508726,1.1239272356033325
352,1.0588813398723669,0.1662307457244235,3.1012658227848102,1.1213092669407445,1.0026492039231432,1.0831153728622118,0.026864261176190552,1.1210271665302924,1.1212092823879525,1.121339769076881,1.1216013431549072
352,1.0588813398723669,0.1662307457244235,3.1645569620253164,1.1190733863025717,1.0024867278355876,1.0831153728622118,0.026864261176190552,1.1188025500860326,1.1189515063568773,1.1191199914910421,1.1194052696228027
352,1.0588813398723669,0.1662307457244235,3.227848101265823,1.1169619638463104,1.0023342170005214,1.0831153728622118,0.026864261176190552,1.116701384509165,1.1168164360684882,1.1170170083964712,1.1173317432403564
352,1.0588813398723669,0.1662307457244235,3.2911392405063293,1.1149688727782143,1.002191060700505,1.0831153728622118,0.026864261176190552,1.114717077444656,1.1147989089462456,1.1150232310252288,1.115378737449646
352,1.0588813398723669,0.1662307457244235,3.3544303797468356,1.1130881829775738,1.0020566828139588,1.0831153728622118,0.026864261176190552,1.1128434629086934,1.1128942062086546,1.1131337117467122,1.1135330200195312
352,1.0588813398723669,0.1662307457244235,3.417721518987342,1.1113141702202216,1.001930546190974,1.0831153728622118,0.026864261176190552,1.1110751907623975,1.1110979411518063,1.1113456770062178,1.111790657043457
352,1.0588813398723669,0.1662307457244235,3.4810126582278484,1.1096413223195014,1.0018121469904162,1.0831153728622118,0.026864261176190552,1.1094071220026374,1.1094059074596159,1.1096574852793362,1.1101458072662354
352,1.0588813398723669,0.1662307457244235,3.5443037974683547,1.1080643426482657,1.001701008075269,1.0831153728622118,0.026864261176190552,1.1078346464905855,1.1078139521124013,1.1080676698004486,1.1085923910140991
352,1.0588813398723669,0.1662307457244235,3.607594936708861,1.1065781514847235,1.001596684684806,1.0831153728622118,0.026864261176190552,1.1063530351954385,1.106317860594631,1.1065739390215938,1.1071288585662842
352,1.0588813398723669,0.1662307457244235,3.670886075949367,1.105177885543737,1.0014987611533706,1.0831153728622118,0.026864261176190552,1.1049579998066463,1.1049133814932648,1.1051727369595823,1.105744481086731
352,1.0588813398723669,0.1662307457244235,3.7341772151898738,1.1038588960097173,1.001406842322124,1.0831153728622118,0.026864261176190552,1.103645311459646,1.1035961199049462,1.1038590709683667,1.1044367551803589
352,1.0588813398723669,0.1662307457244235,3.79746835443038,1.1026167453461972,1.001320560033884,1.0831153728622118,0.026864261176190552,1.102410696192919,1.1023615579346218,1.102626868889686,1.1032010316848755
352,1.0588813398723669,0.1662307457244235,3.8607594936708862,1.101447203117621,1.001239571055919,1.0831153728622118,0.026864261176190552,1.1012501424272358,1.1012051530888975,1.1014694834786884,1.1020327806472778
352,1.0588813398723669,0.1662307457244235,3.924050632911393,1.100346241021564,1.001163548437099,1.0831153728622118,0.026864261176190552,1.1001595832371036,1.1001222234837884,1.1003802292256644,1.1009312868118286
352,1.0588813398723669,0.1662307457244235,3.987341772151899,1.0993100273070633,1.0010921875846812,1.0831153728622118,0.026864261176190552,1.0991351320848533,1.0991081282325421,1.0993528949356608,1.0998883247375488
352,1.0588813398723669,0.1662307457244235,4.050632911392405,1.0983349207251365,1.0010252042996128,1.0831153728622118,0.026864261176190552,1.0981729659785266,1.098158255146469,1.098382108004292,1.0989022254943848
352,1.0588813398723669,0.1662307457244235,4.113924050632912,1.097417464136216,1.0009623288428928,1.0831153728622118,0.026864261176190552,1.0972695202087324,1.0972680330341127,1.0974635934240393,1.09796941280365
352,1.0588813398723669,0.1662307457244235,4.177215189873418,1.0965543778804883,1.0009033089525365,1.0831153728622118,0.026864261176190552,1.0964212915619278,1.0964329972968216,1.0965939897847898,1.097086787223816
352,1.0588813398723669,0.1662307457244235,4.2405063291139244,1.095742553000532,1.0008479093102522,1.0831153728622118,0.026864261176190552,1.0956250064090747,1.0956488965215552,1.0957709578334276,1.0962516069412231
352,1.0588813398723669,0.1662307457244235,4.30379746835443,1.094979044391251,1.0007959073789974,1.0831153728622118,0.026864261176190552,1.0948775448607568,1.0949116719822662,1.0949928490326404,1.0954653024673462
352,1.0588813398723669,0.1662307457244235,4.367088607594937,1.0942610639396493,1.000747094237238,1.0831153728622118,0.026864261176190552,1.0941759694652449,1.0942174248421164,1.094258503794048,1.0947197675704956
352,1.0588813398723669,0.1662307457244235,4.4303797468354436,1.093585973706278,1.000701275040494,1.0831153728622118,0.026864261176190552,1.0935175805547592,1.0935625637435127,1.0935670649233178,1.0940150022506714
352,1.0588813398723669,0.1662307457244235,4.493670886075949,1.092951279190905,1.0006582661947971,1.0831153728622118,0.026864261176190552,1.0928998629490676,1.0929437802097683,1.092917756607791,1.0933488607406616
352,1.0588813398723669,0.1662307457244235,4.556962025316456,1.0923546227168552,1.0006178946733215,1.0831153728622118,0.026864261176190552,1.0923204408585299,1.0923580035481475,1.0923097590554915,1.092719554901123
352,1.0588813398723669,0.1662307457244235,4.620253164556963,1.091793776961248,1.0005799991444546,1.0831153728622118,0.026864261176190552,1.0917770450863107,1.0918025279412853,1.0917420148144192,1.092125415802002
352,1.0588813398723669,0.1662307457244235,4.6835443037974684,1.0912666386516818,1.0005444281433218,1.0831153728622118,0.026864261176190552,1.0912677098150976,1.0912748730565978,1.0912133905834482,1.0915637016296387
352,1.0588813398723669,0.1662307457244235,4.746835443037975,1.090771222449791,1.0005110383706293,1.0831153728622118,0.026864261176190552,1.090790555321767,1.090772943935489,1.090722394986527,1.0910347700119019
352,1.0588813398723669,0.1662307457244235,4.810126582278482,1.0903056550392187,1.0004796962432758,1.0831153728622118,0.026864261176190552,1.090343775678214,1.090294858804974,1.090267452855582,1.0905364751815796
352,1.0588813398723669,0.1662307457244235,4.8734177215189876,1.0898681694121928,1.0004502768036387,1.0831153728622118,0.026864261176190552,1.0899258129895926,1.0898390597702061,1.0898467638774831,1.090067744255066
352,1.0588813398723669,0.1662307457244235,4.936708860759494,1.0894570993719224,1.0004226613739216,1.0831153728622118,0.026864261176190552,1.0895350601643772,1.0894042964155852,1.0894584093413062,1.0896269083023071
352,1.0588813398723669,0.1662307457244235,5.0,1.089070874230317,1.000396739347609,1.0831153728622118,0.026864261176190552,1.089170229889458,1.0889894782147194,1.089100416268599,1.0892133712768555
364,0.45792499895438604,0.27735187001949324,0.0,0.45792499895438604,0.45792499895438604,1.1386759350097466,0.5910721754065079,0.4588539470254037,0.45986037989384065,0.45817262304563694,0.4579249918460846
364,0.45792499895438604,0.27735187001949324,0.06329113924050633,0.5874923718177618,0.4911700335047399,1.1386759350097466,0.5910721754065079,0.5879335704914083,0.5878593491011563,0.5872932246759935,0.5821924209594727
364,0.45792499895438604,0.27735187001949324,0.12658227848101267,0.698672098445345,0.5223764748381559,1.1386759350097466,0.5910721754065079,0.6994224292876132,0.7003959331786692,0.6987787293220428,0.6935580372810364
364,0.45792499895438604,0.27735187001949324,0.189873417721519,0.793833343559557,0.5516693120862667,1.1386759350097466,0.5910721754065079,0.7943876977825645,0.794715938027214,0.7939648405601906,0.7911893129348755
364,0.45792499895438604,0.27735187001949324,0.25316455696202533,0.8750523647406664,0.5791651725477318,1.1386759350097466,0.5910721754065079,0.8754711064664243,0.8753232868438588,0.8751606609035278,0.8749046325683594
364,0.45792499895438604,0.27735187001949324,0.31645569620253167,0.9441480263273447,0.6049748498363761,1.1386759350097466,0.5910721754065079,0.9446134643397064,0.944528075303241,0.9442570630361993,0.9455055594444275
364,0.45792499895438604,0.27735187001949324,0.379746835443038,1.0027130490791112,0.6292018593191842,1.1386759350097466,0.5910721754065079,1.0032657126677036,1.0033430416482014,1.0027857795109856,1.0043869018554688
364,0.45792499895438604,0.27735187001949324,0.44303797468354433,1.0521415042624898,0.6519427690505062,1.1386759350097466,0.5910721754065079,1.0527123767483477,1.0528493731014554,1.0521385430596455,1.0530332326889038
364,0.45792499895438604,0.27735187001949324,0.5063291139240507,1.0936530017769606,0.6732889848595637,1.1386759350097466,0.5910721754065079,1.0941691741739092,1.0942244353689243,1.0935915980304554,1.0928213596343994
364,0.45792499895438604,0.27735187001949324,0.569620253164557,1.1283139674705054,0.6933262374591534,1.1386759350097466,0.5910721754065079,1.1287539313940518,1.1286551834092804,1.1282488884252684,1.1251215934753418
364,0.45792499895438604,0.27735187001949324,0.6329113924050633,1.157056357777786,0.712134485609585,1.1386759350097466,0.5910721754065079,1.1574376924658643,1.1572313410940374,1.157025761388314,1.1514766216278076
364,0.45792499895438604,0.27735187001949324,0.6962025316455697,1.1806941185003688,0.7297891396046138,1.1386759350097466,0.5910721754065079,1.1810363720172619,1.1808381093994655,1.180692731091049,1.1736557483673096
364,0.45792499895438604,0.27735187001949324,0.759493670886076,1.199937657810032,0.7463612008714929,1.1386759350097466,0.5910721754065079,1.2002388690993764,1.200152963497778,1.1999364516227213,1.1930171251296997
364,0.45792499895438604,0.27735187001949324,0.8227848101265823,1.2154065713433915,0.7619168754988347,1.1386759350097466,0.5910721754065079,1.2156461375494094,1.2157168331776411,1.2153929259921912,1.209670901298523
364,0.45792499895438604,0.27735187001949324,0.8860759493670887,1.2276408288728275,0.7765183770298804,1.1386759350097466,0.5910721754065079,1.2277971105907908,1.2280030970872458,1.227634696513603,1.223408818244934
364,0.45792499895438604,0.27735187001949324,0.949367088607595,1.237110607029983,0.7902245080961302,1.1386759350097466,0.5910721754065079,1.2371769822742018,1.237452942847591,1.2371398721771243,1.2344465255737305
364,0.45792499895438604,0.27735187001949324,1.0126582278481013,1.2442249305280633,0.8030900874464552,1.1386759350097466,0.5910721754065079,1.2442159283639136,1.2444822627870429,1.244289462461606,1.24300217628479
364,0.45792499895438604,0.27735187001949324,1.0759493670886076,1.249339264924722,0.8151664410068999,1.1386759350097466,0.5910721754065079,1.2492864661159944,1.2494766604783767,1.2494076395069464,1.2492620944976807
364,0.45792499895438604,0.27735187001949324,1.139240506329114,1.2527621868764742,0.8265022683879933,1.1386759350097466,0.5910721754065079,1.2527042414251792,1.252783054505504,1.2528044559490668,1.2534605264663696
364,0.45792499895438604,0.27735187001949324,1.2025316455696204,1.2547612427834844,0.8371429595309231,1.1386759350097466,0.5910721754065079,1.2547331616784154,1.2547007738645075,1.2547776188201796,1.2558932304382324
364,0.45792499895438604,0.27735187001949324,1.2658227848101267,1.2555680934599118,0.8471308578807031,1.1386759350097466,0.5910721754065079,1.255593283622454,1.255476982672461,1.2555833956862719,1.2568566799163818
364,0.45792499895438604,0.27735187001949324,1.3291139240506329,1.255383030755337,0.8565062957617997,1.1386759350097466,0.5910721754065079,1.2554696523672373,1.2553080412755597,1.2554179139819124,1.2566322088241577
364,0.45792499895438604,0.27735187001949324,1.3924050632911393,1.2543789418523057,0.8653068240355194,1.1386759350097466,0.5910721754065079,1.2545207304169652,1.2543456394351444,1.2544304711236383,1.2554539442062378
364,0.45792499895438604,0.27735187001949324,1.4556962025316458,1.2527047878488646,0.8735674713752889,1.1386759350097466,0.5910721754065079,1.252885039221805,1.252709062699756,1.2527529558007537,1.2535324096679688
364,0.45792499895438604,0.27735187001949324,1.518987341772152,1.2504886552195482,0.8813215444689437,1.1386759350097466,0.5910721754065079,1.250685767266859,1.2505002629879083,1.2505172508944347,1.2510311603546143
364,0.45792499895438604,0.27735187001949324,1.5822784810126582,1.247840431737318,0.8886001320969333,1.1386759350097466,0.5910721754065079,1.248033279102811,1.2478166661236156,1.247850148081355,1.248091220855713
364,0.45792499895438604,0.27735187001949324,1.6455696202531647,1.244854152454701,0.8954322382070173,1.1386759350097466,0.5910721754065079,1.245026738836346,1.2447586661305463,1.2448607135881706,1.2448279857635498
364,0.45792499895438604,0.27735187001949324,1.708860759493671,1.2416100554387015,0.9018453411863122,1.1386759350097466,0.5910721754065079,1.2417539297423243,1.241428788888474,1.2416328386354063,1.2413350343704224
364,0.45792499895438604,0.27735187001949324,1.7721518987341773,1.2381763827304422,0.9078651885609356,1.1386759350097466,0.5910721754065079,1.238291205067103,1.2379238862601534,1.238226685307841,1.23768949508667
364,0.45792499895438604,0.27735187001949324,1.8354430379746836,1.2346109572137274,0.9135157957345842,1.1386759350097466,0.5910721754065079,1.2347031436517812,1.234324362018542,1.2346863430849455,1.233952522277832
364,0.45792499895438604,0.27735187001949324,1.89873417721519,1.2309625628784133,0.9188198325521562,1.1386759350097466,0.5910721754065079,1.2310430910956713,1.2306876450873392,1.2310488320455137,1.2301747798919678
364,0.45792499895438604,0.27735187001949324,1.9620253164556964,1.2272721521820793,0.9237986229030604,1.1386759350097466,0.5910721754065079,1.2273534713352698,1.227047271202971,1.2273498295631868,1.226394772529602
364,0.45792499895438604,0.27735187001949324,2.0253164556962027,1.2235739018133776,0.9284720516194854,1.1386759350097466,0.5910721754065079,1.2236674757302473,1.2234190816961892,1.2236258719420103,1.222646713256836
364,0.45792499895438604,0.27735187001949324,2.088607594936709,1.2198961352484863,0.9328588213653692,1.1386759350097466,0.5910721754065079,1.2200101617892882,1.2198104560688974,1.2199133989300377,1.2189531326293945
364,0.45792499895438604,0.27735187001949324,2.151898734177215,1.2162621284372166,0.9369765923697054,1.1386759350097466,0.5910721754065079,1.2164003390427987,1.216228855817464,1.2162463549401403,1.2153346538543701
364,0.45792499895438604,0.27735187001949324,2.2151898734177218,1.2126908129749239,0.9408418293123477,1.1386759350097466,0.5910721754065079,1.2128521351372001,1.21268638332501,1.2126527823493711,1.2118029594421387
364,0.45792499895438604,0.27735187001949324,2.278481012658228,1.2091973893545305,0.944469961839163,1.1386759350097466,0.5910721754065079,1.2093764061397363,1.2092001918337372,1.2091526742754866,1.2083717584609985
364,0.45792499895438604,0.27735187001949324,2.3417721518987342,1.205793861366353,0.9478756159408187,1.1386759350097466,0.5910721754065079,1.205981941857119,1.2057899272176005,1.2057572487317496,1.205047607421875
364,0.45792499895438604,0.27735187001949324,2.405063291139241,1.2024895013902532,0.9510724243825762,1.1386759350097466,0.5910721754065079,1.2026762201846093,1.2024735462645642,1.2024699958096114,1.2018357515335083
364,0.45792499895438604,0.27735187001949324,2.468354430379747,1.199291255140774,0.9540731165069205,1.1386759350097466,0.5910721754065079,1.1994658252777946,1.1992644304714126,1.199289400253584,1.1987395286560059
364,0.45792499895438604,0.27735187001949324,2.5316455696202533,1.1962040933836418,0.9568898053580392,1.1386759350097466,0.5910721754065079,1.1963568411260215,1.196170311916251,1.1962128689621565,1.1957613229751587
364,0.45792499895438604,0.27735187001949324,2.5949367088607596,1.193231317230237,0.9595337724539038,1.1386759350097466,0.5910721754065079,1.1933546465662328,1.193193576638028,1.1932395011935846,1.1928952932357788
364,0.45792499895438604,0.27735187001949324,2.6582278481012658,1.1903748228104531,0.9620155385542947,1.1386759350097466,0.5910721754065079,1.1904640300752187,1.190333002919206,1.1903717178700794,1.190147876739502
364,0.45792499895438604,0.27735187001949324,2.7215189873417724,1.1876353304135279,0.9643451162859783,1.1386759350097466,0.5910721754065079,1.187688828993969,1.1875858931418675,1.1876154264439092,1.1875152587890625
364,0.45792499895438604,0.27735187001949324,2.7848101265822787,1.1850125825807962,0.9665318425447008,1.1386759350097466,0.5910721754065079,1.1850317983365277,1.184949336502484,1.1849775553117676,1.1849911212921143
364,0.45792499895438604,0.27735187001949324,2.848101265822785,1.182505515075492,0.9685844285853463,1.1386759350097466,0.5910721754065079,1.1824945697927596,1.1824214471283465,1.1824638871757094,1.1825778484344482
364,0.45792499895438604,0.27735187001949324,2.9113924050632916,1.1801124041727389,0.970511134945568,1.1386759350097466,0.5910721754065079,1.1800774549416342,1.18000138047646,1.1800763119146256,1.1802699565887451
364,0.45792499895438604,0.27735187001949324,2.9746835443037978,1.1778309932538715,0.972319694387842,1.1386759350097466,0.5910721754065079,1.1777795026473508,1.177689325134095,1.1778119206905902,1.178064227104187
364,0.45792499895438604,0.27735187001949324,3.037974683544304,1.1756586014397887,0.9740173198734052,1.1386759350097466,0.5910721754065079,1.1755986466493762,1.1754858222647244,1.1756634137141388,1.175959587097168
364,0.45792499895438604,0.27735187001949324,3.1012658227848102,1.1735922165077246,0.9756108264091539,1.1386759350097466,0.5910721754065079,1.173531721961339,1.1733913146384627,1.1736209252672858,1.173949122428894
364,0.45792499895438604,0.27735187001949324,3.1645569620253164,1.171628574140849,0.977106618208804,1.1386759350097466,0.5910721754065079,1.1715746288599593,1.1714056054685922,1.1716744161134007,1.1720305681228638
364,0.45792499895438604,0.27735187001949324,3.227848101265823,1.1697642253552432,0.9785106676284494,1.1386759350097466,0.5910721754065079,1.169722874048523,1.1695274361400663,1.1698157326478724,1.1702008247375488
364,0.45792499895438604,0.27735187001949324,3.2911392405063293,1.1679955935568138,0.9798285970718422,1.1386759350097466,0.5910721754065079,1.1679712672773583,1.167754527206741,1.1680399596848063,1.1684545278549194
364,0.45792499895438604,0.27735187001949324,3.3544303797468356,1.1663190227124351,0.9810657104450219,1.1386759350097466,0.5910721754065079,1.1663145854990071,1.166083471798572,1.1663455039170307,1.1667903661727905
364,0.45792499895438604,0.27735187001949324,3.417721518987342,1.1647308177396127,0.9822269528723391,1.1386759350097466,0.5910721754065079,1.1647474006798473,1.1645099488072221,1.164733247548767,1.1652042865753174
364,0.45792499895438604,0.27735187001949324,3.4810126582278484,1.1632272781950634,0.983316962829789,1.1386759350097466,0.5910721754065079,1.1632646291630122,1.1630289319719507,1.1632051507790615,1.1636930704116821
364,0.45792499895438604,0.27735187001949324,3.5443037974683547,1.1618047262044278,0.9843401329490765,1.1386759350097466,0.5910721754065079,1.161861211889975,1.1616348456690977,1.1617627329425038,1.1622536182403564
364,0.45792499895438604,0.27735187001949324,3.607594936708861,1.1604595293650994,0.9853005577987225,1.1386759350097466,0.5910721754065079,1.1605325653701093,1.1603220076821976,1.1604059931841244,1.1608840227127075
364,0.45792499895438604,0.27735187001949324,3.670886075949367,1.1591881193686413,0.9862020640912542,1.1386759350097466,0.5910721754065079,1.1592744422900976,1.1590847029969993,1.1591326345832322,1.159580111503601
364,0.45792499895438604,0.27735187001949324,3.7341772151898738,1.157987006945263,0.9870482897487387,1.1386759350097466,0.5910721754065079,1.1580830135083966,1.1579174297848611,1.1579384032458355,1.158339500427246
364,0.45792499895438604,0.27735187001949324,3.79746835443038,1.1568527936355046,0.987842624109786,1.1386759350097466,0.5910721754065079,1.1569547450635396,1.1568149854969416,1.1568174575560108,1.1571598052978516
364,0.45792499895438604,0.27735187001949324,3.8607594936708862,1.1557821808661926,0.9885882270530473,1.1386759350097466,0.5910721754065079,1.1558866277586395,1.155772622653683,1.1557629723599006,1.1560384035110474
364,0.45792499895438604,0.27735187001949324,3.924050632911393,1.1547719767299587,0.9892881085649832,1.1386759350097466,0.5910721754065079,1.1548757097929347,1.1547860283461957,1.1547682846437213,1.1549749374389648
364,0.45792499895438604,0.27735187001949324,3.987341772151899,1.1538191008146998,0.9899450727956298,1.1386759350097466,0.5910721754065079,1.153919605127477,1.1538514718262949,1.1538272666338978,1.1539647579193115
364,0.45792499895438604,0.27735187001949324,4.050632911392405,1.1529205873850283,0.9905617361460662,1.1386759350097466,0.5910721754065079,1.1530157719338325,1.1529656159192312,1.152934915943683,1.1530070304870605
364,0.45792499895438604,0.27735187001949324,4.113924050632912,1.1520735871763665,0.991140581894846,1.1386759350097466,0.5910721754065079,1.1521621357520224,1.1521256318159419,1.1520874882076566,1.152099847793579
364,0.45792499895438604,0.27735187001949324,4.177215189873418,1.1512753680297123,0.991683932423144,1.1386759350097466,0.5910721754065079,1.1513564417342428,1.1513291293777548,1.1512824823082162,1.1512411832809448
364,0.45792499895438604,0.27735187001949324,4.2405063291139244,1.1505233145628042,0.9921939541246471,1.1386759350097466,0.5910721754065079,1.1505965826227278,1.1505740669424769,1.1505185542760568,1.150429129600525
364,0.45792499895438604,0.27735187001949324,4.30379746835443,1.149814927046647,0.9926726957259565,1.1386759350097466,0.5910721754065079,1.1498805741514104,1.14985875952384,1.1497951135648643,1.1496663093566895
364,0.45792499895438604,0.27735187001949324,4.367088607594937,1.1491478196330007,0.9931220806062091,1.1386759350097466,0.5910721754065079,1.1492063336608644,1.1491817025234012,1.1491121333521133,1.1489455699920654
364,0.45792499895438604,0.27735187001949324,4.4303797468354436,1.148519718057977,0.9935439025480065,1.1386759350097466,0.5910721754065079,1.1485717374944313,1.1485417152208555,1.1484697952536982,1.148268222808838
364,0.45792499895438604,0.27735187001949324,4.493670886075949,1.1479284569289554,0.9939398517591994,1.1386759350097466,0.5910721754065079,1.1479747275910244,1.147937698890364,1.1478681903121069,1.1476331949234009
364,0.45792499895438604,0.27735187001949324,4.556962025316456,1.1473719766862593,0.9943115211641426,1.1386759350097466,0.5910721754065079,1.1474133934795958,1.1473687064958493,1.1473072992849869,1.147039532661438
364,0.45792499895438604,0.27735187001949324,4.620253164556963,1.1468483203195512,0.9946603960183753,1.1386759350097466,0.5910721754065079,1.1468856361018263,1.1468338606965296,1.1467867352342822,1.1464862823486328
364,0.45792499895438604,0.27735187001949324,4.6835443037974684,1.1463556299042785,0.9949878707417701,1.1386759350097466,0.5910721754065079,1.1463894219949693,1.146332300550516,1.1463057343566927,1.1459673643112183
364,0.45792499895438604,0.27735187001949324,4.746835443037975,1.1458921430143953,0.9952952645796478,1.1386759350097466,0.5910721754065079,1.1459228816852092,1.1458631487170268,1.145863197647478,1.1454893350601196
364,0.45792499895438604,0.27735187001949324,4.810126582278482,1.1454561890604862,0.9955838073291089,1.1386759350097466,0.5910721754065079,1.1454841292998375,1.1454256467472554,1.1454576506241012,1.1450483798980713
364,0.45792499895438604,0.27735187001949324,4.8734177215189876,1.1450461855877174,0.9958546493786758,1.1386759350097466,0.5910721754065079,1.1450714265561837,1.1450188394056775,1.1450873053712471,1.1446441411972046
364,0.45792499895438604,0.27735187001949324,4.936708860759494,1.1446606345662544,0.9961088833035195,1.1386759350097466,0.5910721754065079,1.1446829695760048,1.144641783755939,1.144750238152183,1.1442757844924927
364,0.45792499895438604,0.27735187001949324,5.0,1.1442981187303296,0.9963475273705745,1.1386759350097466,0.5910721754065079,1.1443174136500653,1.144293557360302,1.1444442559017731,1.1439424753189087
372,0.5472100802894397,0.2570677157159114,0.0,0.5472100802894397,0.5472100802894397,1.1285338578579558,0.5295963196188828,0.5479504452468631,0.5488306066382915,0.5473679421572291,0.5472100973129272
372,0.5472100802894397,0.2570677157159114,0.06329113924050633,0.6642570946846562,0.5749793308466387,1.1285338578579558,0.5295963196188828,0.665223587219216,0.6652604519309453,0.6641538362716979,0.6596378684043884
372,0.5472100802894397,0.2570677157159114,0.12658227848101267,0.7644479598621411,0.6010457645293462,1.1285338578579558,0.5295963196188828,0.7652127550142205,0.7655895031847131,0.7645633693693495,0.7604092955589294
372,0.5472100802894397,0.2570677157159114,0.189873417721519,0.8499671203160877,0.6255137835305581,1.1285338578579558,0.5295963196188828,0.8505521848278841,0.8505311286491206,0.8500399970939296,0.8487241864204407
372,0.5472100802894397,0.2570677157159114,0.25316455696202533,0.9227282373875868,0.6484808054863854,1.1285338578579558,0.5295963196188828,0.9233343426242753,0.9231793730843103,0.9227724694781554,0.9243438243865967
372,0.5472100802894397,0.2570677157159114,0.31645569620253167,0.9844070630330002,0.6700393752133407,1.1285338578579558,0.5295963196188828,0.9850779298950506,0.985052954380832,0.9844776650746525,0.9879499077796936
372,0.5472100802894397,0.2570677157159114,0.379746835443038,1.0364703632635466,0.6902759580798968,1.1285338578579558,0.5295963196188828,1.0371167014152822,1.037229087129543,1.0365371575785867,1.0408159494400024
372,0.5472100802894397,0.2570677157159114,0.44303797468354433,1.0802013638255146,0.709271216432577,1.1285338578579558,0.5295963196188828,1.0807337250312756,1.080904783935251,1.0802221224234296,1.084324598312378
372,0.5472100802894397,0.2570677157159114,0.5063291139240507,1.1167221335730895,0.7271015006619991,1.1285338578579558,0.5295963196188828,1.1171267553977522,1.1172727885658986,1.1167057455908567,1.1197565793991089
372,0.5472100802894397,0.2570677157159114,0.569620253164557,1.147013272180203,0.7438384207898194,1.1285338578579558,0.5295963196188828,1.1473403364107553,1.147416505169565,1.147002033614973,1.1483356952667236
372,0.5472100802894397,0.2570677157159114,0.6329113924050633,1.1719312247392788,0.7595487655825202,1.1285338578579558,0.5295963196188828,1.1722397597653782,1.1722613735065077,1.1719498019484478,1.1713488101959229
372,0.5472100802894397,0.2570677157159114,0.6962025316455697,1.192223507365954,0.774295524517183,1.1285338578579558,0.5295963196188828,1.1925405809135163,1.192563809945618,1.1922566207733245,1.1902157068252563
372,0.5472100802894397,0.2570677157159114,0.759493670886076,1.2085420940647746,0.7881380043880398,1.1285338578579558,0.5295963196188828,1.2088569793996709,1.2089379243361011,1.2085579790081031,1.2061781883239746
372,0.5472100802894397,0.2570677157159114,0.8227848101265823,1.221455185208113,0.8011315064900943,1.1285338578579558,0.5295963196188828,1.2217387199161756,1.2218981089578358,1.2214453644960634,1.2196441888809204
372,0.5472100802894397,0.2570677157159114,0.8860759493670887,1.2314575517002513,0.8133279971844497,1.1285338578579558,0.5295963196188828,1.2316858129136445,1.2318958663355928,1.231448858835738,1.2305169105529785
372,0.5472100802894397,0.2570677157159114,0.949367088607595,1.238979625711291,0.8247765937311607,1.1285338578579558,0.5295963196188828,1.239147801249121,1.2393432596561944,1.2390043879626083,1.2389520406723022
372,0.5472100802894397,0.2570677157159114,1.0126582278481013,1.2443954884545823,0.8355230856922848,1.1285338578579558,0.5295963196188828,1.2445187831220166,1.2446238180324372,1.2444543280962481,1.2452179193496704
372,0.5472100802894397,0.2570677157159114,1.0759493670886076,1.2480298874963096,0.8456103451093091,1.1285338578579558,0.5295963196188828,1.2481353458135775,1.2480943813785688,1.2480910084696462,1.2495298385620117
372,0.5472100802894397,0.2570677157159114,1.139240506329114,1.2501644002631698,0.8550790502881833,1.1285338578579558,0.5295963196188828,1.2502797470721507,1.250079237805997,1.2501987682946103,1.2521053552627563
372,0.5472100802894397,0.2570677157159114,1.2025316455696204,1.2510428464524948,0.8639671150005919,1.1285338578579558,0.5295963196188828,1.2511869174405446,1.2508586443981087,1.2510530364988315,1.2531983852386475
372,0.5472100802894397,0.2570677157159114,1.2658227848101267,1.2508760397702576,0.8723099083099123,1.1285338578579558,0.5295963196188828,1.2510537912262127,1.2506602669880604,1.2508880754815523,1.253053903579712
372,0.5472100802894397,0.2570677157159114,1.3291139240506329,1.2498459586154367,0.8801411194103022,1.1285338578579558,0.5295963196188828,1.250048227499111,1.2496579502417962,1.2498791797437916,1.2518987655639648
372,0.5472100802894397,0.2570677157159114,1.3924050632911393,1.2481094057600735,0.8874921141670854,1.1285338578579558,0.5295963196188828,1.248316799565928,1.2479789659688043,1.2481578185705053,1.2499430179595947
372,0.5472100802894397,0.2570677157159114,1.4556962025316458,1.245801218687277,0.8943921516868312,1.1285338578579558,0.5295963196188828,1.245989944222524,1.245720002042909,1.2458418824215063,1.2473489046096802
372,0.5472100802894397,0.2570677157159114,1.518987341772152,1.2430370849714194,0.9008690527184834,1.1285338578579558,0.5295963196188828,1.2431852907292344,1.2429667426806512,1.243051968767509,1.2442694902420044
372,0.5472100802894397,0.2570677157159114,1.5822784810126582,1.239916010412815,0.9069487854147484,1.1285338578579558,0.5295963196188828,1.2400086283455636,1.2398082502705547,1.2399052920707723,1.240831971168518
372,0.5472100802894397,0.2570677157159114,1.6455696202531647,1.2365224819096603,0.9126555764880687,1.1285338578579558,0.5295963196188828,1.2365541687124737,1.2363427869801829,1.2365021778874825,1.2371289730072021
372,0.5472100802894397,0.2570677157159114,1.708860759493671,1.232928362296535,0.9180123783650992,1.1285338578579558,0.5295963196188828,1.2329036603121586,1.2326720751435465,1.2329184561939925,1.233245849609375
372,0.5472100802894397,0.2570677157159114,1.7721518987341773,1.2291945494000034,0.9230406977012918,1.1285338578579558,0.5295963196188828,1.2291264048669346,1.2288880633543577,1.2292072059293033,1.2292532920837402
372,0.5472100802894397,0.2570677157159114,1.8354430379746836,1.2253724282905962,0.927760594327289,1.1285338578579558,0.5295963196188828,1.2252789621591655,1.2250606272961926,1.225406393952054,1.2252048254013062
372,0.5472100802894397,0.2570677157159114,1.89873417721519,1.2215051416159142,0.9321910041416851,1.1285338578579558,0.5295963196188828,1.2214061011670636,1.221232568080089,1.2215478170461895,1.221148133277893
372,0.5472100802894397,0.2570677157159114,1.9620253164556964,1.2176287004633652,0.936349738779681,1.1285338578579558,0.5295963196188828,1.2175421119761385,1.2174238185606319,1.2176626568654585,1.217119574546814
372,0.5472100802894397,0.2570677157159114,2.0253164556962027,1.2137729550577674,0.9402534078461404,1.1285338578579558,0.5295963196188828,1.2137124784662956,1.2136415614530067,1.2137833362701018,1.2131425142288208
372,0.5472100802894397,0.2570677157159114,2.088607594936709,1.2099624425153934,0.9439176334924029,1.1285338578579558,0.5295963196188828,1.2099358707773495,1.2098910444030115,1.2099425650061422,1.209245204925537
372,0.5472100802894397,0.2570677157159114,2.151898734177215,1.2062171267610742,0.9473571671341389,1.1285338578579558,0.5295963196188828,1.2062259901845007,1.206182680707776,1.206170434762898,1.2054420709609985
372,0.5472100802894397,0.2570677157159114,2.2151898734177218,1.2025530438225507,0.950585761556581,1.1285338578579558,0.5295963196188828,1.202593356577684,1.2025332054377273,1.2024913178198302,1.2017470598220825
372,0.5472100802894397,0.2570677157159114,2.278481012658228,1.1989828641661004,0.9536163049912476,1.1285338578579558,0.5295963196188828,1.1990463251929435,1.1989630352147973,1.1989216332019983,1.1981689929962158
372,0.5472100802894397,0.2570677157159114,2.3417721518987342,1.195516382330782,0.9564610143843687,1.1285338578579558,0.5295963196188828,1.1955922181360559,1.195491405940613,1.1954694449555496,1.1947133541107178
372,0.5472100802894397,0.2570677157159114,2.405063291139241,1.1921609428589968,0.9591312770507553,1.1285338578579558,0.5295963196188828,1.1922376441609477,1.1921325846521873,1.192135653456456,1.19138503074646
372,0.5472100802894397,0.2570677157159114,2.468354430379747,1.188921810433227,0.9616377256850542,1.1285338578579558,0.5295963196188828,1.1889888348470041,1.1888944756160034,1.188916780275687,1.1881847381591797
372,0.5472100802894397,0.2570677157159114,2.5316455696202533,1.1858024911687055,0.9639904781940021,1.1285338578579558,0.5295963196188828,1.1858515216073697,1.185779227087059,1.185808823158434,1.1851128339767456
372,0.5472100802894397,0.2570677157159114,2.5949367088607596,1.1828050111660835,0.9661989579186597,1.1285338578579558,0.5295963196188828,1.1828306815061058,1.1827850269876654,1.182809858403202,1.1821749210357666
372,0.5472100802894397,0.2570677157159114,2.6582278481012658,1.179930157684943,0.9682719527462501,1.1285338578579558,0.5295963196188828,1.1799304470642782,1.1799086693342173,1.179921588209151,1.1793608665466309
372,0.5472100802894397,0.2570677157159114,2.7215189873417724,1.1771776876468505,0.9702178261254952,1.1285338578579558,0.5295963196188828,1.1771538110798807,1.1771472269242937,1.1771493061626992,1.1766712665557861
372,0.5472100802894397,0.2570677157159114,2.7848101265822787,1.1745465075914632,0.9720443770736288,1.1285338578579558,0.5295963196188828,1.1745023150488665,1.1744989696746704,1.1744995700806207,1.1741032600402832
372,0.5472100802894397,0.2570677157159114,2.848101265822785,1.1720348287016364,0.9737588820162085,1.1285338578579558,0.5295963196188828,1.171976196755186,1.171963569607485,1.1719776349187916,1.1716535091400146
372,0.5472100802894397,0.2570677157159114,2.9113924050632916,1.1696403001048645,0.9753682408991384,1.1285338578579558,0.5295963196188828,1.1695743656724467,1.1695416539803996,1.1695851556473853,1.1693174839019775
372,0.5472100802894397,0.2570677157159114,2.9746835443037978,1.1673601232309094,0.9768789128229227,1.1285338578579558,0.5295963196188828,1.1672941405816237,1.1672341329319817,1.16731899616432,1.167090892791748
372,0.5472100802894397,0.2570677157159114,3.037974683544304,1.1651911496137803,0.9782969227031384,1.1285338578579558,0.5295963196188828,1.1651321515101813,1.1650415025287484,1.1651715763820711,1.164974570274353
372,0.5472100802894397,0.2570677157159114,3.1012658227848102,1.1631299643832516,0.9796279630480982,1.1285338578579558,0.5295963196188828,1.1630837411724742,1.1629633527983718,1.1631328538817594,1.1629579067230225
372,0.5472100802894397,0.2570677157159114,3.1645569620253164,1.1611729572278655,0.9808773832345203,1.1285338578579558,0.5295963196188828,1.1611438095127427,1.160998027452647,1.1611924611886457,1.1610393524169922
372,0.5472100802894397,0.2570677157159114,3.227848101265823,1.1593163825189174,0.9820501719127877,1.1285338578579558,0.5295963196188828,1.1593067399100934,1.1591425746908126,1.1593418843791756,1.1592144966125488
372,0.5472100802894397,0.2570677157159114,3.2911392405063293,1.1575564100285118,0.9831510254214302,1.1285338578579558,0.5295963196188828,1.15756697313976,1.1573928496926331,1.1575758178852587,1.1574827432632446
372,0.5472100802894397,0.2570677157159114,3.3544303797468356,1.1558891674920704,0.9841843740610906,1.1285338578579558,0.5295963196188828,1.1559188269852765,1.155743752402349,1.1558923353741133,1.155835509300232
372,0.5472100802894397,0.2570677157159114,3.417721518987342,1.1543107761020979,0.9851543484454712,1.1285338578579558,0.5295963196188828,1.154357012803613,1.1541895432073688,1.1542919764134507,1.1542712450027466
372,0.5472100802894397,0.2570677157159114,3.4810126582278484,1.152817379944214,0.9860648230479839,1.1285338578579558,0.5295963196188828,1.1528764469379023,1.1527241463177922,1.1527764704894794,1.152786135673523
372,0.5472100802894397,0.2570677157159114,3.5443037974683547,1.1514051701376593,0.9869194669907587,1.1285338578579558,0.5295963196188828,1.1514727590831286,1.1513414613453794,1.1513471489292884,1.1513769626617432
372,0.5472100802894397,0.2570677157159114,3.607594936708861,1.1500704044816223,0.9877217004265787,1.1285338578579558,0.5295963196188828,1.150141824917673,1.1500355723894382,1.1500037082842802,1.1500362157821655
372,0.5472100802894397,0.2570677157159114,3.670886075949367,1.1488094232174348,0.988474719770801,1.1285338578579558,0.5295963196188828,1.148880077682282,1.148800854629629,1.1487438499464162,1.148767113685608
372,0.5472100802894397,0.2570677157159114,3.7341772151898738,1.1476186614530577,0.9891815637439811,1.1285338578579558,0.5295963196188828,1.1476844835817293,1.1476322449077019,1.1475630810800612,1.1475636959075928
372,0.5472100802894397,0.2570677157159114,3.79746835443038,1.1464946587516038,0.9898450634273767,1.1285338578579558,0.5295963196188828,1.1465521728097186,1.1465251228355204,1.1464553395049244,1.1464239358901978
372,0.5472100802894397,0.2570677157159114,3.8607594936708862,1.1454340663028508,0.9904678582365319,1.1285338578579558,0.5295963196188828,1.1454807593273018,1.1454755157812273,1.1454136965475659,1.1453444957733154
372,0.5472100802894397,0.2570677157159114,3.924050632911393,1.1444336520391873,0.99105246238354,1.1285338578579558,0.5295963196188828,1.1444679718877815,1.1444799102819714,1.1444312670379537,1.1443215608596802
372,0.5472100802894397,0.2570677157159114,3.987341772151899,1.143490304014024,0.9916012181473622,1.1285338578579558,0.5295963196188828,1.1435117442306253,1.143535399633948,1.143501801255748,1.143354892730713
372,0.5472100802894397,0.2570677157159114,4.050632911392405,1.142601032320766,0.9921163109821043,1.1285338578579558,0.5295963196188828,1.142610067491426,1.1426394502081703,1.1426200856542534,1.1424415111541748
372,0.5472100802894397,0.2570677157159114,4.113924050632912,1.1417629697901925,0.9925998151459342,1.1285338578579558,0.5295963196188828,1.1417609492046699,1.1417899424477025,1.1417823259030544,1.1415793895721436
372,0.5472100802894397,0.2570677157159114,4.177215189873418,1.1409733716722235,0.9930536705010202,1.1285338578579558,0.5295963196188828,1.140962323109824,1.140985133970151,1.1409859549810952,1.1407663822174072
372,0.5472100802894397,0.2570677157159114,4.2405063291139244,1.1402296144800013,0.9934796866147143,1.1285338578579558,0.5295963196188828,1.1402121475446954,1.1402235037781794,1.1402295770254134,1.140000820159912
372,0.5472100802894397,0.2570677157159114,4.30379746835443,1.1395291941495918,0.9938795747682082,1.1285338578579558,0.5295963196188828,1.13950840544543,1.1395036948633819,1.1395126257746089,1.1392792463302612
372,0.5472100802894397,0.2570677157159114,4.367088607594937,1.1388697236471026,0.9942549415411874,1.1285338578579558,0.5295963196188828,1.1388488501636713,1.1388245060068376,1.1388350689417406,1.1386024951934814
372,0.5472100802894397,0.2570677157159114,4.4303797468354436,1.1382489301362668,0.9946072852626215,1.1285338578579558,0.5295963196188828,1.1382314482366722,1.138184854881601,1.1381971034028677,1.1379681825637817
372,0.5472100802894397,0.2570677157159114,4.493670886075949,1.1376646518032214,0.9949380177465014,1.1285338578579558,0.5295963196188828,1.1376540186116484,1.1375837124571284,1.1375989359229912,1.1373751163482666
372,0.5472100802894397,0.2570677157159114,4.556962025316456,1.1371148344209472,0.9952484695468642,1.1285338578579558,0.5295963196188828,1.1371142982413494,1.1370199882070278,1.1370405835527488,1.1368217468261719
372,0.5472100802894397,0.2570677157159114,4.620253164556963,1.13659752772322,0.9955398812830526,1.1285338578579558,0.5295963196188828,1.1366104340508527,1.1364926326021396,1.136521672145836,1.1363072395324707
372,0.5472100802894397,0.2570677157159114,4.6835443037974684,1.1361108816465826,0.9958134177003293,1.1285338578579558,0.5295963196188828,1.1361401773419397,1.136000546916625,1.1360415950254992,1.1358284950256348
372,0.5472100802894397,0.2570677157159114,4.746835443037975,1.135653142489902,0.9960701807515048,1.1285338578579558,0.5295963196188828,1.135701601244669,1.135542546330456,1.1355992609553867,1.1353869438171387
372,0.5472100802894397,0.2570677157159114,4.810126582278482,1.135222649042174,0.9963111976738095,1.1285338578579558,0.5295963196188828,1.1352928014375774,1.1351174911205613,1.1351932388727888,1.1349806785583496
372,0.5472100802894397,0.2570677157159114,4.8734177215189876,1.1348178287010346,0.9965374293754068,1.1285338578579558,0.5295963196188828,1.1349120478374408,1.134724011979365,1.1348218626790691,1.1346092224121094
372,0.5472100802894397,0.2570677157159114,4.936708860759494,1.1344371936193027,0.9967497884734832,1.1285338578579558,0.5295963196188828,1.1345575119676765,1.1343608871893303,1.1344832131262872,1.1342718601226807
372,0.5472100802894397,0.2570677157159114,5.0,1.1340793368870337,0.996949125516878,1.1285338578579558,0.5295963196188828,1.1342277917229229,1.1340266736478624,1.1341752606961955,1.1339677572250366
379,1.2412666299783068,0.06770445729309196,0.0,1.2412666299783068,1.2412666299783068,1.033852228646546,,1.242689994960392,1.2411729825547266,1.2412784237983296,1.2412666082382202
379,1.2412666299783068,0.06770445729309196,0.06329113924050633,1.2499829779197107,1.22646993683805,1.033852228646546,,1.2509605799177301,1.2495595896808744,1.2499137652737509,1.2475898265838623
379,1.2412666299783068,0.06770445729309196,0.12658227848101267,1.255615924645909,1.2125805803475174,1.033852228646546,,1.256083676122254,1.2551711269169175,1.2556232079488616,1.252404808998108
379,1.2412666299783068,0.06770445729309196,0.189873417721519,1.2586576262392162,1.1995429303697067,1.033852228646546,,1.2587655347038762,1.258483080168812,1.2586767203630393,1.255566954612732
379,1.2412666299783068,0.06770445729309196,0.25316455696202533,1.2595340225914997,1.1873050784505152,1.033852228646546,,1.2594767874961894,1.2596639152655587,1.2595532312323343,1.2569986581802368
379,1.2412666299783068,0.06770445729309196,0.31645569620253167,1.2586131826238567,1.17581771259109,1.033852228646546,,1.2585458059349883,1.2588565977573603,1.258634693689891,1.2567245960235596
379,1.2412666299783068,0.06770445729309196,0.379746835443038,1.2562126283040222,1.1650347601931832,1.033852228646546,,1.2562253953565796,1.2563332508766167,1.256228452635695,1.2548739910125732
379,1.2412666299783068,0.06770445729309196,0.44303797468354433,1.252605760666749,1.1549132407670264,1.033852228646546,,1.2527311028121064,1.2524908426290349,1.2526110135897603,1.2516449689865112
379,1.2412666299783068,0.06770445729309196,0.5063291139240507,1.248027496274018,1.1454124714249483,1.033852228646546,,1.2482596166256257,1.2477352128214987,1.2480279480003804,1.247257947921753
379,1.2412666299783068,0.06770445729309196,0.569620253164557,1.242679209557047,1.1364942951589294,1.033852228646546,,1.2429930957018918,1.2423638865718478,1.2426833711946155,1.2419230937957764
379,1.2412666299783068,0.06770445729309196,0.6329113924050633,1.2367330650384138,1.128123123940376,1.033852228646546,,1.2370983167839147,1.2365301279351628,1.2367415406216977,1.2358168363571167
379,1.2412666299783068,0.06770445729309196,0.6962025316455697,1.2303358133553963,1.1202653941712528,1.033852228646546,,1.2307238374444505,1.230292054588654,1.230340107649801,1.2291113138198853
379,1.2412666299783068,0.06770445729309196,0.759493670886076,1.2236121161319982,1.1128895045509206,1.033852228646546,,1.2239983889944752,1.22368708060697,1.2236040136404052,1.2219966650009155
379,1.2412666299783068,0.06770445729309196,0.8227848101265823,1.2166674569337492,1.105965988087077,1.033852228646546,,1.2170310732699026,1.2167796454406177,1.2166491689668102,1.2146875858306885
379,1.2412666299783068,0.06770445729309196,0.8860759493670887,1.2095906886598082,1.0994671547886905,1.033852228646546,,1.2099136830749608,1.2096661827805777,1.209574443765657,1.2073537111282349
379,1.2412666299783068,0.06770445729309196,0.949367088607595,1.2024562616698866,1.0933668327926274,1.033852228646546,,1.202723489994022,1.2024532198365443,1.202453420703312,1.2000858783721924
379,1.2412666299783068,0.06770445729309196,1.0126582278481013,1.1953261716110348,1.087640623381414,1.033852228646546,,1.195526081400111,1.195233697335264,1.1953373064328505,1.1929062604904175
379,1.2412666299783068,0.06770445729309196,1.0759493670886076,1.1882516612149714,1.0822656824224401,1.033852228646546,,1.1883776399010504,1.1880766628162094,1.1882673858669708,1.1858434677124023
379,1.2412666299783068,0.06770445729309196,1.139240506329114,1.18127470620441,1.07722033470307,1.033852228646546,,1.1813261404586566,1.1810317803271888,1.1812852813125665,1.178952693939209
379,1.2412666299783068,0.06770445729309196,1.2025316455696204,1.174429311805464,1.0724843780776157,1.033852228646546,,1.1744120883389313,1.1741395551342035,1.1744331233196763,1.1722791194915771
379,1.2412666299783068,0.06770445729309196,1.2658227848101267,1.1677426431662434,1.0680389663342813,1.033852228646546,,1.1676685273115073,1.167436265688554,1.1677455848337361,1.1658551692962646
379,1.2412666299783068,0.06770445729309196,1.3291139240506329,1.1612360101654362,1.0638661483703848,1.033852228646546,,1.1611209658546293,1.160950208280315,1.1612439392829441,1.1596707105636597
379,1.2412666299783068,0.06770445729309196,1.3924050632911393,1.1549257246121079,1.059949211056295,1.033852228646546,,1.1547878117258223,1.1546954900572912,1.1549390059274562,1.1537092924118042
379,1.2412666299783068,0.06770445729309196,1.4556962025316458,1.1488238456465516,1.0562725638372559,1.033852228646546,,1.1486804867541431,1.148670159551202,1.148837816791699,1.147953748703003
379,1.2412666299783068,0.06770445729309196,1.518987341772152,1.1429388272364067,1.052821382579492,1.033852228646546,,1.1428047469510763,1.1428616019135163,1.1429480719344411,1.1423829793930054
379,1.2412666299783068,0.06770445729309196,1.5822784810126582,1.1372760800068196,1.0495818302949909,1.033852228646546,,1.1371615270535291,1.1372564069493865,1.137278420475064,1.1369847059249878
379,1.2412666299783068,0.06770445729309196,1.6455696202531647,1.1318384580829508,1.0465409979126592,1.033852228646546,,1.1317485414657735,1.1318480847968615,1.1318359004398597,1.1317620277404785
379,1.2412666299783068,0.06770445729309196,1.708860759493671,1.1266266803893032,1.0436866553575959,1.033852228646546,,1.1265614567803033,1.12663898459738,1.126623328561994,1.1267098188400269
379,1.2412666299783068,0.06770445729309196,1.7721518987341773,1.1216396946644627,1.0410073429261864,1.033852228646546,,1.1215949864039492,1.1216372770994387,1.121639169493226,1.1218338012695312
379,1.2412666299783068,0.06770445729309196,1.8354430379746836,1.116874991433153,1.0384923718474828,1.033852228646546,,1.1168437596992151,1.1168516772897987,1.1168787138311795,1.1171340942382812
379,1.2412666299783068,0.06770445729309196,1.89873417721519,1.1123288743093294,1.0361316522315827,1.033852228646546,,1.1123027750037005,1.112287078188194,1.1123357936629756,1.1126148700714111
379,1.2412666299783068,0.06770445729309196,1.9620253164556964,1.1079966922160127,1.0339156932461797,1.033852228646546,,1.107967358632866,1.1079430810965356,1.1080042125217953,1.1082763671875
379,1.2412666299783068,0.06770445729309196,2.0253164556962027,1.1038730383945023,1.0318356445542451,1.033852228646546,,1.1038333350185519,1.1038147171502088,1.1038785247243437,1.1041229963302612
379,1.2412666299783068,0.06770445729309196,2.088607594936709,1.0999519205184487,1.0298831819779588,1.033852228646546,,1.099896512193705,1.0998942091741526,1.099953885329954,1.1001508235931396
379,1.2412666299783068,0.06770445729309196,2.151898734177215,1.0962269056572331,1.0280504453062382,1.033852228646546,,1.0961526366954226,1.0961728493561214,1.0962254563428953,1.0963585376739502
379,1.2412666299783068,0.06770445729309196,2.2151898734177218,1.0926912433796396,1.0263301064427597,1.033852228646546,,1.0925969118474677,1.0926421266705864,1.0926879321470042,1.0927516222000122
379,1.2412666299783068,0.06770445729309196,2.278481012658228,1.0893379698855363,1.0247152979639131,1.033852228646546,,1.0892241576494768,1.0892939400643478,1.0893350146123217,1.089318871498108
379,1.2412666299783068,0.06770445729309196,2.3417721518987342,1.0861599956854995,1.02319951013678,1.033852228646546,,1.0860285463448078,1.0861207378471247,1.086159268060716,1.086058497428894
379,1.2412666299783068,0.06770445729309196,2.405063291139241,1.0831501790337903,1.0217766752930009,1.033852228646546,,1.0830036106199876,1.0831150841458188,1.0831524658718794,1.0829674005508423
379,1.2412666299783068,0.06770445729309196,2.468354430379747,1.0803013870430946,1.020441127859441,1.033852228646546,,1.0801427765687375,1.0802695154142,1.0803061424207012,1.0800397396087646
379,1.2412666299783068,0.06770445729309196,2.5316455696202533,1.0776065461657123,1.0191874765648852,1.033852228646546,,1.0774390623623125,1.0775762964993703,1.077612082977492,1.0772703886032104
379,1.2412666299783068,0.06770445729309196,2.5949367088607596,1.0750586835119549,1.018010700233637,1.033852228646546,,1.0748853795791622,1.0750276666251621,1.0750629447592783,1.0746569633483887
379,1.2412666299783068,0.06770445729309196,2.6582278481012658,1.0726509602890366,1.0169061162880988,1.033852228646546,,1.072474779188328,1.0726159757079354,1.0726523813434659,1.072188377380371
379,1.2412666299783068,0.06770445729309196,2.7215189873417724,1.0703766984795577,1.015869268310398,1.033852228646546,,1.07020039825304,1.070333950838593,1.0703748469181995,1.0698593854904175
379,1.2412666299783068,0.06770445729309196,2.7848101265822787,1.0682294017345249,1.0148960006368963,1.033852228646546,,1.0680555890720005,1.068174872570679,1.0682252368648504,1.0676698684692383
379,1.2412666299783068,0.06770445729309196,2.848101265822785,1.0662027713271462,1.0139824360640786,1.033852228646546,,1.0660338945810441,1.0661327758068224,1.06619839336673,1.065606713294983
379,1.2412666299783068,0.06770445729309196,2.9113924050632916,1.0642907179064136,1.0131248979935392,1.033852228646546,,1.0641288023697417,1.0642024088015016,1.0642886371812879,1.0636663436889648
379,1.2412666299783068,0.06770445729309196,2.9746835443037978,1.062487369693842,1.0123199447289206,1.033852228646546,,1.0623342796952873,1.0623792864574495,1.062489663878381,1.0618427991867065
379,1.2412666299783068,0.06770445729309196,3.037974683544304,1.0607870776734114,1.0115643659269655,1.033852228646546,,1.0606441974713778,1.0606592967522162,1.0607946688287078,1.0601271390914917
379,1.2412666299783068,0.06770445729309196,3.1012658227848102,1.0591844182604673,1.0108551283657536,1.033852228646546,,1.0590527176920637,1.059038934422398,1.0591966539875304,1.0585174560546875
379,1.2412666299783068,0.06770445729309196,3.1645569620253164,1.057674193865916,1.010189381659214,1.033852228646546,,1.0575540269497343,1.057514579412339,1.0576889366505453,1.0570067167282104
379,1.2412666299783068,0.06770445729309196,3.227848101265823,1.0562514317141436,1.0095644676322695,1.033852228646546,,1.056142479925434,1.056082636264723,1.0562656071229823,1.0555888414382935
379,1.2412666299783068,0.06770445729309196,3.2911392405063293,1.0549113812255704,1.00897788386668,1.033852228646546,,1.054812878170044,1.05473932913441,1.0549217302976361,1.054258942604065
379,1.2412666299783068,0.06770445729309196,3.3544303797468356,1.0536495102337082,1.008427269700958,1.033852228646546,,1.0535599945363836,1.053480513201164,1.0536533824349823,1.0530116558074951
379,1.2412666299783068,0.06770445729309196,3.417721518987342,1.0524615002605866,1.0079104241602417,1.033852228646546,,1.052378897057347,1.0523017074674406,1.0524574723197748,1.0518423318862915
379,1.2412666299783068,0.06770445729309196,3.4810126582278484,1.0513432410530776,1.0074252827525783,1.033852228646546,,1.0512651088351133,1.0511980824592166,1.0513313959204336,1.050746202468872
379,1.2412666299783068,0.06770445729309196,3.5443037974683547,1.050290824547446,1.006969890406294,1.033852228646546,,1.0502143415591318,1.0501647308077267,1.0502726078454578,1.0497186183929443
379,1.2412666299783068,0.06770445729309196,3.607594936708861,1.0493005383978509,1.0065424247117376,1.033852228646546,,1.0492226348967149,1.0491963802688329,1.049278390684168,1.0487529039382935
379,1.2412666299783068,0.06770445729309196,3.670886075949367,1.0483688592014417,1.0061411824764843,1.033852228646546,,1.048286319595527,1.0482879594848389,1.0483456130510092,1.0478487014770508
379,1.2412666299783068,0.06770445729309196,3.7341772151898738,1.0474924455170618,1.0057645445349122,1.033852228646546,,1.047402087178882,1.0474343479013684,1.0474707578703777,1.0470008850097656
379,1.2412666299783068,0.06770445729309196,3.79746835443038,1.0466681307632257,1.0054110023608467,1.033852228646546,,1.046566948948509,1.0466307611413543,1.04664998072689,1.0462056398391724
379,1.2412666299783068,0.06770445729309196,3.8607594936708862,1.045892916067688,1.0050791495561855,1.033852228646546,,1.0457780637961753,1.0458726075147238,1.0458793679500604,1.0454597473144531
379,1.2412666299783068,0.06770445729309196,3.924050632911393,1.0451639631330307,1.0047676464367856,1.033852228646546,,1.0450329800873597,1.045155729902071,1.0451550630620738,1.0447583198547363
379,1.2412666299783068,0.06770445729309196,3.987341772151899,1.044478587164698,1.004475244932124,1.033852228646546,,1.0443294142761954,1.0444763770565955,1.0444735106670613,1.0441007614135742
379,1.2412666299783068,0.06770445729309196,4.050632911392405,1.0438342499023692,1.0042007805349416,1.033852228646546,,1.0436652796035335,1.043831228202441,1.0438315340923316,1.0434833765029907
379,1.2412666299783068,0.06770445729309196,4.113924050632912,1.0432285527878415,1.003943147988127,1.033852228646546,,1.043038702495835,1.0432173889349718,1.0432264158094173,1.0429033041000366
379,1.2412666299783068,0.06770445729309196,4.177215189873418,1.0426592302957494,1.003701313646741,1.033852228646546,,1.0424479323712597,1.0426325019133025,1.0426558844060003,1.0423585176467896
379,1.2412666299783068,0.06770445729309196,4.2405063291139244,1.0421241434476132,1.003474313292726,1.033852228646546,,1.0418915261272128,1.0420745172757933,1.0421180774892314,1.0418466329574585
379,1.2412666299783068,0.06770445729309196,4.30379746835443,1.0416212735247674,1.003261235079266,1.033852228646546,,1.041367942267742,1.041541864828428,1.0416114357647428,1.0413622856140137
379,1.2412666299783068,0.06770445729309196,4.367088607594937,1.041148715991586,1.003061222949171,1.033852228646546,,1.0408758360836108,1.0410333228536695,1.0411346651961177,1.0409084558486938
379,1.2412666299783068,0.06770445729309196,4.4303797468354436,1.0407046746369741,1.0028734785260558,1.033852228646546,,1.040414051452855,1.0405479320162703,1.040686602424282,1.0404809713363647
379,1.2412666299783068,0.06770445729309196,4.493670886075949,1.040287455939181,1.0026972495325737,1.033852228646546,,1.0399813420595974,1.0400850609588452,1.0402661746218753,1.0400785207748413
379,1.2412666299783068,0.06770445729309196,4.556962025316456,1.0398954636565283,1.0025318269903039,1.033852228646546,,1.039576625576892,1.0396443079085131,1.039872304654026,1.0396991968154907
379,1.2412666299783068,0.06770445729309196,4.620253164556963,1.0395271936444077,1.0023765498420287,1.033852228646546,,1.0391989590683848,1.039225422782154,1.0395039283956768,1.0393415689468384
379,1.2412666299783068,0.06770445729309196,4.6835443037974684,1.039181228896802,1.0022307974595663,1.033852228646546,,1.0388472684065766,1.0388283276850252,1.0391599396329818,1.0390055179595947
379,1.2412666299783068,0.06770445729309196,4.746835443037975,1.0388562348083545,1.0020939826732689,1.033852228646546,,1.0385206926495785,1.03845305131519,1.0388391830928039,1.0386879444122314
379,1.2412666299783068,0.06770445729309196,4.810126582278482,1.0385509546524065,1.0019655581255607,1.033852228646546,,1.0382182888610363,1.038099675667114,1.0385404544487271,1.0383883714675903
379,1.2412666299783068,0.06770445729309196,4.8734177215189876,1.0382642052838946,1.0018450118018432,1.033852228646546,,1.0379392452957406,1.0377683729291745,1.0382625593272132,1.038105845451355
379,1.2412666299783068,0.06770445729309196,4.936708860759494,1.0379948730428505,1.001731857419132,1.033852228646546,,1.03768266001457,1.0374593275889195,1.0380042592635623,1.037839412689209
379,1.2412666299783068,0.06770445729309196,5.0,1.0377419098614338,1.0016256417667262,1.033852228646546,,1.0374478114662273,1.0371726503388774,1.037764339344071,1.0375880002975464
384,1.0775885945748453,0.1502809888175994,0.0,1.0775885945748453,1.0775885945748453,1.0751404944087997,,1.078647097073157,1.0784869311339353,1.0776468825119885,1.0775885581970215
384,1.0775885945748453,0.1502809888175994,0.06329113924050633,1.1250214334861384,1.072830146938672,1.0751404944087997,,1.1259591336355264,1.125550245684384,1.1250309579392401,1.12124764919281
384,1.0775885945748453,0.1502809888175994,0.12658227848101267,1.1638876856896867,1.0683634884134285,1.0751404944087997,,1.1647233107058568,1.1641561590870946,1.1639797050598262,1.1596497297286987
384,1.0775885945748453,0.1502809888175994,0.189873417721519,1.195385410544989,1.0641707289819724,1.0751404944087997,,1.1961217219959424,1.1955704322065486,1.195428577937497,1.1924138069152832
384,1.0775885945748453,0.1502809888175994,0.25316455696202533,1.2205592110646963,1.0602351754779076,1.0751404944087997,,1.2212119546714397,1.22086646279123,1.2205953647751142,1.2193673849105835
384,1.0775885945748453,0.1502809888175994,0.31645569620253167,1.2403191547762675,1.0565409697252097,1.0751404944087997,,1.2409091735611375,1.2408503507315234,1.2403831892945536,1.2406816482543945
384,1.0775885945748453,0.1502809888175994,0.379746835443038,1.255457403539683,1.0530732953021193,1.0751404944087997,,1.2559940725702574,1.2561494356836571,1.2555244219075203,1.2568514347076416
384,1.0775885945748453,0.1502809888175994,0.44303797468354433,1.26666282724747,1.0498183301736714,1.0751404944087997,,1.2671361201114477,1.2673309389616894,1.2667067585197258,1.2685585021972656
384,1.0775885945748453,0.1502809888175994,0.5063291139240507,1.2745338434954794,1.0467629911875134,1.0751404944087997,,1.2749178048682592,1.2749884021031321,1.274561154622363,1.2765079736709595
384,1.0775885945748453,0.1502809888175994,0.569620253164557,1.2795896963830222,1.0438950074853606,1.0751404944087997,,1.2798532157410478,1.279755101163523,1.2796215555880976,1.2813221216201782
384,1.0775885945748453,0.1502809888175994,0.6329113924050633,1.2822803621400611,1.04120293436339,1.0751404944087997,,1.2824000294378433,1.282234171032848,1.2823220081237134,1.2834917306900024
384,1.0775885945748453,0.1502809888175994,0.6962025316455697,1.2829952468134738,1.0386759781515424,1.0751404944087997,,1.282965660059269,1.2829029014953064,1.2830286370643718,1.2834645509719849
384,1.0775885945748453,0.1502809888175994,0.759493670886076,1.282070821486669,1.0363039762322046,1.0751404944087997,,1.2819091449712496,1.2820697065337678,1.2820753630488602,1.2817113399505615
384,1.0775885945748453,0.1502809888175994,0.8227848101265823,1.2797973230967112,1.0340774523569645,1.0751404944087997,,1.2795405708437535,1.2799162694850865,1.27977458121228,1.278684139251709
384,1.0775885945748453,0.1502809888175994,0.8860759493670887,1.2764246335782767,1.031987501740738,1.0751404944087997,,1.2761213360330812,1.2765842439880157,1.276399033035971,1.274756908416748
384,1.0775885945748453,0.1502809888175994,0.949367088607595,1.2721674365607183,1.0300257078110466,1.0751404944087997,,1.2718662660390785,1.272246048004798,1.2721614344212666,1.2701587677001953
384,1.0775885945748453,0.1502809888175994,1.0126582278481013,1.2672097389502457,1.028184224218818,1.0751404944087997,,1.2669486807631092,1.2671230337947395,1.2672212642347047,1.2650331258773804
384,1.0775885945748453,0.1502809888175994,1.0759493670886076,1.2617088342641507,1.0264557045517302,1.0751404944087997,,1.2615081347856072,1.2614552647541948,1.2617159160386988,1.259514570236206
384,1.0775885945748453,0.1502809888175994,1.139240506329114,1.2557987753546336,1.0248331783087825,1.0751404944087997,,1.255659190773895,1.2554521875460667,1.2557847443597592,1.253738284111023
384,1.0775885945748453,0.1502809888175994,1.2025316455696204,1.2495934160434752,1.0233101487104934,1.0751404944087997,,1.2494991597597347,1.2492567349227715,1.2495645764126606,1.247792363166809
384,1.0775885945748453,0.1502809888175994,1.2658227848101267,1.2431890740436289,1.021880555030245,1.0751404944087997,,1.2431144311120716,1.242940996418456,1.2431673639333944,1.2417234182357788
384,1.0775885945748453,0.1502809888175994,1.3291139240506329,1.2366668612441931,1.0205386243982946,1.0751404944087997,,1.2365838999056966,1.2365311118687499,1.2366683689947564,1.235562801361084
384,1.0775885945748453,0.1502809888175994,1.3924050632911393,1.230094721863616,1.0192789820629025,1.0751404944087997,,1.2299803280293742,1.2300448740726866,1.230116975134874,1.2293401956558228
384,1.0775885945748453,0.1502809888175994,1.4556962025316458,1.2235292141647078,1.0180966142795984,1.0751404944087997,,1.2233700162079801,1.2235189919525107,1.2235562062753786,1.2230852842330933
384,1.0775885945748453,0.1502809888175994,1.518987341772152,1.2170170670957134,1.0169867537761503,1.0751404944087997,,1.2168113445010147,1.2170135838503924,1.2170334257686388,1.2168316841125488
384,1.0775885945748453,0.1502809888175994,1.5822784810126582,1.2105965393661156,1.0159449507351381,1.0751404944087997,,1.2103535505850647,1.2105953440646426,1.2105977726703883,1.2106151580810547
384,1.0775885945748453,0.1502809888175994,1.6455696202531647,1.2042986052748021,1.014967053746632,1.0751404944087997,,1.2040355490334986,1.2043165604659685,1.2042916115861344,1.2044651508331299
384,1.0775885945748453,0.1502809888175994,1.708860759493671,1.1981479886019761,1.0140491297581284,1.0751404944087997,,1.197885636136392,1.1982038976545795,1.1981442462588963,1.1984130144119263
384,1.0775885945748453,0.1502809888175994,1.7721518987341773,1.1921640632355244,1.0131874934597365,1.0751404944087997,,1.1919223508424148,1.192263201835872,1.1921719841777851,1.1924856901168823
384,1.0775885945748453,0.1502809888175994,1.8354430379746836,1.1863616371125758,1.012378707464713,1.0751404944087997,,1.1861558112686206,1.1864923739515274,1.186382300163829,1.1867032051086426
384,1.0775885945748453,0.1502809888175994,1.89873417721519,1.1807516338431738,1.0116195269796229,1.0751404944087997,,1.180589797359873,1.1808930866886436,1.1807791719807372,1.181087613105774
384,1.0775885945748453,0.1502809888175994,1.9620253164556964,1.175341684793006,1.0109068998611177,1.0751404944087997,,1.1752238909443975,1.1754742610450764,1.1753669056523774,1.175653100013733
384,1.0775885945748453,0.1502809888175994,2.0253164556962027,1.1701366427985553,1.0102379799418195,1.0751404944087997,,1.1700555419943144,1.1702491104289559,1.1701515048893656,1.1704074144363403
384,1.0775885945748453,0.1502809888175994,2.088607594936709,1.1651390272766906,1.0096100902611467,1.0751404944087997,,1.1650817003155038,1.1652295650350255,1.1651399791647448,1.1653622388839722
384,1.0775885945748453,0.1502809888175994,2.151898734177215,1.1603494093849769,1.0090207030649256,1.0751404944087997,,1.1602998978745513,1.1604222459163813,1.160338323024762,1.1605209112167358
384,1.0775885945748453,0.1502809888175994,2.2151898734177218,1.1557667447865845,1.0084674617210159,1.0751404944087997,,1.155708707967756,1.1558275179483957,1.1557498102969674,1.1558910608291626
384,1.0775885945748453,0.1502809888175994,2.278481012658228,1.151388660642096,1.0079481577443636,1.0751404944087997,,1.1513078682128273,1.1514412650088954,1.1513736176563159,1.1514660120010376
384,1.0775885945748453,0.1502809888175994,2.3417721518987342,1.1472117026573074,1.0074606976791587,1.0751404944087997,,1.1470976409920557,1.1472571858232006,1.1472047342693061,1.1472493410110474
384,1.0775885945748453,0.1502809888175994,2.405063291139241,1.1432315472946957,1.007003130232509,1.0751404944087997,,1.14307833788441,1.1432687208340633,1.1432349734215463,1.1432353258132935
384,1.0775885945748453,0.1502809888175994,2.468354430379747,1.1394431836244259,1.0065736334207565,1.0751404944087997,,1.1392497375048336,1.1394700894316598,1.139454741967856,1.1394203901290894
384,1.0775885945748453,0.1502809888175994,2.5316455696202533,1.1358410687390814,1.00617047347261,1.0751404944087997,,1.1356104479972726,1.135856080867702,1.1358548475830532,1.1357988119125366
384,1.0775885945748453,0.1502809888175994,2.5949367088607596,1.1324192601708303,1.0057920356352734,1.0751404944087997,,1.1321576036551553,1.132421623784493,1.1324280609051782,1.1323704719543457
384,1.0775885945748453,0.1502809888175994,2.6582278481012658,1.1291715283233303,1.0054368140452346,1.0751404944087997,,1.1288867460294145,1.1291612942481342,1.129169665458265,1.1291213035583496
384,1.0775885945748453,0.1502809888175994,2.7215189873417724,1.126091451553569,1.0051033755693672,1.0751404944087997,,1.1257920658121634,1.1260689221750895,1.1260769301270817,1.1260470151901245
384,1.0775885945748453,0.1502809888175994,2.7848101265822787,1.1231724962070138,1.0047903837936754,1.0751404944087997,,1.122866515579085,1.1231375708335705,1.123147981340858,1.123141884803772
384,1.0775885945748453,0.1502809888175994,2.848101265822785,1.1204080836326429,1.0044965918537594,1.0751404944087997,,1.1201022033628656,1.1203598730208435,1.1203802073286382,1.1203967332839966
384,1.0775885945748453,0.1502809888175994,2.9113924050632916,1.1177916459412456,1.0042208173975344,1.0751404944087997,,1.1174909010188836,1.1177282596228042,1.117768986173816,1.1178046464920044
384,1.0775885945748453,0.1502809888175994,2.9746835443037978,1.115316672033122,1.0039619536147315,1.0751404944087997,,1.1150243763027938,1.1152354843785557,1.1153071720150491,1.1153578758239746
384,1.0775885945748453,0.1502809888175994,3.037974683544304,1.1129767452528385,1.0037189680956011,1.0751404944087997,,1.1126946962500504,1.1128747653208633,1.1129853633639364,1.1130495071411133
384,1.0775885945748453,0.1502809888175994,3.1012658227848102,1.110765573857403,1.0034908853905906,1.0751404944087997,,1.1104942599736929,1.1106400143606563,1.1107929141878274,1.1108722686767578
384,1.0775885945748453,0.1502809888175994,3.1645569620253164,1.108677015280324,1.0032767888480736,1.0751404944087997,,1.108416186088197,1.1085259059573953,1.1087192689530543,1.1088188886642456
384,1.0775885945748453,0.1502809888175994,3.227848101265823,1.1067050951385269,1.0030758236292812,1.0751404944087997,,1.1064540052302276,1.1065277664265414,1.1067552389655908,1.1068823337554932
384,1.0775885945748453,0.1502809888175994,3.2911392405063293,1.1048440217008055,1.002887184985071,1.0751404944087997,,1.1046019880365014,1.1046413443550538,1.1048937849353795,1.105056643486023
384,1.0775885945748453,0.1502809888175994,3.3544303797468356,1.1030881965443007,1.0027101137536478,1.0751404944087997,,1.1028546675260253,1.1028626794102443,1.1031302379037804,1.1033347845077515
384,1.0775885945748453,0.1502809888175994,3.417721518987342,1.1014322219405792,1.002543902126619,1.0751404944087997,,1.101206970291241,1.1011879670489098,1.1014618682395272,1.1017115116119385
384,1.0775885945748453,0.1502809888175994,3.4810126582278484,1.0998709055128622,1.0023878861869349,1.0751404944087997,,1.0996541037556349,1.0996133043344882,1.099886969413079,1.100180745124817
384,1.0775885945748453,0.1502809888175994,3.5443037974683547,1.0983992625854497,1.0022414372058563,1.0751404944087997,,1.0981913306889572,1.0981347309342913,1.0984040109767843,1.098737359046936
384,1.0775885945748453,0.1502809888175994,3.607594936708861,1.0970125166119715,1.0021039691172418,1.0751404944087997,,1.0968142049413114,1.0967479790363854,1.0970107302308993,1.0973706245422363
384,1.0775885945748453,0.1502809888175994,3.670886075949367,1.0957060980140332,1.001974934193846,1.0751404944087997,,1.0955183090608642,1.0954486824354777,1.0957037474872213,1.0960835218429565
384,1.0775885945748453,0.1502809888175994,3.7341772151898738,1.094475641709756,1.001853811730484,1.0751404944087997,,1.0942992604434292,1.0942321633473062,1.0944783645459177,1.0948683023452759
384,1.0775885945748453,0.1502809888175994,3.79746835443038,1.0933169835794005,1.001740116602354,1.0751404944087997,,1.0931528568726454,1.0930936332950805,1.093328981845233,1.0937203168869019
384,1.0775885945748453,0.1502809888175994,3.8607594936708862,1.0922261560765811,1.0016333965278792,1.0751404944087997,,1.0920749678773085,1.0920282423061611,1.092249412734884,1.0926355123519897
384,1.0775885945748453,0.1502809888175994,3.924050632911393,1.0911993831656914,1.0015332206799297,1.0751404944087997,,1.091061567529158,1.091031033815103,1.091233506108393,1.0916118621826172
384,1.0775885945748453,0.1502809888175994,3.987341772151899,1.0902330747367686,1.0014391876932693,1.0751404944087997,,1.0901087713403868,1.090097059455908,1.0902755066444838,1.0906436443328857
384,1.0775885945748453,0.1502809888175994,4.050632911392405,1.0893238206315137,1.001350923075655,1.0751404944087997,,1.0892130453495277,1.0892215184526155,1.0893705030776373,1.0897281169891357
384,1.0775885945748453,0.1502809888175994,4.113924050632912,1.0884683843902005,1.0012680713890132,1.0751404944087997,,1.0883708084482961,1.0883996961234543,1.0885144203792676,1.0888621807098389
384,1.0775885945748453,0.1502809888175994,4.177215189873418,1.087663696813268,1.001190300224929,1.0751404944087997,,1.0875788157057165,1.0876271401689428,1.0877041787161499,1.0880430936813354
384,1.0775885945748453,0.1502809888175994,4.2405063291139244,1.0869068494166478,1.0011172995018796,1.0751404944087997,,1.0868340251271154,1.0868995704779771,1.0869375377647157,1.0872682332992554
384,1.0775885945748453,0.1502809888175994,4.30379746835443,1.086195087846967,1.0010487759803364,1.0751404944087997,,1.0861336816984488,1.0862130390170393,1.086212893975142,1.0865323543548584
384,1.0775885945748453,0.1502809888175994,4.367088607594937,1.085525805311619,1.0009844543620772,1.0751404944087997,,1.085474895114805,1.085563847835731,1.0855291125983688,1.0858378410339355
384,1.0775885945748453,0.1502809888175994,4.4303797468354436,1.0848965360690546,1.0009240778983686,1.0751404944087997,,1.0848554925228455,1.0849486187620703,1.0848853521773054,1.0851805210113525
384,1.0775885945748453,0.1502809888175994,4.493670886075949,1.0843049490163024,1.000867404665403,1.0751404944087997,,1.0842730079390182,1.0843643641227168,1.0842807790351086,1.0845584869384766
384,1.0775885945748453,0.1502809888175994,4.556962025316456,1.0837488414033831,1.0008142066638133,1.0751404944087997,,1.0837254734961483,1.0838084498454637,1.083714587508733,1.0839699506759644
384,1.0775885945748453,0.1502809888175994,4.620253164556963,1.083226132697707,1.0007642713051434,1.0751404944087997,,1.0832109028783072,1.0832784499190602,1.0831857900950328,1.0834131240844727
384,1.0775885945748453,0.1502809888175994,4.6835443037974684,1.0827348586186019,1.0007173990024496,1.0751404944087997,,1.0827274717086355,1.082772437473565,1.082693243220078,1.082886815071106
384,1.0775885945748453,0.1502809888175994,4.746835443037975,1.0822731653609945,1.0006734009286629,1.0751404944087997,,1.0822736897377212,1.082288690625201,1.0822355956847645,1.0823894739151
384,1.0775885945748453,0.1502809888175994,4.810126582278482,1.081839304006846,1.000632101059849,1.0751404944087997,,1.0818478781288814,1.0818258564652856,1.0818113188867902,1.08191978931427
384,1.0775885945748453,0.1502809888175994,4.8734177215189876,1.0814316251419942,1.000593334737962,1.0751404944087997,,1.0814486901230185,1.0813828034701936,1.0814187546961613,1.0814764499664307
384,1.0775885945748453,0.1502809888175994,4.936708860759494,1.0810485736695166,1.0005569455799537,1.0751404944087997,,1.0810749163017652,1.0809586993960996,1.0810561334983382,1.0810585021972656
384,1.0775885945748453,0.1502809888175994,5.0,1.0806886838321197,1.000522787838393,1.0751404944087997,,1.0807252406539487,1.080552994880084,1.0807216188229303,1.0806647539138794
386,1.2786604817227722,0.2604163007513904,0.0,1.2786604817227722,1.2786604817227722,1.130208150375695,,1.2798488700343715,1.280509548640309,1.2789381774916937,1.278660535812378
386,1.2786604817227722,0.2604163007513904,0.06329113924050633,1.3520106885518586,1.2615704529909137,1.130208150375695,,1.3522838960612413,1.35074397440189,1.3518079531391303,1.3450261354446411
386,1.2786604817227722,0.2604163007513904,0.12658227848101267,1.4110586026461476,1.2455283887783075,1.130208150375695,,1.411171812882237,1.4112277331077694,1.41109860418553,1.4019120931625366
386,1.2786604817227722,0.2604163007513904,0.189873417721519,1.4578470294264987,1.2304700368475978,1.130208150375695,,1.458212890533618,1.4589845240503916,1.4578760420411017,1.4488599300384521
386,1.2786604817227722,0.2604163007513904,0.25316455696202533,1.4941548958035529,1.2163354434669864,1.130208150375695,,1.4948369321074475,1.4948779621380288,1.4941298296326178,1.486029028892517
386,1.2786604817227722,0.2604163007513904,0.31645569620253167,1.521529912264512,1.203067653783842,1.130208150375695,,1.5223642124886552,1.5211973984455243,1.5214748726621419,1.5144951343536377
386,1.2786604817227722,0.2604163007513904,0.379746835443038,1.5413172726287814,1.1906134544199907,1.130208150375695,,1.5420729270024287,1.5400859715166813,1.5412076695255226,1.535853385925293
386,1.2786604817227722,0.2604163007513904,0.44303797468354433,1.554684867373753,1.1789232033508192,1.130208150375695,,1.5551807918561373,1.55309711569878,1.5545031726569387,1.5508782863616943
386,1.2786604817227722,0.2604163007513904,0.5063291139240507,1.5626454295133017,1.1679499122585595,1.130208150375695,,1.5628046700644747,1.5612598943327605,1.562428849436299,1.5598057508468628
386,1.2786604817227722,0.2604163007513904,0.569620253164557,1.5660759820587131,1.1576495101905202,1.130208150375695,,1.565930364688335,1.5652400368836403,1.5658936897724145,1.5636537075042725
386,1.2786604817227722,0.2604163007513904,0.6329113924050633,1.5657349119200017,1.147980893338883,1.130208150375695,,1.5653970070885657,1.5654881193387291,1.5656363902311201,1.5639922618865967
386,1.2786604817227722,0.2604163007513904,0.6962025316455697,1.562276956210292,1.138905296092351,1.130208150375695,,1.5618977128816913,1.5623818410043206,1.5622651317814054,1.5617417097091675
386,1.2786604817227722,0.2604163007513904,0.759493670886076,1.5562663526918685,1.1303862192729808,1.130208150375695,,1.555991618727463,1.55635760922407,1.5563127345838597,1.557069182395935
386,1.2786604817227722,0.2604163007513904,0.8227848101265823,1.5481883759567394,1.1223896288070563,1.130208150375695,,1.5481244465408275,1.547979021156657,1.548266838184699,1.5499958992004395
386,1.2786604817227722,0.2604163007513904,0.8860759493670887,1.53845945438472,1.114883543039094,1.130208150375695,,1.5386531674271766,1.5378882574565815,1.5385619324116828,1.5406720638275146
386,1.2786604817227722,0.2604163007513904,0.949367088607595,1.5274360395409758,1.1078377337357526,1.130208150375695,,1.5278718135401164,1.5266642318486943,1.5275589282755442,1.5295093059539795
386,1.2786604817227722,0.2604163007513904,1.0126582278481013,1.5154223790856352,1.1012240206287323,1.130208150375695,,1.516033813373892,1.514698221922791,1.5155480282870697,1.5170248746871948
386,1.2786604817227722,0.2604163007513904,1.0759493670886076,1.5026773261381485,1.0950160189792968,1.130208150375695,,1.5033686858365827,1.50217740464492,1.5027789072208184,1.5036824941635132
386,1.2786604817227722,0.2604163007513904,1.139240506329114,1.489420302075844,1.0891886941392845,1.130208150375695,,1.4900912892258202,1.4891707537595353,1.4894867202431854,1.489837646484375
386,1.2786604817227722,0.2604163007513904,1.2025316455696204,1.4758365156905595,1.0837187128377432,1.130208150375695,,1.4764033955225284,1.4757387483844566,1.4758876932894136,1.475746989250183
386,1.2786604817227722,0.2604163007513904,1.2658227848101267,1.4620815292271194,1.0785843078934496,1.130208150375695,,1.4624901154322232,1.4619991325722705,1.4621541333863977,1.4615837335586548
386,1.2786604817227722,0.2604163007513904,1.3291139240506329,1.4482852509759745,1.0737647459670225,1.130208150375695,,1.4485139947834895,1.448128620795217,1.448401591284543,1.4474865198135376
386,1.2786604817227722,0.2604163007513904,1.3924050632911393,1.4345554244804337,1.0692407235652495,1.130208150375695,,1.4346101276578338,1.4343219007123922,1.4347063356994272,1.4335458278656006
386,1.2786604817227722,0.2604163007513904,1.4556962025316458,1.4209806759817325,1.0649942337573797,1.130208150375695,,1.4208852380516679,1.4207396814763527,1.4211337366559826,1.4198342561721802
386,1.2786604817227722,0.2604163007513904,1.518987341772152,1.4076331741896393,1.061008154821028,1.130208150375695,,1.4074189261921863,1.4074767814871065,1.4077559944208033,1.406415343284607
386,1.2786604817227722,0.2604163007513904,1.5822784810126582,1.3945709501377885,1.0572665051770371,1.130208150375695,,1.3942685226097296,1.3945612100540994,1.394649757625526,1.3933274745941162
386,1.2786604817227722,0.2604163007513904,1.6455696202531647,1.3818399189719255,1.053754374980768,1.130208150375695,,1.3814743029857954,1.381980700805279,1.381882663273875,1.3806098699569702
386,1.2786604817227722,0.2604163007513904,1.708860759493671,1.3694756403481938,1.0504576386212174,1.130208150375695,,1.3690645882087988,1.3697178545150468,1.369501989281507,1.3682901859283447
386,1.2786604817227722,0.2604163007513904,1.7721518987341773,1.357504850040681,1.0473630602583104,1.130208150375695,,1.357060040884068,1.3577763773332479,1.357532855649453,1.356384515762329
386,1.2786604817227722,0.2604163007513904,1.8354430379746836,1.3459467908853686,1.0444582944712917,1.130208150375695,,1.3454767647246453,1.3461861644420363,1.345984524162164,1.3449053764343262
386,1.2786604817227722,0.2604163007513904,1.89873417721519,1.334814368314631,1.0417316875408664,1.130208150375695,,1.3343275836649486,1.334989656176801,1.3348589493670135,1.3338627815246582
386,1.2786604817227722,0.2604163007513904,1.9620253164556964,1.3241151521907457,1.0391722776531176,1.130208150375695,,1.323622468231994,1.3242225693267535,1.3241575966449437,1.3232591152191162
386,1.2786604817227722,0.2604163007513904,2.0253164556962027,1.3138522443121177,1.0367698427596,1.130208150375695,,1.3133677647974178,1.313902614696461,1.3138841451932315,1.3130953311920166
386,1.2786604817227722,0.2604163007513904,2.088607594936709,1.304025028508226,1.0345147685203546,1.130208150375695,,1.3035653100372495,1.304029628296992,1.3040432878157042,1.303367018699646
386,1.2786604817227722,0.2604163007513904,2.151898734177215,1.2946298180910973,1.032397976472243,1.130208150375695,,1.2942117257795065,1.294593606803545,1.2946379887090742,1.2940685749053955
386,1.2786604817227722,0.2604163007513904,2.2151898734177218,1.285660413741399,1.0304110027392142,1.130208150375695,,1.2852986157909128,1.2855831857831892,1.2856666873162417,1.2851943969726562
386,1.2786604817227722,0.2604163007513904,2.278481012658228,1.2771085832401377,1.028545915517472,1.130208150375695,,1.2768127461647216,1.27698929664803,1.2771218546796097,1.2767325639724731
386,1.2786604817227722,0.2604163007513904,2.3417721518987342,1.2689644730610499,1.026795196132299,1.130208150375695,,1.2687380623845712,1.2688050026662787,1.2689900347208263,1.2686710357666016
386,1.2786604817227722,0.2604163007513904,2.405063291139241,1.261216960605797,1.0251518364890069,1.130208150375695,,1.2610565912636036,1.2610231539205359,1.2612537758626874,1.261000394821167
386,1.2786604817227722,0.2604163007513904,2.468354430379747,1.2538539547780883,1.0236092929087655,1.130208150375695,,1.2537505236038928,1.253634517833976,1.2538941743725367,1.2537072896957397
386,1.2786604817227722,0.2604163007513904,2.5316455696202533,1.2468626516409929,1.022161338528648,1.130208150375695,,1.2468031325344586,1.2466272216079821,1.246893793886781,1.2467782497406006
386,1.2786604817227722,0.2604163007513904,2.5949367088607596,1.2402297510590115,1.0208021739422521,1.130208150375695,,1.2401994622647774,1.2399871949922583,1.2402385812297407,1.2401978969573975
386,1.2786604817227722,0.2604163007513904,2.6582278481012658,1.23394163949281,1.0195263908205057,1.130208150375695,,1.2339266560626447,1.2336994002018158,1.2339184892373276,1.233954906463623
386,1.2786604817227722,0.2604163007513904,2.7215189873417724,1.2279845434675827,1.0183288420464987,1.130208150375695,,1.2279734314895951,1.2277484714738027,1.2279265488291422,1.2280339002609253
386,1.2786604817227722,0.2604163007513904,2.7848101265822787,1.2223446576686485,1.0172047278713743,1.130208150375695,,1.2223299492097583,1.2221192398320853,1.2222569500889655,1.222424030303955
386,1.2786604817227722,0.2604163007513904,2.848101265822785,1.2170082511227198,1.0161495701648602,1.130208150375695,,1.2169867962584842,1.2167969626717503,1.2169025658675816,1.2171086072921753
386,1.2786604817227722,0.2604163007513904,2.9113924050632916,1.2119617544588652,1.0151591224935281,1.130208150375695,,1.2119348466517526,1.211767061376816,1.211853171127749,1.2120753526687622
386,1.2786604817227722,0.2604163007513904,2.9746835443037978,1.2071918309088812,1.0142294097334046,1.130208150375695,,1.2071643184498186,1.2070153017080556,1.2070946371901663,1.207311749458313
386,1.2786604817227722,0.2604163007513904,3.037974683544304,1.2026854333479489,1.0133567239709707,1.130208150375695,,1.202664626167175,1.2025276626118535,1.2026094495034116,1.2028026580810547
386,1.2786604817227722,0.2604163007513904,3.1012658227848102,1.198429849325478,1.0125375618660377,1.130208150375695,,1.1984246103570544,1.1982903280207577,1.1983783387919724,1.198538899421692
386,1.2786604817227722,0.2604163007513904,3.1645569620253164,1.1944127359034287,1.0117686312519432,1.130208150375695,,1.1944321768357826,1.1942899902330033,1.194382256109457,1.1945078372955322
386,1.2786604817227722,0.2604163007513904,3.227848101265823,1.1906221457477917,1.0110468619637527,1.130208150375695,,1.1906745426661742,1.190513817114725,1.1906043734828706,1.1906980276107788
386,1.2786604817227722,0.2604163007513904,3.2911392405063293,1.187046545843344,1.0103693637340774,1.130208150375695,,1.1871387281243262,1.1869494848977447,1.1870310885981752,1.187094807624817
386,1.2786604817227722,0.2604163007513904,3.3544303797468356,1.1836748299333972,1.0097334100231266,1.130208150375695,,1.183811507502939,1.1835854815590938,1.1836523565429697,1.1836930513381958
386,1.2786604817227722,0.2604163007513904,3.417721518987342,1.1804963257128995,1.0091364587275196,1.130208150375695,,1.1806798600808768,1.1804108116409366,1.1804611123497328,1.1804804801940918
386,1.2786604817227722,0.2604163007513904,3.4810126582278484,1.1775007975992446,1.0085761253802366,1.130208150375695,,1.1777312079071183,1.177415234034521,1.1774518037154267,1.177448034286499
386,1.2786604817227722,0.2604163007513904,3.5443037974683547,1.1746784458479604,1.0080501518935612,1.130208150375695,,1.1749534649974354,1.174589056994014,1.174619218346878,1.174586296081543
386,1.2786604817227722,0.2604163007513904,3.607594936708861,1.1720199026395077,1.007556433403044,1.130208150375695,,1.1723352669188973,1.1719231627348423,1.171957369407176,1.1718804836273193
386,1.2786604817227722,0.2604163007513904,3.670886075949367,1.169516225694407,1.0070930027389136,1.130208150375695,,1.169866003587657,1.1694090443312009,1.1694586742946882,1.169331431388855
386,1.2786604817227722,0.2604163007513904,3.7341772151898738,1.1671588898907714,1.006657989781493,1.130208150375695,,1.16753581926895,1.1670385925304427,1.167114060488002,1.1669278144836426
386,1.2786604817227722,0.2604163007513904,3.79746835443038,1.1649397772852128,1.006249652198533,1.130208150375695,,1.1653357601671341,1.164804194146438,1.1649131793951675,1.1646620035171509
386,1.2786604817227722,0.2604163007513904,3.8607594936708862,1.162851165894018,1.005866365614657,1.130208150375695,,1.1632574956445059,1.1626985516717492,1.1628451411782366,1.1625272035598755
386,1.2786604817227722,0.2604163007513904,3.924050632911393,1.160885717527007,1.0055065827084264,1.130208150375695,,1.1612935068085701,1.1607148677651786,1.160899194090502,1.1605130434036255
386,1.2786604817227722,0.2604163007513904,3.987341772151899,1.1590364649255644,1.0051688619711956,1.130208150375695,,1.1594368733264313,1.1588466074678192,1.1590654856829867,1.1586182117462158
386,1.2786604817227722,0.2604163007513904,4.050632911392405,1.1572967984207578,1.0048518584090311,1.130208150375695,,1.157681224228113,1.1570875351005625,1.1573351511660468,1.1568347215652466
386,1.2786604817227722,0.2604163007513904,4.113924050632912,1.1556604522912666,1.0045542954613107,1.130208150375695,,1.1560207953026842,1.1554318085577353,1.155701054397987,1.1551568508148193
386,1.2786604817227722,0.2604163007513904,4.177215189873418,1.1541214909714055,1.0042749792787382,1.130208150375695,,1.1544503553032404,1.1538738235176147,1.1541573260721139,1.1535794734954834
386,1.2786604817227722,0.2604163007513904,4.2405063291139244,1.1526742952377396,1.0040127961993512,1.130208150375695,,1.1529648533707013,1.1524082872374466,1.1526994588524269,1.1520968675613403
386,1.2786604817227722,0.2604163007513904,4.30379746835443,1.151313548477639,1.0037666930494356,1.130208150375695,,1.151559599421635,1.1510301037611947,1.1513239702805582,1.150708794593811
386,1.2786604817227722,0.2604163007513904,4.367088607594937,1.1500342231256797,1.0035356810917215,1.130208150375695,,1.1502304937327619,1.1497345092104085,1.1500280771225353,1.1494044065475464
386,1.2786604817227722,0.2604163007513904,4.4303797468354436,1.148831567337499,1.0033188382096765,1.130208150375695,,1.1489734611791425,1.1485169692911403,1.1488095144411625,1.1481823921203613
386,1.2786604817227722,0.2604163007513904,4.493670886075949,1.1477010919577855,1.0031152955306841,1.130208150375695,,1.1477847464142525,1.147373089100035,1.1476660949580824,1.1470386981964111
386,1.2786604817227722,0.2604163007513904,4.556962025316456,1.1466385578288387,1.0029242341919422,1.130208150375695,,1.1466608646733047,1.1462989493016373,1.1465956081599877,1.1459699869155884
386,1.2786604817227722,0.2604163007513904,4.620253164556963,1.14563996346714,1.0027448906791467,1.130208150375695,,1.1455984705821025,1.1452905526657495,1.1455957523925429,1.144972324371338
386,1.2786604817227722,0.2604163007513904,4.6835443037974684,1.1447015331421873,1.0025765481731228,1.130208150375695,,1.1445944237526142,1.1443443734303513,1.1446639553025666,1.1440452337265015
386,1.2786604817227722,0.2604163007513904,4.746835443037975,1.1438197053698327,1.002418528498968,1.130208150375695,,1.143645747785739,1.1434569760273345,1.1437973902020966,1.143181562423706
386,1.2786604817227722,0.2604163007513904,4.810126582278482,1.1429911218289286,1.00227019946428,1.130208150375695,,1.1427496876674326,1.1426251708719877,1.1429929834066166,1.1423804759979248
386,1.2786604817227722,0.2604163007513904,4.8734177215189876,1.1422126167029722,1.0021309696974443,1.130208150375695,,1.1419035211814377,1.141845940567977,1.1422475555628717,1.1416393518447876
386,1.2786604817227722,0.2604163007513904,4.936708860759494,1.1414812064888287,1.0020002775465922,1.130208150375695,,1.1411047392971072,1.141116513702366,1.141557664058299,1.1409560441970825
386,1.2786604817227722,0.2604163007513904,5.0,1.1407940802476986,1.0018775995580695,1.130208150375695,,1.140351005172172,1.1404342746517018,1.1409199411009319,1.1403276920318604
391,0.3188496410265535,0.040676570098572104,0.0,0.3188496410265535,0.3188496410265535,1.0203382850492861,,0.31878365420058097,0.3188860488892097,0.31889272297458787,0.3188496530056
391,0.3188496410265535,0.040676570098572104,0.06329113924050633,0.37475112425148355,0.36062405817248055,1.0203382850492861,,0.37521828021223314,0.37674035987587207,0.37470647580836025,0.3727666139602661
391,0.3188496410265535,0.040676570098572104,0.12658227848101267,0.42569285158495523,0.3998368583856281,1.0203382850492861,,0.42578603822199523,0.4263998159936151,0.42569644326010625,0.42258134484291077
391,0.3188496410265535,0.040676570098572104,0.189873417721519,0.47216107627632736,0.4366450981465782,1.0203382850492861,,0.47189880733175316,0.47193416334531546,0.47217630933525473,0.4684651792049408
391,0.3188496410265535,0.040676570098572104,0.25316455696202533,0.5145905816634296,0.4711953267818839,1.0203382850492861,,0.5141496371122256,0.514508838467082,0.5145982560411668,0.51064532995224
391,0.3188496410265535,0.040676570098572104,0.31645569620253167,0.5533704117280777,0.503626763236684,1.0203382850492861,,0.5528184566689368,0.5536069482478357,0.5533661610766365,0.5493940114974976
391,0.3188496410265535,0.040676570098572104,0.379746835443038,0.5888489441685085,0.5340694808942666,1.0203382850492861,,0.5881643357153645,0.5890134048054413,0.5888306345511345,0.5849939584732056
391,0.3188496410265535,0.040676570098572104,0.44303797468354433,0.6213383826950373,0.5626448234151213,1.0203382850492861,,0.6205038056864722,0.621352743585404,0.6213090608744772,0.6177145838737488
391,0.3188496410265535,0.040676570098572104,0.5063291139240507,0.6511187362266929,0.5894676478084556,1.0203382850492861,,0.6501774715923203,0.651207781249137,0.6510885902410493,0.6478031873703003
391,0.3188496410265535,0.040676570098572104,0.569620253164557,0.6784413447056249,0.6146456799529467,1.0203382850492861,,0.6774934686345957,0.6786536575249069,0.6784210499138368,0.6754909753799438
391,0.3188496410265535,0.040676570098572104,0.6329113924050633,0.7035320042251947,0.638279392916312,1.0203382850492861,,0.7026913846417522,0.7036413397222909,0.7035248208535893,0.7010018825531006
391,0.3188496410265535,0.040676570098572104,0.6962025316455697,0.7265937379764839,0.6604635443401373,1.0203382850492861,,0.7259409153597748,0.7263445905127671,0.7265948412244363,0.7245376110076904
391,0.3188496410265535,0.040676570098572104,0.759493670886076,0.7478092540582891,0.6812873518558711,1.0203382850492861,,0.7473652164759794,0.747129826764164,0.7478115968721349,0.746253252029419
391,0.3188496410265535,0.040676570098572104,0.8227848101265823,0.7673431263808742,0.7008340074589717,1.0203382850492861,,0.7670719631225789,0.7663656955937735,0.7673437113407465,0.7662603855133057
391,0.3188496410265535,0.040676570098572104,0.8860759493670887,0.7853437306473923,0.7191816862676985,1.0203382850492861,,0.7851787025654429,0.7842973276559236,0.7853451277160174,0.7846586108207703
391,0.3188496410265535,0.040676570098572104,0.949367088607595,0.8019449636516595,0.736404277381304,1.0203382850492861,,0.8018208896617258,0.8010351202990844,0.8019508265485369,0.8015486001968384
391,0.3188496410265535,0.040676570098572104,1.0126582278481013,0.8172677708275119,0.7525706639071053,1.0203382850492861,,0.8171461472472759,0.8166088211153719,0.8172767808823307,0.81704181432724
391,0.3188496410265535,0.040676570098572104,1.0759493670886076,0.8314215040710624,0.7677453400071222,1.0203382850492861,,0.8312997203184391,0.8310310080558078,0.8314274300966246,0.8312500715255737
391,0.3188496410265535,0.040676570098572104,1.139240506329114,0.8445051292867592,0.7819894997174852,1.0203382850492861,,0.8444101433994742,0.8443351676601387,0.8445031564515217,0.8442858457565308
391,0.3188496410265535,0.040676570098572104,1.2025316455696204,0.8566083008407475,0.7953601782725734,1.0203382850492861,,0.8565809099048487,0.8565830909576334,0.8565993177254562,0.8562670350074768
391,0.3188496410265535,0.040676570098572104,1.2658227848101267,0.8678123181034157,0.8079105827981922,1.0203382850492861,,0.8678894554078659,0.867857772746362,0.8678016183632858,0.8673098683357239
391,0.3188496410265535,0.040676570098572104,1.3291139240506329,0.8781909774897656,0.8196913933242782,1.0203382850492861,,0.8783925200787139,0.8782519815646928,0.8781841746766161,0.8775220513343811
391,0.3188496410265535,0.040676570098572104,1.3924050632911393,0.8878113318667877,0.8307497948023569,1.0203382850492861,,0.8881342825354527,0.8878569608539344,0.887810312543205,0.8870002031326294
391,0.3188496410265535,0.040676570098572104,1.4556962025316458,0.8967343678109855,0.8411298029008414,1.0203382850492861,,0.897154067323779,0.8967559021988742,0.8967372997799967,0.8958228826522827
391,0.3188496410265535,0.040676570098572104,1.518987341772152,0.9050156099739752,0.8508732695079805,1.0203382850492861,,0.9054919697373663,0.905021567488277,0.9050201794066846,0.9040505290031433
391,0.3188496410265535,0.040676570098572104,1.5822784810126582,0.9127056607511034,0.8600192595758764,1.0203382850492861,,0.9131913976462982,0.912714485036641,0.9127109825063077,0.9117317199707031
391,0.3188496410265535,0.040676570098572104,1.6455696202531647,0.9198506825392175,0.8686042183370472,1.0203382850492861,,0.9202990386992813,0.9198835891410302,0.9198573223450455,0.9189024567604065
391,0.3188496410265535,0.040676570098572104,1.708860759493671,0.9264928289397236,0.8766626740637357,1.0203382850492861,,0.9268636468055554,0.9265684175327523,0.9265019492475822,0.9255951642990112
391,0.3188496410265535,0.040676570098572104,1.7721518987341773,0.9326706306550446,0.8842269800957185,1.0203382850492861,,0.9329338938798948,0.9328009316544942,0.9326825784301936,0.9318380951881409
391,0.3188496410265535,0.040676570098572104,1.8354430379746836,0.9384193410370776,0.891327313255009,1.0203382850492861,,0.9385565331665788,0.9386079108987174,0.9384328627820545,0.9376574158668518
391,0.3188496410265535,0.040676570098572104,1.89873417721519,0.9437712458067854,0.8979921595868338,1.0203382850492861,,0.9437750873279426,0.9440132484526951,0.9437839592760253,0.9430801868438721
391,0.3188496410265535,0.040676570098572104,1.9620253164556964,0.9487559408246464,0.9042483138611294,1.0203382850492861,,0.9486289137074693,0.9490395747889298,0.9487653283660205,0.9481320977210999
391,0.3188496410265535,0.040676570098572104,2.0253164556962027,0.9534005814563628,0.9101207625844436,1.0203382850492861,,0.9531526795652102,0.9537092415987415,0.9534047952832104,0.952833890914917
391,0.3188496410265535,0.040676570098572104,2.088607594936709,0.9577301066075435,0.9156330067967224,1.0203382850492861,,0.9573767884490062,0.9580448629557399,0.9577286525992602,0.9572134017944336
391,0.3188496410265535,0.040676570098572104,2.151898734177215,0.9617674401714281,0.9208072376547412,1.0203382850492861,,0.9613274293911668,0.9620696596925798,0.961761421560946,0.9612909555435181
391,0.3188496410265535,0.040676570098572104,2.2151898734177218,0.9655336723364436,0.9256641440347074,1.0203382850492861,,0.9650270688752635,0.9658069182374892,0.9655252211324465,0.9650916457176208
391,0.3188496410265535,0.040676570098572104,2.278481012658228,0.9690482229103837,0.9302231142293813,1.0203382850492861,,0.9684950903929617,0.9692798676225693,0.9690397730553669,0.9686309099197388
391,0.3188496410265535,0.040676570098572104,2.3417721518987342,0.9723289885807794,0.9345025266896645,1.0203382850492861,,0.9717483028097075,0.9725111301208768,0.9723227052227722,0.9719306230545044
391,0.3188496410265535,0.040676570098572104,2.405063291139241,0.9753924758140751,0.9385195118180529,1.0203382850492861,,0.974801260143143,0.9755220488918043,0.9753895980601457,0.9750067591667175
391,0.3188496410265535,0.040676570098572104,2.468354430379747,0.978253920909593,0.9422900648111281,1.0203382850492861,,0.977667147103335,0.9783325239921508,0.978254517337048,0.9778764843940735
391,0.3188496410265535,0.040676570098572104,2.5316455696202533,0.980927398554124,0.9458294064490079,1.0203382850492861,,0.9803575249099319,0.9809605860048992,0.9809308128018353,0.9805551767349243
391,0.3188496410265535,0.040676570098572104,2.5949367088607596,0.9834259200744818,0.9491517126483203,1.0203382850492861,,0.9828831020401396,0.9834221254574812,0.9834311316070941,0.9830540418624878
391,0.3188496410265535,0.040676570098572104,2.6582278481012658,0.9857615224513766,0.9522702033865423,1.0203382850492861,,0.9852536522342564,0.9857310650101537,0.9857675744481162,0.9853895306587219
391,0.3188496410265535,0.040676570098572104,2.7215189873417724,0.9879453490448449,0.9551974601409242,1.0203382850492861,,0.9874783178751957,0.9878992364643016,0.9879519181393205,0.9875720739364624
391,0.3188496410265535,0.040676570098572104,2.7848101265822787,0.9899877228751445,0.9579452152914388,1.0203382850492861,,0.9895656591851648,0.9899367497375318,0.9899951194763034,0.9896126389503479
391,0.3188496410265535,0.040676570098572104,2.848101265822785,0.9918982132168845,0.9605244150621691,1.0203382850492861,,0.9915236624251126,0.9918519928636742,0.9919071412593197,0.9915215373039246
391,0.3188496410265535,0.040676570098572104,2.9113924050632916,0.993685696169643,0.9629454393233657,1.0203382850492861,,0.9933599940775714,0.9936521485579148,0.9936969694995444,0.993307888507843
391,0.3188496410265535,0.040676570098572104,2.9746835443037978,0.9953584098002426,0.9652180047634343,1.0203382850492861,,0.9950817220654751,0.9953433828040656,0.995372510394012,0.9949804544448853
391,0.3188496410265535,0.040676570098572104,3.037974683544304,0.9969240044215242,0.9673511749090639,1.0203382850492861,,0.9966955945333419,0.9969310580401765,0.9969407018819904,0.9965468049049377
391,0.3188496410265535,0.040676570098572104,3.1012658227848102,0.9983895884417386,0.9693535132326003,1.0203382850492861,,0.9982079496533618,0.9984201513303085,0.998407916541054,0.9980147480964661
391,0.3188496410265535,0.040676570098572104,3.1645569620253164,0.9997617702459137,0.9712330670200708,1.0203382850492861,,0.9996246254314848,0.9998152707634279,0.9997801761759673,0.9993906617164612
391,0.3188496410265535,0.040676570098572104,3.227848101265823,1.0010466964841485,0.9729973409016023,1.0203382850492861,,1.0009513204830693,1.0011209342345886,1.0010633360487302,1.000680685043335
391,0.3188496410265535,0.040676570098572104,3.2911392405063293,1.0022500870948585,0.9746533997712797,1.0203382850492861,,1.0021930938666426,1.0023415530460396,1.002263294101644,1.0018894672393799
391,0.3188496410265535,0.040676570098572104,3.3544303797468356,1.0033772673907289,0.9762079083108053,1.0203382850492861,,1.0033549554440517,1.0034816696911744,1.0033859561163938,1.0030244588851929
391,0.3188496410265535,0.040676570098572104,3.417721518987342,1.00443319747805,0.9776670803713257,1.0203382850492861,,1.0044414149109044,1.0045456872727951,1.0044370859431115,1.0040894746780396
391,0.3188496410265535,0.040676570098572104,3.4810126582278484,1.0054224992293805,0.9790367444812844,1.0203382850492861,,1.005456776976644,1.0055382384782077,1.0054221383805844,1.0050894021987915
391,0.3188496410265535,0.040676570098572104,3.5443037974683547,1.006349481090749,0.9803224202506002,1.0203382850492861,,1.0064051413645503,1.006463824803573,1.0063461468088206,1.0060282945632935
391,0.3188496410265535,0.040676570098572104,3.607594936708861,1.0072181608602113,0.9815292527550243,1.0203382850492861,,1.0072902388228073,1.0073268329528,1.0072135298188827,1.0069077014923096
391,0.3188496410265535,0.040676570098572104,3.670886075949367,1.008032286647668,0.9826620504926478,1.0203382850492861,,1.008115734504027,1.008131723424817,1.0080280643387383,1.0077346563339233
391,0.3188496410265535,0.040676570098572104,3.7341772151898738,1.0087953561895655,0.9837253847347569,1.0203382850492861,,1.0088851049735503,1.008882768131281,1.0087930173994442,1.0085113048553467
391,0.3188496410265535,0.040676570098572104,3.79746835443038,1.0095106346425842,0.9847235143922618,1.0203382850492861,,1.0096015972122148,1.0095840503965785,1.0095111549000688,1.0092408657073975
391,0.3188496410265535,0.040676570098572104,3.8607594936708862,1.010181170992564,0.9856604100458861,1.0203382850492861,,1.0102683926052851,1.0102394895561646,1.0101848895788395,1.0099258422851562
391,0.3188496410265535,0.040676570098572104,3.924050632911393,1.0108098132051564,0.9865398539275596,1.0203382850492861,,1.010888508549095,1.0108527917598842,1.0108164915880047,1.0105687379837036
391,0.3188496410265535,0.040676570098572104,3.987341772151899,1.0113992222219665,0.9873653696231254,1.0203382850492861,,1.011464970639425,1.0114274253736315,1.0114081249764428,1.0111730098724365
391,0.3188496410265535,0.040676570098572104,4.050632911392405,1.0119518849003477,0.9881402448003821,1.0203382850492861,,1.0120006158847843,1.0119666127799043,1.0119619180873043,1.0117403268814087
391,0.3188496410265535,0.040676570098572104,4.113924050632912,1.0124701259855118,0.9888675998505437,1.0203382850492861,,1.0124982484958962,1.012473412372269,1.012480062708014,1.0122734308242798
391,0.3188496410265535,0.040676570098572104,4.177215189873418,1.0129561191931054,0.9895503529874439,1.0203382850492861,,1.0129606480851439,1.0129506365608953,1.0129647829830433,1.012774109840393
391,0.3188496410265535,0.040676570098572104,4.2405063291139244,1.013411897476757,0.9901912264171099,1.0203382850492861,,1.0133905122704456,1.0134008763708962,1.0134182977274537,1.0132447481155396
391,0.3188496410265535,0.040676570098572104,4.30379746835443,1.0138393625465298,0.9907927944896885,1.0203382850492861,,1.0137903992791277,1.01382651784122,1.01384281900244,1.013683795928955
391,0.3188496410265535,0.040676570098572104,4.367088607594937,1.0142402936983725,0.9913574740485823,1.0203382850492861,,1.014163080524127,1.014229807620224,1.014240513862705,1.0140976905822754
391,0.3188496410265535,0.040676570098572104,4.4303797468354436,1.014616356009402,0.9918875190912447,1.0203382850492861,,1.0145109502438387,1.0146128119684412,1.014613428466251,1.014486312866211
391,0.3188496410265535,0.040676570098572104,4.493670886075949,1.0149691079491892,0.9923850534671511,1.0203382850492861,,1.0148366732583949,1.0149774413569197,1.0149635055180766,1.0148508548736572
391,0.3188496410265535,0.040676570098572104,4.556962025316456,1.0153000084520845,0.99285207878314,1.0203382850492861,,1.015142627407297,1.0153255078633487,1.0152925368787848,1.0151927471160889
391,0.3188496410265535,0.040676570098572104,4.620253164556963,1.015610423489869,0.9932904613535792,1.0203382850492861,,1.0154312807239598,1.015658684174827,1.0156021524215322,1.0155138969421387
391,0.3188496410265535,0.040676570098572104,4.6835443037974684,1.0159016321888064,0.9937019533520752,1.0203382850492861,,1.0157050274467783,1.0159785527845397,1.0158938240226827,1.0158154964447021
391,0.3188496410265535,0.040676570098572104,4.746835443037975,1.0161748325193072,0.9940882124903906,1.0203382850492861,,1.0159661224235563,1.016286532196742,1.0161688661728863,1.016098141670227
391,0.3188496410265535,0.040676570098572104,4.810126582278482,1.0164311465953344,0.9944507840844178,1.0203382850492861,,1.0162168942971166,1.0165840573145817,1.0164284599922984,1.0163633823394775
391,0.3188496410265535,0.040676570098572104,4.8734177215189876,1.0166716256153168,0.9947911136677944,1.0203382850492861,,1.016459425726885,1.0168724728472942,1.0166736315220852,1.01661217212677
391,0.3188496410265535,0.040676570098572104,4.936708860759494,1.0168972544626882,0.9951105741283846,1.0203382850492861,,1.016695922363986,1.0171529759140774,1.016905316996584,1.016845464706421
391,0.3188496410265535,0.040676570098572104,5.0,1.0171089559725512,0.9954104449792794,1.0203382850492861,,1.0169282864800213,1.017426812830808,1.0171243440210869,1.017064094543457
395,0.6269989466874104,0.04912571855373068,0.0,0.6269989466874104,0.6269989466874104,1.0245628592768654,,0.6266859588074487,0.6272117401185975,0.627022675363316,0.6269989609718323
395,0.6269989466874104,0.04912571855373068,0.06329113924050633,0.6669359981629372,0.6498748086636612,1.0245628592768654,,0.6671601325075188,0.6671882074125368,0.6669234620745013,0.6650695204734802
395,0.6269989466874104,0.04912571855373068,0.12658227848101267,0.7025743099478414,0.6713479174863302,1.0245628592768654,,0.7028322183358495,0.7026361531697309,0.7026058257825993,0.6999510526657104
395,0.6269989466874104,0.04912571855373068,0.189873417721519,0.7343974144573986,0.6915042780028328,1.0245628592768654,,0.7344995304758372,0.7344317046539012,0.7344239275445764,0.7316732406616211
395,0.6269989466874104,0.04912571855373068,0.25316455696202533,0.7628330444182267,0.7104241412949599,1.0245628592768654,,0.7627755515190257,0.762890540557569,0.7628489967024572,0.7603294849395752
395,0.6269989466874104,0.04912571855373068,0.31645569620253167,0.7882596636201658,0.7281837442940896,1.0245628592768654,,0.788129814573169,0.7882996087125127,0.7882687827727742,0.7861042022705078
395,0.6269989466874104,0.04912571855373068,0.379746835443038,0.8110122275311257,0.7448543157800852,1.0245628592768654,,0.8109103697458035,0.8110224069835856,0.8110119388776,0.8092412352561951
395,0.6269989466874104,0.04912571855373068,0.44303797468354433,0.8313872649583336,0.760502304096662,1.0245628592768654,,0.8313747452544538,0.8313828955043334,0.8313790218992289,0.8299991488456726
395,0.6269989466874104,0.04912571855373068,0.5063291139240507,0.8496473611149105,0.7751906054676129,1.0245628592768654,,0.8497263037726761,0.8496187926293945,0.8496410713648536,0.8486197590827942
395,0.6269989466874104,0.04912571855373068,0.569620253164557,0.8660251129194492,0.7889782110770233,1.0245628592768654,,0.8661487457011781,0.8659315259629372,0.8660306283149976,0.8653156757354736
395,0.6269989466874104,0.04912571855373068,0.6329113924050633,0.8807266189563556,0.8019201404365089,1.0245628592768654,,0.8808265421886439,0.8805373641074014,0.8807440313971924,0.8802838921546936
395,0.6269989466874104,0.04912571855373068,0.6962025316455697,0.8939345591220613,0.8140682832641856,1.0245628592768654,,0.8939491168494794,0.8936626609844944,0.8939542404853643,0.8937082886695862
395,0.6269989466874104,0.04912571855373068,0.759493670886076,0.9058109124584361,0.8254714955432673,1.0245628592768654,,0.9057039746275957,0.9055061219821272,0.9058226611650994,0.9057561159133911
395,0.6269989466874104,0.04912571855373068,0.8227848101265823,0.9164993559254453,0.8361753335911278,1.0245628592768654,,0.9162652389701195,0.9162125493265314,0.9165014856314858,0.9165576696395874
395,0.6269989466874104,0.04912571855373068,0.8860759493670887,0.9261273817983018,0.8462226064602315,1.0245628592768654,,0.9257854687797273,0.9258802051852699,0.9261272674476348,0.9262189269065857
395,0.6269989466874104,0.04912571855373068,0.949367088607595,0.9348081669090093,0.8556537761594238,1.0245628592768654,,0.9343920178603735,0.9345873942729812,0.9348137223534443,0.9348472952842712
395,0.6269989466874104,0.04912571855373068,1.0126582278481013,0.9426422230168541,0.8645065633934612,1.0245628592768654,,0.9421893143634334,0.9424154387006374,0.9426531693783957,0.9425499439239502
395,0.6269989466874104,0.04912571855373068,1.0759493670886076,0.9497188541241794,0.8728162854605798,1.0245628592768654,,0.9492627637242655,0.9494569430176756,0.9497274825852864,0.9494319558143616
395,0.6269989466874104,0.04912571855373068,1.139240506329114,0.9561174434972747,0.8806164524949616,1.0245628592768654,,0.9556844062803371,0.9558094478403618,0.9561174289399526,0.9556085467338562
395,0.6269989466874104,0.04912571855373068,1.2025316455696204,0.9619085904576768,0.8879382972519259,1.0245628592768654,,0.9615164430332447,0.9615632946708828,0.9619012424127646,0.9611985683441162
395,0.6269989466874104,0.04912571855373068,1.2658227848101267,0.9671551146293043,0.894810956197016,1.0245628592768654,,0.9668145154273375,0.9667931640684979,0.9671474221233016,0.966313898563385
395,0.6269989466874104,0.04912571855373068,1.3291139240506329,0.9719129432478154,0.9012621819465327,1.0245628592768654,,0.971628836873343,0.9715570589181655,0.9719110348187668,0.9710355997085571
395,0.6269989466874104,0.04912571855373068,1.3924050632911393,0.9762318952830478,0.907317813195852,1.0245628592768654,,0.9760050946874876,0.975900059777067,0.9762362107502026,0.9754096269607544
395,0.6269989466874104,0.04912571855373068,1.4556962025316458,0.9801563745033941,0.9130019531263667,1.0245628592768654,,0.9799849174599516,0.9798602366755756,0.9801625927461926,0.9794571399688721
395,0.6269989466874104,0.04912571855373068,1.518987341772152,0.9837259821561114,0.9183375200235975,1.0245628592768654,,0.983606047243246,0.9834730522200591,0.9837295852117358,0.9831951260566711
395,0.6269989466874104,0.04912571855373068,1.5822784810126582,0.9869760587311123,0.923345906034081,1.0245628592768654,,0.9869025527378232,0.9867721651386421,0.9869754371720643,0.9866330623626709
395,0.6269989466874104,0.04912571855373068,1.6455696202531647,0.9899381630990566,0.9280470687338677,1.0245628592768654,,0.9899051080732606,0.9897884545470658,0.9899348490635301,0.9897818565368652
395,0.6269989466874104,0.04912571855373068,1.708860759493671,0.9926404963520263,0.9324599159628808,1.0245628592768654,,0.9926412961877825,0.9925490114167611,0.9926374968633217,0.9926531314849854
395,0.6269989466874104,0.04912571855373068,1.7721518987341773,0.9951082768555379,0.9366021645579697,1.0245628592768654,,0.9951359614044628,0.9950759004584182,0.9951079299710054,0.995266854763031
395,0.6269989466874104,0.04912571855373068,1.8354430379746836,0.997364072164448,0.9404903394849845,1.0245628592768654,,0.9974114390157282,0.9973870866594479,0.9973667240695931,0.9976425766944885
395,0.6269989466874104,0.04912571855373068,1.89873417721519,0.9994280928892099,0.9441400398326267,1.0245628592768654,,0.9994880226518119,0.9994978291898965,0.9994323067261006,0.999797523021698
395,0.6269989466874104,0.04912571855373068,1.9620253164556964,1.0013184529199615,0.947565938539495,1.0245628592768654,,1.0013840216768806,1.0014222474967385,1.0013219761307264,1.0017513036727905
395,0.6269989466874104,0.04912571855373068,2.0253164556962027,1.0030513999326434,0.9507817183309353,1.0245628592768654,,1.0031162695547196,1.0031747398081317,1.003052281484193,1.0035241842269897
395,0.6269989466874104,0.04912571855373068,2.088607594936709,1.0046415196528522,0.9538002484839588,1.0245628592768654,,1.0046999598598025,1.0047704832996565,1.0046390011416553,1.0051320791244507
395,0.6269989466874104,0.04912571855373068,2.151898734177215,1.0061019169063996,0.9566336809775355,1.0245628592768654,,1.0061490972468525,1.0062252537064926,1.0060967459526062,1.0065925121307373
395,0.6269989466874104,0.04912571855373068,2.2151898734177218,1.0074443761584386,0.959293345134944,1.0245628592768654,,1.0074765876447536,1.0075547939660332,1.0074383726070995,1.0079199075698853
395,0.6269989466874104,0.04912571855373068,2.278481012658228,1.0086795039195822,0.9617898580740188,1.0245628592768654,,1.0086941070654052,1.0087740270710157,1.0086747757166694,1.009128451347351
395,0.6269989466874104,0.04912571855373068,2.3417721518987342,1.009816855114084,0.9641332839185709,1.0245628592768654,,1.009812429581586,1.0098963919143502,1.009815016512959,1.0102297067642212
395,0.6269989466874104,0.04912571855373068,2.405063291139241,1.0108650452626122,0.9663330033553912,1.0245628592768654,,1.0108414765236327,1.0109332529289676,1.0108665412868427,1.0112358331680298
395,0.6269989466874104,0.04912571855373068,2.468354430379747,1.0118318501147254,0.9683977754273163,1.0245628592768654,,1.011790045897703,1.0118938426916932,1.0118357365675954,1.0121557712554932
395,0.6269989466874104,0.04912571855373068,2.5316455696202533,1.012724294174652,0.970335935103182,1.0245628592768654,,1.0126662387569967,1.0127853767154988,1.0127287133444625,1.0129988193511963
395,0.6269989466874104,0.04912571855373068,2.5949367088607596,1.0135487293958967,0.9721552451797911,1.0245628592768654,,1.0134772132183605,1.0136134142251518,1.0135515446963856,1.0137757062911987
395,0.6269989466874104,0.04912571855373068,2.6582278481012658,1.0143109051708945,0.9738629449772955,1.0245628592768654,,1.014229438645129,1.0143821287389505,1.0143104658999225,1.0144895315170288
395,0.6269989466874104,0.04912571855373068,2.7215189873417724,1.015016030610402,0.9754659241702409,1.0245628592768654,,1.0149283758687107,1.0150950542183619,1.0150118461850033,1.0151476860046387
395,0.6269989466874104,0.04912571855373068,2.7848101265822787,1.01566882999389,0.9769706074635875,1.0245628592768654,,1.0155789691553805,1.0157551424641469,1.0156617193474133,1.0157570838928223
395,0.6269989466874104,0.04912571855373068,2.848101265822785,1.0162735921668975,0.9783829890596711,1.0245628592768654,,1.016185482217349,1.016365328878174,1.0162653582210117,1.016320824623108
395,0.6269989466874104,0.04912571855373068,2.9113924050632916,1.016834214563434,0.9797087530229528,1.0245628592768654,,1.0167513588221713,1.0169283848733799,1.0168270950959706,1.016843557357788
395,0.6269989466874104,0.04912571855373068,2.9746835443037978,1.0173542424778999,0.9809532202565515,1.0245628592768654,,1.0172797885545588,1.0174474016411177,1.0173501547041202,1.0173283815383911
395,0.6269989466874104,0.04912571855373068,3.037974683544304,1.0178369041152686,0.982121353988998,1.0245628592768654,,1.017773247647372,1.0179254129766138,1.0178368036339707,1.0177842378616333
395,0.6269989466874104,0.04912571855373068,3.1012658227848102,1.018285141875939,0.9832178436171047,1.0245628592768654,,1.0182339089539494,1.0183655428690073,1.0182887490886308,1.018207311630249
395,0.6269989466874104,0.04912571855373068,3.1645569620253164,1.018701640339473,0.9842470958713531,1.0245628592768654,,1.0186635845519803,1.0187710137007961,1.0187075347774837,1.0186024904251099
395,0.6269989466874104,0.04912571855373068,3.227848101265823,1.0190888512609004,0.9852132203217148,1.0245628592768654,,1.019063922530223,1.019144777272741,1.019094874152703,1.0189720392227173
395,0.6269989466874104,0.04912571855373068,3.2911392405063293,1.019449015970656,0.9861200857363096,1.0245628592768654,,1.019436144606215,1.019489744388371,1.0194528881175275,1.0193183422088623
395,0.6269989466874104,0.04912571855373068,3.3544303797468356,1.0197841854060772,0.9869713417255831,1.0245628592768654,,1.0197816610847643,1.019808571668371,1.0197841197618818,1.0196433067321777
395,0.6269989466874104,0.04912571855373068,3.417721518987342,1.0200962380955518,0.9877703910226405,1.0245628592768654,,1.0201014640989048,1.0201036123539031,1.0200913949543746,1.0199484825134277
395,0.6269989466874104,0.04912571855373068,3.4810126582278484,1.0203868962668414,0.988520425356367,1.0245628592768654,,1.020396693371708,1.0203770474977525,1.0203775219989863,1.0202354192733765
395,0.6269989466874104,0.04912571855373068,3.5443037974683547,1.0206577403195893,0.9892244672905831,1.0245628592768654,,1.0206684148312262,1.0206307219753945,1.0206450882204567,1.020505666732788
395,0.6269989466874104,0.04912571855373068,3.607594936708861,1.0209102218337938,0.9898853342921173,1.0245628592768654,,1.0209177436021921,1.0208662756761413,1.020896181081441,1.020756483078003
395,0.6269989466874104,0.04912571855373068,3.670886075949367,1.0211456752579224,0.9905056595165311,1.0245628592768654,,1.0211456636181924,1.02108519269982,1.0211323260655538,1.0209941864013672
395,0.6269989466874104,0.04912571855373068,3.7341772151898738,1.0213653284327184,0.9910879462129502,1.0245628592768654,,1.021353609782375,1.0212886373678416,1.0213545295679378,1.0212172269821167
395,0.6269989466874104,0.04912571855373068,3.79746835443038,1.0215703120777684,0.991634526580598,1.0245628592768654,,1.0215426808205788,1.0214777985999575,1.0215633367744474,1.0214264392852783
395,0.6269989466874104,0.04912571855373068,3.8607594936708862,1.0217616683415962,0.9921475749275331,1.0245628592768654,,1.0217142624392723,1.0216536193325219,1.0217590221400088,1.0216224193572998
395,0.6269989466874104,0.04912571855373068,3.924050632911393,1.0219403585184743,0.9926291624212349,1.0245628592768654,,1.0218697649432635,1.021817157294141,1.0219417707960834,1.0218130350112915
395,0.6269989466874104,0.04912571855373068,3.987341772151899,1.0221072700211795,0.9930812185934399,1.0245628592768654,,1.0220106314351471,1.0219692570278103,1.0221118104665727,1.0219881534576416
395,0.6269989466874104,0.04912571855373068,4.050632911392405,1.0222632226869321,0.9935055437860919,1.0245628592768654,,1.0221385346020209,1.0221108368715446,1.0222694745765173,1.0221525430679321
395,0.6269989466874104,0.04912571855373068,4.113924050632912,1.0224089744854943,0.9939038467397098,1.0245628592768654,,1.0222550651365172,1.0222427987644649,1.022415329651705,1.0223066806793213
395,0.6269989466874104,0.04912571855373068,4.177215189873418,1.0225452266910262,0.9942777254815488,1.0245628592768654,,1.0223618301301618,1.0223661348396054,1.022550098635524,1.0224512815475464
395,0.6269989466874104,0.04912571855373068,4.2405063291139244,1.022672628573291,0.9946286707040894,1.0245628592768654,,1.0224606170623045,1.0224817798338732,1.0226746619646008,1.022586464881897
395,0.6269989466874104,0.04912571855373068,4.30379746835443,1.0227917816565948,0.9949580921332543,1.0245628592768654,,1.0225530166255778,1.0225907258803026,1.0227900217600039,1.0227159261703491
395,0.6269989466874104,0.04912571855373068,4.367088607594937,1.0229032435904324,0.9952673132435482,1.0245628592768654,,1.0226408982937971,1.0226940471063926,1.0228972228511124,1.022835373878479
395,0.6269989466874104,0.04912571855373068,4.4303797468354436,1.0230075316704965,0.9955575683342751,1.0245628592768654,,1.022725869158488,1.0227926946479438,1.0229972830691159,1.0229474306106567
395,0.6269989466874104,0.04912571855373068,4.493670886075949,1.023105126045221,0.995830020435087,1.0245628592768654,,1.022809610106195,1.0228878738236005,1.0230911927297452,1.0230519771575928
395,0.6269989466874104,0.04912571855373068,4.556962025316456,1.0231964726386384,0.9960857656349893,1.0245628592768654,,1.0228937856245695,1.0229806013647362,1.0231798153339253,1.023150086402893
395,0.6269989466874104,0.04912571855373068,4.620253164556963,1.023281985817074,0.9963258259362376,1.0245628592768654,,1.0229799782067976,1.0230719268005102,1.0232639195701612,1.023241639137268
395,0.6269989466874104,0.04912571855373068,4.6835443037974684,1.0233620508248604,0.996551160837276,1.0245628592768654,,1.023069606357134,1.0231630308512272,1.0233441356290205,1.0233263969421387
395,0.6269989466874104,0.04912571855373068,4.746835443037975,1.0234370260116294,0.9967626781091957,1.0245628592768654,,1.0231641049787263,1.0232548646526878,1.0234209844024114,1.023405909538269
395,0.6269989466874104,0.04912571855373068,4.810126582278482,1.0235072448718603,0.9969612239733939,1.0245628592768654,,1.0232648023819173,1.0233485023323916,1.0234948630555363,1.0234800577163696
395,0.6269989466874104,0.04912571855373068,4.8734177215189876,1.0235730179111895,0.9971475900105229,1.0245628592768654,,1.023372887486458,1.0234449032255857,1.0235660703586593,1.0235490798950195
395,0.6269989466874104,0.04912571855373068,4.936708860759494,1.0236346343541005,0.9973225280198796,1.0245628592768654,,1.0234893852231681,1.0235450020691779,1.023634821546496,1.0236129760742188
395,0.6269989466874104,0.04912571855373068,5.0,1.0236923637143107,0.9974867386701995,1.0245628592768654,,1.023615353320654,1.023649618807824,1.023701266906087,1.0236725807189941
